name_en,name_es,gender,testament,description,meaning
Aaron,Aarón,Male,Both,brother of Moses (EXO 4:14) and Levitical priest (EXO 28:1),a teacher; lofty; mountain of strength
Abaddon,Abadón,Male,NT,"king over the locusts of Revelation 9, the angel of the abyss (REV 9:11)",the destroyer
Abagtha,Abagtha,Male,Both,one of the seven eunuchs who served in the presence of King Ahasuerus (EST 1:10),father of the wine-press
Abda,Abda,Male,Both,father of Adoniram (1KI 4:6),a servant; servitude
Abdeel,Abdeel,Male,OT,father of Shelemiah_6 (JER 36:26),a vapor; a cloud of God
Abdi,Abdi,Male,OT,son of Malluch (1CH 6:44),my servant
Abdiel,Abdiel,Male,OT,"son of Guni (1CH 5:15), Gadite (1CH 5:11)",servant of God
Abdon,Abdón,Male,Both,son of Hillel who judged Israel for eight years (JDG 12:13),servant; cloud of judgment
Abel,Abel,Male,Both,"son of Adam(GEN 4:2), first person murdered (GEN 4:8)",a city; mourning
Abi,Abi,Female,OT,mother of Hezekiah (2KI 18:2),my father
Abi-albon,Abi-albon,Male,Both,"the Arbathite, twentieth of ""the thirty"" of David's men (2SA 23:31)",most intelligent father
Abiah,Abías,Male,Both,The second son of Samuel ([1 Sam,the Lord is my father
Abiasaph,Abiasaph,Male,OT,son of Korah (EXO 6:24),consuming father; gathering
Abiathar,Abiatar,Male,Both,"son of Ahimelech, the priest (1SA 22:20), counselor to David (1CH 27:34)",excellent father; father of the remnant
Abida,Abida,Male,Both,son of Midian and grandson of Abraham through Keturah (GEN 25:4),
Abidan,Abidan,Male,Both,head of the tribe of Benjamin during the census (NUM 1:11),father of judgment
Abiel,Abiel,Male,OT,"(grand?)father of Kish (1SA 9:1), (great?) grandfather of King Saul",God my father
Abiezer,Abiezer,Male,Both,"the Anathothite (2SA 23:27), twelfth of ""the thirty"" of David's men",father of help
Abigail,Abigail,Female,Both,the Carmelitess (1SA 25:3),the father's joy
Abihail,Abihail,Male,OT,father of Zuriel (NUM 3:35),the father of strength
Abihu,Abiú,Male,Both,"son of Aaron (EXO 6:23), died for offering strange fire to the LORD (NUM 3:4)",he is my father
Abihud,Abihud,Male,Both,son of Bela (1CH 8:3),father of praise; confession
Abijah,Abías,Male,Both,second son of Samuel (1SA 8:2),the Lord is my father
Abijam,Abijam,Male,OT,"King of Judah, son of Rehoboam (1KI 14:31) [Abijah in 2CH 12:16]",father of the sea
Abimael,Abimael,Male,Both,son of Joktan (GEN 10:28),a father sent from God
Abimelech,Abimelec,Male,Both,King of Gerar who took Sarah (GEN 20:2),father of the king
Abinadab,Abinadab,Male,Both,the ark of the stored was kept in his house in Kiriath-jearim (1SA 7:1),"father of a vow, or of willingness"
Abinoam,Abinoam,Male,Both,father of Barak (JDG 4:6),father of beauty
Abiram,Abiram,Male,Both,rebelled against Moses with Korah (NUM 16:1),high father; father of deceit
Abishag,Abishag,Female,Both,"the Shunammite, David's nurse (1KI 1:3-4)",ignorance of the father
Abishai,Abisai,Male,Both,"son of Zeruiah and Joab's brother (1SA 26:6), chief of ""the thirty"" of David's men (2SA 23:18)",the present of my father
Abishalom,Abishalom,Male,Both,father of Maacah the mother of Abijam (1KI 15:2),father of peace
Abishua,Abishua,Male,Both,son of Phinehas (1CH 6:4),father of salvation
Abishur,Abishur,Male,Both,son of Shammai (1CH 2:28),father of the wall; father of uprightness
Abital,Abital,Female,OT,wife (concubine?) of King David (2SA 3:4),the father of the dew; or of the shadow
Abitub,Abitub,Male,OT,son of Shaharaim by Hushim (1CH 8:11),father of goodness
Abiud,Abiud,Male,NT,A descendant of Zerubbabel and father of Eliakim ([Matt,father of praise
Abner,Abner,Male,OT,captain of Saul's army and Saul's uncle (1SA 14:50),father of light
Abraham,Abraham,Male,OT,"Father of a multitude, son of Terah, named ([Gen",father of a great multitude
Abram,Abram,Male,OT,son of Terah (GEN 11:26),high father
Absalom,Absalón,Male,OT,third-born son of King David (2SA 3:3),father of peace
Achaicus,Achaicus,Male,NT,Paul rejoiced over him (1CO 16:17),a native of Achaia; sorrowing; sad
Achan,Acán,Male,OT,took forbidden things from Jericho (JOS 7:1),"or Achar, he that troubleth"
Achbor,Achbor,Male,OT,father of Baal-hanan (GEN 36:38),a rat; bruising
Achim,Achim,Male,NT,son of Zadok in the lineage of the Messiah (MAT 1:14),preparing; revenging; confirming
Achish,Achish,Male,Both,King of Gath (1SA 21:10) before whom David feigned madness,thus it is; how is this
Achsa,Achsa,Female,Unknown,,
Achsah,Achsah,Female,OT,daughter of Caleb (JOS 15:16),adorned; bursting the veil
Adah,Adah,Female,Both,wife of Lamech (GEN 4:19),an assembly
Adaiah,Adaías,Male,OT,"of Bozkath, father of Jedidah (2KI 22:1)",the witness of the Lord
Adalia,Adalia,Male,OT,son of Haman (EST 9:8),
Adam,Adán,Male,NT,first man (1CO 15:45),earthy; red
Adbeel,Adbeel,Male,Both,third-born son of Ishmael (GEN 25:13),"vapor, or cloud of God"
Addar,Addar,Male,OT,"Ample, splendid, son of Bela ([1 Chr",
Addi,Addi,Male,NT,in the lineage of Messiah (LUK 3:28),my witness; adorned; prey
Ader,Ader,Male,Unknown,,
Adiel,Adiel,Male,Both,"??? (1CH 4:36), Simeonite (1CH 4:24)",the witness of the Lord
Adin,Adin,Male,OT,his sons (descendants) returned to Judah after captivity (EZR 2:15),"Adina, adorned; voluptuous; dainty"
Adina,Adina,Male,OT,son of Shiza (1CH 11:42),
Adino,Adino,Male,Both,"The Eznite, one of David’s mighty men ([2 Sam",
Adlai,Adlai,Male,OT,father of Shaphat (1CH 27:29),my witness; my ornament
Admatha,Admatha,Male,Both,one of the seven princes of Persia and Media (EST 1:14),a cloud of death; a mortal vapor
Admin,Admin,Male,NT,in the lineage of Messiah (LUK 3:31),
Adna,Adna,Male,OT,descendant of Pahath-moab who had married a foreign wife (EZR 10:30),pleasure; delight
Adnah,Adnah,Male,Both,captain of thousands who defected to David (1CH 12:20),eternal rest
Adoni-bezek,Adoni-bezek,Male,Both,the lord of Bezek (JDG 1:5) whose thumbs and big toes were cut off (JDG 1:6),the lightning of the Lord; the Lord of lightning
Adoni-zedek,Adoni-zedek,Male,Both,King of Jerusalem during the time of the conquest of the Land (JOS 10:1),justice of the Lord; lord of justice
Adonijah,Adonías,Male,Both,fourth-born son of King David (2SA 3:4),the Lord is my master
Adonikam,Adonikam,Male,Both,his sons (descendants) returned to Judah after captivity (EZR 2:13),the Lord is raised
Adoniram,Adoniram,Male,Both,over the men subject to forced labor (1KI 4:6),my Lord is most high; Lord of might and elevation
Adoram,Adoram,Male,Both,over the forced labor (2SA 20:24),their beauty; their power
Adrammelech,Adrammelec,Male,Both,killed King Sennacherib of Assyria (2KI 19:37),"the cloak, glory, grandeur or power of the king"
Adriel,Adriel,Male,Both,the Meholathite (1SA 18:19),the flock of God
Aeneas,Aeneas,Male,Unknown,"bedridden eight years, paralyzed, and healed by Peter (9:33)",praised; praiseworthy
Agabus,Ágabo,Male,NT,a prophet from Jerusalem (ACT 11:28),a locust; the father's joy or feast
Agag,Agag,Male,Both,the King of Israel will be higher than him (NUM 24:7),roof; upper floor
Agee,Agee,Male,Both,"a Hararite (Harorite in 1CH 11:27), father of Shammah (2SA 23:11)",a valley; deepness
Agrippa,Agripa,Male,NT,the king who visited Festus  (ACT 25:13),one who causes great pain at his birth
Agur,Agur,Male,Both,"son of Jakeh, the oracle (PRO 30:1)",stranger; gathered together
Ahab,Acab,Male,Both,son of Omri and King of Israel (1KI 16:28),"uncle, or father's brother"
Aharhel,Aharhel,Male,OT,son of Harum (1CH 4:8),another host; the last sorrow; a brother's sheep
Ahasbai,Ahasbai,Male,Both,"father of Eliphelet, son of the Maacathite (2SA 23:34)",trusting in me; a grown-up brother
Ahasuerus,Asuero,Male,Both,King of Persia (EZR 4:6),prince; head; chief
Ahaz,Acaz,Male,Both,"King of Judah, son of Jotham (2KI 15:38)",one that takes or possesses
Ahaziah,Ocozías,Male,Both,King of Israel and son of Ahab (1KI 22:40),seizure; vision of the Lord
Ahban,Ahban,Male,OT,son of Abishur (1CH 2:29),
Aher,Aher,Male,Unknown,,
Ahi,Ahi,Male,OT,"son of Abdiel (1CH 5:15), Gadite (1CH 5:11)",my brother; my brethren
Ahiah,Ahías,Male,OT,non-Levite leader (NEH 10:14),brother of the Lord
Ahiam,Ahiam,Male,Both,"son of Sharar (2SA 23:33), twenty-sixth of ""the thirty"" of David's men",mother's brother; brother of a nation
Ahian,Ahian,Male,OT,son of Shemida (1CH 7:19),brother of wine
Ahiezer,Ahiezer,Male,Both,head of the tribe of Dan during the census (NUM 1:12),brother of assistance
Ahihud,Ahihud,Male,Both,the leader of the tribe of Asher (NUM 34:27) to apportion the Land (NUM 34:17),"brother of vanity, or of darkness, or of joy, or of praise; witty brother"
Ahijah,Ahiías,Male,OT,"priest at Shiloh, nephew of Ichabod (1 SA 14:3), and prophet (1KI 11:29)",same with Ahiah
Ahikam,Ahikam,Male,Both,son of Shaphan (2KI 22:12),a brother who raises up or avenges
Ahilud,Ahilud,Male,OT,father of Jehoshaphat (2SA 6:16),"a brother born, or begotten"
Ahimaaz,Ahimaaz,Male,Both,father of Ahinoam (1SA 14:50),a brother of the council
Ahiman,Ahiman,Male,Both,descendant of Anak (NUM 13:22),brother of the right hand
Ahimelech,Ahimelec,Male,Both,the priest of Nob (1SA 21:1),my brother is a king; my king's brother
Ahimoth,Ahimoth,Male,OT,son of Elkanah_4 (1CH 6:25),brother of death
Ahinadab,Ahinadab,Male,Both,"one of Solomon's twelve deputies (1KI 4:7), in Mahanaim (1KI 4:14)",a willing brother; brother of a vow
Ahinoam,Ahinoam,Female,Both,wife of Saul (1SA 14:50),beauty of the brother; brother of motion
Ahio,Ahio,Male,Both,son of Abinadab who led the ark on a cart (2SA 6:3),his brother; his brethren
Ahira,Ahira,Male,Both,head of the tribe of Naphtali during the census (NUM 1:15),brother of iniquity; brother of the shepherd
Ahiram,Ahiram,Male,Unknown,,"brother of craft, or of protection"
Ahisamach,Ahisamach,Male,OT,father of Oholiab (EXO 31:6),brother of strength
Ahishahar,Ahishahar,Male,OT,son of Bilhan (1CH 7:10),
Ahishar,Ahishar,Male,Both,over Solomon's household (1KI 4:6),brother of a prince; brother of a song
Ahithophel,Ahitofel,Male,Both,"David's counselor, the Gilonite (2SA 15:12, 1CH 27:32)",brother of ruin or folly
Ahitub,Ahitub,Male,Both,"son of Phinehas, grandson of Eli, and father of Ahijah (1SA 14:3)",brother of goodness
Ahlai,Ahlai,Male,OT,son of Sheshan (1CH 2:31),beseeching; sorrowing; expecting
Ahoah,Ahoah,Male,Both,son of Bela (1CH 8:4),a live brother; my thorn or thistle
Aholah,Aholah,Female,Unknown,,his tabernacle; his tent
Aholiab,Aholiab,Male,Both,"Tent of the father, an artist of the tribe of Dan, appointed to the work of preparing materials for the tabernacle ([Ex",the tent of the father
Aholibah,Aholibah,Female,NT,"My tent is in her, the name of an imaginary harlot, applied symbolically to Jerusalem, because she had abandoned the worship of the true God and given...","my tent, or my tabernacle, in her"
Aholibamah,Aholibamah,Female,Unknown,,my tabernacle is exalted
Ahumai,Ahumai,Male,OT,son of Jahath (1CH 4:2),a meadow of waters; a brother of waters
Ahuzam,Ahuzam,Male,Unknown,,their taking or possessing vision
Ahuzzam,Ahuzzam,Male,OT,son of Ashhur and Naarah (1CH 4:6),
Ahuzzath,Ahuzzath,Male,OT,adviser to Abimelech (GEN 26:26),
Ahzai,Ahzai,Male,OT,son of Meshillemoth (NEH 11:13),
Aiah,Aías,Male,OT,son of Zibeon (GEN 36:24),"vulture, raven; an isle; alas, where is it?"
Ajah,Aías,Male,Unknown,,
Akan,Akan,Male,Both,son of Ezer (GEN 36:27),
Akkub,Akkub,Male,OT,son of Elioenai (1CH 3:24),foot-print; supplanting; crookedness; lewdness
Alameth,Alameth,Male,Both,"One of the nine sons of Becher, the son of Benjamin ([1 Chr",
Alemeth,Alemeth,Male,Both,son of Becher (1CH 7:8),hiding; youth; worlds; upon the dead
Alexander,Alejandro,Male,NT,son of Simon the Cyrene (MRK 15:21),one who assists men
Allon,Allon,Male,Both,"son of Jedaiah (1CH 4:37), Simeonite (1CH 4:24)",an oak; strong
Almodad,Almodad,Male,Both,son of Joktan (GEN 10:26),measure of God
Alphaeus,Alfaeus,Male,NT,father of James the disciple (MAT 10:3),
Alvah,Alvah,Male,OT,chief of Edom (GEN 36:40),his rising up; his highness
Alvan,Alvan,Male,OT,son of Shobal (GEN 36:23),
Amal,Amal,Male,OT,son of Hotham (1CH 7:35),labor; iniquity
Amalek,Amalek,Male,Both,son of Eliphaz (GEN 36:12) and chief of Edom (GEN 36:16),a people that licks up
Amariah,Amarías,Male,Both,son of Meraioth (1CH 6:7) and father of Ahitub (1CH 6:7),the Lord says; the integrity of the Lord
Amasa,Amasa,Male,Both,set over David's army in place of Joab (2SA 17:25),sparing the people
Amasai,Amasai,Male,Both,"son of Elkanah_4 (1CH 6:25, 1CH 6:35)",strong
Amashsai,Amashsai,Male,OT,"priest, son of Azarel (NEH 11:13)",
Amasiah,Amasías,Male,OT,"son of Zichri, commander of 200,000 under Jehoshaphat (2CH 17:16)",
Amaziah,Amasías,Male,Both,"King of Judah, son of Joash (2KI 12:21)",the strength of the Lord
Ami,Ami,Male,OT,Solomon's servant (EZR 2:55),mother; fear; people
Amittai,Amittai,Male,Both,"father of Jonah, the prophet (2KI 14:25)",true; fearing
Ammiel,Ammiel,Male,Both,1 of 12 the spies- from Dan (NUM 13:12),the people of God
Ammihud,Ammihud,Male,Both,father of Elishama (NUM 1:10),people of praise
Amminadab,Amminadab,Male,Both,father of Elisheba (EXO 6:23),
Ammishaddai,Ammishaddai,Male,Both,father of Ahiezer (NUM 1:12),the people of the Almighty; the Almighty is with me
Ammizabad,Ammizabad,Male,Both,son of Benaiah (1CH 27:6),dowry of the people
Amnon,Amnón,Male,Both,firstborn son of King David (2SA 3:2),faithful and true; tutor
Amok,Amok,Male,Both,among the priests who came up with Zerubbabel (NEH 12:7),a valley; a depth
Amon,Amón,Male,Both,"the governor of Samaria (1KI 22:26, 2CH 18:25)",faithful; true
Amor,Amor,Male,OT,son of Canaan (GEN 10:15),
Amorite,Amorite,Male,Both,"Highlanders, or hillmen, the name given to the descendants of one of the sons of Canaan ([Gen",bitter; a rebel; a babbler
Amos,Amós,Male,Both,"the prophet, from among the sheepherders of Tekoa (AMO 1:1)",loading; weighty
Amoz,Amoz,Male,Both,father of Isaiah (2KI 19:2),strong; robust
Amplias,Amplias,Male,NT,A Roman Christian saluted by Paul ([Rom,large; extensive
Ampliatus,Ampliatus,Male,NT,beloved of Paul (ROM 16:8),
Amram,Amram,Male,Both,son of Kohath (EXO 6:18),an exalted people; their sheaves; handfuls of corn
Amraphel,Amrafel,Male,Both,King of Shinar (GEN 14:1),one that speaks of secrets
Amzi,Amzi,Male,OT,son of Bani (1CH 6:46),"strong, mighty"
Anah,Anah,Male,OT,son of Seir (GEN 36:20) and chief in Edom (GEN 36:29),one who answers; afflicted
Anaiah,Anaías,Male,Both,"stood on Ezra's right hand as he read from the Law (NEH 8:4),",
Anak,Anak,Male,Both,ancestor of the Anakim (NUM 13:22),a collar; ornament
Anam,Anam,Male,OT,son of Mizraim (GEN 10:13),
Anamim,Anamim,Male,Both,The name of an Egyptian tribe descended from Mizraim ([Gen,a fountain; answer; affliction
Anammelech,Anammelec,Male,NT,"One of the gods worshipped by the people of Sepharvaim, who colonized Samaria ([2 Kings 17:31](/2kgs#2Kgs",answer; poverty of the king
Anan,Anan,Male,Both,non-Levite leader (NEH 10:14),
Anani,Anani,Male,OT,son of Elioenai (1CH 3:24),a cloud; prophecy; divination
Ananiah,Ananías,Male,OT,father of Maaseiah_9 (NEH 3:23),
Ananias,Ananías,Male,NT,sold property and gave a portion to the apostles (ACT 5:1),"or Ananiah, the cloud of the Lord"
Anath,Anath,Male,OT,father of Shamgar (JDG 3:31),
Anathoth,Anathoth,Male,OT,son of Becher (1CH 7:8),"or Anath, answer; song; poverty"
Andrew,Andrés,Male,NT,brother of Simon/Peter (MAT 4:18),a strong man
Andronicus,Andronicus,Male,NT,a kinsman and fellow prisoner of Paul (ROM 16:7),a man excelling others
Aner,Aner,Male,Both,the Amorite (GEN 14:13),answer; song; affliction
Aniam,Aniam,Male,OT,son of Shemida (1CH 7:19),a people; the strength or sorrow of people
Anna,Ana,Female,NT,the prophetess (LUK 2:36),gracious; one who gives
Annas,Anás,Male,NT,high priest during John the Baptist's ministry (LUK 3:2),one who answers; humble
Anthothijah,Anthothiías,Male,OT,son of Shashak (1CH 8:24),
Antichrist,Antichrist,Male,NT,the coming one (1JN 2:18) who denies that Jesus is the Christ (1JN 2:22),an adversary to Christ
Antipas,Antipas,Male,NT,G-d's witness and faithful one (REV 2:13),"for all, or against all"
Antothijah,Antothiías,Male,Unknown,,answers or songs of the Lord; afflictions
Anub,Anub,Male,OT,son of Koz (1CH 4:8),same as Anab
Apelles,Apelles,Male,NT,the approved in Christ (ROM 16:10),exclusion; separation
Aphiah,Aphías,Male,OT,"father of Becorath (1SA 9:1), ancestor of King Saul","speaking, blowing"
Aphses,Aphses,Male,Unknown,,
Apollos,Apolos,Male,NT,an Alexandrian Jew mighty in the Scriptures (ACT 18:24),one who destroys; destroyer
Apollyon,Apolión,Male,NT,"Destruction, the Hebrew name (equivalent to the Greek Apollyon, i",a destroyer
Appaim,Appaim,Male,OT,son of Nadab (1CH 2:30),face; nostrils
Apphia,Apfia,Female,NT,Paul's sister in the faith (PHM 1:2),productive; fruitful
Aquila,Aquila,Male,NT,a Jew native of Pontus with whom Paul stayed (ACT 18:2),an eagle
Ara,Ara,Male,OT,son of Jether [Ithran] (1CH 7:38),cursing; seeing
Arad,Arad,Male,Both,son of Beriah (1CH 8:15),a wild ass; a dragon
Arah,Arah,Male,OT,son of Ulla [Jephunneh] (1CH 7:39),the way; a traveler
Aram,Aram,Male,Both,son of Shem (GEN 10:22),"highness, magnificence, one that deceives; curse"
Aran,Aran,Male,Both,son of Dishan (GEN 36:28),an ark; their curse
Araunah,Araunah,Male,Both,the Jebusite (2SA 24:16),ark; song; joyful cry
Arba,Arba,Male,Both,greatest man among the Anakim (JOS 14:15),four
Archelaus,Arquelao,Male,NT,son of Herod (MAT 2:22),the prince of the people
Archippus,Arquipo,Male,NT,reminded by Paul to take heed of the ministry received from the Lord (COL 4:17),a master of horses
Ard,Ard,Male,OT,"(grand?)son of Benjamin (GEN 46:21), son of Bela (NUM 26:40)",one that commands; he that descends
Ardon,Ardon,Male,Both,son of Cheubai [Caleb] (1CH 2:18),ruling; a judgment of malediction
Areli,Areli,Male,OT,son of Gad (GEN 46:16),the light or vision of God
Aretas,Aretas,Male,NT,the king over the ethnarch in Damascus (2CO 11:32),"agreeable, virtuous"
Argob,Argob,Male,OT,conspired with Pekah against Pekahiah (2KI 15:25),"a turf, or fat land"
Aridai,Aridai,Male,OT,son of Haman (EST 9:9),
Aridatha,Aridatha,Male,OT,son of Haman (EST 9:8),
Arieh,Arieh,Male,Both,conspired with Pekah against Pekahiah (2KI 15:25),
Ariel,Ariel,Male,Both,of Moab (2SA 23:20),altar; light or lion of God
Arioch,Arioch,Male,OT,King of Ellasar (GEN 14:1),long; great; tall
Arisai,Arisai,Male,OT,son of Haman (EST 9:9),
Aristarchus,Aristarco,Male,NT,Paul's traveling companion from Macedonia (ACT 19:29),the best prince
Aristobulus,Aristobulus,Male,NT,Paul sends greetings to his household (ROM 16:10),a good counselor
Ark,Ark,Male,OT,son of Canaan (GEN 10:15),
Arkite,Arkite,Male,OT,([Gen,
Armoni,Armoni,Male,Both,son of Saul (2SA 21:8),
Arnan,Arnan,Male,OT,son of Hananiah (1CH 3:21),
Arod,Arod,Male,Unknown,,
Arodi,Arodi,Male,OT,son of Gad (GEN 46:16),
Arpachshad,Arpachshad,Male,OT,son of Shem (GEN 10:22),
Arphaxad,Arfaxad,Male,NT,"Son of Shem, born the year after the Deluge",a healer; a releaser
Artaxerxes,Artajerjes,Male,Both,King of Persia (EZR 4:7),the silence of light; fervent to spoil
Artemas,Artemas,Male,NT,Paul might sent him to Titus (TIT 3:12),"whole, sound"
Arvad,Arvad,Male,OT,son of Canaan (GEN 10:15),
Arvadite,Arvadite,Male,Unknown,,
Arza,Arza,Male,Both,over the household at Tirzah (1Ki 16:9),
Asa,Asa,Male,Both,"King of Judah (1KI 15:9), son of incestuous relationship between Abijah and his mother, Maacah (1KI 15:10)",physician; cure
Asahel,Asahel,Male,Both,"brother of Joab and Abishai (2SA 2:18), sixth of ""the thirty"" of David's men (2SA 23:24)",creature of God
Asahiah,Asahías,Male,Both,The son of Amoz ([Isa,
Asaiah,Asaías,Male,OT,King Josiah's servant (2KI 22:12),the Lord hath wrought
Asaph,Asaph,Male,Both,father of Joah (2KI 18:18),who gathers together
Asareel,Asareel,Male,Unknown,,the beatitude of God
Asarel,Asarel,Male,OT,son of Jehallelel (1CH 4:16),
Asenath,Asenat,Female,Both,wife of Joseph (GEN 41:45),peril; misfortune
Asharelah,Asharelah,Male,OT,"son of Asaph_2 (1CH 25:2), chosen seventh by lot (1CH 25:14)",
Ashbel,Ashbel,Male,OT,son of Benjamin (GEN 46:21),an old fire
Asher,Aser,Male,OT,"eighth-born son of Jacob (GEN 30:11, GEN 35:26), son of Zilpah, Leah's handmaid",happiness
Ashhur,Ashhur,Male,OT,son of Hezron (1CH 2:24),
Ashkenaz,Ashkenaz,Male,Both,son of Gomer (GEN 10:3),a fire that spreads
Ashpenaz,Ashpenaz,Male,Both,the chief of Nebuchadnezzar's officials (DAN 1:3),
Ashriel,Ashriel,Male,Unknown,,same as Asareel
Ashtoreth,Ashtoreth,Female,NT,"The moon goddess of the Phoenicians, representing the passive principle in nature, their principal female deity; frequently associated with the name o...",
Ashur,Ashur,Male,Unknown,,who is happy; or walks; or looks
Ashvath,Ashvath,Male,OT,son of Japhlet (1CH 7:33),
Asiel,Asiel,Male,OT,"??? (1CH 4:35), Simeonite (1CH 4:24)",the work of God
Asnah,Asnah,Male,OT,temple servant (EZR 2:50),
Asnappar,Asnappar,Male,NT,"Probably the same as Assur-bani-pal (Sardanapalos of the Greeks), styled the “great and noble” ([Ezra 4:10](/ezra#Ezra",
Aspatha,Aspatha,Male,OT,son of Haman (EST 9:7),
Asriel,Asriel,Male,OT,son of Gilead (NUM 26:30-31),help of God
Asshur,Asshur,Male,OT,son of Shem (GEN 10:22),
Asshurim,Asshurim,Male,Unknown,,liers in want; beholders
Assir,Assir,Male,OT,"son of Korah (EXO 6:24, 1CH 6:22)",prisoner; fettered
Asynchritus,Asynchritus,Male,NT,Paul sends greetings to him (ROM 16:14),
Asyncritus,Asyncritus,Male,Unknown,,incomparable
Atarah,Atarah,Female,OT,wife of Jerahmeel (1CH 2:26),a crown
Ater,Ater,Male,OT,his sons (descendants) returned to Judah after captivity (EZR 2:16),left hand; shut
Athaiah,Athaías,Male,OT,"son of Uzziah, descendant of Judah who lived in Jerusalem (NEH 11:4)",the Lord's time
Athaliah,Atalía,Female,Both,"daughter of Ahab and grandaughter of Omri (2KI 8:26, 2CH 22:2))",the time of the Lord
Athlai,Athlai,Male,OT,descendant of Bebai who had married a foreign wife (EZR 10:28),my hour or time
Attai,Attai,Male,OT,son of Jarha (1CH 2:35),same as Athlai
Augustus,Augusto,Male,NT,"The cognomen of the first Roman emperor, C","increased, augmented"
Azaliah,Azalías,Male,OT,father of Shaphan (2KI 22:3),near the Lord
Azaniah,Azanías,Male,OT,father of Jeshua_8 (NEH 10:9),hearing the Lord; the Lord's weapons
Azarael,Azarael,Male,Unknown,,
Azareel,Azareel,Male,OT,A priest ([1 Chr,help of God
Azarel,Azarel,Male,Both,"the Korahite (1CH 12:6), chosen eleventh by lot (1CH 25:18)",
Azariah,Azarías,Male,Both,"son [descendant] of Zadok, served as priest (1KI 4:2) in the temple which Solomon built (1CH 6:10)",he that hears the Lord
Azaryahu,Azaryahu,Male,OT,son of Jehoshaphat (2CH 21:2),
Azaz,Azaz,Male,OT,"son of Shema (1CH 5:8), Reubenite (1CH 5:3)",strong one
Azaziah,Azazías,Male,Both,lyre-playing Levite (1CH 15:21),strength of the Lord
Azbuk,Azbuk,Male,Both,official of the district of Beth-zur and father of Nehemiah (NEH 3:16),
Azel,Azel,Male,OT,son of Eleasah (1CH 8:37),
Azgad,Azgad,Male,OT,his sons (descendants) returned to Judah after captivity (EZR 2:12),a strong army; a gang of robbers
Aziel,Aziel,Male,OT,harp-playing Levite (1CH 15:20),
Aziza,Aziza,Male,OT,descendant of Zattu who had married a foreign wife (EZR 10:27),
Azmaveth,Azmaveth,Male,Both,"the Barhumite (Baharumite 1CH 11:33), twenty-first of ""the thirty"" of David's men (2SA 23:31)",strong death; a he-goat
Azor,Azor,Male,NT,son of Eliakim in the lineage of the Messiah (MAT 1:13),a helper; a court
Azriel,Azriel,Male,OT,head of households (1CH 5:24) in Manasseh (1CH 5:23),same as Asriel
Azrikam,Azrikam,Male,OT,son of Neariah (1CH 3:23),"help, revenging"
Azubah,Azubah,Female,Both,mother of King Jehoshaphat (1KI 22:42),forsaken
Azur,Azur,Male,Both,"The father of Hananiah, a false prophet ([Jer",he that assists or is assisted
Azzan,Azzan,Male,OT,father of Paltiel (NUM 34:26),their strength
Azzur,Azzur,Male,Both,non-Levite leader (NEH 10:14),same as Azur
Baal,Baal,Male,Both,"son of Reaiah (1CH 5:5), Reubenite (1CH 5:3)",master; lord
Baal-hanan,Baal-hanan,Male,OT,"King of Edom, successor to Shaul (GEN 36:38)",
Baal-zebub,Baal-zebub,Male,NT,"Fly-lord, the god of the Philistines at Ekron ([2 Kings 1:2](/2kgs#2Kgs",god of the fly
Baalis,Baalis,Male,Both,king of the sons of Ammon (JER 40:14),a rejoicing; a proud lord
Baana,Baana,Male,OT,"one of Solomon's twelve deputies (1KI 4:7), in Taanach and Megiddo (1KI 4:12)",
Baanah,Baanah,Male,Both,commander of Ish-bosheth's military (2SA 4:2),in the answer; in affliction
Baara,Baara,Female,OT,wife of Shaharaim (1CH 8:8),a flame; purging
Baaseiah,Baaseías,Male,OT,son of Malchijah (1CH 6:40),in making; in pressing together
Baasha,Baasa,Male,Both,King of Israel (1KI 15:16),"he that seeks, or lays waste"
Bakbakkar,Bakbakkar,Male,Both,counted among the Levites carried into exile (1CH 9:15),
Bakbuk,Bakbuk,Male,OT,temple servant (EZR 2:51),
Bakbukiah,Bakbukías,Male,OT,"second among his brethren (NEH 11:17), gatekeeper (NEH 12:25)",
Balaam,Balaam,Male,Both,"from Pethor of Mesopotamia (NUM 22:5, DEUT 23:4)",the ancient of the people; the destruction of the people
Baladan,Baladan,Male,Both,father of Berodach-baladan (2KI 20:12),one without judgment
Balak,Balac,Male,Both,"Midianite prophet who worked against Israel, son of Zippor (NUM 22:2)",who lays waste or destroys
Bani,Bani,Male,Both,"the Gadite, thirty-second of ""the thirty"" of David's men (2SA 23:36)",
Bar-Jesus,Bar-Jesus,Male,NT,a Jewish false prophet (ACT 13:6),
Barabbas,Barrabás,Male,NT,notorious prisoner (MAT 27:16) set free instead of the Messiah,"son of shame, confusion"
Barachel,Barachel,Male,Both,"the Buzite, of the family of Ram (JOB 32:2)",that bows before God
Barak,Barac,Male,Both,summoned by Deborah (JDG 4:6) to defeat Jabin's army (JDG 4:15),"thunder, or in vain"
Bariah,Barías,Male,OT,son of Shecaniah (1CH 3:22),
Barkos,Barkos,Male,OT,temple servant (EZR 2:53),
Barnabas,Bernabé,Male,NT,"Son of consolation, the surname of Joses, a Levite ([Acts 4:36](/acts#Acts","son of the prophet, or of consolation"
Barsabas,Barsabas,Male,NT,Surnamed Barsabas ([Acts 1:23](/acts#Acts,son of return; son of rest
Bartholomew,Bartolomé,Male,NT,disciple of the Messiah (MAT 10:3),a son that suspends the waters
Bartimaeus,Bartimeo,Male,NT,a blind beggar outside in Jericho (MRK 10:46),
Baruch,Baruc,Male,OT,zealously repaired another section of wall (NEH 3:20),who is blessed
Barzillai,Barzillai,Male,Both,the Gileadite from Rogelim (2SA 17:27),son of contempt; made of iron
Basemath,Basemath,Female,Both,"daughter of Elon the Hittite, and wife of Esau (GEN 26:34)",
Bashemath,Bashemath,Female,Both,"The daughter of Ishmael, the last of Esau’s three wives ([Gen",perfumed; confusion of death; in desolation
Basmath,Basmath,Female,Unknown,,
Bath-shua,Bath-shua,Male,Both,"the Canaanitess, mother of Judah's first three sons (1CH 2:3)",
Bathsheba,Betsabé,Female,Both,daughter of Eliam and wife of Uriah (2SA 11:3),the seventh daughter; the daughter of satiety
Bavai,Bavai,Male,Unknown,,
Bavvai,Bavvai,Male,OT,carried out repairs (NEH 3:18),
Bazluth,Bazluth,Male,OT,temple servant (EZR 2:52),
Bealiah,Bealías,Male,Both,came to David's aid at Ziklag (1CH 12:5),the god of an idol; in an assembly
Bebai,Bebai,Male,OT,his sons (descendants) returned to Judah after captivity (EZR 2:11),"void, empty"
Becher,Becher,Male,OT,son of Benjamin (GEN 46:21),first begotten; first fruits
Bechorath,Bechorath,Male,Unknown,,first fruits
Becorath,Becorath,Male,OT,"father of Zeror (1SA 9:1), ancestor of King Saul",
Bedad,Bedad,Male,Both,"defeated Midian in the field of Moab (GEN 36:35, 1CH 1:46)",alone; solitary
Bedan,Bedan,Male,Both,son of Ulam (1CH 7:17),according to judgment
Bedeiah,Bedeías,Male,OT,descendant of Bani who had married a foreign wife (EZR 10:35),
Beera,Beera,Male,OT,son of Zophah (1CH 7:37),a well; declaring
Beerah,Beerah,Male,OT,"son of Baal.  Tilgath-pilneser carried him away into exile, leader of Reubenites (1CH 5:6)",
Beeri,Beeri,Male,Both,"the Hittite (GEN 26:34), also called Anah (GEN 36:2)",my well
Bela,Bela,Male,Both,"King of Edom, his city was Dinhabah (GEN 36:32)",
Belshazzar,Belsasar,Male,Both,"the king of Babylon, son of Nebuchadnezzar (DAN 5:1)",master of the treasure
Ben,Ben,Male,OT,"second rank Levite, gatekeeper (1CH 15:18)",a son
Ben-abinadab,Ben-abinadab,Male,OT,"one of Solomon's twelve deputies (1KI 4:7), in Dor (1KI 4:11)",
Ben-ammi,Ben-ammi,Male,Both,son of Lot and forebear of the Ammonites (GEN 19:38),son of my people
Ben-deker,Ben-deker,Male,OT,"one of Solomon's twelve deputies (1KI 4:7), in Makaz (1KI 4:9)",
Ben-geber,Ben-geber,Male,OT,"one of Solomon's twelve deputies (1KI 4:7), in Ramoth-gilead (1KI 4:13)",
Ben-hadad,Ben-hadad,Male,Both,King of Aram (1KI 15:18),
Ben-hail,Ben-hail,Male,OT,"official of Jehoshaphat, sent to teach (2CH 17:7)",
Ben-hanan,Ben-hanan,Male,Unknown,,
Ben-hesed,Ben-hesed,Male,OT,"one of Solomon's twelve deputies (1KI 4:7), in Arubboth (1KI 4:10)",
Ben-hur,Ben-hur,Male,OT,"one of Solomon's twelve deputies (1KI 4:7), in Ephraim (1KI 4:8)",
Ben-zoheth,Ben-zoheth,Male,OT,(grand?) son of Ishi (1CH 4:20),
Benaiah,Benaía,Male,Both,"over the Cherethites and the Pelethites (2SA 8:18), the fifth of ""the thirty"" of David's men (2SA 23:20)",son of the Lord
Benhail,Benhail,Male,Unknown,,son of strength
Benhanan,Benhanan,Male,OT,son of Shimon (1CH 4:20),son of grace
Beninu,Beninu,Male,OT,a Levite (NEH 10:9),
Benjamin,Benjamín,Male,OT,twelfth-born son of Jacob and Rachel (GEN 35:18),son of the right hand
Beno,Beno,Male,OT,son of Jaaziah (1CH 24:27),his son
Beor,Beor,Male,Both,"father of Bela, King of Edom (GEN 36:32)",burning; foolish; mad
Bera,Bera,Male,Both,King of Sodom (GEN 14:2),a well; declaring
Beracah,Beracah,Male,Both,the Anathothite (1CH 12:3),
Berachah,Berachah,Male,Both,"One of the Benjamite warriors, Saul’s brethren, who joined David when at Ziklag ([1 Chr",blessing; bending the knee
Beraiah,Beraías,Male,OT,son of Shimei [Shema v13] (1CH 8:21),the choosing of the Lord
Berechiah,Berechías,Male,Both,son of Meshullam (1CH 3:20),
Bered,Bered,Male,OT,"A son of Shuthelah, and grandson of Ephraim ([1 Chr",hail
Beri,Beri,Male,OT,son of Zophah (1CH 7:36),my son; my corn
Beriah,Berías,Male,OT,son of Asher (GEN 46:17),in fellowship; in envy
Bernice,Berenice,Female,NT,traveled with Agrippa to visit Festus (ACT 25:13),one that brings victory
Berodach-baladan,Berodach-baladan,Male,OT,King of Babylon (2KI 20:12),the son of death
Besai,Besai,Male,OT,temple servant (EZR 2:49),a despising; dirty
Besodeiah,Besodeías,Male,OT,father of Meshullam (NEH 3:6),counsel of the Lord
Beth-rapha,Beth-rafa,Male,OT,son of Eshton (1CH 4:12),house of health
Bethuel,Betuel,Male,Both,"son of Nahor via his wife, Milcah (GEN 22:22)",filiation of God
Bethzur,Bethzur,Male,OT,son of Maon (1CH 2:45),
Bezai,Bezai,Male,OT,his sons (descendants) returned to Judah after captivity (EZR 2:17),eggs
Bezaleel,Bezaleel,Male,NT,In the shadow of God; i,in the shadow of God
Bezalel,Bezaleel,Male,Both,called by G-d in the construction of the tabernacle (EXO 31:2),
Bezer,Bezer,Male,OT,son of Zophah (1CH 7:37),vine branches
Bichri,Bichri,Male,OT,father of Sheba (2SA 20:6),first-born; first fruits
Bidkar,Bidkar,Male,OT,officer of Jehu's army (2KI 9:25),"in compunction, or sharp pain"
Bigtha,Bigtha,Male,Both,one of the seven eunuchs who served in the presence of King Ahasuerus (EST 1:10),
Bigthan,Bigthan,Male,OT,plotted against Ahasuerus (EST 2:21),in the press; giving meat
Bigthana,Bigthana,Male,NT,One of the eunuchs who “kept the door” in the court of Ahasuerus,
Bigvai,Bigvai,Male,Both,"returned to Judah after the Babylonian captivity (EZR 2:2, NEH 7:7)",in my body
Bildad,Bildad,Male,Both,"the Shuhite, friend of Job (JOB 2:11)",old friendship
Bilgah,Bilgah,Male,Both,fifteenth-chosen priest for the twenty-four courses (1CH 24:14),ancient countenance
Bilgai,Bilgai,Male,OT,Aaronic priest (NEH 10:8),
Bilhah,Bilha,Female,OT,maid of Laban given to Rachel (GEN 29:29) and wife of Jacob (GEN 30:4),"Bilhan, who is old or confused"
Bilhan,Bilhan,Male,OT,son of Ezer (GEN 36:27),
Bilshan,Bilshan,Male,Both,"returned to Judah after the Babylonian captivity (EZR 2:2, NEH 7:7)",in the tongue
Bimhal,Bimhal,Male,OT,son of Japhlet (1CH 7:33),
Binea,Binea,Male,OT,son of Moza (1CH 8:37),son of the Lord
Binnui,Binnui,Male,OT,father of Noadiah (EZR 8:33),building
Birsha,Birsha,Male,Both,King of Gomorrah (GEN 14:2),an evil; a son who beholds
Birzaith,Birzaith,Male,OT,son of Malchiel (1CH 7:31),
Birzavith,Birzavith,Female,Unknown,,
Bishlam,Bishlam,Male,OT,wrote against Judah (EZR 4:7),in peace
Bithia,Bithia,Female,OT,daughter of Pharaoh whom Mered took (1CH 4:17),
Bithiah,Bithías,Female,Unknown,,daughter of the Lord
Biztha,Biztha,Male,Both,one of the seven eunuchs who served in the presence of King Ahasuerus (EST 1:10),
Blastus,Blastus,Male,NT,King Herod's chamberlain (ACT 12:20),that buds or brings forth
Boaz,Booz,Male,Both,kinsman of Naomi's husband (RUT 2:1) who redeemed Ruth (RUT 4:10),"or Booz, in strength"
Bocheru,Bocheru,Male,OT,son of Azel (1CH 8:38),the first born
Bohan,Bohan,Male,Both,son of Reuben whose border stone marked one corner of Judah's portion of the Land (JOS 15:6),in them
Bukki,Bukki,Male,Both,the leader of the tribe of Dan (NUM 34:22) to apportion the Land (NUM 34:17),void
Bukkiah,Bukkías,Male,OT,"son of Heman_3 (1CH 25:4), chosen sixth by lot (1CH 25:13)",the dissipation of the Lord
Bunah,Bunah,Male,OT,son of Jerahmeel (1CH 2:25),building; understanding
Bunni,Bunni,Male,Both,stood on the Levites platform (NEH 9:4),building me
Buz,Buz,Male,Both,son of Nahor (GEN 22:20-21),despised; plundered
Buzi,Buzi,Male,Both,"the priest, father of Ezekiel (EZK  1:3)",my contempt
Caesar,Caesar,Male,NT,Caesar during Jesus' ministry (MAT 22:17),
Caesar Augustus,Caesar Augustus,Male,NT,Caesar at the time of Jesus' incarnation (LUK 2:1),
Caiaphas,Caifás,Male,NT,the High Priest at the time of Messiah's last Passover (MAT 26:3),
Cain,Caín,Male,Both,"first son of Adam (GEN 4:1), cursed from the ground (GEN 4:11)","possession, or possessed"
Cainan,Cainan,Male,NT,in the lineage of Messiah (LUK 3:36),possessor; purchaser
Calcol,Calcol,Male,OT,son of Zerah (1CH 2:6).  Solomon was wiser than him (1KI 4:31),nourishing
Caleb,Caleb,Male,Both,1 of the 12 spies- from Judah (NUM 13:6),a dog; a crow; a basket
Canaan,Canaan,Male,Both,"son of Ham (GEN 9:18), cursed by Noah (GEN 9:25)",merchant; trader; or that humbles and subdues
Canaanitish woman,Canaanitish woman,Female,Unknown,,
Candace,Candace,Female,NT,queen of Ethiopia (ACT 8:27),who possesses contrition
Caphthorim,Caphthorim,Male,Unknown,,
Caphtor,Caphtor,Male,OT,son of Mizraim (GEN 10:14),"a sphere, buckle, or hand"
Carcas,Carcas,Male,Unknown,,the covering of a lamb
Carchemish,Carchemish,Male,Unknown,,
Carkas,Carkas,Male,Both,one of the seven eunuchs who served in the presence of King Ahasuerus (EST 1:10),
Carmi,Carmi,Male,Both,son of Reuben (GEN 46:9),my vineyard; lamb of the waters
Carshena,Carshena,Male,Both,one of the seven princes of Persia and Media (EST 1:14),a lamb; sleeping
Casluh,Casluh,Male,Both,son of Mizraim-from which come the Philistines (GEN 10:14),
Casluhim,Casluhim,Male,OT,"Fortified, a people descended from Mizraim ([Gen",hopes of life
Chalcol,Chalcol,Male,Unknown,,"who nourishes, consumes, and sustains the whole"
Chedorlaomer,Chedorlaomer,Male,Both,King of Elam (GEN 14:1),roundness of a sheaf
Chelal,Chelal,Male,OT,descendant of Pahath-moab who had married a foreign wife (EZR 10:30),as night
Chelluh,Chelluh,Male,Unknown,,all
Chelub,Chelub,Male,OT,brother of Shuhah (1CH 4:11),a basket
Chelubai,Chelubai,Male,OT,"son of Hezron, son of Perez (1CH 2:9)",he altogether against me
Cheluhi,Cheluhi,Male,OT,descendant of Bani who had married a foreign wife (EZR 10:35),
Chemosh,Chemosh,Male,Both,"The destroyer, subduer, or fish-god, the god of the Moabites ([Num",handling; stroking; taking away
Chenaanah,Chenaanah,Male,Both,"father of Zedekiah (1KI 22:11, 2CH 18:10)",broken in pieces
Chenani,Chenani,Male,Both,stood on the Levites platform (NEH 9:4),my pillar
Chenaniah,Chenanías,Male,Both,"chief of the Levites (1CH 15:22), descendant of Izhar (1CH 26:29)","preparation, or disposition, or strength, of the Lord"
Cheran,Cheran,Male,OT,son of Dishon (GEN 36:26),anger
Chesed,Chesed,Male,Both,son of Nahor (GEN 22:22),"as a devil, or a destroyer"
Chileab,Chileab,Male,OT,second-born son of King David (2SA 3:3),
Chilion,Chilion,Male,Both,son of Elimelech (RUT 1:2),finished; complete; perfect
Chimham,Chimham,Male,Both,the servant of Barzillai (2SA 19:37),as they; like to them
Chislon,Chislon,Male,OT,father of Elidad (NUM 34:21),"hope, trust"
Chloe,Chloe,Female,NT,a believer in Corinth (1CO 1:11),green herb
Chushan-rishathaim,Chushan-rishathaim,Male,NT,"Cush of double wickedness, or governor of two presidencies, the king of Mesopotamia who oppressed Israel in the generation immediately following Joshu...",blackness of iniquities
Chuza,Chuza,Male,NT,Herod's steward (LUK 8:3),the seer or prophet
Claudia,Claudia,Female,NT,sent greetings via Paul to Timothy (2TI 4:21),"Claudius, lame"
Claudius,Claudio,Male,NT,Roman Emperor during whose reign there was a famine (ACT 11:28),
Clement,Clement,Male,NT,a fellow worker of Paul's (PHP 4:3),mild; good; merciful
Cleopas,Cleofas,Male,NT,met Messiah on the road to Emmaus (LUK 24:18),
Cleophas,Cleofas,Male,NT,"(abbreviation of Cleopatros), one of the two disciples with whom Jesus conversed on the way to Emmaus on the day of the resurrection ([Luke 24:18](/lu...",the whole glory
Clopas,Cleofas,Male,NT,(huband?) of Mary_3 (JHN 19:25),
Col-hozeh,Col-hozeh,Male,Both,official of the distrct of Mizpah and father of Shallum (NEH 3:15),
Conaniah,Conanías,Male,Both,officer in charge of the consecrated things (2CH 31:12),
Concubine the Aramitess,Concubine the Aramitess,Female,Unknown,,
Cononiah,Cononías,Male,Unknown,,
Cornelius,Cornelio,Male,NT,a centurion of the Italian cohort in Caesarea (ACT 10:1),of a horn
Cosam,Cosam,Male,NT,in the lineage of Messiah (LUK 3:28),divining
Coz,Coz,Male,Unknown,A descendant of Judah,a thorn
Cozbi,Cozbi,Female,Both,the Midianite woman pierced by Phinehas (NUM 25:15),a liar; sliding away
Crescens,Crescens,Male,NT,Paul's companion who went to Galatia (2TI 4:10),growing; increasing
Crispus,Crispo,Male,NT,the believing leader of the synagogue in Corinth (ACT 18:8),curled
Cush,Cush,Male,Both,son of Ham (GEN 10:6),"Cushan, Cushi, Ethiopians; blackness"
Cushan-rishathaim,Cushan-rishathaim,Male,OT,Israel sold into his hands for eight years (JDG 3:8) because of Israel's idolatry (JDG 3:7),
Cushi,Cushi,Male,OT,father of Shelamiah (JER 36:14),
Cyrenius,Cyrenius,Male,NT,The Grecized form of Quirinus,who governs
Cyrus,Ciro,Male,Both,King of Persia (2CH 36:22),as miserable; as heir
Dagon,Dagon,Male,NT,"Little fish; diminutive from dag = a fish, the fish-god; the national god of the Philistines ([Judg",corn; a fish
Dalaiah,Dalaías,Male,Unknown,,the poor of the Lord
Dalphon,Dalfon,Male,OT,son of Haman (EST 9:7),the house of caves
Damaris,Damaris,Female,NT,the woman who believed Paul (ACT 17:34),a little woman
Dan,Dan,Male,Both,"fifth-born son of Jacob (GEN 30:5), son of Bilhah, Rachel's handmaid",judgment; he that judges
Daniel,Daniel,Male,Both,descendant of Ithamar who went up with Ezra (EZR 8:2),judgment of God; God my judge
Dara,Dara,Male,Unknown,,
Darda,Darda,Male,Both,son of Zerah (1CH 2:6).  Solomon was wiser than him (1KI 4:31),home of knowledge
Darius,Darío,Male,OT,King of Persia (EZR 4:5),he that informs himself
Darkon,Darkon,Male,OT,Solomon's servant (EZR 2:55),of generation; of possession
Dathan,Datán,Male,OT,rebelled against Moses with Korah (NUM 16:1),laws or rites
Daughter,Daughter,Female,NT,daughter of Abraham with an issue of blood for twelve years (MAT 9:22),
Daughter of Herodias,Daughter of Herodias,Female,Unknown,,
Daughter of Lot - Older,Daughter of Lot - Older,Female,Unknown,,
Daughter of Lot - Younger,Daughter of Lot - Younger,Female,Unknown,,
Daughter of Machir,Daughter of Machir,Female,Unknown,,
Daughter of Meshullam,Daughter of Meshullam,Female,Unknown,,
Daughter of Pharaoh,Daughter of Faraoh,Female,NT,The princess who adopted the infant Moses (q,
Daughter of Putiel,Daughter of Putiel,Female,Unknown,,
Daughter of Shuah,Daughter of Shuah,Female,Unknown,,
David,David,Male,Both,"son of Jesse (RUT 4:17), King of Israel (2SA 5:3)","well-beloved, dear"
Death,Death,Male,NT,the rider of the pale/ashen horse (REV 6:8),
Debir,Debir,Male,Both,King of Eglon during the conquest of the Land (JOS 10:3),an orator; a word
Deborah,Débora,Female,OT,Rebekah's nurse (GEN 35:8),word; thing; a bee
Dedan,Dedan,Male,OT,son of Raamah (GEN 10:7),their breasts; friendship; a judge
Dekar,Dekar,Male,Unknown,,force
Delaiah,Delaías,Male,Both,son of Elioenai (1CH 3:24),the poor of the Lord
Delilah,Dalila,Female,Both,a woman who Samson loved (JDG 16:4) who betrayed him (JDG 16:18),poor; small; head of hair
Demas,Demas,Male,NT,sent greetings via Paul to the Colossians (COL 4:14),popular
Demetrius,Demetrius,Male,NT,a silversmith who stirred up the workmen of Ephesus (ACT 19:24),"belonging to corn, or to Ceres"
Deuel,Deuel,Male,OT,father of Eliasaph (NUM 1:14),the knowledge of God
Diana,Diana,Female,NT,"So called by the Romans; called Artemis by the Greeks, the “great” goddess worshipped among heathen nations under various modifications","luminous, perfect"
Diblaim,Diblaim,Male,Both,father of Gomer (HOS 1:3),cluster of figs
Dibri,Dibri,Male,OT,father of Shelomith (LEV 24:11),an orator
Diklah,Diklah,Male,OT,son of Joktan (GEN 10:27),"Dildah, his diminishing"
Dinah,Dina,Female,OT,"daughter of Jacob (GEN 30:21), daughter of Leah",judgment; who judges
Dionysius,Dionysius,Male,NT,the Areopagite who believed Paul (ACT 17:34),divinely touched
Diotrephes,Diotrefes,Male,NT,loves to be first in the church but does not accept what John says (3JN 1:9),nourished by Jupiter
Dishan,Dishan,Male,Both,son of Seir (GEN 36:21) and chief in Edom (GEN 36:29),a threshing
Dishon,Dishon,Male,OT,son of Seir (GEN 36:21) and chief in Edom (GEN 36:29),fatness; ashes
Dodai,Dodai,Male,Both,the Ahohite (1CH 27:4),"Dodanim, beloved"
Dodanim,Dodanim,Male,OT,son of Javan (GEN 10:4),
Dodavah,Dodavah,Male,Unknown,,love
Dodavahu,Dodavahu,Male,Both,"of Mareshah, father of Eliezer the prophet (2CH 20:37)",
Dodo,Dodo,Male,OT,father of Puah (JDG 10:1),his uncle
Doeg,Doeg,Male,Both,the Edomite (1SA 21:7),"careful, who acts with uneasiness"
Dorcas,Dorcas,Female,Unknown,"(in Greek called Dorcas), gazelle, a disciple at Joppa",a female roe-deer
Drusilla,Drusila,Female,NT,wife of Felix (ACT 24:24),watered by the dew
Dumah,Dumah,Male,OT,sixth-born son of Ishmael (GEN 25:14),
Ebal,Ebal,Male,Both,son of Shobal (GEN 36:23),ancient heaps
Ebed,Ebed,Male,Both,father of Gaal (JDG 9:26),a servant; laborer
Ebed-melech,Ebed-melec,Male,Both,the Ethiopian eunuch who spoke up for Jeremiah (JER 38:7),the king's servant
Eber,Heber,Male,Both,"descendant of Shem (GEN 10:21), son of Shelah (GEN 10:24)",one that passes; anger
Ebiasaph,Ebiasaph,Male,Both,son of Elkanah_3 (1CH 6:23),a father that gathers or adds
Eden,Eden,Male,Both,son of Joah (2CH 29:12),pleasure; delight
Eder,Eder,Male,Both,son of Beriah (1CH 8:15),a flock
Eglah,Eglah,Female,OT,wife of King David (2SA 3:5),heifer; chariot; round
Eglon,Eglon,Male,Both,Israel sold into his hands for eighteen years (JDG 3:14) because Israel again did evil in the sight of the LORD (JDG 3:12),same as Eglah
Ehi,Ehi,Male,OT,son of Benjamin (GEN 46:21),
Ehud,Aod,Male,Both,raised up by the LORD as a deliverer for Israel (JDG 3:15) who killed Eglon (JDG 3:21),he that praises
Eker,Eker,Male,OT,"son of Ram, son of Jerahmeel (1CH 2:27)","barren, feeble"
Ela,Ela,Male,OT,father of Shimei (1KI 4:18),
Eladah,Eladah,Male,Unknown,,the eternity of God
Elah,Elah,Male,Both,chief of Edom (GEN 36:41),an oak; a curse; perjury
Elam,Elam,Male,Both,son of Shem (GEN 10:22),a young man; a virgin; a secret
Elasah,Elasah,Male,OT,son of Pashhur who had married a foreign wife (EZR 10:22),the doings of God
Eldaah,Eldaah,Male,OT,son of Midian and grandson of Abraham through Keturah (GEN 25:4),knowledge of God
Eldad,Eldad,Male,Both,remained in the camp and prophesied (NUM 11:26),favored of God; love of God
Elead,Elead,Male,OT,grandson of Ephraim (1CH 7:21),witness of God
Eleadah,Eleadah,Male,OT,son of Tahath (1CH 7:20),
Eleasah,Eleasah,Male,Both,son of Helez (1CH 2:39),
Eleazar,Eleazar,Male,Both,son of Aaron (EXO 6:23),"help of God, court of God"
Elhanan,Elhanan,Male,Both,"son of Jaare-oregim (2SA 21:19), seventh of ""the thirty"" of David's men (2SA 23:24)","grace, or gift, or mercy of God"
Eli,Elí,Male,Both,priest of Israel in Shiloh (1SA 1:3),"Eli, my God, my God"
Eliab,Eliab,Male,Both,head of the tribe of Zebulun during the census (NUM 1:9),God is my father; God is the father
Eliada,Eliada,Male,OT,son of David (2SA 5:16),knowledge of God
Eliadah,Eliadah,Male,Unknown,"An Aramite of Zobah, captain of a marauding band that troubled Solomon ([1 Kings 11:23](/1kgs#1Kgs",
Eliah,Elías,Male,Unknown,,God the Lord
Eliahba,Eliahba,Male,Both,"the Shaalbonite, twenty-second of ""the thirty"" of David's men (2SA 23:32)",my God the Father
Eliakim,Eliakim,Male,Both,over the household of Hezekiah (2KI 18:18),resurrection of God
Eliam,Eliam,Male,Both,Bathsheba's father (2SA 11:3),the people of God
Eliasaph,Eliasaph,Male,Both,head of the tribe of Gad during the census (NUM 1:14),the Lord increaseth
Eliashib,Eliashib,Male,OT,son of Elioenai (1CH 3:24),the God of conversion
Eliathah,Eliathah,Male,Both,"son of Heman_3 (1CH 25:4), chosen twentieth by lot (1CH 25:27)",thou art my God
Elidad,Elidad,Male,Both,the leader of the tribe of Benjamin (NUM 34:21) to apportion the Land (NUM 34:17),beloved of God
Eliehoenai,Eliehoenai,Male,OT,seventh-born son of Meshelemiah [Shallum_7] (1CH 26:3),
Eliel,Eliel,Male,Both,head of households (1CH 5:24) in Manasseh (1CH 5:23),"God, my God"
Elienai,Elienai,Male,OT,son of Shimei [Shema v13] (1CH 8:20),the God of my eyes
Eliezer,Eliezer,Male,Both,of Damascus (GEN 15:2),"help, or court, of my God"
Elihoenai,Elihoenai,Male,Unknown,,
Elihoreph,Elihoreph,Male,OT,secretary for King Solomon (1KI 4:3),"god of winter, or of youth"
Elihu,Elihu,Male,Both,father of Jeroham and ancestor of Samuel (1SA 1:1),he is my God himself
Elijah,Elías,Male,Both,"the prophet, Tishbite, who was of the settlers of Gilead (1KI 17:1)","God the Lord, the strong Lord"
Elika,Elika,Male,Both,"the Harodite, ninth of ""the thirty"" of David's men (2SA 23:25)",pelican of God
Elimelech,Elimelec,Male,Both,husband of Naomi (RUT 1:2),my God is king
Elioenai,Elioenai,Male,OT,son of Neariah (1CH 3:23),toward him are mine eyes; or to him are my fountains
Eliphal,Elifal,Male,Unknown,,a miracle of God
Eliphalet,Elifalet,Male,OT,"God his deliverance, one of David’s sons ([2 Sam",the God of deliverance
Eliphaz,Elifaz,Male,Both,"son of Esau (GEN 36:4, 10, 15)",the endeavor of God
Elipheleh,Elifeleh,Male,NT,"God will distinguish him, one of the porters appointed to play “on the Sheminith” on the occasion of the bringing up of the ark to the city of David (...",
Eliphelehu,Elifelehu,Male,OT,"second rank Levite, gatekeeper (1CH 15:18)",
Eliphelet,Elifelet,Male,OT,son of David (2SA 5:16),
Elisabeth,Elisabeth,Female,NT,"God her oath, the mother of John the Baptist ([Luke 1:5](/luke#Luke","Elizabeth, the oath, or fullness, of God"
Elisha,Eliseo,Male,Both,anointed prophet in Elijah's place (1KI 19:16),salvation of God
Elishah,Elishah,Male,Both,son of Javan (GEN 10:4),it is God; the lamb of God: God that gives help
Elishama,Elishama,Male,Both,head of the tribe of Ephraim during the census (NUM 1:10),God hearing
Elishaphat,Elishafat,Male,Both,"son of Zichri (2CH 23:1), supported Joash as king of Judah",my God judgeth
Elisheba,Elisheba,Female,Both,wife of Aaron and daughter of Amminadab (EXO 6:23),same as Elisabeth
Elishua,Elishua,Male,OT,son of David (2SA 5:15),God is my salvation
Eliud,Eliud,Male,NT,son of Achim in the lineage of the Messiah (MAT 1:14),God is my praise
Elizabeth,Elisabet,Female,NT,wife of Zacharias (LUK 1:5),
Elizaphan,Elizafan,Male,Both,the leader of the tribe of Zebulun (NUM 34:25) to apportion the Land (NUM 34:17),
Elizur,Elizur,Male,Both,head of the tribe of Reuben during the census (NUM 1:5),God is my strength; my rock; rock of God
Elkanah,Elcana,Male,Both,son of Korah (EXO 6:24),God the zealous; the zeal of God
Elmadam,Elmadam,Male,NT,in the lineage of Messiah (LUK 3:28),
Elmodam,Elmodam,Male,Unknown,,"the God of measure, or of the garment"
Elnaam,Elnaam,Male,OT,father of Jeribai and Joshaviah (1CH 11:46),God's fairness
Elnathan,Elnathan,Male,OT,"from Jerusalem, father of Nehushta (2KI 24:8), an official (JER 36:12)",God hath given; the gift of God
Elon,Elón,Male,Both,"the Hittite, father of Basemath, Esau's wife (GEN 26:34)",oak; grove; strong
Elpaal,Elpaal,Male,OT,son of Shaharaim by Hushim (1CH 8:11),God's work
Elpalet,Elpalet,Male,Unknown,,same as Eliphalet
Eluzai,Eluzai,Male,OT,came to David's aid at Ziklag (1CH 12:5),God is my strength
Elymas,Elymas,Male,NT,"Magician or sorcerer, the Arabic name of the Jew Bar-jesus, who withstood Paul and Barnabas in Cyprus","a magician, a corrupter"
Elzabad,Elzabad,Male,Both,ninth among the Gadites to go to David (1CH 12:12),the dowry of God
Elzaphan,Elzafan,Male,OT,son of Uzziel (EXO 6:22),God of the northeast wind
Enan,Enan,Male,OT,father of Ahira (NUM 1:15),cloud
Enoch,Enoc,Male,Both,son of Cain (GEN 4:17),dedicated; disciplined
Enos,Enos,Male,Both,"Man the son of Seth, and grandson of Adam ([Gen",mortal man; sick; despaired of; forgetful
Enosh,Enosh,Male,OT,son of Seth (GEN 4:26),
Epaenetus,Epaenetus,Male,NT,"Commendable, a Christian at Rome to whom Paul sent his salutation ([Rom",
Epanetus,Epanetus,Male,NT,the first to convert to Christ from Asia (ROM 16:5),
Epaphras,Epafras,Male,NT,"Lovely, spoken of by Paul ([Col",covered with foam
Epaphroditus,Epafrodito,Male,NT,Paul's fellow worker and fellow solder (PHP 2:25),agreeable; handsome
Ephah,Efah,Male,OT,son of Midian and grandson of Abraham through Keturah (GEN 25:4),weary; tired
Ephai,Efai,Male,Both,the Netophathite (JER 40:8),
Epher,Efer,Male,Both,son of Midian and grandson of Abraham through Keturah (GEN 25:4),dust; lead
Ephlal,Ephlal,Male,OT,son of Zabad (1CH 2:37),
Ephod,Efod,Male,OT,father of Hanniel (NUM 34:23),
Ephraim,Efraín,Male,Both,second son of Joseph (GEN 41:52),fruitful; increasing
Ephratah,Ephratah,Female,Both,"The second wife of Caleb, the son of Hezron, mother of Hur, and grandmother of Caleb, who was one of those that were sent to spy the land ([1 Chr","Ephrath, abundance; bearing fruit"
Ephrath,Ephrath,Female,OT,second wife of Chelubai [Caleb] (1CH 2:19),
Ephron,Ephron,Male,Both,sold the cave at Machpelah to Abraham (GEN 23:16),dust
Er,Er,Male,OT,firstborn son of Judah (GEN 38:3),watchman
Eran,Eran,Male,OT,son of Shuthelah (NUM 26:35),follower
Erastus,Erasto,Male,NT,one of the men who ministered to Paul (ACT 19:22),"lovely, amiable"
Eri,Eri,Male,OT,son of Gad (GEN 46:16),my city
Esar-haddon,Esar-haddon,Male,Unknown,,that closes the point; joy; cheerfulness
Esarhaddon,Esarhaddon,Male,OT,King of Assyria and son of Sennacherib (2KI 19:37),
Esau,Esaú,Male,OT,firstborn son of Isaac (GEN 25:25-26),he that acts or finishes
Eshban,Eshban,Male,OT,son of Dishon (GEN 36:26),
Eshcol,Eshcol,Male,Both,the Amorite (GEN 14:13),bunch of grapes
Eshek,Eshek,Male,OT,brother of Azel (1CH 8:39),"violence, force"
Eshtemoa,Eshtemoa,Male,OT,son of Mered and Bithia (1CH 4:17),the bosom of a woman
Eshton,Eshton,Male,OT,son of Mehir (1CH 4:11),
Esli,Esli,Male,Unknown,,near me; he who separates
Esther,Ester,Female,NT,"The queen of Ahasuerus, and heroine of the book that bears her name",secret; hidden
Etam,Etam,Male,OT,"father of Jezreel, Ishma, Ibdash, and Hazzelelponi (1CH 4:3)","their bird, their covering"
Ethan,Ethan,Male,Both,the Ezrahite (1KI 4:31) [Zerahite?- 1CH 2:6],strong; the gift of the island
Ethbaal,Ethbaal,Male,Both,father of Jezebel and king of the Sidonians (1KI 16:31),"toward the idol, or with Baal"
Ethnan,Ethnan,Male,OT,son of Ashhur and Helah (1CH 4:7),gift
Ethni,Ethni,Male,OT,son of Zerah (1CH 6:41),strong
Eubulus,Eubulus,Male,Unknown,sent greetings via Paul to Timothy (2TI 4:21),prudent; good counselor
Eunice,Eunice,Female,Unknown,Timothy's mother (2TI 1:5),good victory
Euodia,Euodia,Female,NT,Paul urged her to live in harmony in the Lord (PHP 4:2),
Euodias,Euodias,Female,NT,"A good journey, a female member of the church at Philippi",sweet scent
Eutychus,Eutico,Male,NT,a young man who fell from a third-floor window (ACT 20:9),happy; fortunate
Eve,Eva,Female,Both,"first woman, created from Adam (GEN 2:22)",living; enlivening
Evi,Evi,Male,OT,King of Midian (NUM 31:8),unjust
Evil-merodach,Evil-merodach,Male,Both,King of Babylon (2KI 25:27),the fool of Merodach; the fool grinds bitterly
Ezbai,Ezbai,Male,OT,father of Naarai (1CH 11:37) [Paarai in 2SA 23:35],
Ezbon,Ezbon,Male,OT,son of Gad (GEN 46:16),hastening to understand
Ezekiel,Ezequiel,Male,Both,"the priest, son of Buzi (EZK  1:3)",the strength of God
Ezer,Ezer,Male,Both,son of Seir (GEN 36:21) and chief in Edom (GEN 36:29),a help
Ezra,Esdras,Male,Both,"son of Seraiah (EZR 7:1), scribe skilled in the Law (EZR 7:6)",help; court
Ezrah,Ezrah,Male,OT,"father of Jether, Mered, Epher and Jalon (1CH 4:17)",
Ezri,Ezri,Male,Both,"in charge of David's agricultural workers, son of Chelub (1CH 27:26)",my help
Felix,Félix,Male,NT,the governor of Caesarea (ACT 23:24),"happy, prosperous"
Firstborn of Lot,Firstborn of Lot,Female,OT,mother of Moab (GEN 19:37),
Fortunatus,Fortunatus,Male,NT,"Fortunate, a disciple of Corinth who visited Paul at Ephesus, and returned with Stephanas and Achaicus, the bearers of the apostle’s first letter to t...","lucky, fortunate"
Forunatus,Forunatus,Male,NT,Paul rejoiced over him (1CO 16:17),
Gaal,Gaal,Male,Both,son of Ebed whom the men of Shechem trusted (JDG 9:26),contempt; abomination
Gabbai,Gabbai,Male,OT,descendant of Benjamin (NEH 11:8),the back
Gabriel,Gabriel,Male,Both,instructed to give Daniel an understanding of a vision (DAN 8:16),God is my strength
Gad,Gad,Male,Both,"seventh-born son of Jacob (GEN 30:11, GEN 35:26), son of Zilpah, Leah's handmaid",a band; a troop
Gaddi,Gaddi,Male,Both,1 of the 12 spies- from Manasseh (NUM 13:11),my troop; a kid
Gaddiel,Gaddiel,Male,Both,1 of the 12 spies- from Zebulun (NUM 13:10),goat of God; the Lord my happiness
Gadi,Gadi,Male,OT,father of Menachem (2KI 15:14),
Gaham,Gaham,Male,OT,"son of Nahor via his concubine, Reumah (GEN 22:24)",
Gahar,Gahar,Male,Both,temple servant (EZR 2:47),
Gaius,Gayo,Male,NT,Paul's traveling companion from Macedonia (ACT 19:29),lord; an earthly man
Galal,Galal,Male,Both,counted among the Levites carried into exile (1CH 9:15)- son of Jeduthun (1CH 9:16),"a roll, a wheel"
Gallio,Gallio,Male,NT,proconsul of Achaia (ACT 18:12),"who sucks, or lives on milk"
Gamaliel,Gamaliel,Male,Both,head of the tribe of Manasseh during the census (NUM 1:10),recompense of God; camel of God
Gamul,Gamul,Male,Both,twenty-second-chosen priest for the twenty-four courses (1CH 24:17),a recompense
Gareb,Gareb,Male,Both,"the Ithrite, thirty-sixth of ""the thirty"" of David's men (2SA 23:38)",a scab
Garmite,Garmite,Male,Unknown,,
Gatam,Gatam,Male,OT,son of Eliphaz (GEN 36:11) and chief of Edom (GEN 36:16),their lowing; their touch
Gazez,Gazez,Male,OT,son of Chelubai [Caleb] by Ephah (1CH 2:46),a passing over
Gazzam,Gazzam,Male,OT,temple servant (EZR 2:48),the fleece of them
Geber,Geber,Male,OT,"one of Solomon's twelve deputies (1KI 4:7), in Gilead (1KI 4:18)","manly, strong"
Gedaliah,Gedalías,Male,Both,"son of Ahikam, appointed King of Judah by Nebuchadnezzar (2KI 25:22)",God is my greatness
Gedor,Gedor,Male,OT,son of Penuel (1CH 4:4),
Gehazi,Giezi,Male,OT,servant of Elisha (2KI 4:12) who became leprous (2KI 5:27),valley of sight
Gemalli,Gemalli,Male,OT,father of Ammiel (NUM 13:12),wares; a camel
Gemariah,Gemarías,Male,Both,son of Hilkiah_3 (JER 29:3),accomplishment or perfection of the Lord
Genubath,Genubath,Male,Both,son of Hadad (1KI 11:20),theft; robbery
Gera,Gera,Male,Both,"(grand?)son of Benjamin (GEN 46:21), son of Bela (1CH 8:3)","pilgrimage, combat; dispute"
Gershom,Gersón,Male,Both,Moses' first son (EXO 2:22),a stranger here
Gershon,Gersón,Male,Both,son of Levi (GEN 46:11),his banishment; the change of pilgrimage
Gesham,Gesham,Male,Unknown,,
Geshan,Geshan,Male,OT,son of Jahdai (1CH 2:47),
Geshem,Geshem,Male,Both,the Arab who opposed Nehemiah (NEH 2:19),
Gether,Gether,Male,OT,son of Aram (GEN 10:23),the vale of trial or searching
Geuel,Geuel,Male,Both,1 of the 12 spies- from Gad (NUM 13:15),God's redemption
Gibbar,Gibbar,Male,OT,his sons (descendants) returned to Judah after captivity (EZR 2:20),"strong, manly"
Gibea,Gibea,Male,OT,son of Sheva (1CH 2:49),
Gibeon,Gibeon,Male,Unknown,,hill; cup; thing lifted up
Giddalti,Giddalti,Male,OT,"son of Heman_3 (1CH 25:4), chosen twenty-second by lot (1CH 25:29)",
Giddel,Giddel,Male,OT,temple servant (EZR 2:47),great
Gideon,Gedeón,Male,Both,son of Joash (JDG 6:11) who torn down the altar to Baal (JDG 6:25),he that bruises or breaks; a destroyer
Gideoni,Gideoni,Male,OT,father of Abidan (NUM 1:11),same as Gideon
Gilalai,Gilalai,Male,OT,Levite with music instruments (NEH 12:36),a wheel
Gilead,Gilead,Male,OT,"a son of Machir, grandson of Manasseh (NUM 26:29)",the heap or mass of testimony
Ginath,Ginath,Male,OT,father of Tibni (1KI 16:21),"Ginnetho, a garden"
Ginnethon,Ginnethon,Male,OT,Aaronic priest (NEH 10:8),
Girgash,Girgash,Male,OT,son of Canaan (GEN 10:15),
Girgasite,Girgasite,Male,Both,"Dwelling in clayey soil, the descendants of the fifth son of Canaan ([Gen",
Gishpa,Gishpa,Male,Both,in charge of the temple servants (NEH 11:21),
Gispa,Gispa,Male,Unknown,,coming hither
God,God,Male,Unknown,(A,
Gog,Gog,Male,OT,"son of Shemaiah (1CH 5:4), Reubenite (1CH 5:3)",roof; covering
Goliath,Goliat,Male,Both,"Philistine champion, from Gath (1SA 17:4)",passage; revolution; heap
Gomer,Gomer,Male,Both,son of Japheth (GEN 10:2),to finish; complete
Guni,Guni,Male,OT,son of Naphtali (GEN 46:24),a garden; a covering
Haahashtari,Haahashtari,Male,OT,son of Ashhur and Naarah (1CH 4:6),a runner
Habaiah,Habaías,Male,Both,unable to give evidence if they were from the priesthood (EZR 2:61),the hiding of the Lord
Habakkuk,Habacuc,Male,Both,the prophet (HAB 1:1),he that embraces; a wrestler
Habaziniah,Habazinías,Male,Unknown,,
Habazziniah,Habazzinías,Male,Both,the Rechabite (JER 35:3),
Hacaliah,Hacalías,Male,OT,father of Nehemiah (NEH 1:1),
Hachaliah,Hachalías,Male,Unknown,,who waits for the Lord
Hachmoni,Hachmoni,Male,Both,"father of Jehiel, the tutor of David's sons (1CH 27:32)",a wise man
Hadad,Hadad,Male,Both,eighth-born son of Ishmael (GEN 25:15),joy; noise; clamor
Hadadezer,Hadadezer,Male,OT,"King of Zobah (2SA 8:3, 1CH 18:3)",beauty of assistance
Hadar,Hadar,Male,OT,"King of Edom, successor to Baal-hanan, his city was Pau (GEN 36:39)",power; greatness
Hadarezer,Hadarezer,Male,NT,"Hadad is help; called also Hadarezer, Adod is his help, the king of Zobah",same as Hadadezer
Hadassah,Hadassah,Female,OT,cousin of Mordecai (EST 2:7),a myrtle; joy
Hadlai,Hadlai,Male,Both,"father of Amasa, who aided defeated Judaites (2CH 28:12)",loitering; hindering
Hadoram,Hadoram,Male,Both,son of Joktan (GEN 10:27),their beauty; their power
Hagab,Hagab,Male,OT,temple servant (EZR 2:46),"Hagabah, a grasshopper"
Hagabah,Hagabah,Male,OT,temple servant (EZR 2:45),
Hagar,Agar,Female,Both,the Egyptian servant of Sarai (GEN 16:1),a stranger; one that fears
Haggai,Hageo,Male,Both,the prophet (EZR 5:1) of the book of Haggai,feast; solemnity
Haggedolim,Haggedolim,Male,OT,father of Zabdiel (NEH 11:14),
Haggeri,Haggeri,Male,Unknown,,"Haggi, a stranger"
Haggi,Haggi,Male,OT,son of Gad (GEN 46:16),
Haggiah,Haggías,Male,OT,son of Shimea (1CH 6:30),the Lord's feast
Haggith,Haggith,Female,Both,wife (concubine?) of King David (2SA 3:4),rejoicing
Hagri,Hagri,Male,OT,father of Mibhar (Bani_1) (1CH 11:38),
Hakkatan,Hakkatan,Male,OT,father of Johanan who went up with Ezra (EZR 8:12),little
Hakkoz,Hakkoz,Male,Both,"seventh-chosen priest for the twenty-four courses (1CH 24:10), his descendants could not show proof of lineage (NEH 7:63)",a thorn; summer; an end
Hakupha,Hakufa,Male,OT,temple servant (EZR 2:51),a commandment of the mouth
Hallohesh,Hallohesh,Male,Both,official of half the district of Jerusalem and father of Shallum (NEH 3:12),
Halohesh,Halohesh,Male,Unknown,,
Ham,Cam,Male,Both,son of Noah (GEN 5:32),hot; heat; brown
Haman,Amán,Male,Both,son of Hammedatha the Agagite (EST 3:1),noise; tumult
Hamath,Hamath,Male,OT,son of Canaan (GEN 10:15),anger; heat; a wall
Hamathite,Hamathite,Male,Unknown,,
Hammedatha,Hammedatha,Male,Both,the Agagite (EST 3:1),he that troubles the law
Hammelech,Hammelec,Male,Both,"The king’s, the father of Jerahmeel, mentioned in [Jer",a king; a counselor
Hammolecheth,Hammolecheth,Female,OT,sister of Gilead and daughter of Machir (1CH 7:18),
Hammoleketh,Hammoleketh,Female,Both,"The queen, the daughter of Machir and sister of Gilead ([1 Chr",
Hammuel,Hammuel,Male,OT,"son of Mishma (1CH 4:26), Simeonite (1CH 4:24)",
Hamor,Hamor,Male,Both,"the Hivite, father of Shechem (GEN 34:2)",an ass; clay; dirt
Hamuel,Hamuel,Male,Unknown,,
Hamul,Hamul,Male,Both,son of Perez and grandson of Judah (GEN 46:12),godly; merciful
Hamutal,Hamutal,Female,Both,mother of Jehoahaz (2KI 23:31),the shadow of his heat
Hanameel,Hanameel,Male,Both,"Whom God has graciously given, the cousin of Jeremiah, to whom he sold the field he possessed in Anathoth, before the siege of Jerusalem ([Jer",the grace that comes from God; gift of God
Hanamel,Hanamel,Male,OT,"son of Shallum (JER 32:7), Jeremiah's cousin",
Hanan,Hanan,Male,OT,son of Shashak (1CH 8:23),full of grace
Hanani,Hanani,Male,OT,"father of Jehu (1KI 16:1, 2CH 19:2)",my grace; my mercy
Hananiah,Hananías,Male,OT,son of Zerubbabel (1CH 3:19),grace; mercy; gift of the Lord
Haniel,Haniel,Male,Both,A chief of the tribe of Asher ([1 Chr,the gift of God
Hannah,Ana,Female,Both,"wife of Elkanah (1SA 1:2), mother of Samuel (1SA 1:20)",gracious; merciful; he that gives
Hanniel,Hanniel,Male,Both,the leader of the tribe of Manasseh (NUM 34:23) to apportion the Land (NUM 34:17),grace or mercy of God
Hanoch,Hanoch,Male,OT,son of Midian and grandson of Abraham through Keturah (GEN 25:4),dedicated
Hanun,Hanun,Male,Both,King of the Ammonites (2SA 10:1),gracious; merciful
Happizzez,Happizzez,Male,Both,eighteenth-chosen priest for the twenty-four courses (1CH 24:15),
Haran,Haran,Male,Both,son of Terah (GEN 11:26),mountainous country
Harbona,Harbona,Male,Both,one of the seven eunuchs who served in the presence of King Ahasuerus (EST 1:10),
Harbonah,Harbonah,Male,Unknown,,his destruction; his sword
Hareph,Hareph,Male,OT,son of Hur who founded Beth-gader (1CH 2:51),winter; reproach
Harhaiah,Harhaías,Male,Both,"of the goldsmiths, father of Uzziel (NEH 3:8)","heat, or anger, of the Lord"
Harhas,Harhas,Male,OT,father of Tikvah (2KI 22:14),anger; heat of confidence
Harhur,Harhur,Male,Both,temple servant (EZR 2:51),made warm
Harim,Harim,Male,Both,third-chosen priest for the twenty-four courses (1CH 24:8),destroyed; dedicated to God
Hariph,Hariph,Male,OT,non-Levite leader (NEH 10:14),
Harnepher,Harnefer,Male,Both,son of Zophah (1CH 7:36),the anger of a bull; increasing heat
Haroeh,Haroeh,Male,OT,son of Shobal (1CH 2:52),
Harsha,Harsha,Male,Both,temple servant (EZR 2:52),workmanship; a wood
Harum,Harum,Male,OT,son of Koz (1CH 4:8),high; throwing down
Harumaph,Harumaph,Male,OT,father of Jedaiah (NEH 3:10),destruction
Haruz,Haruz,Male,Both,"of Jothbah, father of Meshullemeth (2KI 21:19)",careful
Hasadiah,Hasadías,Male,Both,son of Meshullam (1CH 3:20),the mercy of the Lord
Hasenuah,Hasenuah,Male,OT,"Bristling or hated, a Benjamite ([1 Chr",
Hashabiah,Hashabías,Male,Both,"son of Amaziah (1CH 6:45), Levite during the return (NEH 10:11, NEH 12:24)",the estimation of the Lord
Hashabnah,Hashabnah,Male,OT,non-Levite leader (NEH 10:14),"Hashabniah, the silence of the Lord"
Hashabneiah,Hashabneías,Male,OT,father of Hattush (NEH 3:10),
Hashabniah,Hashabnías,Male,Unknown,,
Hashbadana,Hashbadana,Male,Both,"Consideration in judging, stood at Ezra’s left hand when he read the law ([Neh",
Hashbaddanah,Hashbaddanah,Male,Both,stood on Ezra's left hand as he read from the Law (NEH 8:4),
Hashub,Hashub,Male,Unknown,,esteemed; numbered
Hashubah,Hashubah,Male,OT,son of Meshullam (1CH 3:20),estimation; thought
Hashum,Hashum,Male,OT,his sons (descendants) returned to Judah after captivity (EZR 2:19),silence; their hasting
Hasrah,Hasrah,Male,NT,"Poverty, “keeper of the wardrobe,” i",wanting
Hassenaah,Hassenaah,Male,Both,his sons built the fish gate (NEH 3:3),
Hassenuah,Hassenuah,Male,OT,descendant of Benjamin (1CH 9:7),
Hasshub,Hasshub,Male,Both,son of Azrikam (1CH 9:14),
Hassophereth,Hassofereth,Male,OT,Solomon's servant (EZR 2:55),
Hasupha,Hasufa,Male,Both,temple servant (EZR 2:43),
Hatach,Hatach,Male,NT,"Verity, one of the eunuchs or chamberlains in the palace of Ahasuerus ([Esther 4:5](/esth#Esth",he that strikes
Hathach,Hathach,Male,OT,king's eunuch appointed to attend Esther (EST 4:5),
Hathath,Hathath,Male,OT,son of Othniel (1CH 4:13),fear
Hatipha,Hatifa,Male,Both,temple servant (EZR 2:54),
Hatita,Hatita,Male,Both,his sons (descendants) returned to Judah after captivity (EZR 2:42),a bending of sin
Hattil,Hattil,Male,OT,Solomon's servant (EZR 2:55),howling for sin
Hattush,Hattush,Male,OT,son of Shecaniah (1CH 3:22),forsaking sin
Havilah,Havilah,Male,Both,son of Cush (GEN 10:7),that suffers pain; that brings forth
Hazael,Hazael,Male,OT,king over Aram (1KI 19:15),that sees God
Hazaiah,Hazaías,Male,OT,son of Adaiah (NEH 11:5),seeing the Lord
Hazarmaveth,Hazarmaveth,Male,Both,son of Joktan (GEN 10:26),dwelling of death
Hazelelponi,Hazelelponi,Female,Unknown,,sorrow of countenance
Haziel,Haziel,Male,Both,son of Shimei_8 within the family of Ladan (1CH 23:9),
Hazo,Hazo,Male,Both,son of Nahor (GEN 22:22),seeing; prophesying
Hazzelelponi,Hazzelelponi,Female,OT,daughter of Etam (1CH 4:3),
Heber,Heber,Male,OT,son of Beriah (GEN 46:17),one that passes; anger
Hebron,Hebron,Male,Both,son of Kohath (EXO 6:18),society; friendship
Hegai,Hegai,Male,Both,the king's eunuch (EST 2:3),"or Hege, meditation; word; groaning; separation"
Helah,Helah,Female,OT,wife of Ashhur (1CH 4:5),
Heldai,Heldai,Male,Both,the Netophathite of Othniel (1CH 27:15),"Heleb, Heled, the world; rustiness"
Heleb,Heleb,Male,Both,"son of Baanah (2SA 23:29), sixteenth of ""the thirty"" of David's men",
Helek,Helek,Male,OT,son of Gilead (NUM 26:30),part; portion
Helem,Helem,Male,Unknown,[Zech,dreaming; healing
Helez,Helez,Male,Both,"the Paltite (Pelonite in 1CH 11:27), tenth of ""the thirty"" of David's men (2SA 23:26)",armed; set free
Heli,Heli,Male,NT,"Elevation, father of Joseph in the line of our Lord’s ancestry ([Luke 3:23](/luke#Luke",ascending; climbing up
Helkai,Helkai,Male,Both,son of Meraioth_2 (NEH 12:15),same as Helek
Helon,Helon,Male,Both,father of Eliab (NUM 1:9),window; grief
Hemam,Hemam,Male,OT,son of Lotan (GEN 36:22),
Heman,Heman,Male,OT,son of Zerah (1CH 2:6).  Solomon was wiser than him (1KI 4:31),their trouble; tumult; much; in great number
Hemath,Hemath,Male,Unknown,,
Hemdan,Hemdan,Male,OT,son of Dishon (GEN 36:26),
Henadad,Henadad,Male,Both,official of the other half of the district of Keilah and father of Bavvai (NEH 3:18),grace of the beloved
Henoch,Henoch,Male,Unknown,,same as Enoch
Hepher,Hefer,Male,Both,son of Gilead (NUM 26:30-32),a digger
Hephzi-bah,Hephzi-bah,Female,Unknown,,
Hephzibah,Hephzibah,Female,OT,mother of King Manasseh (2KI 21:1),my delight is in her
Heresh,Heresh,Male,Both,counted among the Levites carried into exile (1CH 9:15),a carpenter
Hermas,Hermas,Male,NT,Paul sends greetings to him (ROM 16:14),"Hermes, Mercury; gain; refuge"
Hermes,Hermes,Male,NT,Paul sends greetings to him (ROM 16:14),
Hermogenes,Hermogenes,Male,Unknown,turned away from Paul in Asia (2TI 1:15),begotten of Mercury
Herod,Herodes,Male,NT,the king (MAT 2:1),son of a hero
Herod Agrippa I,Herod Agrippa I,Male,NT,"Son of Aristobulus and Bernice, and grandson of Herod the Great",
Herod Antipas,Herod Antipas,Male,NT,Herod’s son by Malthace ([Matt,
Herodian,Herodian,Male,NT,a kinsman of Paul (ROM 16:11),
Herodias,Herodías,Female,NT,wife of Philip (MAT 14:3),
Herodion,Herodion,Male,NT,A Christian at Rome whom Paul salutes and calls his “kinsman” ([Rom,the song of Juno
Hesed,Hesed,Male,Unknown,,
Hesli,Hesli,Male,NT,in the lineage of Messiah (LUK 3:25),
Heth,Heth,Male,Both,son of Canaan (GEN 10:15),trembling; fear
Hezeki,Hezeki,Male,Unknown,,
Hezekiah,Ezequías,Male,OT,"King of Judah, son of Ahaz (2KI 16:20)",strength of the Lord
Hezion,Hezion,Male,Both,father of Tabrimmon (1KI 15:18),
Hezir,Hezir,Male,Both,seventeenth-chosen priest for the twenty-four courses (1CH 24:15),
Hezrai,Hezrai,Male,OT,"A Carmelite, one of David’s warriors ([1 Chr",an entry or vestibule
Hezro,Hezro,Male,Both,"the Carmelite, twenty-ninth of ""the thirty"" of David's men (2SA 23:35)",
Hezron,Hezron,Male,Both,son of Reuben (GEN 46:9),the dart of joy; the division of the song
Hiddai,Hiddai,Male,Both,"of the brooks of Gaash, nineteenth of ""the thirty"" of David's men (2SA 23:30)",a praise; a cry
Hiel,Hiel,Male,Both,the Bethelite who rebuilt Jericho (1KI 16:34),God lives; the life of God
Hilkiah,Hilkías,Male,Both,father of Eliakim (2KI 18:18),God is my portion
Hillel,Hillel,Male,Both,father of Abdon (JDG 12:13),he that praises
Hirah,Hirah,Male,OT,an Adullamite (GEN 38:1),liberty; anger
Hiram,Hiram,Male,OT,King of Tyre (2SA 5:11),exaltation of life; a destroyer
Hivi,Hivi,Male,OT,son of Canaan (GEN 10:15),
Hivite,Hivite,Male,NT,"One of the original tribes scattered over Palestine, from Hermon to Gibeon in the south",
Hizki,Hizki,Male,OT,son of Elpaal (1CH 8:17),
Hizkiah,Hizkías,Male,OT,son of Neariah (1CH 3:23),
Hizkijah,Hizkiías,Male,OT,([Neh,the strength of the Lord
Hobab,Hobab,Male,Both,"the son of Reuel, Moses' father-in-law (NUM 10:29)",favored; beloved
Hod,Hod,Male,Unknown,,praise; confession
Hodaiah,Hodaías,Male,Unknown,,the praise of the Lord
Hodaviah,Hodavías,Male,OT,son of Elioenai (1CH 3:24),"Hodiah, Hodijah, same as Hodaiah"
Hodesh,Hodesh,Female,OT,wife of Shaharaim (1CH 8:9),a table; news
Hodevah,Hodevah,Male,Unknown,,
Hodiah,Hodías,Male,Both,his sons were the fathers of Keilah and Eshtemoa (1CH 4:19),
Hodijah,Hodiías,Male,Both,One of the Levites who assisted Ezra in expounding the law ([Neh,
Hoglah,Hoglah,Female,Both,daughter of Zelophehad (NUM 26:33),his festival or dance
Hoham,Hoham,Male,Both,King of Hebron during the time of the conquest of the Land (JOS 10:3),woe to them
Holy Spirit,Holy Spirit,Male,NT,The third Person of the adorable Trinity,
Homam,Homam,Male,Unknown,,making an uproar
Hophni,Hophni,Male,Both,"son of Eli (1SA 1:3), a corrupt priest (1SA 2:12)",
Horam,Horam,Male,OT,"King of Gezer (JOS 10:33), one of thirty-one kings (JOS 12:12) defeated by Joshua (JOS 12:7)",their hill
Hori,Hori,Male,OT,son of Lotan (GEN 36:22),a prince; freeborn
Hosah,Hosah,Male,Both,"one of the gatekeepers (1CH 16:38), to the west (1CH 26:16)",trusting
Hosea,Oseas,Male,Both,the prophet of the book of Hosea (HOS 1:1),"Hoshea, savior; safety"
Hoshaiah,Hoshaías,Male,Both,followed the choir to the right on top of the wall (NEH 12:32),the salvation of the Lord
Hoshama,Hoshama,Male,OT,son of Jehoiachin_1 [Jeconiah] (1CH 3:18),heard; he obeys
Hoshea,Oseas,Male,Both,son of Elah who killed King Pekah and became King of Israel in his place (2KI 15:30),
Hotham,Hotham,Male,OT,son of Heber (1CH 7:32),a seal
Hothan,Hothan,Male,Unknown,,
Hothir,Hothir,Male,OT,"son of Heman_3 (1CH 25:4), chosen twenty-first by lot (1CH 25:28)",excelling; remaining
Hul,Hul,Male,Both,son of Aram (GEN 10:23),pain; infirmity
Huldah,Hulda,Female,Both,"the prophetess, wife of Shallum (2KI 22:14, 2CH 34:22)",the world
Huppah,Huppah,Male,Both,thirteenth-chosen priest for the twenty-four courses (1CH 24:13),
Huppim,Huppim,Male,OT,"(grand?)son of Benjamin (GEN 46:21), son of Bela (1CH 7:12, 8:3)",a chamber covered; the sea-shore
Hur,Hur,Male,Both,supported Moses' hands during the battle against Amalek at Rephidim (EXO 17:10-12),liberty; whiteness; hole
Hurai,Hurai,Male,Both,"Linen-worker, one of David’s heroes, a native of the valley of Mount Gaash ([1 Chr",
Huram,Huram,Male,Both,"Generally “Huram,” one of the sons of Bela ([1 Chr",their liberty; their whiteness; their hole
Huram-abi,Huram-abi,Male,OT,"skilled craftsman, son of a Danite woman and Tyrian father (2CH 2:13)",
Huri,Huri,Male,OT,"son of Jaroah (1CH 5:14), Gadite (1CH 5:11)",being angry; or same as Huram
Hushah,Hushah,Male,OT,son of Ezer (1CH 4:4),hasting; holding peace
Hushai,Husai,Male,Both,"the Archite (2SA 15:32), David's friend (1CH 27:33)",their haste; their sensuality; their silence
Husham,Husham,Male,Both,"King of Edom, successor to Jobab, from the land of the Temanites (GEN 36:34)",
Hushim,Hushim,Male,OT,son of Dan (GEN 46:23),
Huz,Huz,Male,Unknown,,counsel; woods; fastened
Hymenaeus,Hymenaeus,Male,Unknown,handed over to Satan by Paul (1TI 1:20),
Ibhar,Ibhar,Male,OT,son of David (2SA 5:15),election; he that is chosen
Ibneiah,Ibneías,Male,OT,son of Jeroham (1CH 9:8),"Ibniah, the building of the Lord; the understanding of the Lord; son by adoption"
Ibnijah,Ibniías,Male,OT,descendant of Benjamin (1CH 9:8),
Ibri,Ibri,Male,OT,son of Jaaziah (1CH 24:27),passing over; being angry; being with young
Ibsam,Ibsam,Male,OT,son of Tola (1CH 7:2),
Ibzan,Ibzán,Male,Both,judge of Israel for seven years (JDG 12:8),father of a target; father of coldness
Ichabod,Ichabod,Male,OT,"Phinehas's son (1SA 4:21), Eli's grandson","where is the glory? or, no glory"
Idbash,Idbash,Male,OT,son of Etam (1CH 4:3),flowing with honey; the land of destruction
Iddo,Iddo,Male,OT,father of Ahinadab (1KI 4:14),his band; power; praise
Iezer,Iezer,Male,OT,son of Gilead (NUM 26:30),
Igal,Igal,Male,Both,1 of the 12 spies- from Issachar (NUM 13:7),redeemed; defiled
Igdaliah,Igdalías,Male,Both,"the man of G-d, father of Hanan (JER 35:4)",the greatness of the Lord
Igeal,Igeal,Male,OT,[1 Chr,a redeemer; redeemed; defiled
Ikkesh,Ikkesh,Male,OT,"father of Ira, one of David's mighty men (2SA 23:26)",forward; wicked
Ilai,Ilai,Male,OT,"An Ahohite, one of David’s chief warriors ([1 Chr",
Imla,Imla,Male,Both,"Replenisher, the father of Micaiah the prophet ([2 Chr",
Imlah,Imlah,Male,OT,father of Micaiah (1KI 22:8),plentitude; circumcision
Immanuel,Immanuel,Male,Both,the son of Isaiah (ISA 8:2) given as a sign by G-d to Ahaz (ISA 7:14),God with us
Immer,Immer,Male,OT,"father of Meshillemith (1CH 9:12), priest (EZR 2:37, NEH 7:40)",saying; speaking; a lamb
Imna,Imna,Male,OT,son of Hotham (1CH 7:35),
Imnah,Imnah,Male,OT,son of Asher (GEN 46:17),same as Jimnah
Imrah,Imrah,Male,OT,son of Zophah (1CH 7:36),a rebel; waxing bitter; changing
Imri,Imri,Male,OT,son of Bani (1CH 9:4),speaking; exalting; bitter; a lamb
Iob,Iob,Male,OT,son of Issachar (GEN 46:13),
Iphdeiah,Iphdeías,Male,OT,son of Shashak (1CH 8:25),
Iphedeiah,Ifedeías,Male,Both,"Set free by Jehovah, a chief of the tribe of Benjamin ([1 Chr",redemption of the Lord
Ir,Ir,Male,Unknown,,watchman; city; vision
Ira,Ira,Male,Both,"the Jairite, priest to David (2SA 20:26)",watchman; making bare; pouring out
Irad,Irad,Male,Both,son of Enoch (GEN 4:18),wild ass; heap of empire; dragon
Iram,Iram,Male,OT,chief of Edom (GEN 36:43),the effusion of them; a high heap
Iri,Iri,Male,OT,son of Bela (1CH 7:7),fire; light
Irijah,Iriías,Male,Both,a captain of the guard (JER 37:13),the fear of the Lord
Iru,Iru,Male,OT,son of Caleb (1CH 4:15),
Isaac,Isaac,Male,Both,son of Abraham and Sarah (GEN 17:21),laughter
Isaiah,Isaías,Male,Both,the prophet and son of Amoz (2KI 19:2),the salvation of the Lord
Iscah,Iscah,Female,Both,daughter of Haran (GEN 11:29),he that anoints
Ish-bosheth,Is-boset,Male,Both,(illegitimate?) son of Saul (2SA 2:8),
Ishbah,Ishbah,Male,OT,son of Mered and Bithia (1CH 4:17),
Ishbak,Ishbak,Male,OT,son of Abraham through Keturah (GEN 25:2),who is empty or exhausted
Ishbi-benob,Ishbi-benob,Male,Both,"descendants of Raphah [""the giant""?] (2SA 21:16)",respiration; conversion; taking captive
Ishhod,Ishhod,Male,OT,son of Hammolecheth (1CH 7:18),
Ishi,Ishi,Male,OT,son of Appaim (1CH 2:31),salvation
Ishiah,Ishías,Male,Unknown,,it is the Lord
Ishijah,Ishiías,Male,Unknown,,
Ishma,Ishma,Male,OT,son of Etam (1CH 4:3),named; marveling; desolation
Ishmael,Ismael,Male,Both,son of Abram and Hagar (GEN 16:15),God that hears
Ishmaiah,Ishmaías,Male,Both,"chief officer for the Zebulunites, son of Obadiah (1CH 27:19)",hearing or obeying the Lord
Ishmerai,Ishmerai,Male,OT,son of Elpaal (1CH 8:18),"keeper, or keeping"
Ishod,Ishod,Male,Unknown,,a comely man
Ishpah,Ishpah,Male,OT,son of Beriah (1CH 8:16),
Ishpan,Ishpan,Male,OT,son of Shashak (1CH 8:22),
Ishvah,Ishvah,Male,OT,son of Asher (GEN 46:17),
Ishvi,Ishvi,Male,OT,son of Asher (GEN 46:17),
Ismachiah,Ismachías,Male,Both,overseer of the consecrated things under Conaniah (2CH 31:13),
Ismaiah,Ismaías,Male,Both,"A Gibeonite who joined David at Ziklag, “a hero among the thirty and over the thirty” ([1 Chr",
Ispah,Ispah,Male,Unknown,,a jasper stone
Israel,Israel,Male,OT,"One who follows on another’s heels; supplanter, ([Gen",who prevails with God
Issachar,Isacar,Male,OT,"ninth-born son of Jacob (GEN 30:17), son of Leah",reward; recompense
Isshiah,Isshías,Male,OT,son of Izrahiah (1CH 7:3),
Isshijah,Isshiías,Male,OT,descendant of Harim who had married a foreign wife (EZR 10:31),
Isuah,Isuah,Male,Unknown,,
Isui,Isui,Male,Unknown,,same as Ishuah
Ithamar,Itamar,Male,Both,son of Aaron (EXO 6:23),island of the palm-tree
Ithiel,Ithiel,Male,OT,son of Jeshaiah (NEH 11:7),"sign, or coming of God"
Ithmah,Ithmah,Male,Both,the Moabite (1CH 11:46),an orphan
Ithra,Ithra,Male,OT,father of Amasa (2SA 17:25),
Ithran,Ithran,Male,OT,son of Dishon (GEN 36:26),remaining; searching out diligently
Ithream,Ithream,Male,OT,sixth-born son of King David (2SA 3:5),excellence of the people
Ittai,Ittai,Male,Both,"the Gittite (2SA 15:19), seventeenth of ""the thirty"" of David's men (2SA 23:29)",
Izhar,Izhar,Male,Both,son of Kohath (EXO 6:18),
Izliah,Izlías,Male,OT,son of Elpaal (1CH 8:18),
Izrahiah,Izrahías,Male,OT,son of Uzzi (1CH 7:3),the Lord ariseth; the clearness of the Lord
Izri,Izri,Male,Unknown,,fasting; tribulation
Izziah,Izzías,Male,OT,descendant of Parosh who had married a foreign wife (EZR 10:25),
Jaakobah,Jaakobah,Male,Both,"??? (1CH 4:36), Simeonite (1CH 4:24)",supplanter; deceiver; the heel
Jaala,Jaala,Male,Both,"A wild she-goat, one of the Nethinim, whose descendants returned from the Captivity ([Neh",ascending; a little doe or goat
Jaalah,Jaalah,Male,OT,Solomon's servant (EZR 2:55),
Jaalam,Jaalam,Male,Both,"Concealer, the second of Esau’s three sons by Aholibamah ([Gen",hidden; young man; heir
Jaanai,Jaanai,Male,Both,"Mourner, one of the chief Gadites ([1 Chr",answering; afflicting; making poor
Jaare-oregim,Jaare-oregim,Male,Both,the Bethlehemite (2SA 21:19),
Jaareshiah,Jaareshías,Male,OT,son of Jeroham [Jeremoth v 14] (1CH 8:27),
Jaasau,Jaasau,Male,Unknown,,doing; my doing
Jaasiel,Jaasiel,Male,Both,the Mezobaite (1CH 11:47),God's work
Jaasu,Jaasu,Male,OT,descendant of Bani who had married a foreign wife (EZR 10:37),
Jaazaniah,Jaazanías,Male,Both,"son of the Maacathite, a captain of Judean forces during the Babylonian captivity (2KI 25:23)",whom the Lord will hear
Jaaziah,Jaazías,Male,Both,descendant of Merari (1CH 24:27),"Jaaziel, the strength of the Lord"
Jaaziel,Jaaziel,Male,OT,"second rank Levite, gatekeeper (1CH 15:18)",
Jabal,Jabal,Male,Both,father of those who dwell in tents and have livestock (GEN 4:20),which glides away
Jabesh,Jabesh,Male,Both,father of Shallum (2KI 15:10),dryness; confusion; shame
Jabez,Jabes,Male,OT,son of Koz? (1CH 4:9),sorrow; trouble
Jabin,Jabin,Male,Both,"King of Hazor (JOS 11:1), one of thirty-one kings (JOS 12:19) defeated by Joshua (JOS 12:7)","Jabneh, he that understands; building"
Jacan,Jacan,Male,OT,"??? (1CH 5:13), Gadite (1CH 5:11)",
Jachan,Jachan,Male,Both,"Mourner, one of the chief Gadite “brothers” in Bashan ([1 Chr",wearing out; oppressing
Jachin,Jachin,Male,Both,son of Simeon (GEN 46:10),he that strengthens and makes steadfast
Jacob,Jacob,Male,OT,second-born son of Isaac (GEN 25:25-26),"that supplants, undermines; the heel"
Jada,Jada,Male,OT,"son of Onam, son of Jerahmeel (1CH 2:28)",knowing
Jadau,Jadau,Male,Unknown,,his hand; his confession
Jaddai,Jaddai,Male,OT,descendant of Nebo who had married a foreign wife (EZR 10:43),
Jaddua,Jaddua,Male,Both,non-Levite leader (NEH 10:14),known
Jadon,Jadon,Male,Both,"the Meronothite, made repairs for the official seat of the governor (NEH 3:7)",
Jael,Jael,Female,Both,wife of Heber the Kenite (JDG 4:17) who killed Sisera (JDG 4:21),he that ascends; a kid
Jahath,Jahath,Male,OT,son of Reaiah (1CH 4:2),broken in pieces; descending
Jahaziah,Jahazías,Male,Unknown,,the vision of the Lord
Jahaziel,Jahaziel,Male,OT,Benjamite who came to David's aid at Ziklag (1CH 12:4),seeing God
Jahdai,Jahdai,Male,Both,son of Chelubai [Caleb]? (1CH 2:47),
Jahdiel,Jahdiel,Male,OT,head of households (1CH 5:24) in Manasseh (1CH 5:23),"the unity, or sharpness, or revenge, of God"
Jahdo,Jahdo,Male,OT,"son of Buz (1CH 5:14), Gadite (1CH 5:11)",I alone; his joy; his sharpness of wit; his newness
Jahleel,Jahleel,Male,OT,son of Zebulun (GEN 46:14),"waiting for, or beseeching, or hope in, God"
Jahmai,Jahmai,Male,OT,son of Tola (1CH 7:2),warm; making warm
Jahzeel,Jahzeel,Male,Both,son of Naphtali (GEN 46:24),"God hasteth, or divideth"
Jahzeiah,Jahzeías,Male,OT,opposed Israel's decision to set apart foreign wives (EZR 10:15),
Jahzerah,Jahzerah,Male,Both,son of Meshullam (1CH 9:12),
Jair,Jaír,Male,Both,captured the region of Argob and called it Havvoth-jair (NUM 32:41),"Jairus, my light; who diffuses light"
Jairus,Jairo,Male,NT,synagogue official whose daughter was healed (MRK 5:22),
Jakeh,Jakeh,Male,Both,father of Agur (PRO 30:1),
Jakim,Jakim,Male,OT,son of Shimei [Shema v13] (1CH 8:19),rising; confirming; establishing
Jalam,Jalam,Male,OT,son of Esau (GEN 36:5) and chief of Edom (GEN 36:18),
Jalon,Jalon,Male,Both,son of Ezrah (1CH 4:17),tarrying; murmuring
Jambres,Jambres,Male,NT,magician who opposed Moses (2TI 3:8),poverty; bitter; a rebel
James,Santiago,Male,NT,son of Zebedee (MAT 4:21),same as Jacob
Jamin,Jamin,Male,OT,son of Simeon (GEN 46:10),right hand; south wind
Jamlech,Jamlec,Male,OT,"??? (1CH 4:34), Simeonite (1CH 4:24)",reigning; asking counsel
Janai,Janai,Male,OT,"chief (1CH 5:12) in Bashan, Gadite (1CH 5:11)",
Janna,Janna,Male,Unknown,,"Jannes, who speaks or answers; afflicted; poor"
Jannai,Jannai,Male,NT,in the lineage of Messiah (LUK 3:24),
Jannes,Jannes,Male,NT,magician who opposed Moses (2TI 3:8),
Japheth,Jafet,Male,Both,son of Noah (GEN 5:32),
Japhia,Jafia,Male,Both,King of Lachish during the conquest of the Land (JOS 10:3),enlightening; appearing
Japhlet,Japhlet,Male,OT,son of Heber (1CH 7:32),"Japhleti, delivered; banished"
Jarah,Jarah,Male,Unknown,,a wood; honeycomb; watching closely
Jared,Jared,Male,Both,son of Mahalael (GEN 5:12),a ruling; commanding; coming down
Jaresiah,Jaresías,Male,Unknown,,the bed of the Lord; the Lord hath taken away; poverty
Jarha,Jarha,Male,OT,Egyptian servant of Sheshan (1CH 2:34),
Jarib,Jarib,Male,Both,"Priest Ezra sent to Iddo (EZR 8:16), married a foreign wife (EZR 10:18)",fighting; chiding; multiplying; avenging
Jaroah,Jaroah,Male,OT,"son of Gilead (1CH 5:14), Gadite (1CH 5:11)",
Jashar,Jashar,Male,Both,the book of Jashar (JOS 10:13),
Jashen,Jashen,Male,Both,"son of Eliahba, twenty-third of ""the thirty"" of David's men (2SA 23:32)",
Jasher,Jasher,Male,Unknown,Upright,righteous; upright
Jashobeam,Jashobeam,Male,Both,the Korahite (1CH 12:6),the people sitting; or captivity of the people
Jashub,Jashub,Male,OT,descendant of Bani who had married a foreign wife (EZR 10:29),a returning; a controversy; a dwelling place
Jashubi-lehem,Jashubi-lehem,Male,OT,"son of Shelah, son of Judah (1CH 4:22)",
Jasiel,Jasiel,Male,Unknown,,the strength of God
Jason,Jason,Male,NT,owner of the house where Paul and Silas were staying in Thessalonica (ACT 17:5),he that cures
Jathniel,Jathniel,Male,OT,fourth-born son of Meshelemiah [Shallum_7] (1CH 26:2),gift of God
Javan,Javan,Male,Both,son of Japheth (GEN 10:2),deceiver; one who makes sad
Jaziz,Jaziz,Male,Both,the Hagrite in charge of David's flocks (1CH 27:31),brightness; departing
Jeaterai,Jeaterai,Male,Unknown,,searching out
Jeatherai,Jeatherai,Male,OT,son of Zerah (1CH 6:21),
Jeberechiah,Jeberechías,Male,OT,father of Zechariah (ISA 8:2),"speaking well of, or kneeling to, the Lord"
Jebus,Jebus,Male,OT,son of Canaan (GEN 10:15),treading under foot; manger
Jebusite,Jebusite,Male,Both,"The name of the original inhabitants of Jebus, mentioned frequently among the seven nations doomed to destruction ([Gen",
Jecamiah,Jecamías,Male,Unknown,,"resurrection, or confirmation, or revenge, of the Lord"
Jecoliah,Jecolías,Female,Both,mother of Azariah (2KI 15:2),"perfection, or power, of the Lord"
Jedaiah,Jedaías,Male,OT,"son of Shimri (1CH 4:37), Simeonite (1CH 4:24)",the hand of the Lord; confessing the Lord
Jediael,Jediael,Male,Both,son of Shimri (1CH 11:45),"the science, or knowledge, of God"
Jedidah,Jedidah,Female,OT,mother of Josiah (2KI 22:1),well beloved; amiable
Jeduthun,Jeduthun,Male,OT,father of Galal (1CH 9:16),his law; giving praise
Jehaleleel,Jehaleleel,Male,OT,A descendant of Judah ([1 Chr,"Jehalelel, praising God; clearness of God"
Jehalelel,Jehalelel,Male,Both,A Levite of the family of Merari ([2 Chr,
Jehallelel,Jehallelel,Male,OT,"father of Zip, Ziphah, Tira, and Asarel (1CH 4:16)",
Jehdeiah,Jehdeías,Male,Both,"son of Shebuel (Shubael), son of Gershom, son of Moses (1CH 24:20)","joy together, one Lord"
Jehezekel,Jehezekel,Male,Unknown,,strength of God
Jehezkel,Jehezkel,Male,Both,twentieth-chosen priest for the twenty-four courses (1CH 24:16),
Jehiah,Jehías,Male,Both,one of the gatekeepers for the ark (1CH 15:23),the Lord liveth
Jehiel,Jehiel,Male,OT,"second rank Levite, gatekeeper (1CH 15:18), son of Ladan [Libni_1] (1CH 23:8)",
Jehikhiah,Jehikhías,Male,OT,"son of Shallum, aided defeated Judaites (2CH 28:12)",
Jehizkiah,Jehizkías,Male,Both,"Jehovah strengthens, one of the chiefs of Ephraim ([2 Chr",
Jehoaddah,Jehoaddah,Male,OT,son of Ahaz (1CH 8:36),
Jehoaddan,Jehoaddan,Female,NT,"Jehovah his ornament, the wife of King Jehoash, and mother of King Amaziah ([2 Kings 14:2](/2kgs#2Kgs","pleasure, or time, of the Lord"
Jehoaddin,Jehoaddin,Female,OT,"of Jerusalem, mother of Amaziah (2KI 14:2)",
Jehoahaz,Joacaz,Male,Both,"King of Israel, son of Jehu (2KI 10:35)",possession of the Lord
Jehohanan,Jehohanan,Male,Both,"in his house, Ezra mourned over the unfaithfulness of Israel (EZR 10:6)","grace, or mercy, or gift, of the Lord"
Jehoiachin,Joaquín,Male,OT,"King of Judah, son of Eliakim [Jehoiakim] (2KI 24:6)","preparation, or strength, of the Lord"
Jehoiada,Jehoiada,Male,Both,"father of Benaiah (2SA 8:18), a priest (1CH 27:5)",knowledge of the Lord
Jehoiakim,Joacim,Male,NT,"He whom Jehovah has set up, the second son of Josiah, and eighteenth king of Judah, which he ruled over for eleven years (B","avenging, or establishing, or resurrection, of the Lord"
Jehoiarib,Jehoiarib,Male,Both,"priest (1CH 9:10), Joiarib in NEH 12:6","fighting, or multiplying, of the Lord"
Jehonadab,Jehonadab,Male,OT,son of Rechab (2KI 10:15),"Jonadab, free giver; liberality"
Jehonathan,Jehonathan,Male,Both,Levite sent by Jehoshaphat (2CH 17:8),gift of the Lord; gift of a dove
Jehoram,Joram,Male,Both,King of Judah and son of Jehoshaphat (1KI 22:50),exaltation of the Lord
Jehoshabeath,Jehoshabeath,Female,NT,"Jehovah-swearing, the daughter of Jehoram, the king of Israel",
Jehoshaphat,Josafat,Male,OT,son of Ahilud and recorder in David's kingdom (2SA 8:16),the Lord is judge
Jehosheba,Jehosheba,Female,OT,"daughter of King Joram [of Judah], sister of Ahaziah (2KI 11:2)","fullness, or oath, of the Lord"
Jehozabad,Jehozabad,Male,Both,killed King Joash (2KI 12:21),the Lord's dowry; having a dowry
Jehozadak,Jehozadak,Male,OT,son of Seriah_2 (1CH 6:14) went with Judah into exile by Nebuchadnezzar (1CH 6:15),justice of the Lord
Jehu,Jehú,Male,Both,son of Hanani (1KI 16:1) and a prophet (1KI 16:12) [seer in 2CH 16:7],himself who exists
Jehubbah,Jehubbah,Male,OT,son of Shomer (1CH 7:34),"hiding, binding"
Jehucal,Jehucal,Male,OT,son of Shelemiah (JER 37:3),mighty; perfect; wasted
Jehudi,Jehudi,Male,OT,son of Nethaniah (JER 36:14),
Jehudijah,Jehudiías,Female,Unknown,,the praise of the Lord
Jehush,Jehush,Male,OT,[1 Chr,keeping counsel; fastened
Jeiel,Jeiel,Male,OT,"1CH 5:7, Reubenite (1CH 5:3)",
Jekameam,Jekameam,Male,OT,descendant of Hebron (1CH 23:19),
Jekamiah,Jekamías,Male,OT,son of Shallum (1CH 2:41),"establishing, or revenging, of the Lord"
Jekuthiel,Jekuthiel,Male,OT,"son of Mered and ""his Jewish wife"" (1CH 4:18)","hope, or congregation, of the Lord"
Jemima,Jemima,Female,Both,"Dove, the eldest of Job’s three daughters born after his time of trial ([Job 42:14](/job#Job",handsome as the day
Jemimah,Jemimah,Female,OT,daughter of Job (JOB 42:14),
Jemuel,Jemuel,Male,OT,son of Simeon (GEN 46:10),God's day; son of God
Jephthah,Jefté,Male,Both,a valiant warrior (JDG 11:1),
Jephunneh,Jefunneh,Male,Both,father of Caleb (NUM 13:6),he that beholds
Jerah,Jerah,Male,OT,son of Joktan (GEN 10:26),the moon; month; smelling sweet
Jerahmeel,Jerahmeel,Male,Both,"son of Hezron, son of Perez (1CH 2:9)","the mercy, or the beloved, of God"
Jered,Jered,Male,OT,"son of Mered and ""his Jewish wife"" (1CH 4:18)",ruling; coming down
Jeremai,Jeremai,Male,OT,descendant of Hashum who had married a foreign wife (EZR 10:33),my height; throwing forth waters
Jeremiah,Jeremías,Male,Both,"of Libnah, father of Hamutal (2KI 23:31)",exaltation of the Lord
Jeremoth,Jeremoth,Male,OT,son of Becher (1CH 7:8),eminences; one that fears death
Jeriah,Jerías,Male,Both,"descendant of Hebron (1CH 23:19), chief among the Hebronites from Jazer of Gilead (1CH 26:31)","fear, or throwing down, of the Lord"
Jeribai,Jeribai,Male,OT,son of Elnaam (1CH 11:46),
Jeriel,Jeriel,Male,OT,son of Tola (1CH 7:2),"fear, or vision of God"
Jerijah,Jeriías,Male,Unknown,,same as Jeriah
Jerimoth,Jerimoth,Male,Both,son of Bela (1CH 7:7),he that fears or rejects death
Jerioth,Jerioth,Female,OT,wife (?) of Chelubai [Caleb] (1CH 2:18),kettles; breaking asunder
Jeroboam,Jeroboam,Male,Both,"Solomon's servant, son of Nebat, who rebelled against him (1KI 11:26), and was later made king of Israel (1KI 12:20)",he that opposes the people
Jeroham,Jeroham,Male,Both,father of Elkanah and grandfather of Samuel (1SA 1:1),high; merciful; beloved
Jerubbesheth,Jerubbesheth,Male,Both,father of Abimelech (2SA 11:21),let the idol of confusion defend itself
Jerusha,Jerusha,Female,OT,"mother of Jotham, King of Israel (2KI 15:33)",banished; possession; inheritance
Jerushah,Jerushah,Female,Unknown,"Possession, or possessed; i",
Jesaiah,Jesaías,Male,Both,One of the three sons of Hananiah ([1 Chr,"health, or salvation, of the Lord"
Jeshaiah,Jeshaías,Male,Both,son of Hananiah (1CH 3:21),
Jesharelah,Jesharelah,Male,Both,"Upright towards God, the head of the seventh division of Levitical musicians ([1 Chr",
Jeshebeab,Jeshebeab,Male,Both,fourteenth-chosen priest for the twenty-four courses (1CH 24:13),"sitting, or captivity, of the father"
Jesher,Jesher,Male,Both,son of Cheubai [Caleb] (1CH 2:18),right; singing
Jeshishai,Jeshishai,Male,OT,"son of Jahdo (1CH 5:14), Gadite (1CH 5:11)",ancient; rejoicing exceedingly
Jeshohaiah,Jeshohaías,Male,OT,"??? (1CH 4:36), Simeonite (1CH 4:24)",
Jeshua,Jeshua,Male,Both,ninth-chosen priest for the twenty-four courses (1CH 24:11),same as Joshua
Jesiah,Jesías,Male,Unknown,,sprinkling of the Lord
Jesimiel,Jesimiel,Male,OT,"??? (1CH 4:36), Simeonite (1CH 4:24)","naming, or astonishment, of God"
Jesse,Isaí,Male,Both,father of David (RUT 4:17),gift; oblation; one who is
Jesus,Jesús,Male,NT,Paul's fellow worker from the circumcision (COL 4:11),savior; deliverer
Jether,Jether,Male,OT,firstborn son of Gideon (JDG 8:20),he that excels
Jetheth,Jetheth,Male,Both,chief of Edom (GEN 36:40),giving
Jethro,Jetro,Male,Both,"“The priest of Midian,” Moses’ father-in-law ([Ex",his excellence; his posterity
Jetur,Jetur,Male,Both,tenth-born son of Ishmael (GEN 25:15),order; succession; mountainous
Jeuel,Jeuel,Male,OT,descendant of Zerah (1CH 9:6),God hath taken away; God heaping up
Jeush,Jeush,Male,Both,son of Esau (GEN 36:5) and chief of Edom (GEN 36:18),"Jeuz, he that is devoured"
Jeuz,Jeuz,Male,OT,son of Shaharaim (1CH 8:10),
Jezaniah,Jezanías,Male,Unknown,A Maachathite ([2 Kings 25:23](/2kgs#2Kgs,"nourishment, or weapons, of the Lord"
Jezebel,Jezabel,Female,Both,wife of Ahab (1KI 16:31),chaste
Jezer,Jezer,Male,OT,son of Naphtali (GEN 46:24),island of help
Jeziah,Jezías,Male,Unknown,,"Jeziel, sprinkling of the Lord"
Jeziel,Jeziel,Male,OT,son of Azmaveth (1CH 12:3),
Jezliah,Jezlías,Male,Unknown,,
Jezoar,Jezoar,Male,Unknown,,clear; white
Jezrahiah,Jezrahías,Male,Both,the leader of the singers (NEH 12:42),the Lord arises; brightness of the Lord
Jezreel,Jezreel,Male,OT,son of Etam (1CH 4:3),
Jibsam,Jibsam,Male,Unknown,,"their drought, their confusion"
Jidlaph,Jidlaph,Male,OT,son of Nahor (GEN 22:22),he that distills water
Joab,Joab,Male,Both,"son of Zeruiah (2SA 2:13), commander of David's army (1CH 27:34)",paternity; voluntary
Joah,Joah,Male,Both,Hezekiah's recorder (2KI 18:18),fraternity; brother of the Lord
Joahaz,Joahaz,Male,OT,father of Joah (2CH 34:8),apprehending; possessing; seeing
Joanan,Joanan,Male,NT,in the lineage of Messiah (LUK 3:27),
Joanna,Juana,Female,NT,wife of Chuza (LUK 8:3),grace or gift of the Lord
Joash,Joás,Male,Both,the angel of the Lord sat under his oak in Ophrah (JDG 6:11),who despairs or burns
Job,Job,Male,Both,"a blameless, upright, G-d fearing man in the land of Uz (JOB 1:1)",he that weeps or cries
Jobab,Jobab,Male,Both,son of Joktan (GEN 10:29),"sorrowful, hated"
Jochebed,Jocabed,Female,Both,"aunt and wife of Amram, mother of Moses (EXO 6:20)",glorious; honorable
Joda,Joda,Male,NT,in the lineage of Messiah (LUK 3:26),
Joed,Joed,Male,OT,son of Pedaiah (NEH 11:7),witnessing; robbing; passing over
Joel,Joel,Male,Both,"firstborn of Samuel (1SA 8:2, 1CH 6:28, 1CH 6:33)",he that wills or commands
Joelah,Joelah,Male,OT,son of Jeroham of Gedor (1CH 12:7),lifting up; profiting; taking away slander
Joezer,Joezer,Male,Both,the Korahite (1CH 12:6),he that aids
Jogli,Jogli,Male,OT,father of Bukki (NUM 34:22),passing over; turning back; rejoicing
Joha,Joha,Male,OT,son of Beriah (1CH 8:16),who enlivens or gives life
Johanan,Johanan,Male,Both,"son of Kareah, a captain of Judean forces during the Babylonian captivity (2KI 25:23)",who is liberal or merciful
John,Juan,Male,NT,the baptist (MAT 3:1),the grace or mercy of the Lord
Joiada,Joiada,Male,Both,repaired the Old Gate (NEH 3:6),
Joiakim,Joiakim,Male,Both,son of Jeshua_7 and father of Eliashib (NEH 12:10),
Joiarib,Joiarib,Male,Both,Levite teacher Ezra sent to Iddo (EZR 8:16),"chiding, or multiplying, of the Lord"
Jokim,Jokim,Male,Both,"son of Shelah, son of Judah (1CH 4:22)",that made the sun stand still
Jokshan,Jokshan,Male,Both,son of Abraham through Keturah (GEN 25:2),an offense; hardness; a knocking
Joktan,Joktan,Male,Both,son of Eber (GEN 10:25),small dispute; contention; disgust
Jonadab,Jonadab,Male,Both,"son of Shimeah (2SA 13:3 or ""Shammah"" in 1SA 16:9)",who gives liberally
Jonah,Jonás,Male,Both,"the prophet, son of Amittai, from Gath-hepher (2KI 14:25)","or Jonas, a dove; he that oppresses; destroyer"
Jonam,Jonam,Male,NT,in the lineage of Messiah (LUK 3:30),
Jonan,Jonan,Male,Unknown,,a dove; multiplying of the people
Jonas,Jonas,Male,NT,The father of the apostles Peter ([John 21:15-17](/john#John,
Jonathan,Jonatán,Male,Both,priest of the Danites (JDG 18:30),given of God
Jorah,Jorah,Male,OT,his sons (descendants) returned to Judah after captivity (EZR 2:18),"Jorai, showing; casting forth; a cauldron"
Jorai,Jorai,Male,OT,"??? (1CH 5:13), Gadite (1CH 5:11)",
Joram,Joram,Male,Both,son of Toi (2SA 8:10),to cast; elevated
Jorim,Jorim,Male,NT,in the lineage of Messiah (LUK 3:29),he that exalts the Lord
Jorkeam,Jorkeam,Male,OT,son of Raham (1CH 2:44),
Josabad,Josabad,Male,Both,One of the Benjamite archers who joined David at Ziklag ([1 Chr,having a dowry
Jose,Jose,Male,Unknown,,raised; who pardons
Josech,Josec,Male,NT,in the lineage of Messiah (LUK 3:26),
Josedech,Josedec,Male,Both,"Jehovah-justified, the son of the high priest Seraiah at the time of the Babylonian exile ([1 Chr",
Joseph,José,Male,Both,eleventh-born son of Jacob and Rachel (GEN 30:24),increase; addition
Joses,Joses,Male,Unknown,,same as Jose
Joshah,Joshah,Male,OT,"son of Amaziah_2 (1CH 4:34), Simeonite (1CH 4:24)",being; forgetting; owing
Joshaphat,Joshafat,Male,Both,the Mithnite (1CH 11:43),
Joshaviah,Joshavías,Male,OT,son of Elnaam (1CH 11:46),"the seat, alteration, or captivity of the Lord"
Joshbekashah,Joshbekashah,Male,OT,"son of Heman_3 (1CH 25:4), chosen seventeenth by lot (1CH 25:24)",
Josheb-basshebeth,Josheb-basshebeth,Male,Both,"first of ""the thirty"" of David's men, a Tahchemonite (2SA 23:8)/Hachmonite (1CH 11:11)",
Joshibiah,Joshibías,Male,OT,"son of Seraiah (1CH 4:35), Simeonite (1CH 4:24)",
Joshua,Josué,Male,Both,"1 of the 12 spies (called Hoshea)- from Ephraim (NUM 13:8), servant of Moses (EXO 17:9)",a savior; a deliverer
Josiah,Josías,Male,Both,"prophesied son of the house of David (1KI 13:2), King of Judah and son of Amon (2KI 21:24)",the Lord burns; the fire of the Lord
Josibiah,Josibías,Male,Unknown,,"the seat, or captivity of the Lord"
Josiphiah,Josiphías,Male,OT,father of Shelomith who went up with Ezra (EZR 8:10),increase of the Lord; the Lord's finishing
Jotham,Jotam,Male,Both,youngest son of Gideon (Jerubbaal) (JDG 9:5),the perfection of the Lord
Jozabad,Jozabad,Male,Both,the Gederathite (1CH 12:4),same as Josabad
Jozacar,Jozacar,Male,OT,killed King Joash (2KI 12:21),
Jozadak,Jozadak,Male,Both,father of Jeshua_3 who built the altar (EZR 3:2),
Jubal,Jubal,Male,Both,father of all those who play the lyre and pipe (GEN 4:21),he that runs; a trumpet
Jucal,Jucal,Male,Both,son of Shelemiah (JER 38:1),mighty; perfect
Jucam,Jucam,Male,OT,son of Ezer in Rahlf's Septuaginta (GEN 36:27),
Juda,Juda,Male,Unknown,,
Judah,Judá,Male,Both,"fourth-born son of Jacob (GEN 29:35), son of Leah",the praise of the Lord; confession
Judas,Judas,Male,NT,disciple of the Messiah (MAT 10:4) who betrayed Him (MAT 10:4),"Jude, same as Judah"
Jude,Judas,Male,Unknown,'= Judas,
Judith,Judith,Female,Both,"daughter of Beeri the Hittite, and wife of Esau (GEN 26:34)",same as Judah
Julia,Julia,Female,NT,Paul sends greetings to her (ROM 16:15),downy; soft and tender hair
Julius,Julius,Male,NT,a centurion of the Augustan cohort (ACT 27:1),same as Julia
Junia,Junia,Female,NT,([Rom,youth
Junias,Junias,Male,NT,a kinsman and fellow prisoner of Paul (ROM 16:7),
Jushab-hesed,Jushab-hesed,Male,OT,son of Meshullam (1CH 3:20),
Justus,Justo,Male,NT,"A Jewish proselyte at Corinth, in whose house, next door to the synagogue, Paul held meetings and preached after he left the synagogue ([Acts 18:7](/a...",just or upright
Kadmiel,Kadmiel,Male,OT,his sons (descendants) returned to Judah after captivity (EZR 2:40),God of antiquity; God of rising
Kallai,Kallai,Male,OT,son of Sallai_2 (NEH 12:20),light; resting by fire; my voice
Kareah,Kareah,Male,Both,"father of Johanan, one of the captains of Judean forces (2KI 25:23)",bald; ice
Kedar,Kedar,Male,Both,second-born son of Ishmael (GEN 25:13),blackness; sorrow
Kedemah,Kedemah,Male,Both,twelfth-born son of Ishmael (GEN 25:15),oriental; ancient; first
Keilah,Keilah,Male,Both,"the Garmite, grandson of Hodiah (1CH 4:19)",
Kelaiah,Kelaías,Male,OT,Levite who had married a foreign wife (EZR 10:23),voice of the Lord; gathering together
Kelita,Kelita,Male,Both,explained the law to the people (NEH 8:7),
Kemuel,Kemuel,Male,Both,son of Nahor (GEN 22:20-21),"God hath raised up, or established him"
Kenan,Kenan,Male,OT,son of Enosh (GEN 5:9),buyer; owner
Kenaz,Kenaz,Male,OT,"son of Eliphaz (GEN 36:11) and chief of Edom (GEN 36:15, 42)",this purchase; this lamentation
Keren-happuch,Keren-happuch,Female,Both,daughter of Job (JOB 42:14),the horn or child of beauty
Keros,Keros,Male,OT,temple servant (EZR 2:43),crooked; crookedness
Keturah,Cetura,Female,Both,Abraham's second wife after Sarah died (GEN 25:1),that makes the incense to fume
Kezia,Kezia,Male,Unknown,,superficies; the angle; cassia
Keziah,Kezías,Female,OT,daughter of Job (JOB 42:14),
King Jareb,King Jareb,Male,OT,mentioned in HOS 5:14,
King of Achshaph,King of Achshaph,Male,OT,"(JOS 11:1), one of thirty-one kings (JOS 12:20) defeated by Joshua (JOS 12:7)",
King of Adullam,King of Adullam,Male,OT,one of thirty-one kings (JOS 12:15) defeated by Joshua (JOS 12:7),
King of Ai,King of Ai,Male,Both,during the time of the conquest of the Land (JOS 8:1),
King of Aphek,King of Afek,Male,OT,one of thirty-one kings (JOS 12:18) defeated by Joshua (JOS 12:7),
King of Arad,King of Arad,Male,OT,fought against Israel and took some of them captive (NUM 21:1),
King of Aram,King of Aram,Male,OT,defeated King Ahaz of Judah (2CH 28:5),
King of Arpad,King of Arpad,Male,OT,king who had been defeated by Assyria (2KI 19:13),
King of Assyria,King of Assyria,Male,OT,King of Assyria against whom Pharaoh Neco battled (2KI 23:29),
King of Bela,King of Bela,Male,OT,"King of Bela (that is, Zoar) (GEN 14:2)",
King of Bethel,King of Bethel,Male,OT,one of thirty-one kings (JOS 12:16) defeated by Joshua (JOS 12:7),
King of Damascus,King of Damascus,Male,Both,received the spoil of Judah from the Arameans (2CH 24:23),
King of Debir,King of Debir,Male,OT,one of thirty-one kings (JOS 12:13) defeated by Joshua (JOS 12:7),
King of Dor,King of Dor,Male,OT,one of thirty-one kings (JOS 12:23) defeated by Joshua (JOS 12:7),
King of Edom,King of Edom,Male,OT,Moses sent messengers to him (NUM 20:14),
King of Geder,King of Geder,Male,OT,one of thirty-one kings (JOS 12:13) defeated by Joshua (JOS 12:7),
King of Goiim in Gilgal,King of Goiim in Gilgal,Male,OT,one of thirty-one kings (JOS 12:23) defeated by Joshua (JOS 12:7),
King of Hamath,King of Hamath,Male,OT,king who had been defeated by Assyria (2KI 19:13),
King of Hena,King of Hena,Male,OT,king who had been defeated by Assyria (2KI 19:13),
King of Hepher,King of Hefer,Male,OT,one of thirty-one kings (JOS 12:17) defeated by Joshua (JOS 12:7),
King of Hormah,King of Hormah,Male,OT,one of thirty-one kings (JOS 12:14) defeated by Joshua (JOS 12:7),
King of Ivvah,King of Ivvah,Male,OT,king who had been defeated by Assyria (2KI 19:13),
King of Jericho,King of Jericho,Male,Both,during Israel's entry into the Land (JOS 2:3),
King of Jokneam,King of Jokneam,Male,OT,one of thirty-one kings (JOS 12:22) defeated by Joshua (JOS 12:7),
King of Kedesh,King of Kedesh,Male,OT,one of thirty-one kings (JOS 12:22) defeated by Joshua (JOS 12:7),
King of Lasharon,King of Lasharon,Male,OT,one of thirty-one kings (JOS 12:18) defeated by Joshua (JOS 12:7),
King of Libnah,King of Libnah,Male,OT,one of thirty-one kings (JOS 12:15) defeated by Joshua (JOS 12:7),
King of Maacah,King of Maacah,Male,Both,"brought 1,000 men to side with the Ammonites (2SA 10:6)",
King of Makkedah,King of Makkedah,Male,OT,(JOS 10:28) one of thirty-one kings (JOS 12:15) defeated by Joshua (JOS 12:7),
King of Megiddo,King of Megiddo,Male,OT,one of thirty-one kings (JOS 12:21) defeated by Joshua (JOS 12:7),
King of Moab,King of Moab,Male,OT,former King of Moab from whom Sihon had taken land (NUM 21:26),
King of Nineveh,King of Nineveh,Male,Both,the king of Jonah's account (JON 3:6),
King of Sepharvaim,King of Sefarvaim,Male,OT,king who had been defeated by Assyria (2KI 19:13),
King of Shimron,King of Shimron,Male,OT,"(JOS 11:1), one of thirty-one kings (JOS 12:20) defeated by Joshua (JOS 12:7)",
King of Shimron-meron,King of Shimron-meron,Male,OT,one of thirty-one kings (JOS 12:20) defeated by Joshua (JOS 12:7),
King of Sidon,King of Sidon,Male,Both,king during the reign of Zedekiah (JER 27:3),
King of Taanach,King of Taanach,Male,OT,one of thirty-one kings (JOS 12:21) defeated by Joshua (JOS 12:7),
King of Tappuah,King of Tappuah,Male,OT,one of thirty-one kings (JOS 12:17) defeated by Joshua (JOS 12:7),
King of Tirzah,King of Tirzah,Male,OT,one of thirty-one kings (JOS 12:24) defeated by Joshua (JOS 12:7),
King of Tyre,King of Tyre,Male,Both,king during the reign of Zedekiah (JER 27:3),
King of the Ammonites,King of the Ammonites,Male,OT,defeated by King Jotham (2CH 27:5),
King of the North,King of the North,Male,Both,one of the four kings of Daniel 11 (DAN 11:6),
King of the South,King of the South,Male,Both,one of the four kings of Daniel 11 (DAN 11:5),
King of the sons of Ammon,King of the sons of Ammon,Male,Both,the king of Ammon at the time of the judges (JDG 11:12),
Kish,Kish,Male,Both,a mighty man of valor [perhaps wealth or influence] (1SA 9:1),hard; difficult; straw; for age
Kishi,Kishi,Male,OT,son of Abdi (1CH 6:44),hardness; his gravity; his offense
Kittim,Kittim,Male,OT,son of Javan (GEN 10:4),breaking; bruising small; gold; coloring
Kohath,Coat,Male,Both,son of Levi (GEN 46:11),congregation; wrinkle; bluntness
Kolaiah,Kolaías,Male,OT,son of Maaseiah (NEH 11:7),
Korah,Coré,Male,Both,son of Esau (GEN 36:5) and chief of Edom (GEN 36:18),baldness; ice; frost
Kore,Kore,Male,Both,"father of Shallum, descendant of Korah (1CH 9:19)",
Koz,Koz,Male,OT,"father of Anub, and Zobebah (1CH 4:8)",
Laadah,Laadah,Male,OT,son of Shelah son of Judah (1CH 4:21),to assemble together; to testify; passing over
Laadan,Laadan,Male,Unknown,,for pleasure; devouring; judgment
Laban,Labán,Male,Both,brother of Rebekah (GEN 24:29),white; shining; gentle; brittle
Ladan,Ladan,Male,OT,son of Ephraim (1CH 7:26),
Lael,Lael,Male,OT,father of Eliasaph (NUM 3:24),to God; to the mighty
Lahad,Lahad,Male,OT,son of Jahath (1CH 4:2),praising; to confess
Lahmi,Lahmi,Male,Both,the brother of Goliath the Gittite (1CH 20:5),my bread; my war
Laish,Laish,Male,Both,from Gallim (1SA 25:44),a lion
Lamech,Lamec,Male,Both,son of Methushael (GEN 4:18),poor; made low
Lapidoth,Lapidoth,Male,Unknown,Torches,enlightened; lamps
Lappidoth,Lappidoth,Male,OT,husband of Deborah (JDG 4:4),
Lazarus,Lázaro,Male,NT,the poor man of the parable (LUK 16:20),assistance of God
Leah,Lea,Female,Both,daughter of Laban (GEN 29:16) and wife of Jacob (GEN 29:23),weary; tired
Lebanah,Lebanah,Male,OT,temple servant (EZR 2:45),
Lebbaeus,Lebbaeus,Male,NT,"Breast, the name of one of the apostles ([Mark 3:18](/mark#Mark",
Lecah,Lecah,Male,OT,son of Er (1CH 4:21),
Legion,Legión,Male,NT,the unclean spirit who afflicted the Gerasene man (MRK 5:9),
Lehab,Lehab,Male,OT,son of Mizraim (GEN 10:13),
Lehabim,Lehabim,Male,Unknown,,flames; inflamed; swords
Lemuel,Lemuel,Male,OT,king quoted in Proverbs 31 (PRO 31:1),"God with them, or him"
Letush,Letush,Male,OT,son of Dedan (GEN 25:3),
Letushim,Letushim,Male,Unknown,,hammermen; filemen
Leum,Leum,Male,OT,son of Dedan (GEN 25:3),
Leummim,Leummim,Male,Both,"Peoples; nations, the last mentioned of the three sons of Dedan, and head of an Arabian tribe ([Gen",countries; without water
Levi,Leví,Male,Both,"third-born son of Jacob (GEN 29:34), son of Leah",associated with him
Libni,Libni,Male,OT,son of Gershon (EXO 6:17),same as Libnah
Lihki,Lihki,Male,OT,son of Shemida (1CH 7:19),
Likhi,Likhi,Male,Unknown,,
Linus,Lino,Male,Unknown,sent greetings via Paul to Timothy (2TI 4:21),net
Lo-ammi,Lo-ammi,Male,OT,son of Gomer (HOS 1:8),not my people
Lo-ruhamah,Lo-ruhamah,Female,Both,daughter of Gomer (HOS 1:6),not having obtained mercy; not pitied
Lois,Loida,Female,NT,Timothy's grandmother (2TI 1:5),better
Lot,Lot,Male,Both,"son of Haran (GEN 11:27), nephew of Abram (GEN 12:5)","Lotan, wrapt up; hidden; covered; myrrh; rosin"
Lotan,Lotan,Male,Both,son of Seir (GEN 36:20) and chief in Edom (GEN 36:29),
Lucifer,Lucifer,Male,Both,"Brilliant star, a title given to the king of Babylon ([Isa",bringing light
Lucius,Lucius,Male,NT,a prophet and teacher in Antioch (ACT 13:1),
Lud,Lud,Male,Both,son of Mizraim (GEN 10:13),"Ludim, same as Lod"
Ludim,Ludim,Male,NT,Probably the same as Lud (2) (comp,
Luke,Lucas,Male,NT,the beloved physician (COL 4:14),luminous; white
Lydia,Lidia,Female,NT,"from Thyatira, a seller of purple fabrics (ACT 16:14)",
Lysanias,Lysanias,Male,NT,the tetrarch of Abilene (LUK 3:1),that drives away sorrow
Maacah,Maacah,Male,Both,"son of Nahor via his concubine, Reumah (GEN 22:24)",
Maachah,Maachah,Female,Unknown,,pressed down; worn; fastened
Maadai,Maadai,Male,OT,descendant of Bani who had married a foreign wife (EZR 10:34),pleasant; testifying
Maai,Maai,Male,OT,Levite with music instruments (NEH 12:36),belly; heaping up
Maasai,Maasai,Male,OT,son of Adiel (1CH 9:12),
Maaseiah,Maaseías,Male,Both,"second rank Levite, gatekeeper (1CH 15:18)",the work of the Lord
Maasiai,Maasiai,Male,Both,"Work of Jehovah, one of the priests resident at Jerusalem at the Captivity ([1 Chr","the defense, or strength, or trust of the Lord"
Maath,Maath,Male,NT,in the lineage of Messiah (LUK 3:26),wiping away; breaking; fearing; smiting
Maaz,Maaz,Male,OT,"son of Ram, son of Jerahmeel (1CH 2:27)",wood; wooden
Maaziah,Maazías,Male,Both,twenty-fourth-chosen priest for the twenty-four courses (1CH 24:18),
Machbanai,Machbanai,Male,Unknown,,
Machbannai,Machbannai,Male,Both,eleventh among the Gadites to go to David (1CH 12:13),
Machbena,Machbena,Male,OT,son of Sheva (1CH 2:49),
Machi,Machi,Male,OT,father of Geuel (NUM 13:15),poor; a smiter
Machir,Machir,Male,OT,son of Manasseh (GEN 50:23),selling; knowing
Machnadebai,Machnadebai,Male,OT,descendant of Bani who had married a foreign wife (EZR 10:40),smiter
Madai,Madai,Male,Both,son of Japheth (GEN 10:2),a measure; judging; a garment
Madmannah,Madmannah,Male,OT,son of Shaaph (1CH 2:49),measure of a gift; preparation of a garment
Magbish,Magbish,Male,OT,his sons (descendants) returned to Judah after captivity (EZR 2:30),excelling; height
Magdiel,Magdiel,Male,OT,chief of Edom (GEN 36:43),declaring God; chosen fruit of God
Magog,Magog,Male,Both,son of Japheth (GEN 10:2),covering; roof; dissolving
Magpiash,Magpiash,Male,OT,non-Levite leader (NEH 10:14),a body thrust hard together
Mahalah,Mahalah,Female,Unknown,,"Mahalath, sickness; a company of dancers; a harp"
Mahalaleel,Mahalaleel,Male,Both,"The son of Cainan, of the line of Seth ([Gen",
Mahalalel,Mahalalel,Male,OT,son of Kenan (GEN 5:12),
Mahalath,Mahalath,Female,Both,"daughter of Ishmael, sister of Nebaioth, and wife of Esau (GEN 28:9)",
Maharai,Maharai,Male,Both,"the Netophathite (2SA 23:28), fifteenth of ""the thirty"" of David's men",hasting; a hill; from a hill
Mahath,Mahath,Male,OT,son of Amasai_1 (1CH 6:35),same as Maath
Mahazioth,Mahazioth,Male,Both,"son of Heman_3 (1CH 25:4), chosen twenty-third by lot (1CH 25:30)",seeing a sign; seeing a letter
Maher-shalal-hash-baz,Maher-shalal-hash-baz,Male,OT,"Plunder speedeth; spoil hasteth, ([Isa",making speed to the spoil; he hastens to the prey
Mahlah,Mahlah,Female,Both,daughter of Zelophehad (NUM 26:33),"Mahli, Mahlon, same as Mahali"
Mahli,Mahli,Male,OT,son of Merari (EXO 6:19),
Mahlon,Mahlon,Male,Both,son of Elimelech (RUT 1:2) and husband of Ruth (RUT 4:10),
Mahol,Mahol,Male,NT,"Dance, the father of four sons ([1 Kings 4:31](/1kgs#1Kgs",
Mahseiah,Mahseías,Male,OT,father of Neriah (JER 32:12),
Malachi,Malaquías,Male,Both,the prophet (MAL 1:1),my messenger; my angel
Malcam,Malcam,Male,OT,son of Shaharaim (1CH 8:9),
Malcham,Malcham,Male,OT,([2 Sam,"Malchom, their king; their counselor"
Malchi-shua,Malchi-shua,Male,Both,son of Saul (1SA 14:49),
Malchiah,Malchías,Male,Unknown,,"Malchijah, the Lord my king, or my counselor"
Malchiel,Malchiel,Male,OT,son of Beriah (GEN 46:17),"God is my king, or counselor"
Malchijah,Malchiías,Male,OT,son of Ethni (1CH 6:40),
Malchiram,Malchiram,Male,OT,son of Jehoiachin_1 [Jeconiah] (1CH 3:18),
Malchus,Malchus,Male,NT,the high priest's slave whose ear Peter cut off (JHN 18:10),"my king, kingdom, or counselor"
Mallothi,Mallothi,Male,Both,"son of Heman_3 (1CH 25:4), chosen nineteenth by lot (1CH 25:26)",fullness; circumcision
Malluch,Malluch,Male,Both,son of Hashabiah (1CH 6:44),reigning; counseling
Mamre,Mamre,Male,Both,the Amorite (GEN 14:13),rebellious; bitter; set with trees
Manaen,Manaen,Male,NT,a prophet and teacher in Antioch (ACT 13:1),a comforter; a leader
Manahath,Manahath,Male,OT,son of Shobal (GEN 36:23),
Manasseh,Manasés,Male,Both,firstborn son of Joseph (GEN 41:51),forgetfulness; he that is forgotten
Manoah,Manoah,Male,Both,"a Danite man from Zorah (JDG 13:2), father of Samson (JDG 13:24)",rest; a present
Maoch,Maoch,Male,Both,father of the king of Gath (1SA 27:2),
Maon,Maon,Male,OT,son of Shammai (1CH 2:45),house; place of sin
Mareshah,Mareshah,Male,OT,son of Ziph (1CH 2:42),from the beginning; an inheritance
Marsena,Marsena,Male,Both,one of the seven princes of Persia and Media (EST 1:14),bitterness of a bramble
Martha,Marta,Female,NT,welcomed Christ into her home (LUK 10:38),who becomes bitter; provoking
Mary,María,Female,NT,"wife of Joseph, and mother of the Messiah (MAT 1:16)",same as Miriam
Mash,Mash,Male,OT,son of Aram (GEN 10:23),same as Meshech
Massa,Massa,Male,Both,seventh-born son of Ishmael (GEN 25:14),a burden; prophecy
Matred,Matred,Female,OT,mother of Mehetabel (GEN 36:39),wand of government
Matri,Matri,Male,Unknown,,rain; prison
Mattan,Mattan,Male,Both,"priest of Baal (2KI 11:18, 2CH 23:17)","Mattana, Mattenai, gifts; rains"
Mattaniah,Mattanías,Male,OT,"King of Judah, uncle of Jehoiachin (2KI 24:17)","gift, or hope, of the Lord"
Mattatha,Mattatha,Male,NT,in the lineage of Messiah (LUK 3:31),his gift
Mattathah,Mattathah,Male,Unknown,,
Mattathias,Mattathias,Male,NT,in the lineage of Messiah (LUK 3:25),the gift of the Lord
Mattattah,Mattattah,Male,OT,descendant of Hashum who had married a foreign wife (EZR 10:33),
Mattenai,Mattenai,Male,OT,descendant of Hashum who had married a foreign wife (EZR 10:33),
Matthan,Matthan,Male,NT,son of Eleazar in the lineage of the Messiah (MAT 1:15),same as Mattan
Matthat,Matthat,Male,NT,in the lineage of Messiah (LUK 3:24),
Matthew,Mateo,Male,NT,the tax collector (MAT 9:9),given; a reward
Matthias,Matías,Male,NT,candidate to replace Judas Iscariot in the twelve (ACT 1:23),"Mattithiah, same as Mattathias"
Mattithiah,Mattithías,Male,Both,firstborn of Shallum (1CH 9:31),
Medad,Medad,Male,Both,remained in the camp and prophesied (NUM 11:26),he that measures; water of love
Medan,Medan,Male,OT,son of Abraham through Keturah (GEN 25:2),judgment; process
Mehetabeel,Mehetabeel,Male,Both,"Whose benefactor is God, the father of Delaiah, and grandfather of Shemaiah, who joined Sanballat against Nehemiah ([Neh",
Mehetabel,Mehetabel,Female,Both,wife of King Hadar (GEN 36:39),how good is God
Mehida,Mehida,Male,OT,temple servant (EZR 2:52),a riddle; sharpness of wit
Mehir,Mehir,Male,OT,son of Cheleb (1CH 4:11),a reward
Mehujael,Mehujael,Male,Both,son of Irad (GEN 4:18),who proclaims God
Mehuman,Mehuman,Male,Both,one of the seven eunuchs who served in the presence of King Ahasuerus (EST 1:10),making an uproar; a multitude
Mehunim,Mehunim,Male,OT,"Habitations, ([2 Chr",
Melatiah,Melatías,Male,Both,"the Gibeonite, made repairs for the official seat of the governor (NEH 3:7)",deliverance of the Lord
Melchi,Melchi,Male,NT,in the lineage of Messiah (LUK 3:24),my king; my counsel
Melchiah,Melchías,Male,Unknown,,God is my king
Melchisedec,Melchisedec,Male,NT,"King of righteousness, the king of Salem (q",
Melchizedek,Melquisedec,Male,OT,"King of Salem, a priest of G-d Most High (GEN 14:18)",king of justice
Melea,Melea,Male,NT,in the lineage of Messiah (LUK 3:31),supplying; supplied
Melech,Melec,Male,Both,son of Micah (1CH 8:35),king; counselor
Melzar,Melzar,Male,Unknown,"Probably a Persian word meaning master of wine, i","circumcision of a narrow place, or of a bond"
Memucan,Memucan,Male,Both,one of the seven princes of Persia and Media (EST 1:14),impoverished; to prepare; certain; true
Menachem,Menachem,Male,OT,King of Israel (2KI 15:14),
Menahem,Manahem,Male,NT,"Conforting, the son of Gadi, and successor of Shallum, king of Israel, whom he slew",comforter; who conducts them; preparation of heat
Menan,Menan,Male,Unknown,,numbered; rewarded; prepared
Menna,Menna,Male,NT,in the lineage of Messiah (LUK 3:31),
Meonothai,Meonothai,Male,OT,son of Othniel (1CH 4:13),
Mephibosheth,Mefi-boset,Male,Both,son of Jonathan (2SA 4:4),out of my mouth proceeds reproach
Merab,Merab,Female,Both,daughter of Saul (1SA 14:49),he that fights or disputes
Meraiah,Meraías,Male,Both,son of Seraiah_7 (NEH 12:12),
Meraioth,Meraioth,Male,Both,"father of Amariah (1CH 6:7), Levite (1CH 6:1)",bitterness; rebellious; changing
Merari,Merari,Male,Both,son of Levi (GEN 46:11),bitter; to provoke
Mered,Mered,Male,Both,son of Ezrah (1CH 4:17),"rebellious, ruling"
Meremoth,Meremoth,Male,Both,son of Uriah the priest (EZR 8:33),bitterness; myrrh of death
Meres,Meres,Male,Both,one of the seven princes of Persia and Media (EST 1:14),defluxion; imposthume
Merodach-baladan,Merodach-baladan,Male,OT,"Merodach has given a son, ([Isa","bitter contrition, without judgment"
Mesha,Mesha,Male,Both,King of Moab (2KI 3:4),burden; salvation
Meshach,Mesac,Male,Both,One of the three Hebrew youths who were trained with Daniel in Babylon ([Dan,that draws with force
Meshech,Meshec,Male,Both,son of Japheth (GEN 10:2),who is drawn by force
Meshelemiah,Meshelemías,Male,Both,"Friendship of Jehovah, a Levite of the family of the Korhites, called also Shelemiah ([1 Chr","peace, or perfection, of the Lord"
Meshezabeel,Meshezabeel,Male,Unknown,,
Meshezabel,Meshezabel,Male,OT,father of Berechiah (NEH 3:4),
Meshillemith,Meshillemith,Male,Both,son of Immer (1CH 9:12),
Meshillemoth,Meshillemoth,Male,Both,"father of Berechiah, who aided defeated Judaites (2CH 28:12)",
Meshobab,Meshobab,Male,OT,"??? (1CH 4:34), Simeonite (1CH 4:24)",
Meshuallam,Meshuallam,Male,OT,son of Hodaviah (1CH 9:7),
Meshullam,Meshullam,Male,Both,father of Azaliah (2KI 22:3),peaceable; perfect; their parables
Meshullemeth,Meshullemeth,Female,Both,mother of Amon (2KI 21:19),
Methusael,Methusael,Male,OT,"Champion of El; man of God, a descendant of Cain ([Gen",who demands his death
Methuselah,Matusalén,Male,Both,son of Enoch (GEN 5:21),
Methushael,Methushael,Male,OT,son of Mehujael (GEN 4:18),
Meunim,Meunim,Male,OT,temple servant (EZR 2:50),dwelling-places; afflicted
Mezahab,Mezahab,Female,Both,mother of Matred (GEN 36:39),gilded
Miamin,Miamin,Male,Unknown,,the right hand
Mibhar,Mibhar,Male,OT,"Choice, a Hagarene, one of David’s warriors ([1 Chr",chosen; youth
Mibsam,Mibsam,Male,OT,fourth-born son of Ishmael (GEN 25:13),smelling sweet
Mibzar,Mibzar,Male,Both,chief of Edom (GEN 36:42),defending; forbidding; taking away
Mica,Mica,Male,OT,son of Mephibosheth (2SA 9:12),
Micah,Micaía,Male,OT,(JDG 17:1) who stole 1100 pieces of silver from his mother (JDG 17:2),poor; humble
Micaiah,Micaías,Male,Both,"prophet (1KI 22:8, 2CH 18:7)",who is like to God?
Micha,Micha,Male,Both,"The son of Zabdi, a Levite of the family of Asaph ([Neh",same as Micaiah
Michael,Michael,Male,Both,father of Sethur (NUM 13:13),
Michah,Michah,Male,Both,The first in rank of the priests of the family of Kohathites ([1 Chr,
Michaiah,Michaías,Male,OT,A Levite ([Neh,"Michael, same as Micah"
Michal,Mical,Female,Both,daughter of Saul (1SA 14:49) and barren (2SA 6:23) wife of King David (1SA 18:27),who is perfect?
Michri,Michri,Male,Both,father of Uzzi (1CH 9:8),selling
Midian,Midian,Male,Both,son of Abraham through Keturah (GEN 25:2),judgment; covering; habit
Mijamin,Mijamin,Male,Both,sixth-chosen priest for the twenty-four courses (1CH 24:9),right hand
Mikloth,Mikloth,Male,OT,son of Jeiel and Maacah (1CH 8:32),little wants; little voices; looking downward
Mikneiah,Mikneías,Male,OT,"second rank Levite, gatekeeper (1CH 15:18)",
Milalai,Milalai,Male,OT,Levite with music instruments (NEH 12:36),circumcision; my talk
Milcah,Milcah,Female,Both,"Nahor's wife (and niece), the daughter of Haran (GEN 11:29)",queen
Milcom,Milcom,Male,Unknown,,their king
Miniamin,Miniamin,Male,OT,distributed portions to their brothers (2CH 31:15),right hand
Miriam,María,Female,Both,sister of Moses (EXO 15:20),rebellion
Mirma,Mirma,Male,Unknown,,
Mirmah,Mirmah,Male,OT,son of Shaharaim (1CH 8:10),
Mishael,Mishael,Male,Both,son of Uzziel (EXO 6:22),who is asked for or lent
Misham,Misham,Male,Both,son of Elpaal (1CH 8:12),their savior; taking away
Mishma,Mishma,Male,Both,fifth-born son of Ishmael (GEN 25:14),hearing; obeying
Mishmannah,Mishmannah,Male,Both,fourth among the Gadites to go to David (1CH 12:10),fatness; taking away provision
Mispar,Mispar,Male,Both,"returned to Judah after the Babylonian captivity (EZR 2:2, NEH 7:7) [called Misperethin NEH 7:7]","Mispereth, numbering; showing; increase of tribute"
Mispereth,Mispereth,Female,NT,"Number, one of the Jews who accompanied Zerubbabel from Babylon ([Ezra 2:2](/ezra#Ezra",
Mithredath,Mithredath,Male,Both,treasurer of Cyrus (EZR 1:8),breaking the law
Mizraim,Mizraim,Male,Both,son of Ham (GEN 10:6),tribulations
Mizzah,Mizzah,Male,OT,son of Reuel (GEN 36:13) and chief of Edom (GEN 36:17),defluxion from the head
Mnason,Mnason,Male,NT,a disciple of long standing with whom Paul and Luke were to lodge (ACT 21:16),a diligent seeker; an exhorter
Moab,Moab,Male,Both,son of Lot and forebear of the Moabites (GEN 19:37),of his father
Moadiah,Moadías,Male,OT,ancestor of Piltai (NEH 12:17),
Molech,Molec,Male,NT,"King, the name of the national god of the Ammonites, to whom children were sacrificed by fire","Moloch, king"
Molid,Molid,Male,OT,son of Abishur (1CH 2:29),nativity; generation
Mordecai,Mardoqueo,Male,Both,"returned to Judah after the Babylonian captivity (EZR 2:2, NEH 7:7)",contrition; bitter; bruising
Moses,Moisés,Male,Both,led Israel out of Egypt in the Exodus (EXO 13:3),taken out; drawn forth
Mother of Aholah and Aholibah,Mother of Aholah and Aholibah,Female,Unknown,,
Mother of Lemuel,Mother of Lemuel,Female,Unknown,,
Mother of Zebedees children,Mother of Zebedees children,Female,Unknown,,
Mother of the Wife of Simon,Mother of the Wife of Simon,Female,Unknown,,
Moza,Moza,Male,Both,son of Chelubai [Caleb] by Ephah (1CH 2:46),
Muppim,Muppim,Male,OT,"(grand?)son of Benjamin (GEN 46:21), son of Bela (1CH 7:12, 8:3)",out of the mouth; covering
Mushi,Mushi,Male,Both,son of Merari (EXO 6:19),"he that touches, that withdraws or takes away"
Naam,Naam,Male,Both,son of Caleb (1CH 4:15),fair; pleasant
Naamah,Naamah,Female,Both,sister of Tubal-cain (GEN 4:22),"Naaman, beautiful; agreeable"
Naaman,Naamán,Male,OT,"(grand?)son of Benjamin (GEN 46:21), son of Bela (NUM 26:40)",
Naarah,Naarah,Female,Both,wife of Ashhur (1CH 4:5),"Naarai, young person"
Naarai,Naarai,Male,OT,"Youthful, a military chief in David’s army ([1 Chr",
Nabal,Nabal,Male,Both,"the rich man of Maon, husband of Abigail (1SA 25:3)",fool; senseless
Naboth,Naboth,Male,Both,the Jezreelite whose vineyard Ahab took (1KI 21:1),words; prophecies
Nadab,Nadab,Male,Both,"son of Aaron (EXO 6:23), died for offering strange fire to the LORD (NUM 3:4)",free and voluntary gift; prince
Naggai,Naggai,Male,NT,in the lineage of Messiah (LUK 3:25),
Nagge,Nagge,Male,Unknown,,clearness; brightness; light
Naham,Naham,Male,Both,brother of the wife of Hodiah (1CH 4:19),"Nahamani, comforter; leader"
Nahamani,Nahamani,Male,Both,returned to Judah after the Babylonian captivity (NEH 7:7),
Naharai,Naharai,Male,Both,"the Beerothite, thirty-fourth of ""the thirty"" of David's men (2SA 23:37)",my nostrils; hot; anger
Nahash,Nahash,Male,Both,King of the Ammonites (1SA 11:2),snake; serpent
Nahath,Nahath,Male,Both,son of Reuel (GEN 36:13) and chief of Edom (GEN 36:17),rest; a leader
Nahbi,Nahbi,Male,Both,1 of the 12 spies- from Naphtali (NUM 13:14),very secret
Nahor,Nacor,Male,Both,son of Serug (GEN 11:22),hoarse; dry; hot
Nahshon,Nahshon,Male,Both,"son of Amminadab and brother of Elisheba (EXO 6:23), head of the tribe of Judah during the census (NUM 1:7)",same as Naashon
Nahum,Nahúm,Male,Both,"the Elkoshite, prophet of the book of Nahum (NAH 1:1)",comforter; penitent
Naomi,Noemí,Female,OT,wife of Elimelech (RUT 1:2) and mother-in-law of Ruth (RUT 1:4),beautiful; agreeable
Naphish,Nafish,Male,OT,eleventh-born son of Ishmael (GEN 25:15),"the soul; he that rests, refreshes himself, or respires"
Naphtali,Neftalí,Male,Both,"sixth-born son of Jacob (GEN 30:7), son of Bilhah, Rachel's handmaid",that struggles or fights
Naphtuh,Naphtuh,Male,OT,son of Mizraim (GEN 10:13),
Naphtuhim,Naphtuhim,Male,OT,A Hamitic tribe descended from Mizraim ([Gen,
Narcissus,Narcissus,Male,NT,Paul sends greetings to his household (ROM 16:11),astonishment; stupidity
Nathan,Natán,Male,OT,son of David (2SA 5:14),given; giving; rewarded
Nathan-melech,Nathan-melec,Male,Both,the official over the chamber of the horses and chariots of the sun (2KI 23:11),"the gift of the king, or of counsel"
Nathanael,Natanael,Male,NT,"Given or gift of God, one of our Lord’s disciples, “of Cana in Galilee” ([John 21:2](/john#John",the gift of God
Naum,Naum,Male,Unknown,,same as Nahum
Neariah,Nearías,Male,OT,son of Shecaniah (1CH 3:22),child of the Lord
Nebai,Nebai,Male,OT,non-Levite leader (NEH 10:14),budding; speaking; prophesying
Nebaioth,Nebaioth,Male,OT,firstborn son of Ishmael (GEN 25:13),words; prophecies; buds
Nebajoth,Nebajoth,Female,OT,Ishmael’s eldest son ([Gen,
Nebat,Nebat,Male,Both,"father of Jeroboam, an Ephraimite of Zeredah (1KI 11:26)",that beholds
Nebo,Nebo,Male,OT,his sons (descendants) returned to Judah after captivity (EZR 2:29),that speaks or prophesies
Nebuchadnezzar,Nabucodonosor,Male,Both,King of Babylon (2KI 23:37),"Nebuchadrezzar, tears and groans of judgment"
Nebushasban,Nebushasban,Male,NT,"Adorer of Nebo, or Nebo saves me, the “Rabsaris,” or chief chamberlain, of the court of Babylon",
Nebushazban,Nebushazban,Male,Both,the Rab-saris [chief official] (JER 39:13),
Nebuzar-adan,Nebuzar-adan,Male,NT,"“the captain of the guard,” in rank next to the king, who appears prominent in directing affairs at the capture of Jerusalem ([2 Kings 25:8-20](/2kgs#...",fruits or prophecies of judgment
Nebuzaradan,Nebuzaradan,Male,Both,captain of the guard of the King of Babylon (2KI 25:8) who took captives into exile (JER 39:9),
Nedabiah,Nedabías,Male,Both,son of Jehoiachin_1 [Jeconiah] (1CH 3:18),prince or vow of the Lord
Nehemiah,Nehemías,Male,Both,"returned to Judah after the Babylonian captivity (EZR 2:2, NEH 7:7), son of Hacaliah (Neh 1:1)",consolation; repentance of the Lord
Nehushta,Nehushta,Female,Both,mother of Jehoiachin (2KI 24:8),made of brass
Nekoda,Nekoda,Male,OT,temple servant (EZR 2:48),painted; inconstant
Nemuel,Nemuel,Male,OT,"son of Eliab, son of Pallu (NUM 26:9)",the sleeping of God
Nepheg,Nefeg,Male,OT,son of Izhar (EXO 6:21),weak; slacked
Nephisim,Nefisim,Male,OT,temple servant (EZR 2:50),
Nephusim,Nefusim,Male,Unknown,,same as Nephishesim
Ner,Ner,Male,Both,father of Abner (1SA 14:50),a lamp; new-tilled land
Nereus,Nereus,Male,NT,Paul sends greetings to him (ROM 16:15),same as Ner
Nergal-sar-ezer,Nergal-sar-ezer,Male,Both,Babylonian official who sat in the Middle Gate of Jerusalem (JER 39:3),
Nergal-sharezer,Nergal-sharezer,Male,NT,"Another of the “princes,” who bore the title of “Rabmag",treasurer of Nergal
Neri,Neri,Male,NT,in the lineage of Messiah (LUK 3:27),my light
Neriah,Nerías,Male,OT,father of Baruch (JER 32:12),light; lamp of the Lord
Netanel,Netanel,Male,OT,son of Pashhur who had married a foreign wife (EZR 10:22),
Nethaneel,Nethaneel,Male,Both,"The son of Zuar, chief of the tribe of Issachar at the Exodus ([Num",same as Nathanael
Nethanel,Nethanel,Male,Both,head of the tribe of Issachar during the census (NUM 1:8),
Nethaniah,Nethanías,Male,Both,"father of Ishmael, one of the captains of Judean forces (2KI 25:23)",the gift of the Lord
Neziah,Nezías,Male,OT,temple servant (EZR 2:54),conqueror; strong
Nicanor,Nicanor,Male,NT,chosen to serve the widows of the Hellenistic Jews (ACT 6:5),a conqueror; victorious
Nicodemus,Nicodemo,Male,NT,a Pharisee and ruler of the Jews (JHN 3:1),victory of the people
Nicolas,Nicolas,Male,NT,chosen to serve the widows of the Hellenistic Jews (ACT 6:5),same as Nicodemus
Nimrod,Nimrod,Male,Both,"son of Cush (GEN 10:8), a mighty hunter before the LORD (GEN 10:9)",rebellion (but probably an unknown Assyrian word)
Nimshi,Nimshi,Male,OT,"[grand]father of Jehu, King of Israel (1KI 19:16, 2KI 9:2)",rescued from danger
Noadiah,Noadías,Male,Both,"Levite present at the counting of the silver, gold, and utensils (EZR 8:33)","witness, or ornament, of the Lord"
Noah,Noé,Male,Both,son of Lamech (GEN 5:28-29),that quavers or totters (Zelophehad's daughter)
Nobah,Nobah,Male,OT,captured Kenath and renamed it Nobah (NUM 23:41),that barks or yelps
Nogah,Nogah,Male,OT,son of David (1CH 3:6),brightness; clearness
Nohah,Nohah,Male,OT,son of Benjamin (1CH 8:2),
Nun,Nun,Male,Both,father of Joshua (EXO 33:11),same as Non
Nympha,Ninfas,Female,NT,had a church in her house in Colossae (COL 4:15),
Obadiah,Abdías,Male,Both,"feared the Lord (1KI 18:3), sent by Jehoshaphat to teach (2CH 17:7)",servant of the Lord
Obal,Obal,Male,OT,son of Joktan (GEN 10:28),inconvenience of old age
Obed,Obed,Male,OT,son of Ruth and father of Jesse (RUT 4:17),a servant; workman
Obed-edom,Obed-edom,Male,Both,the Gittite in whose house the ark of the covenant rested (2SA 6:10),servant of Edom
Obil,Obil,Male,Both,Ishmaelite in charge of David's camels (1CH 27:30),that weeps; who deserves to be bewailed
Ochran,Ochran,Male,OT,father of Pagiel (NUM 1:13),
Ocran,Ocran,Male,Unknown,,a disturber; that disorders
Oded,Oded,Male,OT,father of Azariah (2CH 15:1),"to sustain, hold or lift up"
Og,Og,Male,Both,King of Bashan (NUM 21:33),a cake; bread baked in ashes
Ohad,Ohad,Male,Both,son of Simeon (GEN 46:10),praising; confessing
Ohel,Ohel,Male,Both,son of Meshullam (1CH 3:20),tent; tabernacle; brightness
Oholiab,Aholiab,Male,Both,appointed by G-d to the construction of the tabernacle (EXO 31:6),
Oholibamah,Oholibamah,Male,OT,chief of Edom (GEN 36:41),
Olympas,Olympas,Male,NT,Paul sends greetings to him (ROM 16:15),heavenly
Omar,Omar,Male,Both,son of Eliphaz (GEN 36:11) and chief of Edom (GEN 36:15),he that speaks; bitter
Omri,Omri,Male,Both,commander of the army and king over Israel (1KI 16:16),sheaf of corn
On,On,Male,OT,rebelled against Moses with Korah (NUM 16:1),pain; force; iniquity
Onam,Onam,Male,OT,son of Shobal (GEN 36:23),"Onan, same as On"
Onan,Onan,Male,Both,second-born son of Judah (GEN 38:4),
Onesimus,Onésimo,Male,NT,a Colossian who was Paul's faithful and beloved brother (COL 4:9),profitable; useful
Onesiphorus,Onesiforus,Male,Unknown,refreshed Paul and was not ashamed of his chains (2TI 1:16),who brings profit
Ophir,Ofir,Male,Both,son of Joktan (GEN 10:29),fruitful region
Ophrah,Ophrah,Male,OT,son of Meonothai (1CH 4:14),dust; lead; a fawn
Oreb,Oreb,Male,OT,leader of Midian (JDG 7:25),a raven
Oren,Oren,Male,Both,son of Jerahmeel (1CH 2:25),
Ornan,Ornan,Male,OT,Agile; also called Ornan [1 Chr,that rejoices
Orpah,Orfa,Female,Both,wife of Chilion (RUT 1:4) [process of elimination based on RUT 4:10],the neck or skull
Osnappar,Osnappar,Male,Both,deported and settled people in the city of Samaria (EZR 4:10),
Othni,Othni,Male,Both,son of Shemaiah [Shemaiah_9] (1CH 26:7),my time; my hour
Othniel,Otoniel,Male,Both,son of Kenaz who captured Kiriath-sepher (JOS 15:17),the hour of God
Ozem,Ozem,Male,Both,sixth-born son of Jesse (1CH 2:15),that fasts; their eagerness
Ozni,Ozni,Male,Both,"Hearing, one of the sons of Gad; also called Ezbon ([Gen",an ear; my hearkening
Paarai,Paarai,Male,Both,"the Arbite, thirtieth of ""the thirty"" of David's men (2SA 23:35)",opening
Padon,Padon,Male,OT,temple servant (EZR 2:44),his redemption; ox-yoke
Pagiel,Pagiel,Male,Both,head of the tribe of Asher during the census (NUM 1:13),"prevention, or prayer, of God"
Pahath-moab,Pahath-moab,Male,Both,his sons (descendants) returned to Judah after captivity (EZR 2:5),
Palal,Palal,Male,Both,repaired the wall of Jerusalem in front of the Angle (NEH 3:25),thinking
Pallu,Pallu,Male,Both,son of Reuben (GEN 46:9),marvelous; hidden
Palti,Palti,Male,Both,1 of the 12 spies- from Benjamin (NUM 13:9),deliverance; flight
Paltiel,Paltiel,Male,Both,the leader of the tribe of Issachar (NUM 34:26) to apportion the Land (NUM 34:17),"deliverance; or banishment, of God"
Parmashta,Parmashta,Male,OT,son of Haman (EST 9:9),a yearling bull
Parmenas,Parmenas,Male,NT,chosen to serve the widows of the Hellenistic Jews (ACT 6:5),"that abides, or is permanent"
Parnach,Parnach,Male,OT,father of Elizaphan (NUM 34:25),"a bull striking, or struck"
Parosh,Parosh,Male,OT,his sons (descendants) returned to Judah after captivity (EZR 2:3),a flea; the fruit of a moth
Parshandatha,Parshandatha,Male,Both,son of Haman (EST 9:7),given by prayer
Paruah,Paruah,Male,Both,father of Jehoshaphat (1KI 4:17),flourishing; that flies away
Pasach,Pasach,Male,Both,son of Japhlet (1CH 7:33),thy broken piece
Paseah,Paseah,Male,OT,son of Eshton (1CH 4:12),passing over; halting
Pashhur,Pashhur,Male,OT,"son of Malchijah (1CH 9:12), priest (EZR 2:38, NEH 7:41)",
Pashur,Pashur,Male,Unknown,,that extends or multiplies the hole; whiteness
Pathrus,Pathrus,Male,OT,son of Mizraim (GEN 10:14),
Pathrusim,Pathrusim,Male,Unknown,,
Patrobas,Patrobas,Male,NT,Paul sends greetings to him (ROM 16:14),paternal; that pursues the steps of his father
Paul,Pablo,Male,Unknown,'=Saul (q,small; little
Pedahel,Pedahel,Male,Both,the leader of the tribe of Naphtali (NUM 34:28) to apportion the Land (NUM 34:17),
Pedahzur,Pedahzur,Male,Both,father of Gamaliel (NUM 1:10),strong or powerful savior; stone of redemption
Pedaiah,Pedaías,Male,Both,"from Rumah, father of Zebidah (2KI 23:36)",redemption of the Lord
Pekah,Peka,Male,Both,son of Remaliah who killed King Pekahiah and became King of Israel in his place (2KI 15:25),he that opens; that is at liberty
Pekahiah,Pekaía,Male,Both,son of Menachem and King of Israel (2KI 15:22),it is the Lord that opens
Pelaiah,Pelaías,Male,OT,son of Elioenai (1CH 3:24),the Lord's secret or miracle
Pelaliah,Pelalías,Male,OT,son of Amzi (NEH 11:12),entreating the Lord
Pelatiah,Pelatías,Male,OT,son of Hananiah (1CH 3:21),let the Lord deliver; deliverance of the Lord
Peleg,Peleg,Male,Both,"son of Eber, in his days the earth was divided (GEN 10:25)",division
Pelet,Pelet,Male,OT,son of Jahdai (1CH 2:47),
Peleth,Peleth,Male,Both,father of On (NUM 16:1),
Peninnah,Peninnah,Female,OT,wife of Elkanah (1SA 1:2),pearl; precious stone; the face
Penuel,Penuel,Male,OT,son of Hur (1CH 4:4),same as Peniel
Peresh,Peresh,Male,OT,son of Machir and Maacah (1CH 7:16),horseman
Perez,Perez,Male,OT,son of Judah and Tamar (GEN 38:29),divided
Perida,Perida,Male,Unknown,One whose descendants returned with Zerubbabel ([Ezra 2:55](/ezra#Ezra,separation; division
Persis,Persis,Female,NT,beloved of Paul (ROM 16:12),same as Persia
Peruda,Peruda,Male,OT,Solomon's servant (EZR 2:55),same as Perida
Pethahiah,Pethahías,Male,Both,nineteenth-chosen priest for the twenty-four courses (1CH 24:16),the Lord opening; gate of the Lord
Pethuel,Pethuel,Male,Both,father of Joel the prophet (JOL 1:1),mouth of God; persuasion of God
Peullethai,Peullethai,Male,OT,eighth-born son of Obed-edom (1CH 26:4),
Peulthai,Peulthai,Male,Both,"Wages of the Lord, one of the sons of Obed-edom, a Levite porter ([1 Chr",my works
Phaltiel,Faltiel,Male,Both,"Deliverance of the Lord, the son of Laish of Gallim ([1 Sam",
Phanuel,Fanuel,Male,NT,the father of Anna the prophetess (LUK 2:36),face or vision of God
Pharaoh,Faraón,Male,Both,who took Sarai (GEN 12:15),that disperses; that spoils
Pharaoh Neco,Faraoh Neco,Male,OT,King of Egypt (2KI 23:29),
Pharaoh-nechoh,Faraoh-nechoh,Male,Unknown,,
Pharez,Farez,Male,Unknown,"'=Pharez, (q",division; rupture
Pharosh,Farosh,Male,Unknown,,
Phaseah,Faseah,Male,Unknown,,
Phebe,Febe,Female,NT,"A “deaconess of the church at Cenchrea,” the port of Corinth",shining; pure
Phichol,Fichol,Male,NT,"Great, the chief captain of the army of Abimelech, the Philistine king of Gerar","the mouth of all, or every tongue"
Phicol,Ficol,Male,OT,commander of Abimelech's army (GEN 21:22),
Philemon,Filemón,Male,NT,Paul's fellow worker (PHM 1:1),who kisses
Philetus,Filetus,Male,NT,his talk spread like gangrene (2TI 2:17),amiable; beloved
Philip,Felipe,Male,NT,disciple of the Messiah (MAT 10:3),warlike; a lover of horses
Philologus,Filologus,Male,NT,Paul sends greetings to him (ROM 16:15),"a lover of letters, or of the word"
Phinehas,Finees,Male,Both,"Eleazar's son, Aaron's grandson (EXO 6:25) given a covenant of peace and perpetual priesthood (NUM 25:13)",bold aspect; face of trust or protection
Phlegon,Flegon,Male,NT,Paul sends greetings to him (ROM 16:14),zealous; burning
Phoebe,Febe,Female,NT,a believer who is a servant in the church in Cenchrea (ROM 16:1),
Phurah,Furah,Male,Unknown,,"that bears fruit, or grows"
Phut,Fut,Male,Both,One of the sons of Ham ([Gen,
Phygellus,Fygellus,Male,NT,"Fugitive, a Christian of Asia, who “turned away” from Paul during his second imprisonment at Rome ([2 Tim",fugitive
Phygelus,Fygelus,Male,Unknown,turned away from Paul in Asia (2TI 1:15),
Pilate,Pilato,Male,NT,the governor of Judea (MAT 27:2),armed with a dart
Pildash,Pildash,Male,OT,son of Nahor (GEN 22:22),
Pileha,Pileha,Male,Unknown,,
Pilha,Pilha,Male,OT,non-Levite leader (NEH 10:14),
Piltai,Piltai,Male,OT,son of Miniamin (NEH 12:17),
Pinon,Pinon,Male,OT,chief of Edom (GEN 36:41),pearl; gem; that beholds
Piram,Piram,Male,Both,King of Jarmuth during the conquest of the Land (JOS 10:3),a wild ass of them
Pispa,Pispa,Male,OT,son of Jether [Ithran] (1CH 7:38),
Pispah,Pispah,Male,Unknown,,
Pithon,Pithon,Male,OT,son of Micah (1CH 8:35),mouthful; persuasion
Pochereth,Pochereth,Male,Unknown,,cutting of the mouth of warfare
Pochereth-hazzebaim,Pochereth-hazzebaim,Male,OT,Solomon's servant (EZR 2:55),
Pontius,Pontius,Male,NT,"Probably connected with the Roman family of the Pontii, and called “Pilate” from the Latin pileatus, i",marine; belonging to the sea
Poratha,Poratha,Male,OT,son of Haman (EST 9:8),fruitful
Porcius,Porcius,Male,NT,the governor of Caesarea who succeeded Felix (ACT 24:27),
Portius,Portius,Male,NT,The successor of Felix (A,
Poti-pherah,Poti-ferah,Male,Unknown,,
Potiphar,Potifar,Male,OT,Pharaoh's officer (GEN 37:36),bull of Africa; a fat bull
Potiphera,Potifera,Male,OT,priest of On [Heliopolis- NAS 1995 notes] (GEN 41:45),
Prince of Greece,Prince of Greece,Male,OT,was about to arrive after Michael gave his message to Daniel (DAN 10:20),
Prince of the Kingdom of Persia,Prince of the Kingdom of Persia,Male,Both,opposed the messenger to Daniel (DAN 10:13),
Priscilla,Priscila,Female,NT,wife of Aquila (ACT 18:2),same as Prisca
Prochorus,Prochorus,Male,NT,chosen to serve the widows of the Hellenistic Jews (ACT 6:5),he that presides over the choirs
Puah,Puah,Female,OT,Hebrew midwife of Exodus (EXO 1:15),mouth; corner; bush of hair
Publius,Publius,Male,NT,the leading man of the island of Malta (ACT 28:7),common
Pudens,Pudente,Male,NT,sent greetings via Paul to Timothy (2TI 4:21),shamefaced
Pul,Pul,Male,OT,King of Assyria (2KI 15:19),bean; destruction
Purah,Purah,Male,OT,servant of Gideon (JDG 7:10),
Put,Put,Male,OT,son of Ham (GEN 10:6),
Putiel,Putiel,Male,OT,father of Eleazar's wife (EXO 6:25),God is my fatness
Puvvah,Puvvah,Male,OT,son of Issachar (GEN 46:13),
Pyrrhus,Pyrrhus,Male,NT,father (?) of Sopater (ACT 20:4),
Quartus,Quartus,Male,NT,the brother (ROM 16:23),fourth
Queen of Sheba,Queen of Sheba,Female,OT,tested Solomon (1KI 10:1),
Quirinius,Cirenio,Male,NT,govern of Syria when the census at the time of Jesus' birth occurred (LUK 2:2),
Raamah,Raamah,Male,Both,son of Cush (GEN 10:7),greatness; thunder; some sort of evil
Rab-mag,Rab-mag,Male,Unknown,,
Rab-saris,Rab-saris,Male,OT,messenger from Sennacherib to Hezekiah (2KI 18:17),chief of the eunuchs
Rabsaris,Rabsaris,Male,NT,"Chief of the Heads, one of the three officers whom Sennacherib sent from Lachish with a threatening message to Jerusalem ([2 Kings 18:17](/2kgs#2Kgs",
Rabshakeh,Rabshakeh,Male,Both,messenger from Sennacherib to Hezekiah (2KI 18:17),
Rachab,Rachab,Female,NT,"'=Rahab, a name found in the genealogy of our Lord ([Matt",same as Rahab
Rachel,Raquel,Female,Both,daughter of Laban (GEN 29:10) and wife of Jacob (GEN 29:28),sheep
Raddai,Raddai,Male,OT,fifth-born son of Jesse (1CH 2:14),ruling; coming down
Rahab,Rahab,Female,Both,the harlot of Jericho (JOS 2:1),large; extended (name of a woman)
Raham,Raham,Male,Both,son of Shema (1CH 2:44),compassion; a friend
Rakem,Rakem,Male,OT,son of Peresh (1CH 7:16),
Ram,Ram,Male,Both,son of Hezron in the lineage of King David (RUT 4:19),elevated; sublime
Ramiah,Ramías,Male,OT,descendant of Parosh who had married a foreign wife (EZR 10:25),exaltation of the Lord
Ramoth,Ramoth,Male,Unknown,,eminences; high places
Rapha,Rafa,Male,Both,"A Benjamite, the son of Binea ([1 Chr",
Raphah,Rafah,Male,OT,father of Ishbi-benob (2SA 21:16),"Raphu, relaxation; physic; comfort"
Raphu,Rafu,Male,Both,father of Palti (NUM 13:9),
Reaia,Reaia,Male,Unknown,,
Reaiah,Reaías,Male,OT,son of Shobal (1CH 4:2),vision of the Lord
Reba,Reba,Male,Both,King of Midian (NUM 31:8),the fourth; a square; that lies or stoops down
Rebekah,Rebeca,Female,Both,"daughter of Bethuel, grandaughter of Nahor (GEN 22:23)",fat; fattened; a quarrel appeased
Rechab,Rechab,Male,OT,commander of Ish-bosheth's military (2SA 4:2),square; chariot with team of four horses
Rechah,Rechah,Male,Unknown,,
Reelaiah,Reelaías,Male,Both,"returned to Judah after the Babylonian captivity (EZR 2:2, NEH 7:7) [called Raamiah in NEH 7:7]",shepherd or companion to the Lord
Regem,Regem,Male,OT,son of Jahdai (1CH 2:47),that stones or is stoned; purple
Regem-melech,Regem-melec,Male,NT,"Friend of the king, one of the two messengers sent by the exiled Jews to Jerusalem in the time of Darius ([Zech",
Regemmelech,Regemmelec,Male,Both,emissary from Bethel seeking the favor of the LORD (ZEC 7:2),he that stones the king; purple of the king
Rehabiah,Rehabías,Male,Both,descendant of Eliezer (1CH 23:17),"breadth, or extent, of the Lord"
Rehob,Rehob,Male,Both,father of Hadadezer (2SA 8:3),breadth; space; extent
Rehoboam,Roboam,Male,Both,son of Solomon who became king after him (1KI 11:43),who sets the people at liberty
Rehum,Rehum,Male,Both,"returned to Judah after the Babylonian captivity (EZR 2:2, NEH 7:7) [called Nehum NEH 7:7]",merciful; compassionate
Rei,Rei,Male,OT,supported David when Adonijah attempted a coup (1KI 1:8),my shepherd; my companion; my friend
Rekem,Rekem,Male,Both,King of Midian (NUM 31:8),vain pictures; divers picture
Remaliah,Remalías,Male,Both,father of Pekah (2KI 15:25),the exaltation of the Lord
Rephael,Refael,Male,OT,son of Shemaiah [Shemaiah_9] (1CH 26:7),the physic or medicine of God
Rephah,Refah,Male,OT,son of Ephraim (1CH 7:25),
Rephaiah,Refaías,Male,OT,son of Hananiah (1CH 3:21),medicine or refreshment of the Lord
Resheph,Resheph,Male,OT,son of Ephraim (1CH 7:25),
Reu,Reu,Male,OT,son of Peleg (GEN 11:19),his friend; his shepherd
Reuben,Rubén,Male,Both,"firstborn son of Jacob (GEN 29:32), son of Leah",who sees the son; the vision of the son
Reuel,Reuel,Male,OT,"son of Esau (GEN 36:4, 10, 17)",the shepherd or friend of God
Reumah,Reumah,Female,OT,concubine of Nahor (GEN 22:24),lofty; sublime
Rezia,Rezia,Male,Unknown,,
Rezin,Rezin,Male,OT,King of Aram (2KI 15:37),good-will; messenger
Rezon,Rezon,Male,OT,adversary to Solomon (1KI 11:23),lean; small; secret; prince
Rhesa,Rhesa,Male,NT,in the lineage of Messiah (LUK 3:27),will; course
Rhoda,Rode,Female,NT,servant girl in Mary's house who did not let Peter in (ACT 12:13),a rose
Ribai,Ribai,Male,Both,of Gibeah of the sons of Benjamin (2SA 23:29),strife
Rimmon,Rimmon,Male,Both,the Beerothite (2SA 4:2),exalted; pomegranate
Rinnah,Rinnah,Male,OT,son of Shimon (1CH 4:20),song; rejoicing
Riphath,Rifath,Male,OT,son of Gomer (GEN 10:3),remedy; medicine; release; pardon
Rizia,Rizia,Male,OT,son of Ulla [Jephunneh] (1CH 7:39),
Rizpah,Rizpa,Female,Both,concubine of Saul (2SA 3:7),bed; extension; a coal
Rohgah,Rohgah,Male,OT,son of Shomer (1CH 7:34),filled or drunk with talk
Rokeim,Rokeim,Male,OT,father of Hananiah_6 in Ralhlf's Septuaginta (NEH 3:8),
Romamti-ezer,Romamti-ezer,Male,Both,"son of Heman_3 (1CH 25:4), chosen twenty-fourth by lot (1CH 25:31)",exaltation of help
Rosh,Rosh,Male,OT,son of Benjamin (GEN 46:21),"the head; top, or beginning"
Rufus,Rufo,Male,NT,son of Simon the Cyrene (MRK 15:21),red
Ruth,Rut,Female,Both,the Moabitess (RUT 1:22),drunk; satisfied
Sabtah,Sabtah,Male,Both,son of Cush (GEN 10:7),a going about or circuiting; old age
Sabteca,Sabteca,Male,OT,son of Cush (GEN 10:7),
Sabtecha,Sabtecha,Male,NT,The fifth son of Cush,
Sacar,Sacar,Male,Both,fourth-born son of Obed-edom (1CH 26:4),wares; a price
Sachia,Sachia,Male,OT,son of Shaharaim (1CH 8:10),
Sadoc,Sadoc,Male,NT,"Just, mentioned in the genealogy of our Lord ([Matt","or Zadok, just; righteous"
Salah,Salah,Male,NT,"A shoot, a descendant of Arphaxed ([Luke 3:35](/luke#Luke",mission; sending
Salathiel,Salathiel,Male,NT,"Whom I asked of God, the son of Jeconiah ([Matt",asked or lent of God
Sallai,Sallai,Male,OT,descendant of Benjamin (NEH 11:8),"Sallu, an exaltation; a basket"
Sallu,Sallu,Male,OT,son of Meshullam (1CH 9:7),
Salma,Salma,Male,OT,son of Hur who founded Bethlehem (1CH 2:51),peace; perfection
Salmon,Salmon,Male,Both,son of Nahshon and father of Boaz in the lineage of King David (RUT 4:19),peaceable; perfect; he that rewards
Salome,Salomé,Female,NT,one of the women who followed Jesus from the Galilee (MRK 15:40),same as Salmon
Salu,Salu,Male,OT,father of Zimri (NUM 25:14),
Samgar-nebo,Samgar-nebo,Male,Both,"Be gracious, O Nebo! or a cup-bearer of Nebo, probably the title of Nergal-sharezer, one of the princes of Babylon ([Jer",
Samgar-nebu,Samgar-nebu,Male,Both,Babylonian official who sat in the Middle Gate of Jerusalem (JER 39:3),
Samlah,Samlah,Male,OT,"King of Edom, successor to Hadad, from Masrekah (GEN 36:36)",his raiment; his left hand; his astonishment
Samson,Sansón,Male,Both,"son of Manoah (JDG 13:24), who killed a thousand men with the jawbone of a donkey (JDG 15:15)",his sun; his service; there the second time
Samuel,Samuel,Male,Both,the leader of the tribe of Simeon (NUM 34:20) to apportion the Land (NUM 34:17),heard of God; asked of God
Sanballat,Sanballat,Male,Both,the Horonite who opposed Nehemiah (NEH 2:10),bramble-bush; enemy in secret
Saph,Saph,Male,Both,"among the descendants of Raphah [""the giant""?] (2SA 21:18)",rushes; sea-moss
Sapphira,Safira,Female,NT,wife of Ananias (ACT 5:1),that relates or tells
Sar-sekim,Sar-sekim,Male,Both,the Rab-saris [chief official] (JER 39:3),
Sarah,Sara,Female,Both,"Princess, the wife and at the same time the half-sister of Abraham ([Gen",lady; princess; princess of the multitude
Sarai,Sarai,Female,Unknown,Abram's wife (11:29),my lady; my princess
Saraph,Saraph,Male,OT,"son of Shelah, son of Judah (1CH 4:22)",
Sargon,Sargon,Male,OT,king of Assyria (ISA 20:1),who takes away protection
Sarsechim,Sarsechim,Male,Unknown,,master of the wardrobe
Satan,Satan,Male,OT,stood up against Israel and moved David to number Israel (1CH 21:1),contrary; adversary; enemy; accuser
Saul,Saúl,Male,Both,"son of Kish (1SA 9:2), King of Israel (1SA 11:15)",demanded; lent; ditch; death
Sceva,Sceva,Male,NT,a Jewish chief priest (ACT 19:14),disposed; prepared
Seba,Seba,Male,Both,son of Cush (GEN 10:7),a drunkard; that turns
Secundus,Segundo,Male,NT,a believer from Thessalonica (ACT 20:4),second
Segub,Segub,Male,Both,youngest son of Hiel who died when his father rebuilt Jericho (1KI 16:34),fortified; raised
Seir,Seir,Male,Both,the Horite (dwelt near Mt. Hor- GEN 36:20),"Seirath, hairy; goat; demon; tempest"
Seled,Seled,Male,OT,son of Nadab (1CH 2:30),affliction; warning
Semachiah,Semachías,Male,OT,"son of Shemaiah [Shemaiah_9], a valiant man (1CH 26:7)",joined to the Lord
Semei,Semei,Male,NT,Mentioned in the genealogy of our Lord ([Luke 3:26](/luke#Luke,hearing; obeying
Semein,Semein,Male,NT,in the lineage of Messiah (LUK 3:26),
Senaah,Senaah,Male,OT,his sons (descendants) returned to Judah after captivity (EZR 2:35),bramble; enemy
Sennacherib,Senaquerib,Male,Both,King of Assyria (2KI 18:13),bramble of destruction
Senuah,Senuah,Male,Unknown,,
Seorim,Seorim,Male,Both,fourth-chosen priest for the twenty-four courses (1CH 24:8),gates; hairs; tempests
Sephatiah,Sefatías,Male,OT,son of Jehoshaphat (2CH 21:2),
Serah,Serah,Female,Both,son of Asher (GEN 46:17),lady of scent; song; the morning star
Seraiah,Seraías,Male,Both,secretary to David (2SA 8:17),prince of the Lord
Sered,Sered,Male,Both,son of Zebulun (GEN 46:14),dyer's vat
Sergius,Sergius,Male,NT,the proconsul of Cyprus (ACT 13:7),net
Serug,Serug,Male,Both,son of Reu (GEN 11:20),branch; layer; twining
Seth,Set,Male,Both,son of Adam (GEN 4:25),put; who puts; fixed
Sethur,Sethur,Male,Both,1 of the 12 spies- from Asher (NUM 13:13),hid; destroying
Shaaph,Shaaph,Male,OT,son of Jahdai (1CH 2:47),
Shaashgaz,Shaashgaz,Male,Both,king's eunuch in charge of the concubines (EST 2:14),he that presses the fleece; that shears the sheep
Shabbethai,Shabbethai,Male,Both,the Levite who opposed Israel's decision to set apart foreign wives (EZR 10:15),my rest
Shachia,Shachia,Male,Unknown,,protection of the Lord
Shadrach,Sadrac,Male,Both,"Aku’s command, the Chaldean name given to Hananiah, one of the Hebrew youths whom Nebuchadnezzar carried captive to Babylon ([Dan","tender, nipple"
Shage,Shage,Male,Unknown,,touching softly; multiplying much
Shaharaim,Shaharaim,Male,OT,(son of Gera ?) (1CH 8:8),
Shallum,Shallum,Male,Both,conspired against King Zechariah and became king of Israel in his place (2KI 15:10),perfect; agreeable
Shallun,Shallun,Male,Unknown,,
Shalmai,Shalmai,Male,OT,temple servant (EZR 2:46),my garment
Shalmaneser,Shalmaneser,Male,OT,King of Assyria (2KI 17:3),peace; tied; chained; perfection; retribution
Shama,Shama,Male,Both,son of Hotham the Aroerite (1CH 11:44),
Shamariah,Shamarías,Male,Unknown,,throne or keeping of the Lord
Shamed,Shamed,Male,Unknown,,destroying; wearing out
Shamer,Shamer,Male,Unknown,,keeper; thorn; dregs
Shamgar,Samgar,Male,Both,struck down six hundred Philistines with an oxgoad (JDG 3:31),named a stranger; he is here a stranger
Shamhuth,Shamhuth,Male,Both,the Izrahite (1CH 27:8),desolation; destruction
Shamir,Shamir,Male,Both,"son of Micah, son of Uzziel (1CH 24:24)","Shamer, prison; bush; lees; thorn"
Shamma,Shamma,Male,OT,son of Zophah (1CH 7:37),
Shammah,Shammah,Male,Both,son of Reuel (GEN 36:13) and chief of Edom (GEN 36:17),loss; desolation; astonishment
Shammai,Shammai,Male,OT,"son of Onam, son of Jerahmeel (1CH 2:28)",my name; my desolations
Shammua,Shammua,Male,Both,1 of the 12 spies- from Reuben (NUM 13:4),
Shamsherai,Shamsherai,Male,OT,son of Jeroham [Jeremoth v 14] (1CH 8:26),there a singer or conqueror
Shapham,Shafam,Male,OT,"second chief (1CH 5:12), Gadite (1CH 5:11)","Shaphan, rabbit; wild rat; their lip; their brink"
Shaphan,Shafan,Male,OT,"scribe of King Josiah (2KI 22:3, 2CH 34:15)",
Shaphat,Shafat,Male,Both,1 of the 12 spies- from Simeon (NUM 13:5),judge
Sharai,Sharai,Male,OT,descendant of Bani who had married a foreign wife (EZR 10:40),my lord; my prince; my song
Sharar,Sharar,Male,OT,father of Ahiam (2SA 23:33),navel; thought; singing
Sharezer,Sharezer,Male,Both,killed King Sennacherib of Assyria (2KI 19:37),"overseer of the treasury, or of the storehouse"
Shashai,Shashai,Male,OT,descendant of Bani who had married a foreign wife (EZR 10:40),rejoicing; mercy; linen
Shashak,Shashak,Male,OT,son of Elpaal (1CH 8:14),a bag of linen; the sixth bag
Shaul,Shaul,Male,Both,"King of Edom, successor to Samlah, from Rehoboth on the [Euphrates] river (GEN 36:37)","Saul, asked; lent; a grave"
Shavsha,Shavsha,Male,OT,"(“Seraiah,” [2 Sam",
Sheal,Sheal,Male,OT,descendant of Bani who had married a foreign wife (EZR 10:29),
Shealtiel,Shealtiel,Male,OT,son of Jehoiachin_1 [Jeconiah] (1CH 3:17),same as Salathiel
Shear-jashub,Shear-jashub,Male,OT,son of Isaiah (ISA 7:3),the remnant shall return
Sheariah,Shearías,Male,OT,son of Azel (1CH 8:38),gate of the Lord; tempest of the Lord
Sheba,Seba,Male,Both,son of Raamah (GEN 10:7),captivity; old man; repose; oath
Shebaniah,Shebanías,Male,Both,trumpeter (1CH 15:24),"the Lord that converts, or recalls from captivity"
Sheber,Sheber,Male,OT,son of Chelubai [Caleb] by Maacah (1CH 2:48),breaking; hope
Shebna,Shebna,Male,NT,"Tender youth, “treasurer” over the house in the reign of Hezekiah, i",who rests himself; who is now captive
Shebnah,Shebnah,Male,OT,Hezekiah's scribe (2KI 18:18),
Shebuel,Shebuel,Male,Both,"descendant of Gershom (1CH 23:16), officer over the treasures (1CH 26:24)","turning, or captivity, or seat, of God"
Shecaniah,Shecanías,Male,Both,son of Hananiah (1CH 3:21),habitation of the Lord
Shechaniah,Shechanías,Male,OT,A priest whose sons are mentioned in [1 Chr,
Shechem,Shechem,Male,Both,"son of Hamor, the Hivite (GEN 33:19, GEN 34:2) who raped Dinah (GEN 34:2)",part; portion; back early in the morning
Shedeur,Shedeur,Male,OT,father of Elizur (NUM 1:5),field of light; light of the Almighty
Sheerah,Sheerah,Female,OT,daughter of Ephraim (1CH 7:24),
Shehariah,Sheharías,Male,OT,son of Jeroham [Jeremoth v 14] (1CH 8:26),mourning or blackness of the Lord
Shelah,Sela,Male,OT,"son of Arpachshad (GEN 10:24, GEN 11:12)",that breaks; that unties; that undresses
Shelemiah,Shelemías,Male,OT,descendant of Bani who had married a foreign wife (EZR 10:39),God is my perfection; my happiness; my peace
Sheleph,Sheleph,Male,OT,son of Joktan (GEN 10:26),who draws out
Shelesh,Shelesh,Male,OT,son of Hotham (1CH 7:35),captain; prince
Shelomi,Shelomi,Male,OT,father of Ahihud (NUM 34:27),"Shelomith, my peace; my happiness; my recompense"
Shelomith,Shelomith,Female,Both,mother of the unnamed man who cursed the Name (LEV 24:11),
Shelomoth,Shelomoth,Male,Both,son of Shimei_8 within the family of Ladan (1CH 23:9),
Shelumiel,Shelumiel,Male,Both,head of the tribe of Simeon during the census (NUM 1:6),same as Shelemiah
Shem,Sem,Male,Both,son of Noah (GEN 5:32),name; renown
Shema,Shema,Male,OT,son of Hebron (1CH 2:43),hearing; obeying
Shemaah,Shemaah,Male,Both,the Gibeathite (1CH 12:3),
Shemaiah,Shemaías,Male,Both,"the man of G-d (1KI 12:22, 2CH 11:2)",that hears or obeys the Lord
Shemariah,Shemarías,Male,OT,came to David's aid at Ziklag (1CH 12:5),God is my guard
Shemeber,Shemeber,Male,Both,King of Zeboiim (GEN 14:2),name of force; name of the strong
Shemed,Shemed,Male,OT,son of Elpaal (1CH 8:12),
Shemer,Shemer,Male,Both,sold the hill of Samaria (Shomron) to King Omri (1KI 16:24),guardian; thorn
Shemida,Shemida,Male,OT,son of Gilead (NUM 26:30-32),name of knowledge; that puts knowledge
Shemiramoth,Shemiramoth,Male,OT,"second rank Levite, gatekeeper (1CH 15:18)",the height of the heavens
Shemuel,Shemuel,Male,NT,The son of Ammihud,appointed by God
Shenazar,Shenazar,Male,Unknown,,treasurer of a tooth
Shenazzar,Shenazzar,Male,OT,son of Jehoiachin_1 [Jeconiah] (1CH 3:18),
Shephathiah,Shefathías,Male,Unknown,,
Shephatiah,Shefatías,Male,OT,fifth-born son of King David (2SA 3:4),the Lord that judges
Shepho,Shefo,Male,OT,son of Shobal (GEN 36:23),desert
Sherah,Sherah,Female,Unknown,,flesh; relationship
Sherebiah,Sherebías,Male,OT,a man of insight sent to Ezra (EZR 8:18),singing with the Lord
Sheresh,Sheresh,Male,OT,son of Machir and Maacah (1CH 7:16),
Sherezer,Sherezer,Male,NT,One of the messengers whom the children of the Captivity sent to Jerusalem “to pray for them before the Lord” ([Zech,
Sheshai,Sheshai,Male,OT,descendant of Anak (NUM 13:22),six; mercy; flax
Sheshan,Sheshan,Male,OT,son of Ishi (1CH 2:31),lily; rose; joy; flax
Sheshbazzar,Sheshbazzar,Male,Both,the prince of Judah (EZR 1:8),joy in tribulation; joy of the vintage
Shethar,Shethar,Male,Both,one of the seven princes of Persia and Media (EST 1:14),putrefied; searching
Shethar-bozenai,Shethar-bozenai,Male,Both,opposed Israel rebuilding the Temple (EZR 5:3),
Shethar-boznai,Shethar-boznai,Male,NT,"Star of splendour, a Persian officer who vainly attempted to hinder the rebuilding of the temple ([Ezra 5:3](/ezra#Ezra",that makes to rot; that seeks those who despise me
Sheva,Sheva,Male,Both,scribe for King David (2SA 20:25,vanity; elevation; fame; tumult
Shilhi,Shilhi,Male,OT,father of Azubah (1KI 22:42),"Shilhim, bough; weapon; armor"
Shillem,Shillem,Male,OT,son of Naphtali (GEN 46:24),peace; perfection; retribution
Shiloni,Shiloni,Male,Unknown,,
Shilshah,Shilshah,Male,OT,son of Zophah (1CH 7:37),three; chief; captain
Shimea,Shimea,Male,Both,son of Uzzah (1CH 6:30),
Shimeah,Shimeah,Male,OT,son of Mikloth (1CH 8:32),"Shimeath, that hears, or obeys; perdition"
Shimeath,Shimeath,Female,OT,mother of Jozacar (2KI 12:21) an Ammonitess (2CH 24:26),
Shimei,Simei,Male,Both,son of Gershon (EXO 6:17),"Shimi, that hears or obeys; my reputation; my fame"
Shimeon,Shimeon,Male,OT,descendant of Harim who had married a foreign wife (EZR 10:31),same as Simeon
Shimhi,Shimhi,Male,OT,"Famous, a Benjamite ([1 Chr",
Shimon,Shimon,Male,OT,"father of Amnon, Rinnah, Benhanan, and Tilon (1CH 4:20)",providing well; fatness; oil
Shimrath,Shimrath,Male,OT,son of Shimei [Shema v13] (1CH 8:21),hearing; obedient
Shimri,Shimri,Male,OT,"son of Shemaiah (1CH 4:37), Simeonite (1CH 4:24)",thorn; dregs
Shimrith,Shimrith,Male,NT,"The mother of Jehozabad, who murdered Joash ([2 Kings 12:21](/2kgs#2Kgs","Shimron, same as Shimri"
Shimron,Shimron,Male,Both,son of Issachar (GEN 46:13),
Shimshai,Shimshai,Male,Both,the scribe who wrote against Judah (EZR 4:8),my son
Shinab,Shinab,Male,Both,King of Admah (GEN 14:2),father of changing
Shiphi,Shifi,Male,OT,"son of Allon (1CH 4:37), Simeonite (1CH 4:24)",multitude
Shiphrah,Shiphrah,Female,Both,Hebrew midwife of Exodus (EXO 1:15),handsome; trumpet; that does good
Shiphtan,Shiphtan,Male,Both,father of Kemuel (NUM 34:24),
Shisha,Shisha,Male,OT,father of Elihoreph and Ahijah (1KI 4:3),of marble; pleasant
Shishak,Shishak,Male,OT,King of Egypt (1KI 14:25),present of the bag; of the pot; of the thigh
Shitrai,Shitrai,Male,Both,the Sharonite in charge of David's cattle in Sharon (1CH 27:29),gatherer of money
Shiza,Shiza,Male,Both,the Reubenite (1CH 11:42),this gift
Shobab,Shobab,Male,OT,son of David (2SA 5:14),returned; turned back; a spark
Shobach,Shobach,Male,Both,commander of the army of Hadadezer (2SA 10:16),your bonds; your chains
Shobai,Shobai,Male,OT,his sons (descendants) returned to Judah after captivity (EZR 2:42),turning captivity
Shobal,Shobal,Male,Both,son of Seir (GEN 36:20) and chief in Edom (GEN 36:29),path; ear of corn
Shobek,Shobek,Male,OT,non-Levite leader (NEH 10:14),made void; forsaken
Shobi,Shobi,Male,Both,the son of Nahash from Rabbah (2SA 17:27),
Shoham,Shoham,Male,OT,son of Jaaziah (1CH 24:27),keeping back
Shomer,Shomer,Female,OT,"mother of Jehozabad (2KI 12:21), a Moabitess (2CH 24:26)",keeper; dregs
Shua,Shua,Male,Both,Canaanite father of Judah's wife (GEN 38:2),crying; saving
Shuah,Shuah,Male,OT,son of Abraham through Keturah (GEN 25:2),ditch; swimming; humiliation
Shual,Shual,Male,OT,son of Zophah (1CH 7:36),fox; path; first
Shubael,Shubael,Male,Both,"One of the descendants of Gershom, who had charge of the temple treasures in the time of David ([1 Chr",returning captivity; seat of God
Shuhah,Shuhah,Male,OT,brother of Chelub (1CH 4:11),
Shuni,Shuni,Male,OT,son of Gad (GEN 46:16),changed; sleeping
Shupham,Shufam,Male,Unknown,,
Shuppim,Shuppim,Male,Both,gatekeeper to the west (1CH 26:16),
Shuthelah,Shuthelah,Male,OT,descendant of Ephraim (NUM 26:35),plant; verdure; moist; pot
Sia,Sia,Male,Unknown,,moving; help
Siaha,Siaha,Male,OT,temple servant (EZR 2:44),
Sibbecai,Sibbecai,Male,Both,the Hushathite (2SA 21:18) of the Zerahites,
Sibbechai,Sibbechai,Male,Both,"The Lord sustains, one of David’s heroes ([1 Chr",bough; cottage; of springs
Sidon,Sidon,Male,OT,son of Canaan (GEN 10:15),hunting; fishing; venison
Sihon,Sehón,Male,Both,King of the Amorites (NUM 21:21),rooting out; conclusion
Silas,Silas,Male,NT,a leading man among the brethren (ACT 15:22),"three, or the third"
Simeon,Simeón,Male,Both,"second-born son of Jacob (GEN 29:33), son of Leah",that hears or obeys; that is heard
Simon,Simón,Male,NT,"Peter, brother of Andrew (MAT 4:18)",that hears; that obeys
Simri,Simri,Male,Both,"Watchman, a Levite of the family of Merari ([1 Chr",
Sini,Sini,Male,OT,son of Canaan (GEN 10:15),
Sinite,Sinite,Male,OT,"An inhabitant of Sin, near Arka ([Gen",
Sippai,Sippai,Male,Both,"Extension, the son of the giant whom Sibbechai slew ([2 Sam",threshold; silver cup
Sisamai,Sisamai,Male,Unknown,,house; blindness
Sisera,Sísara,Male,Both,commander of Jabin's army (JDG 4:2),that sees a horse or a swallow
Sismai,Sismai,Male,OT,son of Eleasah (1CH 2:40),
Sister of Tahpenes,Sister of Tahpenes,Female,Unknown,,
Sithri,Sithri,Male,OT,son of Uzziel (EXO 6:22),
So,So,Male,OT,King of Egypt (2KI 17:4),a measure for grain; vail
Soco,Soco,Male,OT,"son of Mered and ""his Jewish wife"" (1CH 4:18)",
Sodi,Sodi,Male,OT,father of Gaddiel (NUM 13:10),my secret
Solomon,Salomón,Male,Both,son of David (2SA 5:14),peaceable; perfect; one who recompenses
Sopater,Sópater,Male,NT,a believer from Berea (ACT 20:4),"Sosipater, who defends the father"
Sophereth,Sofereth,Female,Unknown,,"scribe, numbering"
Sosipater,Sosipater,Male,NT,a kinsman of Paul (ROM 16:21),
Sosthenes,Sóstenes,Male,NT,"Safe in strength, the chief ruler of the synagogue at Corinth, who was seized and beaten by the mob in the presence of Gallio, the Roman governor, whe...",savior; strong; powerful
Sotai,Sotai,Male,OT,Solomon's servant (EZR 2:55),conclusion in pleading; binding
Stachys,Stachys,Male,NT,beloved of Paul (ROM 16:9),spike or ear of corn
Stephanas,Stefanas,Male,NT,a believer whose household Paul baptized (1CO 1:16),crown; crowned
Stephen,Esteban,Male,NT,chosen to serve the widows of the Hellenistic Jews (ACT 6:5),same as Stephanas
Suah,Suah,Male,OT,son of Zophah (1CH 7:36),speaking; entreating; ditch
Susanna,Susana,Female,NT,contributed support (LUK 8:3),lily; rose; joy
Susi,Susi,Male,Both,father of Gaddi (NUM 13:11),horse; swallow; moth
Syntyche,Syntyche,Female,NT,Paul urged her to live in harmony in the Lord (PHP 4:2),that speaks or discourses
Tabbaoth,Tabbaoth,Male,Both,temple servant (EZR 2:43),
Tabeal,Tabeal,Male,Both,"Goodness of God, the father of one whom the kings of Syria and Samaria in vain attempted to place on the throne of Ahaz ([Isa","Tabeel, good God"
Tabeel,Tabeel,Male,Both,wrote against Judah (EZR 4:7),
Tabitha,Tabita,Female,NT,a disciple who lived in Joppa (ACT 9:36),clear-sighted; a roe-deer
Tabrimmon,Tabrimmon,Male,OT,father of Ben-hadad (1KI 15:18),
Tabrimon,Tabrimon,Male,NT,"Good is Rimmon, the father of Benhadad, king of Syria ([1 Kings 15:18](/1kgs#1Kgs",good pomegranate; the navel; the middle
Tahan,Tahan,Male,OT,descendant of Ephraim (NUM 26:35),beseeching; merciful
Tahash,Tahash,Male,OT,"son of Nahor via his concubine, Reumah (GEN 22:24)",
Tahath,Tahath,Male,OT,son of Assir (1CH 6:24),fear; going down
Tahpenes,Tahpenes,Female,Both,Queen of Egypt (1KI 11:19),standard; flight; temptation
Tahrea,Tahrea,Male,Unknown,,anger; wicked contention
Talitha,Talitha,Female,NT,the daughter of the synagogue official who was healed (MRK 5:41),
Talmai,Talmai,Male,Both,descendant of Anak (NUM 13:22),my furrow; that suspends the waters; heap of waters
Talmon,Talmon,Male,Both,"one of the gatekeepers (1CH 9:17, EZR 2:42, NEH 7:45, NEH 12:25)",
Tamah,Tamah,Male,Unknown,,blotting or wiping out; smiting
Tamar,Tamar,Male,Both,"wife of Er (GEN 38:6), and mother of Perez (GEN 38:29) and Zerah (GEN 38:30) by Judah",palm; palm-tree
Tanhumeth,Tanhumeth,Male,Both,"the Netophathite, father of Seraiah, one of the captains of Judean forces (2KI 25:23)",consolation; repentance
Taphath,Tafath,Female,OT,"daughter of Solomon, wife of Ben-abinadab (1KI 4:11)",distillation; drop
Tappuah,Tappuah,Male,OT,son of Hebron (1CH 2:43),apple; swelling
Tarea,Tarea,Male,OT,son of Micah (1CH 8:35),howling; doing evil
Tarshish,Tarshish,Male,Both,son of Javan (GEN 10:4),contemplation; examination
Tartan,Tartan,Male,OT,messenger from Sennacherib to Hezekiah (2KI 18:17),a general (official title)
Tatnai,Tatnai,Male,NT,"Gift, a Persian governor (Heb",that gives; the overseer of the gifts and tributes
Tattenai,Tattenai,Male,Both,governor who opposed Israel rebuilding the Temple (EZR 5:3),
Tebah,Tebah,Male,OT,"son of Nahor via his concubine, Reumah (GEN 22:24)",murder; butchery; guarding of the body; a cook
Tebaliah,Tebalías,Male,OT,third-born son of Hosah (1CH 26:11),"baptism, or goodness, of the Lord"
Tehinnah,Tehinnah,Male,OT,son of Eshton (1CH 4:12),entreaty; a favor
Tekoa,Tekoa,Male,OT,son of Ashhur (1CH 2:24),trumpet; that is confirmed
Telah,Telah,Male,OT,son of Ephraim (1CH 7:25),moistening; greenness
Telem,Telem,Male,OT,Levite gatekeeper who had married a foreign wife (EZR 10:24),their dew; their shadow
Tema,Tema,Male,OT,ninth-born son of Ishmael (GEN 25:15),admiration; perfection; consummation
Temah,Temah,Male,OT,temple servant (EZR 2:53),
Teman,Teman,Male,OT,"son of Eliphaz (GEN 36:11) and chief of Edom (GEN 36:15, 42)","Temani, the south; Africa; perfect"
Temeni,Temeni,Male,Both,son of Ashhur and Naarah (1CH 4:6),
Terah,Taré,Male,Both,son of Nahor(GEN 11:24),to breathe; scent; blow
Teresh,Teresh,Male,Both,plotted against Ahasuerus (EST 2:21),
Tertius,Tertius,Male,NT,scribed Paul's letter to the Romans (ROM 16:22),third
Tertullus,Tertullus,Male,NT,an attorney who brought charges against Paul (ACT 24:2),third
Thaddaeus,Tadeo,Male,NT,disciple of the Messiah (MAT 10:3),
Thahash,Tahash,Male,OT,"A badger, a son of Nahor, Abraham’s brother ([Gen",that makes haste; that keeps silence
Tharshish,Tarshish,Male,Unknown,,
Theophilus,Teófilo,Male,NT,the recipient/audience of Luke's account (LUK 1:3),friend of God
Theudas,Teudas,Male,NT,someone who rose up but was killed (ACT 5:36),flowing with water
Thomas,Tomás,Male,NT,disciple of the Messiah (MAT 10:3),a twin
Tiberius,Tiberio,Male,Unknown,I,the son of Tiber
Tibni,Tibni,Male,Both,half of Israel wanted him to be king (1KI 16:21),straw; hay
Tidal,Tidal,Male,Both,King of Goiim (GEN 14:1),that breaks the yoke; knowledge of elevation
Tiglath-pileser,Tiglath-pileser,Male,OT,King of Assyria (2KI 15:29),that binds or takes away captivity
Tikvah,Tikvah,Male,OT,father of Shallum (2KI 22:14),hope; a little line; congregation
Tilgath-pilneser,Tilgath-pilneser,Male,Unknown,An Assyrian king,
Tilon,Tilon,Male,OT,son of Shimon (1CH 4:20),murmuring
Timaeus,Timaeus,Male,NT,father of Bartimaeus (MRK 10:46),
Timna,Timna,Female,OT,concubine of Esau's son Eliphaz (GEN 36:12) and sister of Lotan (GEN 36:22),
Timnah,Timnah,Male,OT,A “duke” or sheik of Edom ([Gen,forbidding
Timon,Timon,Male,NT,chosen to serve the widows of the Hellenistic Jews (ACT 6:5),honorable; worthy
Timotheus,Timotheus,Male,Unknown,"Honouring God, a young disciple who was Paul’s companion in many of his journeyings",honor of God; valued of God
Timothy,Timoteo,Male,NT,a disciple and Paul's companion (ACT 16:1),
Tiras,Tiras,Male,Both,son of Japheth (GEN 10:2),
Tirhakah,Tirhakah,Male,Both,King of Cush (2KI 19:9),inquirer; examiner; dull observer
Tirhanah,Tirhanah,Male,OT,son of Chelubai [Caleb] by Maacah (1CH 2:48),
Tiria,Tiria,Male,OT,son of Jehallelel (1CH 4:16),searching out
Tirzah,Tirzah,Female,Both,daughter of Zelophehad (NUM 26:33),benevolent; complaisant; pleasing
Titius,Titius,Male,NT,a worshiper whose house was next to the synagogue in Corinth (ACT 18:7),
Titus,Tito,Male,NT,a brother (2CO 2:13) and Paul's partner and fellow worker in ministry (2CO 8:23),pleasing
Tobadonijah,Tobadoniías,Male,Both,Levite sent by Jehoshaphat (2CH 17:8),
Tobiah,Tobías,Male,OT,unable to give evidence if they were from Israel (EZR 2:60),"Tobijah, the Lord is good"
Tobijah,Tobiías,Male,OT,Levite sent by Jehoshaphat (2CH 17:8),
Togarmah,Togarmah,Male,OT,son of Gomer (GEN 10:3),which is all bone
Tohu,Tohu,Male,OT,father of Elihu and ancestor of Samuel (1SA 1:1),that lives; that declares
Toi,Toi,Male,Both,King of Hamath (2SA 8:9),who wanders
Tola,Tola,Male,OT,son of Issachar (GEN 46:13),worm; grub; scarlet
Trophimus,Trófimo,Male,NT,a believer from Asia (ACT 20:4) specifically Ephesus (ACT 21:29),well educated; well brought up
Tryphaena,Tryfaena,Female,NT,worker in the Lord to whom Paul sends greetings (ROM 16:12),
Tryphena,Tryfena,Female,Unknown,,delicious; delicate
Tryphosa,Tryfosa,Female,NT,worker in the Lord to whom Paul sends greetings (ROM 16:12),thrice shining
Tubal,Tubal,Male,Both,son of Japheth (GEN 10:2),the earth; the world; confusion
Tubal-cain,Tubal-cain,Male,Both,the forger of all implements of bronze and iron (GEN 4:22),worldly possession; possessed of confusion
Tychicus,Tíquico,Male,NT,a believer from Asia (ACT 20:4),casual; by chance
Tyrannus,Tyrannus,Male,NT,ran a school in Ephesus (ACT 19:9),a prince; one that reigns
Ucal,Ucal,Male,Both,audience of Agur (PRO 30:1),"power, prevalency"
Uel,Uel,Male,OT,descendant of Bani who had married a foreign wife (EZR 10:34),desiring God
Ulam,Ulam,Male,OT,son of Peresh (1CH 7:16),the porch; the court; their strength; their folly
Ulla,Ulla,Male,Unknown,,elevation; leaf; young child
Unni,Unni,Male,Both,"second rank Levite, gatekeeper (1CH 15:18)",poor; afflicted; that answers
Ur,Ur,Male,Unknown,,"fire, light, a valley"
Urbane,Urbane,Male,Unknown,,courteous
Urbanus,Urbanus,Male,NT,Paul's fellow worker in Christ (ROM 16:9),
Uri,Uri,Male,OT,father of Bezalel (EXO 31:2),"my light, my fire"
Uriah,Urías,Male,Both,"the Hittite (2SA 11:3), thirty-seventh of ""the thirty"" of David's men (2SA 23:39)","or Urijah, the Lord is my light or fire"
Uriel,Uriel,Male,Both,"son of Tahath (1CH 6:24), chief of the sons of Kohath (1CH 15:5)",same as Uriah
Urijah,Uriías,Male,Both,priest who built an altar in the pattern seen in Damascus (2KI 16:10),
Uthai,Uthai,Male,OT,son of Ammihud (1CH 9:4),my iniquity
Uz,Uz,Male,Both,son of Aram (GEN 10:23),counsel; words
Uzai,Uzai,Male,OT,father of Palal (NEH 3:25),he
Uzal,Uzal,Male,OT,son of Joktan (GEN 10:27),wandering
Uzza,Uzza,Male,Both,owner of the garden where Manasseh was buried (2KI 21:18),
Uzzah,Uzzah,Male,Both,son of Abinadab (2SA 6:3) who died for touching the ark (2SA 6:7),strength; goat
Uzzi,Uzzi,Male,Both,son of Bukki (1CH 6:5) and father of Zerhiah (1CH 6:6),my strength; my kid
Uzzia,Uzzia,Male,Both,the Ashterathite (1CH 11:44),
Uzziah,Uzías,Male,Both,son of Uriel (1CH 6:24),"Uzziel, the strength, or kid, of the Lord"
Uzziel,Uzziel,Male,Both,son of Kohath (EXO 6:18),
Vaizatha,Vaizatha,Male,OT,son of Haman (EST 9:9),
Vajezatha,Vajezatha,Male,NT,"Purity; worthy of honour, one of Haman’s sons, whom the Jews slew in the palace of Shushan ([Esther 9:9](/esth#Esth",sprinkling the chamber
Vaniah,Vanías,Male,OT,descendant of Bani who had married a foreign wife (EZR 10:36),"nourishment, or weapons, of the Lord"
Vashti,Vasti,Female,Both,queen of Persia (EST 1:9),that drinks; thread
Vophsi,Vophsi,Male,OT,father of Nahbi (NUM 13:14),fragrant; diminution
Wife of Ezekiel,Wife of Ezekiel,Female,Unknown,,
Wife of Lot,Wife of Lot,Female,OT,became a pillar (not a statue) of salt (GEN 19:26),
Wife of Simon,Wife of Simon,Female,Unknown,,
YHVH,YHVH,Male,OT,"Holy, Holy, Holy (ISA 6:3) and too many others to fit here",
Younger of Lot,Younger of Lot,Female,OT,mother of Ben-ammi (GEN 19:38),
Zaavan,Zaavan,Male,OT,son of Ezer (GEN 36:27),trembling
Zabad,Zabad,Male,Both,son of Nathan (1CH 2:36),dowry; endowed
Zabbai,Zabbai,Male,OT,descendant of Bebai who had married a foreign wife (EZR 10:28),flowing
Zabbud,Zabbud,Male,OT,"descendant of Bigvai, went up with Ezra (EZR 8:14)",
Zabdi,Zabdi,Male,OT,"father of Carmi, father of Achan who took forbidden things from Jericho (JOS 7:1)",same as Zabad
Zabdiel,Zabdiel,Male,Both,"father of Jashobeam (1CH 27:2), descendant of Perez (1CH 27:3)",
Zaboud,Zaboud,Male,OT,son of Hammuel and father of Zaccur (1CH 4:26),
Zabud,Zabud,Male,Both,"son of Nathan, a friend of King Solomon (1KI 4:5)",
Zaccai,Zaccai,Male,OT,his sons (descendants) returned to Judah after captivity (EZR 2:9),pure meat; just
Zacchaeus,Zaqueo,Male,NT,"Pure, a superintendant of customs; a chief tax-gather (publicanus) at Jericho ([Luke 19:1-10](/luke#Luke",
Zaccheus,Zaccheus,Male,NT,chief tax collector (LUK 19:2) of small stature (LUK 19:3),pure; clean; just
Zacchur,Zacchur,Male,Unknown,,
Zaccur,Zaccur,Male,Both,father of Shammua (NUM 13:4),of the male kind; mindful
Zachariah,Zacharías,Male,Unknown,Son of Jeroboam II,memory of the Lord
Zacharias,Zacarías,Male,Both,the priest (LUK 1:5) father of John the Baptist,
Zacher,Zacher,Male,OT,"Memorial, a son of Jehiel ([1 Chr",
Zadok,Sadoc,Male,Both,"son of Ahitub and priest during King David's reign (2SA 8:17), a mighty of valor (1CH 12:28)",just; justified
Zaham,Zaham,Male,OT,son of Rehoboam and Mahalath (2CH 11:18),crime; filthiness; impurity
Zalaph,Zalaph,Male,OT,father of Hanun_3 (NEH 3:30),shadow; ringing; shaking
Zalmon,Zalmon,Male,Both,"the Ahohite (2SA 23:28), fourteenth of ""the thirty"" of David's men",his shade; his image
Zalmunna,Zalmunna,Male,Both,King of Midian (JDG 8:3),shadow; image; idol forbidden
Zanoah,Zanoah,Male,OT,"son of Mered and ""his Jewish wife"" (1CH 4:18)",forgetfulness; desertion
Zatthu,Zatthu,Male,OT,"A sprout, [Neh",olive tree
Zattu,Zattu,Male,OT,his sons (descendants) returned to Judah after captivity (EZR 2:8),
Zavan,Zavan,Male,Both,"Terror, one of the “dukes of Edom” ([Gen",
Zaza,Zaza,Male,OT,son of Jonathan (1CH 2:33),belonging to all
Zebadiah,Zebadías,Male,OT,son of Beriah (1CH 8:15),portion of the Lord; the Lord is my portion
Zebah,Zebah,Male,Both,King of Midian (JDG 8:3),victim; sacrifice
Zebedee,Zebedee,Male,NT,father of James and John (MAT 4:21),abundant; portion
Zebidah,Zebidah,Female,OT,mother of Eliakim [Jehoiakim] (2KI 23:36),
Zebina,Zebina,Male,OT,descendant of Nebo who had married a foreign wife (EZR 10:43),flowing now; selling; buying
Zebudah,Zebudah,Female,NT,"Given, the wife of Josiah and mother of Jehoiakim ([2 Kings 23:36](/2kgs#2Kgs",endowed; endowing
Zebul,Zebul,Male,Both,the ruler of Shechem (JDG 9:30),a habitation
Zebulun,Zabulón,Male,Both,"tenth-born son of Jacob (GEN 30:19), son of Leah","Zebulon, dwelling; habitation"
Zechariah,Zacarías,Male,Both,"King of Israel, son of Jeroboam (2KI 14:29)",same as Zachariah
Zecher,Zecher,Male,OT,son of Jeiel and Maacah (1CH 8:31),
Zedekiah,Sedequías,Male,Both,"made horns of iron (1KI 22:11, 2CH 18:10)",the Lord is my justice; the justice of the Lord
Zeeb,Zeeb,Male,Both,leader of Midian (JDG 7:25),wolf
Zelek,Zelek,Male,Both,"the Ammonite, thirty-third of ""the thirty"" of David's men (2SA 23:37)",the shadow or noise of him that licks or laps
Zelophehad,Zelofehad,Male,Both,son of Hepher who had only daughters (NUM 26:33),the shade or tingling of fear
Zemar,Zemar,Male,OT,son of Canaan (GEN 10:15),
Zemarite,Zemarite,Male,Both,The designation of one of the Phoenician tribes ([Gen,
Zemira,Zemira,Male,Both,"Vine-dresser, a Benjamite; one of the sons of Becher ([1 Chr",song; vine; palm
Zemirah,Zemirah,Male,OT,son of Becher (1CH 7:8),
Zenas,Zenas,Male,NT,a lawyer Paul charged Titus with digiligently helping (TIT 3:13),living
Zephaniah,Sofonías,Male,Both,the second-in-charge priest (2KI 25:18) who was killed by the king of Babylon (2KI 25:21),the Lord is my secret
Zepho,Zefo,Male,OT,son of Eliphaz (GEN 36:11) and chief of Edom (GEN 36:15),"Zephon, that sees and observes; that expects or covers"
Zephon,Zefon,Male,Unknown,,
Zerah,Zerah,Male,OT,son of Reuel (GEN 36:13) and chief of Edom (GEN 36:17),same as Zarah
Zerahiah,Zerahías,Male,OT,father of Meraioth (1CH 6:6),the Lord rising; brightness of the Lord
Zeresh,Zeresh,Female,Both,wife of Haman (EST 5:10),misery; strange; dispersed inheritance
Zereth,Zereth,Male,OT,son of Ashhur and Helah (1CH 4:7),same as Zer
Zeri,Zeri,Male,OT,"son of Jeduthun (1CH 25:3), chosen fourth by log (1CH 25:11)",
Zeror,Zeror,Male,OT,"father of Abiel (1SA 9:1), ancestor of King Saul",root; that straitens or binds; that keeps tight
Zeruah,Zeruah,Female,Both,"mother of Jeroboam, a widow (1KI 11:26)",leprous; wasp; hornet
Zerubbabel,Zorobabel,Male,Both,son of Pedaiah (1CH 3:19),a stranger at Babylon; dispersion of confusion
Zeruiah,Zeruías,Female,Both,"mother of Abishai, Joab (1SA 26:6), and Asahel (2SA 2:18), sister of King David (1CH 2:16)",pain or tribulation of the Lord
Zetham,Zetham,Male,OT,son of Ladan [Libni_1] (1CH 23:8),
Zethan,Zethan,Male,OT,son of Bilhan (1CH 7:10),
Zethar,Zethar,Male,Both,one of the seven eunuchs who served in the presence of King Ahasuerus (EST 1:10),he that examines or beholds
Zia,Zia,Male,OT,"??? (1CH 5:13), Gadite (1CH 5:11)",sweat; swelling
Ziba,Ziba,Male,Both,servant from the house of Saul (2SA 9:2),army; fight; strength
Zibeon,Zibeon,Male,Both,"the Hivite and grandfather of Oholibamah, Esau's wife (GEN 36:2)",iniquity that dwells
Zibia,Zibia,Male,OT,son of Shaharaim (1CH 8:9),
Zibiah,Zibías,Male,Both,"of Beersheba, mother of King Jehoash (2KI 12:1, 2CH 24:1) ['Joash' in 2KI 11:2]",the Lord dwells; deer; goat
Zichri,Zichri,Male,OT,son of Izhar (EXO 6:21),that remembers; that is a man
Zidkijah,Zidkiías,Male,Both,"The Lord is righteous, one who sealed the covenant with Nehemiah ([Neh",justice of the Lord
Zidon,Zidon,Male,NT,"A fishery, a town on the Mediterranean coast, about 25 miles north of Tyre",hunting; fishing; venison
Ziha,Ziha,Male,Both,temple servant (EZR 2:43),brightness; whiteness; drought
Zillah,Zillah,Female,Both,wife of Lamech (GEN 4:19),shadow; the tingling of the ear
Zillethai,Zillethai,Male,OT,son of Shimei [Shema v13] (1CH 8:20),
Zilpah,Zilpa,Female,Both,maid of Laban given to Leah (GEN 29:24) and wife of Jacob (GEN 30:9),distillation from the mouth
Zilthai,Zilthai,Male,OT,A Benjamite ([1 Chr,my shadow; my talk
Zimmah,Zimmah,Male,OT,son of Jahath (1CH 6:20),thought; wickedness
Zimran,Zimran,Male,Both,son of Abraham through Keturah (GEN 25:2),song; singer; vine
Zimri,Zimri,Male,OT,man pierced by Phinehas (NUM 25:14),
Zina,Zina,Male,OT,descendant of Shimei_1 (1CH 23:10),shining; going back
Ziph,Ziph,Male,OT,son of Mesha (1CH 2:42),this mouth or mouthful; falsehood
Ziphah,Zifah,Male,OT,son of Jehallelel (1CH 4:16),
Ziphion,Zifion,Male,OT,son of Gad (GEN 46:16),
Zippor,Zippor,Male,Both,father of Balak (NUM 22:2),bird; sparrow; crown; desert
Zipporah,Séfora,Female,OT,"daughter of Reuel (EXO 2:18), Moses' wife (EXO 2:21), a Cushite (NUM 12:1)",beauty; trumpet; mourning
Zithri,Zithri,Male,Both,"The Lord protects, a Levite, son of Uzziel ([Ex",to hide; demolished
Ziza,Ziza,Male,OT,"son of Shiphi (1CH 4:37), Simeonite (1CH 4:24)",same as Zina
Zizah,Zizah,Male,OT,A Gershonite Levite ([1 Chr,
Zoar,Zoar,Male,Both,"Small, a town on the east or south-east of the Dead Sea, to which Lot and his daughters fled from Sodom ([Gen",little; small
Zobebah,Zobebah,Male,OT,son of Koz (1CH 4:8),
Zohar,Zohar,Male,Both,father of Ephron who sold the cave at Machpelah to Abraham (GEN 23:8),white; bright; dryness
Zoheth,Zoheth,Male,Both,son of Ishi (1CH 4:20),separation; amazing
Zophah,Zofah,Male,OT,son of Hotham (1CH 7:35),viol; honeycomb
Zophar,Zofar,Male,Both,"the Naamathite, friend of Job (JOB 2:11)",rising early; crown
Zorobabel,Zorobabel,Male,Unknown,,same as Zerubbabel
Zuar,Zuar,Male,OT,father of Nethanel (NUM 1:8),same as Zoar
Zuph,Zuph,Male,OT,father of Tohu and ancestor of Samuel (1SA 1:1),"that beholds, observes, watches; roof; covering"
Zur,Zur,Male,OT,head of a household in Midian and father of Cozbi (NUM 25:15),stone; rock; that besieges
Zuriel,Zuriel,Male,Both,leader of the families of Merari (NUM 3:35),rock or strength of God
Zurishaddai,Zurishaddai,Male,Both,father of Shelumiel (NUM 1:6),the Almighty is my rock and strength
a despicable person,a despicable person,Male,Both,leader of the kingdom of the north (DAN 11:21),
daughter of the King of the South,daughter of the King of the South,Female,Both,the daughter of the king of Egypt (DAN 11:6),
man of great stature,man of great stature,Male,Unknown,,
man of understanding,man of understanding,Male,Unknown,,
son of Abinadab,son of Abinadab,Male,Unknown,,
son of Dekar,son of Dekar,Male,Unknown,,
son of Geber,son of Geber,Male,Unknown,,
son of Hesed,son of Hesed,Male,Unknown,,
son of Hur,son of Hur,Male,Unknown,,
son of Joiada,son of Joiada,Male,Unknown,,
sons of Jashen,sons of Jashen,Male,Unknown,,
the Ethiopian eunuch,the Ethiopian eunuch,Male,NT,an official of queen Candace (ACT 8:27),
the angel of the LORD,the angel of the LORD,Male,Both,"definite article ""the"" angel (GEN 16:7, GEN 22:11, EXO 3:2, NUM 22:22, JDG 2:1, etc.)",
the captain of the host of the LORD,the captain of the host of the LORD,Male,Both,as Joshua prepared for the battle at Jericho (JOS 5:14),
the giant in Gath,the giant in Gath,Male,NT,Heb,
