src_id,dst_id,rel_type,reason
3616,27730,BROTHER_OF,symmetry of BROTHER_OF
19079,19078,BROTHER_OF,symmetry of BROTHER_OF
19102,19583,BROTHER_OF,symmetry of BROTHER_OF
29824,30156,BROTHER_OF,symmetry of BROTHER_OF
390565,3404,BROTHER_OF,symmetry of BROTHER_OF
42064,19265,BROTHER_OF,symmetry of BROTHER_OF
19200,3278,BROTHER_OF,symmetry of BROTHER_OF
19073,19108,BROTHER_OF,symmetry of BROTHER_OF
18886,36609,BROTHER_OF,symmetry of BROTHER_OF
36233,36245,BROTHER_OF,symmetry of BROTHER_OF
36233,36250,BROTHER_OF,symmetry of BROTHER_OF
19330,19091,BROTHER_OF,symmetry of BROTHER_OF
36535,36536,BROTHER_OF,symmetry of BROTHER_OF
36505,3580,BROTHER_OF,symmetry of BROTHER_OF
36141,36797,BROTHER_OF,symmetry of BROTHER_OF
3580,36158,BROTHER_OF,symmetry of BROTHER_OF
18663,36610,BROTHER_OF,symmetry of BROTHER_OF
19077,29822,BROTHER_OF,symmetry of BROTHER_OF
38623,36083,BROTHER_OF,symmetry of BROTHER_OF
19484,669376,BROTHER_OF,symmetry of BROTHER_OF
13546,440773,BROTHER_OF,symmetry of BROTHER_OF
36233,13666,BROTHER_OF,symmetry of BROTHER_OF
18663,12763,BROTHER_OF,symmetry of BROTHER_OF
36233,12537,BROTHER_OF,symmetry of BROTHER_OF
12714,36536,BROTHER_OF,symmetry of BROTHER_OF
12708,3580,BROTHER_OF,symmetry of BROTHER_OF
15495,12902,BROTHER_OF,symmetry of BROTHER_OF
3580,12515,BROTHER_OF,symmetry of BROTHER_OF
19200,19199,BROTHER_OF,symmetry of BROTHER_OF
19073,19109,BROTHER_OF,symmetry of BROTHER_OF
19735,30497,BROTHER_OF,symmetry of BROTHER_OF
29678,29679,BROTHER_OF,symmetry of BROTHER_OF
3416,26061,BROTHER_OF,symmetry of BROTHER_OF
18645,19073,BROTHER_OF,symmetry of BROTHER_OF
19870,30781,BROTHER_OF,symmetry of BROTHER_OF
19870,207619,BROTHER_OF,symmetry of BROTHER_OF
792244,83519,BROTHER_OF,symmetry of BROTHER_OF
19870,289383,BROTHER_OF,symmetry of BROTHER_OF
19735,18897,BROTHER_OF,symmetry of BROTHER_OF
3448,220677,BROTHER_OF,symmetry of BROTHER_OF
221135,66298,BROTHER_OF,symmetry of BROTHER_OF
380753,146012,BROTHER_OF,symmetry of BROTHER_OF
19870,291220,BROTHER_OF,symmetry of BROTHER_OF
19735,67829,BROTHER_OF,symmetry of BROTHER_OF
104442,19073,BROTHER_OF,symmetry of BROTHER_OF
221027,384952,BROTHER_OF,symmetry of BROTHER_OF
386106,375255,BROTHER_OF,symmetry of BROTHER_OF
104121,59860,BROTHER_OF,symmetry of BROTHER_OF
19879,36788,BROTHER_OF,symmetry of BROTHER_OF
30848,33691,BROTHER_OF,symmetry of BROTHER_OF
3580,36498,BROTHER_OF,symmetry of BROTHER_OF
3278,35071,BROTHER_OF,symmetry of BROTHER_OF
18645,19581,BROTHER_OF,symmetry of BROTHER_OF
446094,406199,BROTHER_OF,symmetry of BROTHER_OF
19200,36950,BROTHER_OF,symmetry of BROTHER_OF
19299,3556,BROTHER_OF,symmetry of BROTHER_OF
36121,36573,BROTHER_OF,symmetry of BROTHER_OF
18663,36162,BROTHER_OF,symmetry of BROTHER_OF
19108,19581,BROTHER_OF,symmetry of BROTHER_OF
421456,431967,BROTHER_OF,symmetry of BROTHER_OF
18904,465604,BROTHER_OF,symmetry of BROTHER_OF
3580,36783,BROTHER_OF,symmetry of BROTHER_OF
3278,36573,BROTHER_OF,symmetry of BROTHER_OF
27544,45528,BROTHER_OF,symmetry of BROTHER_OF
33499,432971,BROTHER_OF,symmetry of BROTHER_OF
19097,29699,BROTHER_OF,symmetry of BROTHER_OF
19097,29832,BROTHER_OF,symmetry of BROTHER_OF
19583,209474,BROTHER_OF,symmetry of BROTHER_OF
48817,561142,BROTHER_OF,symmetry of BROTHER_OF
48817,561159,BROTHER_OF,symmetry of BROTHER_OF
3278,35072,BROTHER_OF,symmetry of BROTHER_OF
3549,19092,BROTHER_OF,symmetry of BROTHER_OF
665532,665531,BROTHER_OF,symmetry of BROTHER_OF
18645,19106,BROTHER_OF,symmetry of BROTHER_OF
19097,55772,BROTHER_OF,symmetry of BROTHER_OF
19102,150532,BROTHER_OF,symmetry of BROTHER_OF
19870,146012,BROTHER_OF,symmetry of BROTHER_OF
19583,29832,BROTHER_OF,symmetry of BROTHER_OF
19097,31138,BROTHER_OF,symmetry of BROTHER_OF
351244,63071,BROTHER_OF,symmetry of BROTHER_OF
102714,531953,BROTHER_OF,symmetry of BROTHER_OF
291725,30781,BROTHER_OF,symmetry of BROTHER_OF
18663,55957,BROTHER_OF,symmetry of BROTHER_OF
19299,19209,BROTHER_OF,symmetry of BROTHER_OF
67752,208921,BROTHER_OF,symmetry of BROTHER_OF
639368,639367,BROTHER_OF,symmetry of BROTHER_OF
732764,728768,BROTHER_OF,symmetry of BROTHER_OF
737597,704999,BROTHER_OF,symmetry of BROTHER_OF
67910,55549,BROTHER_OF,symmetry of BROTHER_OF
18897,19583,BROTHER_OF,symmetry of BROTHER_OF
73734,5852,BROTHER_OF,symmetry of BROTHER_OF
18662,417823,BROTHER_OF,symmetry of BROTHER_OF
35452,418947,BROTHER_OF,symmetry of BROTHER_OF
19077,19579,BROTHER_OF,symmetry of BROTHER_OF
465526,33667,BROTHER_OF,symmetry of BROTHER_OF
19757,19262,BROTHER_OF,symmetry of BROTHER_OF
45512,35975,BROTHER_OF,symmetry of BROTHER_OF
444083,444082,BROTHER_OF,symmetry of BROTHER_OF
19095,19092,BROTHER_OF,symmetry of BROTHER_OF
36505,36498,BROTHER_OF,symmetry of BROTHER_OF
36233,36234,BROTHER_OF,symmetry of BROTHER_OF
465956,465958,BROTHER_OF,symmetry of BROTHER_OF
396808,589966,BROTHER_OF,symmetry of BROTHER_OF
203561,19581,BROTHER_OF,symmetry of BROTHER_OF
18645,19108,BROTHER_OF,symmetry of BROTHER_OF
19095,19581,BROTHER_OF,symmetry of BROTHER_OF
19413,36709,BROTHER_OF,symmetry of BROTHER_OF
30848,476073,BROTHER_OF,symmetry of BROTHER_OF
441241,19095,BROTHER_OF,symmetry of BROTHER_OF
481841,36083,BROTHER_OF,symmetry of BROTHER_OF
30497,18897,BROTHER_OF,symmetry of BROTHER_OF
19206,26766,BROTHER_OF,symmetry of BROTHER_OF
795374,806155,BROTHER_OF,symmetry of BROTHER_OF
86724,111786,BROTHER_OF,symmetry of BROTHER_OF
208940,513464,BROTHER_OF,symmetry of BROTHER_OF
418627,256249,BROTHER_OF,symmetry of BROTHER_OF
19735,176512,BROTHER_OF,symmetry of BROTHER_OF
176512,18897,BROTHER_OF,symmetry of BROTHER_OF
418627,485127,BROTHER_OF,symmetry of BROTHER_OF
81462,534315,BROTHER_OF,symmetry of BROTHER_OF
18663,387738,BROTHER_OF,symmetry of BROTHER_OF
35552,30156,BROTHER_OF,symmetry of BROTHER_OF
33318,33479,SISTER_OF,symmetry of SISTER_OF
23350,36924,SISTER_OF,symmetry of SISTER_OF
36842,35434,SISTER_OF,symmetry of SISTER_OF
19735,209992,SISTER_OF,symmetry of SISTER_OF
13666,12670,SISTER_OF,symmetry of SISTER_OF
12460,3278,SISTER_OF,symmetry of SISTER_OF
231516,697991,SISTER_OF,symmetry of SISTER_OF
12332,697991,SISTER_OF,symmetry of SISTER_OF
103749,61398,SISTER_OF,symmetry of SISTER_OF
14427,697991,SISTER_OF,symmetry of SISTER_OF
19870,55773,SISTER_OF,symmetry of SISTER_OF
35964,19563,SISTER_OF,symmetry of SISTER_OF
3289,33637,SISTER_OF,symmetry of SISTER_OF
55549,211533,SISTER_OF,symmetry of SISTER_OF
112984,57205,SISTER_OF,symmetry of SISTER_OF
18663,141755,SISTER_OF,symmetry of SISTER_OF
19494,221717,SISTER_OF,symmetry of SISTER_OF
19097,117822,SISTER_OF,symmetry of SISTER_OF
87446,351392,SISTER_OF,symmetry of SISTER_OF
74193,65579,SISTER_OF,symmetry of SISTER_OF
48813,345633,SISTER_OF,symmetry of SISTER_OF
363404,697991,SISTER_OF,symmetry of SISTER_OF
129013,697991,SISTER_OF,symmetry of SISTER_OF
211613,348206,SISTER_OF,symmetry of SISTER_OF
129057,697991,SISTER_OF,symmetry of SISTER_OF
58934,86575,SISTER_OF,symmetry of SISTER_OF
3519,37122,SISTER_OF,symmetry of SISTER_OF
19209,400841,SISTER_OF,symmetry of SISTER_OF
18917,37775,SISTER_OF,symmetry of SISTER_OF
3299,18905,SISTER_OF,symmetry of SISTER_OF
400216,33852,SISTER_OF,symmetry of SISTER_OF
36527,464348,SISTER_OF,symmetry of SISTER_OF
445965,19725,SISTER_OF,symmetry of SISTER_OF
19580,40163,SISTER_OF,symmetry of SISTER_OF
55494,378120,SISTER_OF,symmetry of SISTER_OF
55494,10022,SISTER_OF,symmetry of SISTER_OF
19097,561682,SISTER_OF,symmetry of SISTER_OF
9567,76707,SISTER_OF,symmetry of SISTER_OF
19870,612459,SISTER_OF,symmetry of SISTER_OF
30909,523854,SISTER_OF,symmetry of SISTER_OF
48817,211343,SISTER_OF,symmetry of SISTER_OF
3249,19321,SISTER_OF,symmetry of SISTER_OF
3299,33862,SISTER_OF,symmetry of SISTER_OF
520509,19331,SISTER_OF,symmetry of SISTER_OF
65011,595951,SISTER_OF,symmetry of SISTER_OF
592351,592350,SISTER_OF,symmetry of SISTER_OF
19209,19299,SISTER_OF,symmetry of SISTER_OF
35172,715582,SISTER_OF,symmetry of SISTER_OF
737803,5852,SISTER_OF,symmetry of SISTER_OF
84626,63024,SISTER_OF,symmetry of SISTER_OF
748982,748981,SISTER_OF,symmetry of SISTER_OF
721022,721023,SISTER_OF,symmetry of SISTER_OF
19199,19200,SISTER_OF,symmetry of SISTER_OF
19259,39823,SISTER_OF,symmetry of SISTER_OF
36234,36515,SISTER_OF,symmetry of SISTER_OF
18904,35300,SISTER_OF,symmetry of SISTER_OF
19199,39823,SISTER_OF,symmetry of SISTER_OF
522118,208801,SISTER_OF,symmetry of SISTER_OF
3249,19883,SPOUSE_OF,symmetry of SPOUSE_OF
18663,36515,SPOUSE_OF,symmetry of SPOUSE_OF
18663,36448,SPOUSE_OF,symmetry of SPOUSE_OF
18666,19560,SPOUSE_OF,symmetry of SPOUSE_OF
19089,19086,SPOUSE_OF,symmetry of SPOUSE_OF
19100,19097,SPOUSE_OF,symmetry of SPOUSE_OF
19200,18917,SPOUSE_OF,symmetry of SPOUSE_OF
33132,33133,SPOUSE_OF,symmetry of SPOUSE_OF
35433,36247,SPOUSE_OF,symmetry of SPOUSE_OF
36061,18910,SPOUSE_OF,symmetry of SPOUSE_OF
36729,24143,SPOUSE_OF,symmetry of SPOUSE_OF
38600,18684,SPOUSE_OF,symmetry of SPOUSE_OF
39823,35072,SPOUSE_OF,symmetry of SPOUSE_OF
40101,18683,SPOUSE_OF,symmetry of SPOUSE_OF
40238,30365,SPOUSE_OF,symmetry of SPOUSE_OF
40317,30365,SPOUSE_OF,symmetry of SPOUSE_OF
3332,19072,SPOUSE_OF,symmetry of SPOUSE_OF
33852,33818,SPOUSE_OF,symmetry of SPOUSE_OF
12558,12701,SPOUSE_OF,symmetry of SPOUSE_OF
13315,19086,SPOUSE_OF,symmetry of SPOUSE_OF
32151,31372,SPOUSE_OF,symmetry of SPOUSE_OF
94918,56082,SPOUSE_OF,symmetry of SPOUSE_OF
62544,71589,SPOUSE_OF,symmetry of SPOUSE_OF
88835,56082,SPOUSE_OF,symmetry of SPOUSE_OF
84696,101390,SPOUSE_OF,symmetry of SPOUSE_OF
143683,24674,SPOUSE_OF,symmetry of SPOUSE_OF
339532,19073,SPOUSE_OF,symmetry of SPOUSE_OF
48817,19583,SPOUSE_OF,symmetry of SPOUSE_OF
100730,56082,SPOUSE_OF,symmetry of SPOUSE_OF
365098,121822,SPOUSE_OF,symmetry of SPOUSE_OF
112576,521579,SPOUSE_OF,symmetry of SPOUSE_OF
86307,123058,SPOUSE_OF,symmetry of SPOUSE_OF
71619,123872,SPOUSE_OF,symmetry of SPOUSE_OF
84133,84134,SPOUSE_OF,symmetry of SPOUSE_OF
75168,75169,SPOUSE_OF,symmetry of SPOUSE_OF
81210,81211,SPOUSE_OF,symmetry of SPOUSE_OF
109226,178637,SPOUSE_OF,symmetry of SPOUSE_OF
66221,66220,SPOUSE_OF,symmetry of SPOUSE_OF
48813,19735,SPOUSE_OF,symmetry of SPOUSE_OF
19071,19268,SPOUSE_OF,symmetry of SPOUSE_OF
73078,178637,SPOUSE_OF,symmetry of SPOUSE_OF
64768,31362,SPOUSE_OF,symmetry of SPOUSE_OF
55877,186973,SPOUSE_OF,symmetry of SPOUSE_OF
105667,207304,SPOUSE_OF,symmetry of SPOUSE_OF
212345,212346,SPOUSE_OF,symmetry of SPOUSE_OF
129298,29722,SPOUSE_OF,symmetry of SPOUSE_OF
133621,155142,SPOUSE_OF,symmetry of SPOUSE_OF
64768,387740,SPOUSE_OF,symmetry of SPOUSE_OF
43297,18987,SPOUSE_OF,symmetry of SPOUSE_OF
58578,19092,SPOUSE_OF,symmetry of SPOUSE_OF
209514,35552,SPOUSE_OF,symmetry of SPOUSE_OF
211673,211674,SPOUSE_OF,symmetry of SPOUSE_OF
3549,47141,SPOUSE_OF,symmetry of SPOUSE_OF
20724,109020,SPOUSE_OF,symmetry of SPOUSE_OF
221563,84120,SPOUSE_OF,symmetry of SPOUSE_OF
60944,19092,SPOUSE_OF,symmetry of SPOUSE_OF
48817,30497,SPOUSE_OF,symmetry of SPOUSE_OF
18171,18896,SPOUSE_OF,symmetry of SPOUSE_OF
196868,30740,SPOUSE_OF,symmetry of SPOUSE_OF
31138,60961,SPOUSE_OF,symmetry of SPOUSE_OF
357147,357148,SPOUSE_OF,symmetry of SPOUSE_OF
56945,737001,SPOUSE_OF,symmetry of SPOUSE_OF
6870,61271,SPOUSE_OF,symmetry of SPOUSE_OF
595920,19870,SPOUSE_OF,symmetry of SPOUSE_OF
30909,19735,SPOUSE_OF,symmetry of SPOUSE_OF
261230,636198,SPOUSE_OF,symmetry of SPOUSE_OF
19268,65223,SPOUSE_OF,symmetry of SPOUSE_OF
367916,19494,SPOUSE_OF,symmetry of SPOUSE_OF
385622,19735,SPOUSE_OF,symmetry of SPOUSE_OF
374236,385692,SPOUSE_OF,symmetry of SPOUSE_OF
375295,18663,SPOUSE_OF,symmetry of SPOUSE_OF
40238,18683,SPOUSE_OF,symmetry of SPOUSE_OF
35009,35171,SPOUSE_OF,symmetry of SPOUSE_OF
3278,18896,SPOUSE_OF,symmetry of SPOUSE_OF
33943,3419,SPOUSE_OF,symmetry of SPOUSE_OF
387278,387279,SPOUSE_OF,symmetry of SPOUSE_OF
36741,36527,SPOUSE_OF,symmetry of SPOUSE_OF
392128,3419,SPOUSE_OF,symmetry of SPOUSE_OF
18905,395372,SPOUSE_OF,symmetry of SPOUSE_OF
485260,19097,SPOUSE_OF,symmetry of SPOUSE_OF
443454,497297,SPOUSE_OF,symmetry of SPOUSE_OF
442679,3532,SPOUSE_OF,symmetry of SPOUSE_OF
19083,396624,SPOUSE_OF,symmetry of SPOUSE_OF
397605,19105,SPOUSE_OF,symmetry of SPOUSE_OF
372384,38983,SPOUSE_OF,symmetry of SPOUSE_OF
37337,37023,SPOUSE_OF,symmetry of SPOUSE_OF
33479,47348,SPOUSE_OF,symmetry of SPOUSE_OF
400239,33863,SPOUSE_OF,symmetry of SPOUSE_OF
401002,19265,SPOUSE_OF,symmetry of SPOUSE_OF
36203,36131,SPOUSE_OF,symmetry of SPOUSE_OF
479772,19549,SPOUSE_OF,symmetry of SPOUSE_OF
19499,296833,SPOUSE_OF,symmetry of SPOUSE_OF
3436,33943,SPOUSE_OF,symmetry of SPOUSE_OF
19199,3549,SPOUSE_OF,symmetry of SPOUSE_OF
37839,36247,SPOUSE_OF,symmetry of SPOUSE_OF
37868,46022,SPOUSE_OF,symmetry of SPOUSE_OF
24294,3249,SPOUSE_OF,symmetry of SPOUSE_OF
413022,18690,SPOUSE_OF,symmetry of SPOUSE_OF
3436,35062,SPOUSE_OF,symmetry of SPOUSE_OF
411002,19265,SPOUSE_OF,symmetry of SPOUSE_OF
460071,19540,SPOUSE_OF,symmetry of SPOUSE_OF
37631,36447,SPOUSE_OF,symmetry of SPOUSE_OF
19563,43811,SPOUSE_OF,symmetry of SPOUSE_OF
19092,35300,SPOUSE_OF,symmetry of SPOUSE_OF
464107,37560,SPOUSE_OF,symmetry of SPOUSE_OF
36831,18663,SPOUSE_OF,symmetry of SPOUSE_OF
510370,18904,SPOUSE_OF,symmetry of SPOUSE_OF
794512,250485,SPOUSE_OF,symmetry of SPOUSE_OF
345669,31362,SPOUSE_OF,symmetry of SPOUSE_OF
560282,344086,SPOUSE_OF,symmetry of SPOUSE_OF
560213,213224,SPOUSE_OF,symmetry of SPOUSE_OF
560545,560191,SPOUSE_OF,symmetry of SPOUSE_OF
560699,534315,SPOUSE_OF,symmetry of SPOUSE_OF
214296,19097,SPOUSE_OF,symmetry of SPOUSE_OF
561083,113709,SPOUSE_OF,symmetry of SPOUSE_OF
213655,563244,SPOUSE_OF,symmetry of SPOUSE_OF
562174,19097,SPOUSE_OF,symmetry of SPOUSE_OF
562732,19299,SPOUSE_OF,symmetry of SPOUSE_OF
212870,58864,SPOUSE_OF,symmetry of SPOUSE_OF
562198,212947,SPOUSE_OF,symmetry of SPOUSE_OF
560121,560181,SPOUSE_OF,symmetry of SPOUSE_OF
515607,560891,SPOUSE_OF,symmetry of SPOUSE_OF
561182,561184,SPOUSE_OF,symmetry of SPOUSE_OF
562178,561597,SPOUSE_OF,symmetry of SPOUSE_OF
562031,563935,SPOUSE_OF,symmetry of SPOUSE_OF
562247,560800,SPOUSE_OF,symmetry of SPOUSE_OF
564276,19092,SPOUSE_OF,symmetry of SPOUSE_OF
560588,560870,SPOUSE_OF,symmetry of SPOUSE_OF
561475,562428,SPOUSE_OF,symmetry of SPOUSE_OF
560602,176512,SPOUSE_OF,symmetry of SPOUSE_OF
561822,417838,SPOUSE_OF,symmetry of SPOUSE_OF
561920,517021,SPOUSE_OF,symmetry of SPOUSE_OF
560846,561057,SPOUSE_OF,symmetry of SPOUSE_OF
560125,352921,SPOUSE_OF,symmetry of SPOUSE_OF
354231,30740,SPOUSE_OF,symmetry of SPOUSE_OF
290327,30740,SPOUSE_OF,symmetry of SPOUSE_OF
354784,19870,SPOUSE_OF,symmetry of SPOUSE_OF
613930,33867,SPOUSE_OF,symmetry of SPOUSE_OF
614905,516489,SPOUSE_OF,symmetry of SPOUSE_OF
615122,33867,SPOUSE_OF,symmetry of SPOUSE_OF
252230,735630,SPOUSE_OF,symmetry of SPOUSE_OF
102666,75868,SPOUSE_OF,symmetry of SPOUSE_OF
44232,211674,SPOUSE_OF,symmetry of SPOUSE_OF
44268,19870,SPOUSE_OF,symmetry of SPOUSE_OF
48813,19102,SPOUSE_OF,symmetry of SPOUSE_OF
31138,209474,SPOUSE_OF,symmetry of SPOUSE_OF
246843,176519,SPOUSE_OF,symmetry of SPOUSE_OF
528365,528360,SPOUSE_OF,symmetry of SPOUSE_OF
528382,701603,SPOUSE_OF,symmetry of SPOUSE_OF
249283,292531,SPOUSE_OF,symmetry of SPOUSE_OF
354344,391251,SPOUSE_OF,symmetry of SPOUSE_OF
195465,186372,SPOUSE_OF,symmetry of SPOUSE_OF
3549,19201,SPOUSE_OF,symmetry of SPOUSE_OF
513746,9567,SPOUSE_OF,symmetry of SPOUSE_OF
513811,636198,SPOUSE_OF,symmetry of SPOUSE_OF
33637,261358,SPOUSE_OF,symmetry of SPOUSE_OF
343488,106978,SPOUSE_OF,symmetry of SPOUSE_OF
596601,218906,SPOUSE_OF,symmetry of SPOUSE_OF
595886,85116,SPOUSE_OF,symmetry of SPOUSE_OF
143659,88637,SPOUSE_OF,symmetry of SPOUSE_OF
246760,591361,SPOUSE_OF,symmetry of SPOUSE_OF
596012,588865,SPOUSE_OF,symmetry of SPOUSE_OF
596345,522536,SPOUSE_OF,symmetry of SPOUSE_OF
596357,524763,SPOUSE_OF,symmetry of SPOUSE_OF
596404,596405,SPOUSE_OF,symmetry of SPOUSE_OF
9991,35552,SPOUSE_OF,symmetry of SPOUSE_OF
1609,156486,SPOUSE_OF,symmetry of SPOUSE_OF
58578,534719,SPOUSE_OF,symmetry of SPOUSE_OF
596675,339306,SPOUSE_OF,symmetry of SPOUSE_OF
79805,455237,SPOUSE_OF,symmetry of SPOUSE_OF
55548,155142,SPOUSE_OF,symmetry of SPOUSE_OF
641872,218287,SPOUSE_OF,symmetry of SPOUSE_OF
393665,584821,SPOUSE_OF,symmetry of SPOUSE_OF
434836,340918,SPOUSE_OF,symmetry of SPOUSE_OF
673987,673988,SPOUSE_OF,symmetry of SPOUSE_OF
116479,116480,SPOUSE_OF,symmetry of SPOUSE_OF
211811,261358,SPOUSE_OF,symmetry of SPOUSE_OF
35009,430822,SPOUSE_OF,symmetry of SPOUSE_OF
477586,40101,SPOUSE_OF,symmetry of SPOUSE_OF
85544,19092,SPOUSE_OF,symmetry of SPOUSE_OF
108726,77622,SPOUSE_OF,symmetry of SPOUSE_OF
735464,701398,SPOUSE_OF,symmetry of SPOUSE_OF
708970,739754,SPOUSE_OF,symmetry of SPOUSE_OF
724373,79341,SPOUSE_OF,symmetry of SPOUSE_OF
212485,59488,SPOUSE_OF,symmetry of SPOUSE_OF
725861,88664,SPOUSE_OF,symmetry of SPOUSE_OF
452141,651799,SPOUSE_OF,symmetry of SPOUSE_OF
444030,444031,SPOUSE_OF,symmetry of SPOUSE_OF
445886,13058,SPOUSE_OF,symmetry of SPOUSE_OF
43814,130029,SPOUSE_OF,symmetry of SPOUSE_OF
19199,18915,SPOUSE_OF,symmetry of SPOUSE_OF
33030,33863,SPOUSE_OF,symmetry of SPOUSE_OF
35300,19076,SPOUSE_OF,symmetry of SPOUSE_OF
502970,387459,SPOUSE_OF,symmetry of SPOUSE_OF
392037,3247,SPOUSE_OF,symmetry of SPOUSE_OF
472809,445885,SPOUSE_OF,symmetry of SPOUSE_OF
477401,445965,SPOUSE_OF,symmetry of SPOUSE_OF
35009,423059,SPOUSE_OF,symmetry of SPOUSE_OF
36573,35072,SPOUSE_OF,symmetry of SPOUSE_OF
36136,3278,SPOUSE_OF,symmetry of SPOUSE_OF
31138,30740,SPOUSE_OF,symmetry of SPOUSE_OF
768330,566293,SPOUSE_OF,symmetry of SPOUSE_OF
55494,19583,SPOUSE_OF,symmetry of SPOUSE_OF
796897,19750,SPOUSE_OF,symmetry of SPOUSE_OF
18676,18654,SPOUSE_OF,symmetry of SPOUSE_OF
40163,18680,SPOUSE_OF,symmetry of SPOUSE_OF
3251,3249,FATHER_OF,"BROTHER_OF(Moses,Aaron) ∧ FATHER_OF(Mosiah,Aaron)"
28095,3249,FATHER_OF,"BROTHER_OF(Moses,Aaron) ∧ FATHER_OF(Heth,Aaron)"
387410,3247,FATHER_OF,"BROTHER_OF(Aaron,Moses) ∧ FATHER_OF(Bathia,Moses)"
19088,3247,FATHER_OF,"BROTHER_OF(Aaron,Moses) ∧ FATHER_OF(Jethro,Moses)"
459345,3247,FATHER_OF,"BROTHER_OF(Aaron,Moses) ∧ FATHER_OF(Amaram,Moses)"
45834,19498,FATHER_OF,"BROTHER_OF(Peter,Andrew) ∧ FATHER_OF(Jona,Andrew)"
18915,18918,FATHER_OF,"BROTHER_OF(Nephi,Jacob) ∧ FATHER_OF(Isaac,Jacob)"
35453,18918,FATHER_OF,"BROTHER_OF(Nephi,Jacob) ∧ FATHER_OF(Matthan,Jacob)"
12037,18918,FATHER_OF,"BROTHER_OF(Nephi,Jacob) ∧ FATHER_OF(Matán,Jacob)"
19076,18918,FATHER_OF,"BROTHER_OF(Nephi,Jacob) ∧ FATHER_OF(Zebedee,Jacob)"
19075,18918,FATHER_OF,"BROTHER_OF(Nephi,Jacob) ∧ FATHER_OF(Alphaeus,Jacob)"
19072,18683,FATHER_OF,"BROTHER_OF(Esau,Jacob) ∧ FATHER_OF(Lehi,Jacob)"
35453,18683,FATHER_OF,"BROTHER_OF(Esau,Jacob) ∧ FATHER_OF(Matthan,Jacob)"
12037,18683,FATHER_OF,"BROTHER_OF(Esau,Jacob) ∧ FATHER_OF(Matán,Jacob)"
19076,18683,FATHER_OF,"BROTHER_OF(Esau,Jacob) ∧ FATHER_OF(Zebedee,Jacob)"
19075,18683,FATHER_OF,"BROTHER_OF(Esau,Jacob) ∧ FATHER_OF(Alphaeus,Jacob)"
36215,3549,FATHER_OF,"BROTHER_OF(Jacob,Esau) ∧ FATHER_OF(Aholibamah,Esau)"
40102,3549,FATHER_OF,"BROTHER_OF(Jacob,Esau) ∧ FATHER_OF(Beeri,Esau)"
37465,3549,FATHER_OF,"BROTHER_OF(Jacob,Esau) ∧ FATHER_OF(Elon,Esau)"
18917,3549,FATHER_OF,"BROTHER_OF(Jacob,Esau) ∧ FATHER_OF(Ishmael,Esau)"
18900,19202,FATHER_OF,"BROTHER_OF(Laman,Nephi) ∧ FATHER_OF(Helaman,Nephi)"
765216,19202,FATHER_OF,"BROTHER_OF(Laman,Nephi) ∧ FATHER_OF(Lehi Nephi,Nephi)"
18900,19097,FATHER_OF,"BROTHER_OF(Joseph,Nephi) ∧ FATHER_OF(Helaman,Nephi)"
765216,19097,FATHER_OF,"BROTHER_OF(Joseph,Nephi) ∧ FATHER_OF(Lehi Nephi,Nephi)"
18900,19557,FATHER_OF,"BROTHER_OF(Sam,Nephi) ∧ FATHER_OF(Helaman,Nephi)"
765216,19557,FATHER_OF,"BROTHER_OF(Sam,Nephi) ∧ FATHER_OF(Lehi Nephi,Nephi)"
18900,19211,FATHER_OF,"BROTHER_OF(Lemuel,Nephi) ∧ FATHER_OF(Helaman,Nephi)"
765216,19211,FATHER_OF,"BROTHER_OF(Lemuel,Nephi) ∧ FATHER_OF(Lehi Nephi,Nephi)"
18900,3549,FATHER_OF,"BROTHER_OF(Jacob,Nephi) ∧ FATHER_OF(Helaman,Nephi)"
765216,3549,FATHER_OF,"BROTHER_OF(Jacob,Nephi) ∧ FATHER_OF(Lehi Nephi,Nephi)"
19075,19092,FATHER_OF,"BROTHER_OF(John,James) ∧ FATHER_OF(Alphaeus,James)"
204448,19092,FATHER_OF,"BROTHER_OF(John,James) ∧ FATHER_OF(Alpheus,James)"
499765,19092,FATHER_OF,"BROTHER_OF(John,James) ∧ FATHER_OF(Zehedee,James)"
621613,19092,FATHER_OF,"BROTHER_OF(John,James) ∧ FATHER_OF(Zebedee Salome,James)"
19871,19073,FATHER_OF,"BROTHER_OF(James,John) ∧ FATHER_OF(Zacharias,John)"
19870,19073,FATHER_OF,"BROTHER_OF(James,John) ∧ FATHER_OF(Brigham Young,John)"
397883,19073,FATHER_OF,"BROTHER_OF(James,John) ∧ FATHER_OF(Mathew Woodruff,John)"
494839,19073,FATHER_OF,"BROTHER_OF(James,John) ∧ FATHER_OF(Accos,John)"
35041,19073,FATHER_OF,"BROTHER_OF(James,John) ∧ FATHER_OF(Mattathias,John)"
19872,19073,FATHER_OF,"BROTHER_OF(James,John) ∧ FATHER_OF(Zechariah,John)"
19108,19073,FATHER_OF,"BROTHER_OF(James,John) ∧ FATHER_OF(Judas,John)"
19536,18918,FATHER_OF,"BROTHER_OF(Nephi,Joseph) ∧ FATHER_OF(Rachel,Joseph)"
35060,18918,FATHER_OF,"BROTHER_OF(Nephi,Joseph) ∧ FATHER_OF(Jonan,Joseph)"
35037,18918,FATHER_OF,"BROTHER_OF(Nephi,Joseph) ∧ FATHER_OF(Heli,Joseph)"
3416,18918,FATHER_OF,"BROTHER_OF(Nephi,Joseph) ∧ FATHER_OF(Amos,Joseph)"
19109,18918,FATHER_OF,"BROTHER_OF(Nephi,Joseph) ∧ FATHER_OF(Jude,Joseph)"
3553,18918,FATHER_OF,"BROTHER_OF(Nephi,Joseph) ∧ FATHER_OF(Jacob (patriarch),Joseph)"
3549,18918,FATHER_OF,"BROTHER_OF(Nephi,Joseph) ∧ FATHER_OF(Jacob,Joseph)"
19870,18918,FATHER_OF,"BROTHER_OF(Nephi,Joseph) ∧ FATHER_OF(Brigham Young,Joseph)"
18670,18918,FATHER_OF,"BROTHER_OF(Nephi,Joseph) ∧ FATHER_OF(Eli,Joseph)"
409594,18918,FATHER_OF,"BROTHER_OF(Nephi,Joseph) ∧ FATHER_OF(Jonam,Joseph)"
18663,18918,FATHER_OF,"BROTHER_OF(Nephi,Joseph) ∧ FATHER_OF(David,Joseph)"
15527,18918,FATHER_OF,"BROTHER_OF(Nephi,Joseph) ∧ FATHER_OF(Potiphera,Joseph)"
30497,18918,FATHER_OF,"BROTHER_OF(Nephi,Joseph) ∧ FATHER_OF(Hyrum,Joseph)"
5852,18918,FATHER_OF,"BROTHER_OF(Nephi,Joseph) ∧ FATHER_OF(Cuando,Joseph)"
19583,18918,FATHER_OF,"BROTHER_OF(Nephi,Joseph) ∧ FATHER_OF(Hyrum Smith,Joseph)"
391257,18918,FATHER_OF,"BROTHER_OF(Nephi,Joseph) ∧ FATHER_OF(Patriarch,Joseph)"
19097,19583,FATHER_OF,"BROTHER_OF(Hyrum Smith,Joseph Smith) ∧ FATHER_OF(Joseph,Joseph Smith)"
106978,19583,FATHER_OF,"BROTHER_OF(Hyrum Smith,Joseph Smith) ∧ FATHER_OF(Asael Smith,Joseph Smith)"
25524,3446,FATHER_OF,"BROTHER_OF(Andrew,Peter) ∧ FATHER_OF(Jonas,Peter)"
19095,19265,FATHER_OF,"BROTHER_OF(Manasseh,Jaddua) ∧ FATHER_OF(Jonathan,Jaddua)"
36338,19265,FATHER_OF,"BROTHER_OF(Manasseh,Jaddua) ∧ FATHER_OF(Johanan,Jaddua)"
36950,3278,FATHER_OF,"BROTHER_OF(Abraham,Rebekah) ∧ FATHER_OF(Bethuel,Rebekah)"
35072,3278,FATHER_OF,"BROTHER_OF(Abraham,Rebekah) ∧ FATHER_OF(Nahor,Rebekah)"
19076,19108,FATHER_OF,"BROTHER_OF(Judas,James) ∧ FATHER_OF(Zebedee,James)"
19075,19108,FATHER_OF,"BROTHER_OF(Judas,James) ∧ FATHER_OF(Alphaeus,James)"
204448,19108,FATHER_OF,"BROTHER_OF(Judas,James) ∧ FATHER_OF(Alpheus,James)"
499765,19108,FATHER_OF,"BROTHER_OF(Judas,James) ∧ FATHER_OF(Zehedee,James)"
621613,19108,FATHER_OF,"BROTHER_OF(Judas,James) ∧ FATHER_OF(Zebedee Salome,James)"
36904,36245,FATHER_OF,"BROTHER_OF(Abishai,Joab) ∧ FATHER_OF(Seraiah,Joab)"
13666,36245,FATHER_OF,"BROTHER_OF(Abishai,Joab) ∧ FATHER_OF(Sarvia,Joab)"
36904,36250,FATHER_OF,"BROTHER_OF(Asahel,Joab) ∧ FATHER_OF(Seraiah,Joab)"
13666,36250,FATHER_OF,"BROTHER_OF(Asahel,Joab) ∧ FATHER_OF(Sarvia,Joab)"
36363,19091,FATHER_OF,"BROTHER_OF(Joel,Nathan) ∧ FATHER_OF(Attai,Nathan)"
18663,19091,FATHER_OF,"BROTHER_OF(Joel,Nathan) ∧ FATHER_OF(David,Nathan)"
18690,36536,FATHER_OF,"BROTHER_OF(Jada,Shammai) ∧ FATHER_OF(Ezra,Shammai)"
36569,36536,FATHER_OF,"BROTHER_OF(Jada,Shammai) ∧ FATHER_OF(Rekem,Shammai)"
41089,3580,FATHER_OF,"BROTHER_OF(Caleb,Jerahmeel) ∧ FATHER_OF(Hammelech,Jerahmeel)"
36136,36797,FATHER_OF,"BROTHER_OF(Chelub,Shuah) ∧ FATHER_OF(Keturah,Shuah)"
36498,36158,FATHER_OF,"BROTHER_OF(Kenaz,Caleb) ∧ FATHER_OF(Hezron,Caleb)"
36907,36158,FATHER_OF,"BROTHER_OF(Kenaz,Caleb) ∧ FATHER_OF(Jephunneh,Caleb)"
36521,36158,FATHER_OF,"BROTHER_OF(Kenaz,Caleb) ∧ FATHER_OF(Hur,Caleb)"
41437,36158,FATHER_OF,"BROTHER_OF(Kenaz,Caleb) ∧ FATHER_OF(Jephunneh Hebron,Caleb)"
12974,36158,FATHER_OF,"BROTHER_OF(Kenaz,Caleb) ∧ FATHER_OF(Jefone,Caleb)"
12693,36158,FATHER_OF,"BROTHER_OF(Kenaz,Caleb) ∧ FATHER_OF(Hezrón,Caleb)"
411600,36158,FATHER_OF,"BROTHER_OF(Kenaz,Caleb) ∧ FATHER_OF(Jephuneh,Caleb)"
19087,36610,FATHER_OF,"BROTHER_OF(Shimea,David) ∧ FATHER_OF(Jesse,David)"
19422,36610,FATHER_OF,"BROTHER_OF(Shimea,David) ∧ FATHER_OF(Obed,David)"
3278,36610,FATHER_OF,"BROTHER_OF(Shimea,David) ∧ FATHER_OF(Abraham,David)"
314734,36610,FATHER_OF,"BROTHER_OF(Shimea,David) ∧ FATHER_OF(Esaí,David)"
36310,36610,FATHER_OF,"BROTHER_OF(Shimea,David) ∧ FATHER_OF(Jehiel,David)"
420175,36610,FATHER_OF,"BROTHER_OF(Shimea,David) ∧ FATHER_OF(Nethanel,David)"
387740,36610,FATHER_OF,"BROTHER_OF(Shimea,David) ∧ FATHER_OF(PETER WHITMER,David)"
18866,29822,FATHER_OF,"BROTHER_OF(Eber,Japheth) ∧ FATHER_OF(Noah,Japheth)"
18896,29822,FATHER_OF,"BROTHER_OF(Eber,Japheth) ∧ FATHER_OF(Ham,Japheth)"
36234,13666,FATHER_OF,"BROTHER_OF(Sarvia,Joab) ∧ FATHER_OF(Zeruiah,Joab)"
36904,13666,FATHER_OF,"BROTHER_OF(Sarvia,Joab) ∧ FATHER_OF(Seraiah,Joab)"
13666,13666,FATHER_OF,"BROTHER_OF(Sarvia,Joab) ∧ FATHER_OF(Sarvia,Joab)"
19087,12763,FATHER_OF,"BROTHER_OF(Simea,David) ∧ FATHER_OF(Jesse,David)"
19422,12763,FATHER_OF,"BROTHER_OF(Simea,David) ∧ FATHER_OF(Obed,David)"
3278,12763,FATHER_OF,"BROTHER_OF(Simea,David) ∧ FATHER_OF(Abraham,David)"
314734,12763,FATHER_OF,"BROTHER_OF(Simea,David) ∧ FATHER_OF(Esaí,David)"
36310,12763,FATHER_OF,"BROTHER_OF(Simea,David) ∧ FATHER_OF(Jehiel,David)"
420175,12763,FATHER_OF,"BROTHER_OF(Simea,David) ∧ FATHER_OF(Nethanel,David)"
387740,12763,FATHER_OF,"BROTHER_OF(Simea,David) ∧ FATHER_OF(PETER WHITMER,David)"
36234,12537,FATHER_OF,"BROTHER_OF(Asael,Joab) ∧ FATHER_OF(Zeruiah,Joab)"
36904,12537,FATHER_OF,"BROTHER_OF(Asael,Joab) ∧ FATHER_OF(Seraiah,Joab)"
13666,12537,FATHER_OF,"BROTHER_OF(Asael,Joab) ∧ FATHER_OF(Sarvia,Joab)"
16086,3580,FATHER_OF,"BROTHER_OF(Caleb,Jerameel) ∧ FATHER_OF(Hamelec,Jerameel)"
36498,12515,FATHER_OF,"BROTHER_OF(Cenaz,Caleb) ∧ FATHER_OF(Hezron,Caleb)"
36907,12515,FATHER_OF,"BROTHER_OF(Cenaz,Caleb) ∧ FATHER_OF(Jephunneh,Caleb)"
36521,12515,FATHER_OF,"BROTHER_OF(Cenaz,Caleb) ∧ FATHER_OF(Hur,Caleb)"
41437,12515,FATHER_OF,"BROTHER_OF(Cenaz,Caleb) ∧ FATHER_OF(Jephunneh Hebron,Caleb)"
12974,12515,FATHER_OF,"BROTHER_OF(Cenaz,Caleb) ∧ FATHER_OF(Jefone,Caleb)"
12693,12515,FATHER_OF,"BROTHER_OF(Cenaz,Caleb) ∧ FATHER_OF(Hezrón,Caleb)"
411600,12515,FATHER_OF,"BROTHER_OF(Cenaz,Caleb) ∧ FATHER_OF(Jephuneh,Caleb)"
19076,19109,FATHER_OF,"BROTHER_OF(Jude,James) ∧ FATHER_OF(Zebedee,James)"
19075,19109,FATHER_OF,"BROTHER_OF(Jude,James) ∧ FATHER_OF(Alphaeus,James)"
204448,19109,FATHER_OF,"BROTHER_OF(Jude,James) ∧ FATHER_OF(Alpheus,James)"
499765,19109,FATHER_OF,"BROTHER_OF(Jude,James) ∧ FATHER_OF(Zehedee,James)"
621613,19109,FATHER_OF,"BROTHER_OF(Jude,James) ∧ FATHER_OF(Zebedee Salome,James)"
3549,30497,FATHER_OF,"BROTHER_OF(Hyrum,José) ∧ FATHER_OF(Jacob,José)"
18663,30497,FATHER_OF,"BROTHER_OF(Hyrum,José) ∧ FATHER_OF(David,José)"
19426,29679,FATHER_OF,"BROTHER_OF(Chemish,Amaron) ∧ FATHER_OF(Omni,Amaron)"
35042,26061,FATHER_OF,"BROTHER_OF(Ammaron,Amos) ∧ FATHER_OF(Naum,Amos)"
18918,26061,FATHER_OF,"BROTHER_OF(Ammaron,Amos) ∧ FATHER_OF(Nephi,Amos)"
3549,26061,FATHER_OF,"BROTHER_OF(Ammaron,Amos) ∧ FATHER_OF(Jacob,Amos)"
19097,19073,FATHER_OF,"BROTHER_OF(James,Jesus) ∧ FATHER_OF(Joseph,Jesus)"
494653,19073,FATHER_OF,"BROTHER_OF(James,Jesus) ∧ FATHER_OF(Sirach,Jesus)"
516157,19073,FATHER_OF,"BROTHER_OF(James,Jesus) ∧ FATHER_OF(SIR,Jesus)"
398435,19073,FATHER_OF,"BROTHER_OF(James,Jesus) ∧ FATHER_OF(Josedek,Jesus)"
18663,19073,FATHER_OF,"BROTHER_OF(James,Jesus) ∧ FATHER_OF(David,Jesus)"
416791,19073,FATHER_OF,"BROTHER_OF(James,Jesus) ∧ FATHER_OF(Ananus,Jesus)"
19581,19073,FATHER_OF,"BROTHER_OF(James,Jesus) ∧ FATHER_OF(Simon,Jesus)"
35452,19073,FATHER_OF,"BROTHER_OF(James,Jesus) ∧ FATHER_OF(Eleazar,Jesus)"
207621,207619,FATHER_OF,"BROTHER_OF(Phinehas Young,Brigham Young) ∧ FATHER_OF(John Young,Brigham Young)"
207621,289383,FATHER_OF,"BROTHER_OF(Phinheas Young,Brigham Young) ∧ FATHER_OF(John Young,Brigham Young)"
3549,18897,FATHER_OF,"BROTHER_OF(Samuel,José) ∧ FATHER_OF(Jacob,José)"
18663,18897,FATHER_OF,"BROTHER_OF(Samuel,José) ∧ FATHER_OF(David,José)"
207621,291220,FATHER_OF,"BROTHER_OF(Lorenzo Dow Young,Brigham Young) ∧ FATHER_OF(John Young,Brigham Young)"
3549,67829,FATHER_OF,"BROTHER_OF(Samuel Harrison Smith,José) ∧ FATHER_OF(Jacob,José)"
18663,67829,FATHER_OF,"BROTHER_OF(Samuel Harrison Smith,José) ∧ FATHER_OF(David,José)"
35051,36788,FATHER_OF,"BROTHER_OF(Pedaiah,Zerubbabel) ∧ FATHER_OF(Shealtiel,Zerubbabel)"
36788,36788,FATHER_OF,"BROTHER_OF(Pedaiah,Zerubbabel) ∧ FATHER_OF(Pedaiah,Zerubbabel)"
609196,36788,FATHER_OF,"BROTHER_OF(Pedaiah,Zerubbabel) ∧ FATHER_OF(Shealthiel,Zerubbabel)"
36498,36498,FATHER_OF,"BROTHER_OF(Hezron,Caleb) ∧ FATHER_OF(Hezron,Caleb)"
36907,36498,FATHER_OF,"BROTHER_OF(Hezron,Caleb) ∧ FATHER_OF(Jephunneh,Caleb)"
36521,36498,FATHER_OF,"BROTHER_OF(Hezron,Caleb) ∧ FATHER_OF(Hur,Caleb)"
41437,36498,FATHER_OF,"BROTHER_OF(Hezron,Caleb) ∧ FATHER_OF(Jephunneh Hebron,Caleb)"
12974,36498,FATHER_OF,"BROTHER_OF(Hezron,Caleb) ∧ FATHER_OF(Jefone,Caleb)"
12693,36498,FATHER_OF,"BROTHER_OF(Hezron,Caleb) ∧ FATHER_OF(Hezrón,Caleb)"
411600,36498,FATHER_OF,"BROTHER_OF(Hezron,Caleb) ∧ FATHER_OF(Jephuneh,Caleb)"
35071,35071,FATHER_OF,"BROTHER_OF(Terah,Abraham) ∧ FATHER_OF(Terah,Abraham)"
36136,35071,FATHER_OF,"BROTHER_OF(Terah,Abraham) ∧ FATHER_OF(Keturah,Abraham)"
412558,35071,FATHER_OF,"BROTHER_OF(Terah,Abraham) ∧ FATHER_OF(Thara Terah,Abraham)"
19097,19581,FATHER_OF,"BROTHER_OF(Simon,Jesus) ∧ FATHER_OF(Joseph,Jesus)"
19108,19581,FATHER_OF,"BROTHER_OF(Simon,Jesus) ∧ FATHER_OF(Judas,Jesus)"
494653,19581,FATHER_OF,"BROTHER_OF(Simon,Jesus) ∧ FATHER_OF(Sirach,Jesus)"
516157,19581,FATHER_OF,"BROTHER_OF(Simon,Jesus) ∧ FATHER_OF(SIR,Jesus)"
398435,19581,FATHER_OF,"BROTHER_OF(Simon,Jesus) ∧ FATHER_OF(Josedek,Jesus)"
18663,19581,FATHER_OF,"BROTHER_OF(Simon,Jesus) ∧ FATHER_OF(David,Jesus)"
416791,19581,FATHER_OF,"BROTHER_OF(Simon,Jesus) ∧ FATHER_OF(Ananus,Jesus)"
19581,19581,FATHER_OF,"BROTHER_OF(Simon,Jesus) ∧ FATHER_OF(Simon,Jesus)"
35452,19581,FATHER_OF,"BROTHER_OF(Simon,Jesus) ∧ FATHER_OF(Eleazar,Jesus)"
36950,36950,FATHER_OF,"BROTHER_OF(Bethuel,Rebekah) ∧ FATHER_OF(Bethuel,Rebekah)"
35072,36950,FATHER_OF,"BROTHER_OF(Bethuel,Rebekah) ∧ FATHER_OF(Nahor,Rebekah)"
19087,36162,FATHER_OF,"BROTHER_OF(Shammah,David) ∧ FATHER_OF(Jesse,David)"
19422,36162,FATHER_OF,"BROTHER_OF(Shammah,David) ∧ FATHER_OF(Obed,David)"
3278,36162,FATHER_OF,"BROTHER_OF(Shammah,David) ∧ FATHER_OF(Abraham,David)"
314734,36162,FATHER_OF,"BROTHER_OF(Shammah,David) ∧ FATHER_OF(Esaí,David)"
36310,36162,FATHER_OF,"BROTHER_OF(Shammah,David) ∧ FATHER_OF(Jehiel,David)"
420175,36162,FATHER_OF,"BROTHER_OF(Shammah,David) ∧ FATHER_OF(Nethanel,David)"
387740,36162,FATHER_OF,"BROTHER_OF(Shammah,David) ∧ FATHER_OF(PETER WHITMER,David)"
3549,19581,FATHER_OF,"BROTHER_OF(Simon,Judas) ∧ FATHER_OF(Jacob,Judas)"
11338,19581,FATHER_OF,"BROTHER_OF(Simon,Judas) ∧ FATHER_OF(Simón Iscariote,Judas)"
19073,19581,FATHER_OF,"BROTHER_OF(Simon,Judas) ∧ FATHER_OF(James,Judas)"
35041,19581,FATHER_OF,"BROTHER_OF(Simon,Judas) ∧ FATHER_OF(Mattathias,Judas)"
757218,19581,FATHER_OF,"BROTHER_OF(Simon,Judas) ∧ FATHER_OF(Chalphi,Judas)"
457984,19581,FATHER_OF,"BROTHER_OF(Simon,Judas) ∧ FATHER_OF(Simon Iscariot,Judas)"
465601,465604,FATHER_OF,"BROTHER_OF(Pheroras,Herod) ∧ FATHER_OF(Antipater,Herod)"
45512,465604,FATHER_OF,"BROTHER_OF(Pheroras,Herod) ∧ FATHER_OF(Mariamne,Herod)"
36498,36783,FATHER_OF,"BROTHER_OF(Othniel,Caleb) ∧ FATHER_OF(Hezron,Caleb)"
36907,36783,FATHER_OF,"BROTHER_OF(Othniel,Caleb) ∧ FATHER_OF(Jephunneh,Caleb)"
36521,36783,FATHER_OF,"BROTHER_OF(Othniel,Caleb) ∧ FATHER_OF(Hur,Caleb)"
41437,36783,FATHER_OF,"BROTHER_OF(Othniel,Caleb) ∧ FATHER_OF(Jephunneh Hebron,Caleb)"
12974,36783,FATHER_OF,"BROTHER_OF(Othniel,Caleb) ∧ FATHER_OF(Jefone,Caleb)"
12693,36783,FATHER_OF,"BROTHER_OF(Othniel,Caleb) ∧ FATHER_OF(Hezrón,Caleb)"
411600,36783,FATHER_OF,"BROTHER_OF(Othniel,Caleb) ∧ FATHER_OF(Jephuneh,Caleb)"
36136,36573,FATHER_OF,"BROTHER_OF(Haran,Abraham) ∧ FATHER_OF(Keturah,Abraham)"
412558,36573,FATHER_OF,"BROTHER_OF(Haran,Abraham) ∧ FATHER_OF(Thara Terah,Abraham)"
33365,45528,FATHER_OF,"BROTHER_OF(Herod Philip,Antipas) ∧ FATHER_OF(Aretas,Antipas)"
434003,432971,FATHER_OF,"BROTHER_OF(Antiochus Sidetes,Demetrius) ∧ FATHER_OF(Antigonus,Demetrius)"
402966,432971,FATHER_OF,"BROTHER_OF(Antiochus Sidetes,Demetrius) ∧ FATHER_OF(Seleucus Philopator,Demetrius)"
418627,432971,FATHER_OF,"BROTHER_OF(Antiochus Sidetes,Demetrius) ∧ FATHER_OF(SELEUCUS,Demetrius)"
19072,29699,FATHER_OF,"BROTHER_OF(Hiram,Joseph) ∧ FATHER_OF(Lehi,Joseph)"
19536,29699,FATHER_OF,"BROTHER_OF(Hiram,Joseph) ∧ FATHER_OF(Rachel,Joseph)"
35060,29699,FATHER_OF,"BROTHER_OF(Hiram,Joseph) ∧ FATHER_OF(Jonan,Joseph)"
35037,29699,FATHER_OF,"BROTHER_OF(Hiram,Joseph) ∧ FATHER_OF(Heli,Joseph)"
3416,29699,FATHER_OF,"BROTHER_OF(Hiram,Joseph) ∧ FATHER_OF(Amos,Joseph)"
19109,29699,FATHER_OF,"BROTHER_OF(Hiram,Joseph) ∧ FATHER_OF(Jude,Joseph)"
3553,29699,FATHER_OF,"BROTHER_OF(Hiram,Joseph) ∧ FATHER_OF(Jacob (patriarch),Joseph)"
3549,29699,FATHER_OF,"BROTHER_OF(Hiram,Joseph) ∧ FATHER_OF(Jacob,Joseph)"
19870,29699,FATHER_OF,"BROTHER_OF(Hiram,Joseph) ∧ FATHER_OF(Brigham Young,Joseph)"
18670,29699,FATHER_OF,"BROTHER_OF(Hiram,Joseph) ∧ FATHER_OF(Eli,Joseph)"
409594,29699,FATHER_OF,"BROTHER_OF(Hiram,Joseph) ∧ FATHER_OF(Jonam,Joseph)"
18663,29699,FATHER_OF,"BROTHER_OF(Hiram,Joseph) ∧ FATHER_OF(David,Joseph)"
15527,29699,FATHER_OF,"BROTHER_OF(Hiram,Joseph) ∧ FATHER_OF(Potiphera,Joseph)"
30497,29699,FATHER_OF,"BROTHER_OF(Hiram,Joseph) ∧ FATHER_OF(Hyrum,Joseph)"
5852,29699,FATHER_OF,"BROTHER_OF(Hiram,Joseph) ∧ FATHER_OF(Cuando,Joseph)"
19583,29699,FATHER_OF,"BROTHER_OF(Hiram,Joseph) ∧ FATHER_OF(Hyrum Smith,Joseph)"
391257,29699,FATHER_OF,"BROTHER_OF(Hiram,Joseph) ∧ FATHER_OF(Patriarch,Joseph)"
19072,29832,FATHER_OF,"BROTHER_OF(William Smith,Joseph) ∧ FATHER_OF(Lehi,Joseph)"
19536,29832,FATHER_OF,"BROTHER_OF(William Smith,Joseph) ∧ FATHER_OF(Rachel,Joseph)"
35060,29832,FATHER_OF,"BROTHER_OF(William Smith,Joseph) ∧ FATHER_OF(Jonan,Joseph)"
35037,29832,FATHER_OF,"BROTHER_OF(William Smith,Joseph) ∧ FATHER_OF(Heli,Joseph)"
3416,29832,FATHER_OF,"BROTHER_OF(William Smith,Joseph) ∧ FATHER_OF(Amos,Joseph)"
19109,29832,FATHER_OF,"BROTHER_OF(William Smith,Joseph) ∧ FATHER_OF(Jude,Joseph)"
3553,29832,FATHER_OF,"BROTHER_OF(William Smith,Joseph) ∧ FATHER_OF(Jacob (patriarch),Joseph)"
3549,29832,FATHER_OF,"BROTHER_OF(William Smith,Joseph) ∧ FATHER_OF(Jacob,Joseph)"
19870,29832,FATHER_OF,"BROTHER_OF(William Smith,Joseph) ∧ FATHER_OF(Brigham Young,Joseph)"
18670,29832,FATHER_OF,"BROTHER_OF(William Smith,Joseph) ∧ FATHER_OF(Eli,Joseph)"
409594,29832,FATHER_OF,"BROTHER_OF(William Smith,Joseph) ∧ FATHER_OF(Jonam,Joseph)"
18663,29832,FATHER_OF,"BROTHER_OF(William Smith,Joseph) ∧ FATHER_OF(David,Joseph)"
15527,29832,FATHER_OF,"BROTHER_OF(William Smith,Joseph) ∧ FATHER_OF(Potiphera,Joseph)"
30497,29832,FATHER_OF,"BROTHER_OF(William Smith,Joseph) ∧ FATHER_OF(Hyrum,Joseph)"
5852,29832,FATHER_OF,"BROTHER_OF(William Smith,Joseph) ∧ FATHER_OF(Cuando,Joseph)"
19583,29832,FATHER_OF,"BROTHER_OF(William Smith,Joseph) ∧ FATHER_OF(Hyrum Smith,Joseph)"
391257,29832,FATHER_OF,"BROTHER_OF(William Smith,Joseph) ∧ FATHER_OF(Patriarch,Joseph)"
30664,209474,FATHER_OF,"BROTHER_OF(Don Carlos Smith,Hyrum Smith) ∧ FATHER_OF(Joseph Smith Sr.,Hyrum Smith)"
30497,209474,FATHER_OF,"BROTHER_OF(Don Carlos Smith,Hyrum Smith) ∧ FATHER_OF(Hyrum,Hyrum Smith)"
36136,35072,FATHER_OF,"BROTHER_OF(Nahor,Abraham) ∧ FATHER_OF(Keturah,Abraham)"
412558,35072,FATHER_OF,"BROTHER_OF(Nahor,Abraham) ∧ FATHER_OF(Thara Terah,Abraham)"
18915,19092,FATHER_OF,"BROTHER_OF(John,Jacob) ∧ FATHER_OF(Isaac,Jacob)"
19072,19092,FATHER_OF,"BROTHER_OF(John,Jacob) ∧ FATHER_OF(Lehi,Jacob)"
35453,19092,FATHER_OF,"BROTHER_OF(John,Jacob) ∧ FATHER_OF(Matthan,Jacob)"
12037,19092,FATHER_OF,"BROTHER_OF(John,Jacob) ∧ FATHER_OF(Matán,Jacob)"
19097,19106,FATHER_OF,"BROTHER_OF(Judah,Jesus) ∧ FATHER_OF(Joseph,Jesus)"
19108,19106,FATHER_OF,"BROTHER_OF(Judah,Jesus) ∧ FATHER_OF(Judas,Jesus)"
494653,19106,FATHER_OF,"BROTHER_OF(Judah,Jesus) ∧ FATHER_OF(Sirach,Jesus)"
516157,19106,FATHER_OF,"BROTHER_OF(Judah,Jesus) ∧ FATHER_OF(SIR,Jesus)"
398435,19106,FATHER_OF,"BROTHER_OF(Judah,Jesus) ∧ FATHER_OF(Josedek,Jesus)"
18663,19106,FATHER_OF,"BROTHER_OF(Judah,Jesus) ∧ FATHER_OF(David,Jesus)"
416791,19106,FATHER_OF,"BROTHER_OF(Judah,Jesus) ∧ FATHER_OF(Ananus,Jesus)"
19581,19106,FATHER_OF,"BROTHER_OF(Judah,Jesus) ∧ FATHER_OF(Simon,Jesus)"
35452,19106,FATHER_OF,"BROTHER_OF(Judah,Jesus) ∧ FATHER_OF(Eleazar,Jesus)"
19072,55772,FATHER_OF,"BROTHER_OF(Samuel Smith,Joseph) ∧ FATHER_OF(Lehi,Joseph)"
19536,55772,FATHER_OF,"BROTHER_OF(Samuel Smith,Joseph) ∧ FATHER_OF(Rachel,Joseph)"
35060,55772,FATHER_OF,"BROTHER_OF(Samuel Smith,Joseph) ∧ FATHER_OF(Jonan,Joseph)"
35037,55772,FATHER_OF,"BROTHER_OF(Samuel Smith,Joseph) ∧ FATHER_OF(Heli,Joseph)"
3416,55772,FATHER_OF,"BROTHER_OF(Samuel Smith,Joseph) ∧ FATHER_OF(Amos,Joseph)"
19109,55772,FATHER_OF,"BROTHER_OF(Samuel Smith,Joseph) ∧ FATHER_OF(Jude,Joseph)"
3553,55772,FATHER_OF,"BROTHER_OF(Samuel Smith,Joseph) ∧ FATHER_OF(Jacob (patriarch),Joseph)"
3549,55772,FATHER_OF,"BROTHER_OF(Samuel Smith,Joseph) ∧ FATHER_OF(Jacob,Joseph)"
19870,55772,FATHER_OF,"BROTHER_OF(Samuel Smith,Joseph) ∧ FATHER_OF(Brigham Young,Joseph)"
18670,55772,FATHER_OF,"BROTHER_OF(Samuel Smith,Joseph) ∧ FATHER_OF(Eli,Joseph)"
409594,55772,FATHER_OF,"BROTHER_OF(Samuel Smith,Joseph) ∧ FATHER_OF(Jonam,Joseph)"
18663,55772,FATHER_OF,"BROTHER_OF(Samuel Smith,Joseph) ∧ FATHER_OF(David,Joseph)"
15527,55772,FATHER_OF,"BROTHER_OF(Samuel Smith,Joseph) ∧ FATHER_OF(Potiphera,Joseph)"
30497,55772,FATHER_OF,"BROTHER_OF(Samuel Smith,Joseph) ∧ FATHER_OF(Hyrum,Joseph)"
5852,55772,FATHER_OF,"BROTHER_OF(Samuel Smith,Joseph) ∧ FATHER_OF(Cuando,Joseph)"
19583,55772,FATHER_OF,"BROTHER_OF(Samuel Smith,Joseph) ∧ FATHER_OF(Hyrum Smith,Joseph)"
391257,55772,FATHER_OF,"BROTHER_OF(Samuel Smith,Joseph) ∧ FATHER_OF(Patriarch,Joseph)"
30664,150532,FATHER_OF,"BROTHER_OF(Alvin Smith,Joseph Smith) ∧ FATHER_OF(Joseph Smith Sr.,Joseph Smith)"
19097,150532,FATHER_OF,"BROTHER_OF(Alvin Smith,Joseph Smith) ∧ FATHER_OF(Joseph,Joseph Smith)"
106978,150532,FATHER_OF,"BROTHER_OF(Alvin Smith,Joseph Smith) ∧ FATHER_OF(Asael Smith,Joseph Smith)"
207621,146012,FATHER_OF,"BROTHER_OF(Phineas Young,Brigham Young) ∧ FATHER_OF(John Young,Brigham Young)"
30664,29832,FATHER_OF,"BROTHER_OF(William Smith,Hyrum Smith) ∧ FATHER_OF(Joseph Smith Sr.,Hyrum Smith)"
19072,31138,FATHER_OF,"BROTHER_OF(Smith,Joseph) ∧ FATHER_OF(Lehi,Joseph)"
19536,31138,FATHER_OF,"BROTHER_OF(Smith,Joseph) ∧ FATHER_OF(Rachel,Joseph)"
35060,31138,FATHER_OF,"BROTHER_OF(Smith,Joseph) ∧ FATHER_OF(Jonan,Joseph)"
35037,31138,FATHER_OF,"BROTHER_OF(Smith,Joseph) ∧ FATHER_OF(Heli,Joseph)"
3416,31138,FATHER_OF,"BROTHER_OF(Smith,Joseph) ∧ FATHER_OF(Amos,Joseph)"
19109,31138,FATHER_OF,"BROTHER_OF(Smith,Joseph) ∧ FATHER_OF(Jude,Joseph)"
3553,31138,FATHER_OF,"BROTHER_OF(Smith,Joseph) ∧ FATHER_OF(Jacob (patriarch),Joseph)"
3549,31138,FATHER_OF,"BROTHER_OF(Smith,Joseph) ∧ FATHER_OF(Jacob,Joseph)"
19870,31138,FATHER_OF,"BROTHER_OF(Smith,Joseph) ∧ FATHER_OF(Brigham Young,Joseph)"
18670,31138,FATHER_OF,"BROTHER_OF(Smith,Joseph) ∧ FATHER_OF(Eli,Joseph)"
409594,31138,FATHER_OF,"BROTHER_OF(Smith,Joseph) ∧ FATHER_OF(Jonam,Joseph)"
18663,31138,FATHER_OF,"BROTHER_OF(Smith,Joseph) ∧ FATHER_OF(David,Joseph)"
15527,31138,FATHER_OF,"BROTHER_OF(Smith,Joseph) ∧ FATHER_OF(Potiphera,Joseph)"
30497,31138,FATHER_OF,"BROTHER_OF(Smith,Joseph) ∧ FATHER_OF(Hyrum,Joseph)"
5852,31138,FATHER_OF,"BROTHER_OF(Smith,Joseph) ∧ FATHER_OF(Cuando,Joseph)"
391257,31138,FATHER_OF,"BROTHER_OF(Smith,Joseph) ∧ FATHER_OF(Patriarch,Joseph)"
19087,55957,FATHER_OF,"BROTHER_OF(Kimball,David) ∧ FATHER_OF(Jesse,David)"
19422,55957,FATHER_OF,"BROTHER_OF(Kimball,David) ∧ FATHER_OF(Obed,David)"
3278,55957,FATHER_OF,"BROTHER_OF(Kimball,David) ∧ FATHER_OF(Abraham,David)"
314734,55957,FATHER_OF,"BROTHER_OF(Kimball,David) ∧ FATHER_OF(Esaí,David)"
36310,55957,FATHER_OF,"BROTHER_OF(Kimball,David) ∧ FATHER_OF(Jehiel,David)"
420175,55957,FATHER_OF,"BROTHER_OF(Kimball,David) ∧ FATHER_OF(Nethanel,David)"
387740,55957,FATHER_OF,"BROTHER_OF(Kimball,David) ∧ FATHER_OF(PETER WHITMER,David)"
36345,19583,FATHER_OF,"BROTHER_OF(Hyrum Smith,Samuel) ∧ FATHER_OF(Elkanah,Samuel)"
59317,19583,FATHER_OF,"BROTHER_OF(Hyrum Smith,Samuel) ∧ FATHER_OF(Robert,Samuel)"
464107,19583,FATHER_OF,"BROTHER_OF(Hyrum Smith,Samuel) ∧ FATHER_OF(An Ephraimite,Samuel)"
38600,417823,FATHER_OF,"BROTHER_OF(Artaphernes,Darius) ∧ FATHER_OF(Ahasuerus,Darius)"
415201,417823,FATHER_OF,"BROTHER_OF(Artaphernes,Darius) ∧ FATHER_OF(Hystaspes,Darius)"
35451,418947,FATHER_OF,"BROTHER_OF(Onias Simon,Eleazar) ∧ FATHER_OF(Eliud,Eleazar)"
3247,418947,FATHER_OF,"BROTHER_OF(Onias Simon,Eleazar) ∧ FATHER_OF(Aaron,Eleazar)"
36239,418947,FATHER_OF,"BROTHER_OF(Onias Simon,Eleazar) ∧ FATHER_OF(Dodo,Eleazar)"
37023,418947,FATHER_OF,"BROTHER_OF(Onias Simon,Eleazar) ∧ FATHER_OF(Phinehas,Eleazar)"
435790,418947,FATHER_OF,"BROTHER_OF(Onias Simon,Eleazar) ∧ FATHER_OF(Aharun,Eleazar)"
36764,418947,FATHER_OF,"BROTHER_OF(Onias Simon,Eleazar) ∧ FATHER_OF(Dodai,Eleazar)"
415385,418947,FATHER_OF,"BROTHER_OF(Onias Simon,Eleazar) ∧ FATHER_OF(DODO THE Ahohite,Eleazar)"
51012,418947,FATHER_OF,"BROTHER_OF(Onias Simon,Eleazar) ∧ FATHER_OF(Levite,Eleazar)"
18896,19579,FATHER_OF,"BROTHER_OF(Shem,Japheth) ∧ FATHER_OF(Ham,Japheth)"
205268,19262,FATHER_OF,"BROTHER_OF(Luke,Titus) ∧ FATHER_OF(Vespasian,Titus)"
19581,35975,FATHER_OF,"BROTHER_OF(Aristobulus,Mariamne) ∧ FATHER_OF(Simon,Mariamne)"
465606,35975,FATHER_OF,"BROTHER_OF(Aristobulus,Mariamne) ∧ FATHER_OF(Hyrcanus,Mariamne)"
42109,19092,FATHER_OF,"BROTHER_OF(John,Jonathan) ∧ FATHER_OF(Joiada,Jonathan)"
19566,19092,FATHER_OF,"BROTHER_OF(John,Jonathan) ∧ FATHER_OF(Shaul,Jonathan)"
19494,19092,FATHER_OF,"BROTHER_OF(John,Jonathan) ∧ FATHER_OF(Paul,Jonathan)"
36417,19092,FATHER_OF,"BROTHER_OF(John,Jonathan) ∧ FATHER_OF(Shemaiah,Jonathan)"
36161,19092,FATHER_OF,"BROTHER_OF(John,Jonathan) ∧ FATHER_OF(Shage,Jonathan)"
36610,19092,FATHER_OF,"BROTHER_OF(John,Jonathan) ∧ FATHER_OF(Shimea,Jonathan)"
35320,19092,FATHER_OF,"BROTHER_OF(John,Jonathan) ∧ FATHER_OF(Abiathar,Jonathan)"
36418,19092,FATHER_OF,"BROTHER_OF(John,Jonathan) ∧ FATHER_OF(Uzziel,Jonathan)"
36162,19092,FATHER_OF,"BROTHER_OF(John,Jonathan) ∧ FATHER_OF(Shammah,Jonathan)"
419644,19092,FATHER_OF,"BROTHER_OF(John,Jonathan) ∧ FATHER_OF(Shagee,Jonathan)"
36830,19092,FATHER_OF,"BROTHER_OF(John,Jonathan) ∧ FATHER_OF(Absalom,Jonathan)"
36627,19092,FATHER_OF,"BROTHER_OF(John,Jonathan) ∧ FATHER_OF(Shimei,Jonathan)"
41089,36498,FATHER_OF,"BROTHER_OF(Hezron,Jerahmeel) ∧ FATHER_OF(Hammelech,Jerahmeel)"
36234,36234,FATHER_OF,"BROTHER_OF(Zeruiah,Joab) ∧ FATHER_OF(Zeruiah,Joab)"
36904,36234,FATHER_OF,"BROTHER_OF(Zeruiah,Joab) ∧ FATHER_OF(Seraiah,Joab)"
13666,36234,FATHER_OF,"BROTHER_OF(Zeruiah,Joab) ∧ FATHER_OF(Sarvia,Joab)"
465601,19529,FATHER_OF,"BROTHER_OF(Philip,Herod) ∧ FATHER_OF(Antipater,Herod)"
45512,19529,FATHER_OF,"BROTHER_OF(Philip,Herod) ∧ FATHER_OF(Mariamne,Herod)"
19097,19108,FATHER_OF,"BROTHER_OF(Judas,Jesus) ∧ FATHER_OF(Joseph,Jesus)"
19108,19108,FATHER_OF,"BROTHER_OF(Judas,Jesus) ∧ FATHER_OF(Judas,Jesus)"
494653,19108,FATHER_OF,"BROTHER_OF(Judas,Jesus) ∧ FATHER_OF(Sirach,Jesus)"
516157,19108,FATHER_OF,"BROTHER_OF(Judas,Jesus) ∧ FATHER_OF(SIR,Jesus)"
398435,19108,FATHER_OF,"BROTHER_OF(Judas,Jesus) ∧ FATHER_OF(Josedek,Jesus)"
18663,19108,FATHER_OF,"BROTHER_OF(Judas,Jesus) ∧ FATHER_OF(David,Jesus)"
416791,19108,FATHER_OF,"BROTHER_OF(Judas,Jesus) ∧ FATHER_OF(Ananus,Jesus)"
19581,19108,FATHER_OF,"BROTHER_OF(Judas,Jesus) ∧ FATHER_OF(Simon,Jesus)"
35452,19108,FATHER_OF,"BROTHER_OF(Judas,Jesus) ∧ FATHER_OF(Eleazar,Jesus)"
42109,19581,FATHER_OF,"BROTHER_OF(Simon,Jonathan) ∧ FATHER_OF(Joiada,Jonathan)"
19566,19581,FATHER_OF,"BROTHER_OF(Simon,Jonathan) ∧ FATHER_OF(Shaul,Jonathan)"
19494,19581,FATHER_OF,"BROTHER_OF(Simon,Jonathan) ∧ FATHER_OF(Paul,Jonathan)"
36417,19581,FATHER_OF,"BROTHER_OF(Simon,Jonathan) ∧ FATHER_OF(Shemaiah,Jonathan)"
36161,19581,FATHER_OF,"BROTHER_OF(Simon,Jonathan) ∧ FATHER_OF(Shage,Jonathan)"
36610,19581,FATHER_OF,"BROTHER_OF(Simon,Jonathan) ∧ FATHER_OF(Shimea,Jonathan)"
35320,19581,FATHER_OF,"BROTHER_OF(Simon,Jonathan) ∧ FATHER_OF(Abiathar,Jonathan)"
36418,19581,FATHER_OF,"BROTHER_OF(Simon,Jonathan) ∧ FATHER_OF(Uzziel,Jonathan)"
36162,19581,FATHER_OF,"BROTHER_OF(Simon,Jonathan) ∧ FATHER_OF(Shammah,Jonathan)"
419644,19581,FATHER_OF,"BROTHER_OF(Simon,Jonathan) ∧ FATHER_OF(Shagee,Jonathan)"
36830,19581,FATHER_OF,"BROTHER_OF(Simon,Jonathan) ∧ FATHER_OF(Absalom,Jonathan)"
36627,19581,FATHER_OF,"BROTHER_OF(Simon,Jonathan) ∧ FATHER_OF(Shimei,Jonathan)"
42157,36709,FATHER_OF,"BROTHER_OF(Hanani,Nehemiah) ∧ FATHER_OF(Azbuk,Nehemiah)"
42043,36709,FATHER_OF,"BROTHER_OF(Hanani,Nehemiah) ∧ FATHER_OF(Hachaliah,Nehemiah)"
139152,26766,FATHER_OF,"BROTHER_OF(Anti-Nephi-Lehi,Lamoni) ∧ FATHER_OF(King Lamoni's Father,Lamoni)"
134208,26766,FATHER_OF,"BROTHER_OF(Anti-Nephi-Lehi,Lamoni) ∧ FATHER_OF(Anteriormente,Lamoni)"
3549,176512,FATHER_OF,"BROTHER_OF(WILLIAM,José) ∧ FATHER_OF(Jacob,José)"
18663,176512,FATHER_OF,"BROTHER_OF(WILLIAM,José) ∧ FATHER_OF(David,José)"
19087,387738,FATHER_OF,"BROTHER_OF(CHRISTIAN WHITMER,David) ∧ FATHER_OF(Jesse,David)"
19422,387738,FATHER_OF,"BROTHER_OF(CHRISTIAN WHITMER,David) ∧ FATHER_OF(Obed,David)"
3278,387738,FATHER_OF,"BROTHER_OF(CHRISTIAN WHITMER,David) ∧ FATHER_OF(Abraham,David)"
314734,387738,FATHER_OF,"BROTHER_OF(CHRISTIAN WHITMER,David) ∧ FATHER_OF(Esaí,David)"
36310,387738,FATHER_OF,"BROTHER_OF(CHRISTIAN WHITMER,David) ∧ FATHER_OF(Jehiel,David)"
420175,387738,FATHER_OF,"BROTHER_OF(CHRISTIAN WHITMER,David) ∧ FATHER_OF(Nethanel,David)"
387740,387738,FATHER_OF,"BROTHER_OF(CHRISTIAN WHITMER,David) ∧ FATHER_OF(PETER WHITMER,David)"
35975,33479,FATHER_OF,"SISTER_OF(Thessalonica,Alexander) ∧ FATHER_OF(Aristobulus,Alexander)"
19581,33479,FATHER_OF,"SISTER_OF(Thessalonica,Alexander) ∧ FATHER_OF(Simon,Alexander)"
600279,33479,FATHER_OF,"SISTER_OF(Thessalonica,Alexander) ∧ FATHER_OF(Aristobulus II,Alexander)"
19529,33479,FATHER_OF,"SISTER_OF(Thessalonica,Alexander) ∧ FATHER_OF(Philip,Alexander)"
474063,33479,FATHER_OF,"SISTER_OF(Thessalonica,Alexander) ∧ FATHER_OF(Macedon,Alexander)"
35433,35434,FATHER_OF,"SISTER_OF(Joram,Ahaziah) ∧ FATHER_OF(Jehoram,Ahaziah)"
3549,209992,FATHER_OF,"SISTER_OF(Sophronia,José) ∧ FATHER_OF(Jacob,José)"
18663,209992,FATHER_OF,"SISTER_OF(Sophronia,José) ∧ FATHER_OF(David,José)"
19735,61398,FATHER_OF,"SISTER_OF(Lisa,Carmen) ∧ FATHER_OF(José,Carmen)"
207621,55773,FATHER_OF,"SISTER_OF(Rhoda Young,Brigham Young) ∧ FATHER_OF(John Young,Brigham Young)"
252544,211533,FATHER_OF,"SISTER_OF(Dwight Webster,Wilford) ∧ FATHER_OF(Aphek Woodruff,Wilford)"
19087,141755,FATHER_OF,"SISTER_OF(Eliza,David) ∧ FATHER_OF(Jesse,David)"
19422,141755,FATHER_OF,"SISTER_OF(Eliza,David) ∧ FATHER_OF(Obed,David)"
3278,141755,FATHER_OF,"SISTER_OF(Eliza,David) ∧ FATHER_OF(Abraham,David)"
314734,141755,FATHER_OF,"SISTER_OF(Eliza,David) ∧ FATHER_OF(Esaí,David)"
36310,141755,FATHER_OF,"SISTER_OF(Eliza,David) ∧ FATHER_OF(Jehiel,David)"
420175,141755,FATHER_OF,"SISTER_OF(Eliza,David) ∧ FATHER_OF(Nethanel,David)"
387740,141755,FATHER_OF,"SISTER_OF(Eliza,David) ∧ FATHER_OF(PETER WHITMER,David)"
19072,117822,FATHER_OF,"SISTER_OF(Patrick,Joseph) ∧ FATHER_OF(Lehi,Joseph)"
19536,117822,FATHER_OF,"SISTER_OF(Patrick,Joseph) ∧ FATHER_OF(Rachel,Joseph)"
35060,117822,FATHER_OF,"SISTER_OF(Patrick,Joseph) ∧ FATHER_OF(Jonan,Joseph)"
35037,117822,FATHER_OF,"SISTER_OF(Patrick,Joseph) ∧ FATHER_OF(Heli,Joseph)"
3416,117822,FATHER_OF,"SISTER_OF(Patrick,Joseph) ∧ FATHER_OF(Amos,Joseph)"
19109,117822,FATHER_OF,"SISTER_OF(Patrick,Joseph) ∧ FATHER_OF(Jude,Joseph)"
3553,117822,FATHER_OF,"SISTER_OF(Patrick,Joseph) ∧ FATHER_OF(Jacob (patriarch),Joseph)"
3549,117822,FATHER_OF,"SISTER_OF(Patrick,Joseph) ∧ FATHER_OF(Jacob,Joseph)"
19870,117822,FATHER_OF,"SISTER_OF(Patrick,Joseph) ∧ FATHER_OF(Brigham Young,Joseph)"
18670,117822,FATHER_OF,"SISTER_OF(Patrick,Joseph) ∧ FATHER_OF(Eli,Joseph)"
409594,117822,FATHER_OF,"SISTER_OF(Patrick,Joseph) ∧ FATHER_OF(Jonam,Joseph)"
18663,117822,FATHER_OF,"SISTER_OF(Patrick,Joseph) ∧ FATHER_OF(David,Joseph)"
15527,117822,FATHER_OF,"SISTER_OF(Patrick,Joseph) ∧ FATHER_OF(Potiphera,Joseph)"
30497,117822,FATHER_OF,"SISTER_OF(Patrick,Joseph) ∧ FATHER_OF(Hyrum,Joseph)"
5852,117822,FATHER_OF,"SISTER_OF(Patrick,Joseph) ∧ FATHER_OF(Cuando,Joseph)"
19583,117822,FATHER_OF,"SISTER_OF(Patrick,Joseph) ∧ FATHER_OF(Hyrum Smith,Joseph)"
391257,117822,FATHER_OF,"SISTER_OF(Patrick,Joseph) ∧ FATHER_OF(Patriarch,Joseph)"
381023,65579,FATHER_OF,"SISTER_OF(Caroline,Louisa) ∧ FATHER_OF(When,Louisa)"
43320,345633,FATHER_OF,"SISTER_OF(Elizabeth Hale Wasson,Emma) ∧ FATHER_OF(Isaac Hale,Emma)"
457998,345633,FATHER_OF,"SISTER_OF(Elizabeth Hale Wasson,Emma) ∧ FATHER_OF(Con,Emma)"
36527,37122,FATHER_OF,"SISTER_OF(Hammoleketh,Gilead) ∧ FATHER_OF(Machir,Gilead)"
19317,37122,FATHER_OF,"SISTER_OF(Hammoleketh,Gilead) ∧ FATHER_OF(Michael,Gilead)"
19265,37122,FATHER_OF,"SISTER_OF(Hammoleketh,Gilead) ∧ FATHER_OF(Manasseh,Gilead)"
3278,37775,FATHER_OF,"SISTER_OF(Bashemath,Ishmael) ∧ FATHER_OF(Abraham,Ishmael)"
36700,37775,FATHER_OF,"SISTER_OF(Bashemath,Ishmael) ∧ FATHER_OF(Nethaniah,Ishmael)"
36724,37775,FATHER_OF,"SISTER_OF(Bashemath,Ishmael) ∧ FATHER_OF(Jehohanan,Ishmael)"
483628,37775,FATHER_OF,"SISTER_OF(Bashemath,Ishmael) ∧ FATHER_OF(Nathaiah,Ishmael)"
19265,464348,FATHER_OF,"SISTER_OF(Hammolecheth,Machir) ∧ FATHER_OF(Manasseh,Machir)"
44116,464348,FATHER_OF,"SISTER_OF(Hammolecheth,Machir) ∧ FATHER_OF(Benjamite,Machir)"
19199,40163,FATHER_OF,"SISTER_OF(Dinah,Simeon) ∧ FATHER_OF(Laban,Simeon)"
18873,40163,FATHER_OF,"SISTER_OF(Dinah,Simeon) ∧ FATHER_OF(Gamaliel,Simeon)"
19106,40163,FATHER_OF,"SISTER_OF(Dinah,Simeon) ∧ FATHER_OF(Judah,Simeon)"
35011,40163,FATHER_OF,"SISTER_OF(Dinah,Simeon) ∧ FATHER_OF(Cleophas,Simeon)"
19566,40163,FATHER_OF,"SISTER_OF(Dinah,Simeon) ∧ FATHER_OF(Shaul,Simeon)"
19072,561682,FATHER_OF,"SISTER_OF(Rhoda Ann Jennetta Richards,Joseph) ∧ FATHER_OF(Lehi,Joseph)"
19536,561682,FATHER_OF,"SISTER_OF(Rhoda Ann Jennetta Richards,Joseph) ∧ FATHER_OF(Rachel,Joseph)"
35060,561682,FATHER_OF,"SISTER_OF(Rhoda Ann Jennetta Richards,Joseph) ∧ FATHER_OF(Jonan,Joseph)"
35037,561682,FATHER_OF,"SISTER_OF(Rhoda Ann Jennetta Richards,Joseph) ∧ FATHER_OF(Heli,Joseph)"
3416,561682,FATHER_OF,"SISTER_OF(Rhoda Ann Jennetta Richards,Joseph) ∧ FATHER_OF(Amos,Joseph)"
19109,561682,FATHER_OF,"SISTER_OF(Rhoda Ann Jennetta Richards,Joseph) ∧ FATHER_OF(Jude,Joseph)"
3553,561682,FATHER_OF,"SISTER_OF(Rhoda Ann Jennetta Richards,Joseph) ∧ FATHER_OF(Jacob (patriarch),Joseph)"
3549,561682,FATHER_OF,"SISTER_OF(Rhoda Ann Jennetta Richards,Joseph) ∧ FATHER_OF(Jacob,Joseph)"
19870,561682,FATHER_OF,"SISTER_OF(Rhoda Ann Jennetta Richards,Joseph) ∧ FATHER_OF(Brigham Young,Joseph)"
18670,561682,FATHER_OF,"SISTER_OF(Rhoda Ann Jennetta Richards,Joseph) ∧ FATHER_OF(Eli,Joseph)"
409594,561682,FATHER_OF,"SISTER_OF(Rhoda Ann Jennetta Richards,Joseph) ∧ FATHER_OF(Jonam,Joseph)"
18663,561682,FATHER_OF,"SISTER_OF(Rhoda Ann Jennetta Richards,Joseph) ∧ FATHER_OF(David,Joseph)"
15527,561682,FATHER_OF,"SISTER_OF(Rhoda Ann Jennetta Richards,Joseph) ∧ FATHER_OF(Potiphera,Joseph)"
30497,561682,FATHER_OF,"SISTER_OF(Rhoda Ann Jennetta Richards,Joseph) ∧ FATHER_OF(Hyrum,Joseph)"
5852,561682,FATHER_OF,"SISTER_OF(Rhoda Ann Jennetta Richards,Joseph) ∧ FATHER_OF(Cuando,Joseph)"
19583,561682,FATHER_OF,"SISTER_OF(Rhoda Ann Jennetta Richards,Joseph) ∧ FATHER_OF(Hyrum Smith,Joseph)"
391257,561682,FATHER_OF,"SISTER_OF(Rhoda Ann Jennetta Richards,Joseph) ∧ FATHER_OF(Patriarch,Joseph)"
636198,76707,FATHER_OF,"SISTER_OF(Austin,Newel Knight) ∧ FATHER_OF(JOSEPH KNIGHT,Newel Knight)"
207621,612459,FATHER_OF,"SISTER_OF(Nancy Young Kent,Brigham Young) ∧ FATHER_OF(John Young,Brigham Young)"
19097,523854,FATHER_OF,"SISTER_OF(Wasson,Emma Smith) ∧ FATHER_OF(Joseph,Emma Smith)"
387410,19321,FATHER_OF,"SISTER_OF(Miriam,Moses) ∧ FATHER_OF(Bathia,Moses)"
19088,19321,FATHER_OF,"SISTER_OF(Miriam,Moses) ∧ FATHER_OF(Jethro,Moses)"
459345,19321,FATHER_OF,"SISTER_OF(Miriam,Moses) ∧ FATHER_OF(Amaram,Moses)"
12743,39823,FATHER_OF,"SISTER_OF(Milcah,Lot) ∧ FATHER_OF(Harán,Lot)"
465601,35300,FATHER_OF,"SISTER_OF(Salome,Herod) ∧ FATHER_OF(Antipater,Herod)"
45512,35300,FATHER_OF,"SISTER_OF(Salome,Herod) ∧ FATHER_OF(Mariamne,Herod)"
35072,39823,FATHER_OF,"SISTER_OF(Milcah,Laban) ∧ FATHER_OF(Nahor,Laban)"
36950,39823,FATHER_OF,"SISTER_OF(Milcah,Laban) ∧ FATHER_OF(Bethuel,Laban)"
36215,18918,FATHER_OF,"BROTHER_OF(Nephi,Jacob) ∧ FATHER_OF(Aholibamah,Jacob)"
40102,18918,FATHER_OF,"BROTHER_OF(Nephi,Jacob) ∧ FATHER_OF(Beeri,Jacob)"
37465,18918,FATHER_OF,"BROTHER_OF(Nephi,Jacob) ∧ FATHER_OF(Elon,Jacob)"
18917,18918,FATHER_OF,"BROTHER_OF(Nephi,Jacob) ∧ FATHER_OF(Ishmael,Jacob)"
18900,18683,FATHER_OF,"BROTHER_OF(Esau,Jacob) ∧ FATHER_OF(Helaman,Jacob)"
765216,18683,FATHER_OF,"BROTHER_OF(Esau,Jacob) ∧ FATHER_OF(Lehi Nephi,Jacob)"
18915,19202,FATHER_OF,"BROTHER_OF(Laman,Nephi) ∧ FATHER_OF(Isaac,Nephi)"
35453,19202,FATHER_OF,"BROTHER_OF(Laman,Nephi) ∧ FATHER_OF(Matthan,Nephi)"
12037,19202,FATHER_OF,"BROTHER_OF(Laman,Nephi) ∧ FATHER_OF(Matán,Nephi)"
19076,19202,FATHER_OF,"BROTHER_OF(Laman,Nephi) ∧ FATHER_OF(Zebedee,Nephi)"
19075,19202,FATHER_OF,"BROTHER_OF(Laman,Nephi) ∧ FATHER_OF(Alphaeus,Nephi)"
19536,19202,FATHER_OF,"BROTHER_OF(Laman,Nephi) ∧ FATHER_OF(Rachel,Nephi)"
35060,19202,FATHER_OF,"BROTHER_OF(Laman,Nephi) ∧ FATHER_OF(Jonan,Nephi)"
35037,19202,FATHER_OF,"BROTHER_OF(Laman,Nephi) ∧ FATHER_OF(Heli,Nephi)"
3416,19202,FATHER_OF,"BROTHER_OF(Laman,Nephi) ∧ FATHER_OF(Amos,Nephi)"
19109,19202,FATHER_OF,"BROTHER_OF(Laman,Nephi) ∧ FATHER_OF(Jude,Nephi)"
3553,19202,FATHER_OF,"BROTHER_OF(Laman,Nephi) ∧ FATHER_OF(Jacob (patriarch),Nephi)"
3549,19202,FATHER_OF,"BROTHER_OF(Laman,Nephi) ∧ FATHER_OF(Jacob,Nephi)"
19870,19202,FATHER_OF,"BROTHER_OF(Laman,Nephi) ∧ FATHER_OF(Brigham Young,Nephi)"
18670,19202,FATHER_OF,"BROTHER_OF(Laman,Nephi) ∧ FATHER_OF(Eli,Nephi)"
409594,19202,FATHER_OF,"BROTHER_OF(Laman,Nephi) ∧ FATHER_OF(Jonam,Nephi)"
18663,19202,FATHER_OF,"BROTHER_OF(Laman,Nephi) ∧ FATHER_OF(David,Nephi)"
15527,19202,FATHER_OF,"BROTHER_OF(Laman,Nephi) ∧ FATHER_OF(Potiphera,Nephi)"
30497,19202,FATHER_OF,"BROTHER_OF(Laman,Nephi) ∧ FATHER_OF(Hyrum,Nephi)"
5852,19202,FATHER_OF,"BROTHER_OF(Laman,Nephi) ∧ FATHER_OF(Cuando,Nephi)"
19583,19202,FATHER_OF,"BROTHER_OF(Laman,Nephi) ∧ FATHER_OF(Hyrum Smith,Nephi)"
391257,19202,FATHER_OF,"BROTHER_OF(Laman,Nephi) ∧ FATHER_OF(Patriarch,Nephi)"
18915,19097,FATHER_OF,"BROTHER_OF(Joseph,Nephi) ∧ FATHER_OF(Isaac,Nephi)"
35453,19097,FATHER_OF,"BROTHER_OF(Joseph,Nephi) ∧ FATHER_OF(Matthan,Nephi)"
12037,19097,FATHER_OF,"BROTHER_OF(Joseph,Nephi) ∧ FATHER_OF(Matán,Nephi)"
19076,19097,FATHER_OF,"BROTHER_OF(Joseph,Nephi) ∧ FATHER_OF(Zebedee,Nephi)"
19075,19097,FATHER_OF,"BROTHER_OF(Joseph,Nephi) ∧ FATHER_OF(Alphaeus,Nephi)"
18915,19557,FATHER_OF,"BROTHER_OF(Sam,Nephi) ∧ FATHER_OF(Isaac,Nephi)"
35453,19557,FATHER_OF,"BROTHER_OF(Sam,Nephi) ∧ FATHER_OF(Matthan,Nephi)"
12037,19557,FATHER_OF,"BROTHER_OF(Sam,Nephi) ∧ FATHER_OF(Matán,Nephi)"
19076,19557,FATHER_OF,"BROTHER_OF(Sam,Nephi) ∧ FATHER_OF(Zebedee,Nephi)"
19075,19557,FATHER_OF,"BROTHER_OF(Sam,Nephi) ∧ FATHER_OF(Alphaeus,Nephi)"
19536,19557,FATHER_OF,"BROTHER_OF(Sam,Nephi) ∧ FATHER_OF(Rachel,Nephi)"
35060,19557,FATHER_OF,"BROTHER_OF(Sam,Nephi) ∧ FATHER_OF(Jonan,Nephi)"
35037,19557,FATHER_OF,"BROTHER_OF(Sam,Nephi) ∧ FATHER_OF(Heli,Nephi)"
3416,19557,FATHER_OF,"BROTHER_OF(Sam,Nephi) ∧ FATHER_OF(Amos,Nephi)"
19109,19557,FATHER_OF,"BROTHER_OF(Sam,Nephi) ∧ FATHER_OF(Jude,Nephi)"
3553,19557,FATHER_OF,"BROTHER_OF(Sam,Nephi) ∧ FATHER_OF(Jacob (patriarch),Nephi)"
3549,19557,FATHER_OF,"BROTHER_OF(Sam,Nephi) ∧ FATHER_OF(Jacob,Nephi)"
19870,19557,FATHER_OF,"BROTHER_OF(Sam,Nephi) ∧ FATHER_OF(Brigham Young,Nephi)"
18670,19557,FATHER_OF,"BROTHER_OF(Sam,Nephi) ∧ FATHER_OF(Eli,Nephi)"
409594,19557,FATHER_OF,"BROTHER_OF(Sam,Nephi) ∧ FATHER_OF(Jonam,Nephi)"
18663,19557,FATHER_OF,"BROTHER_OF(Sam,Nephi) ∧ FATHER_OF(David,Nephi)"
15527,19557,FATHER_OF,"BROTHER_OF(Sam,Nephi) ∧ FATHER_OF(Potiphera,Nephi)"
30497,19557,FATHER_OF,"BROTHER_OF(Sam,Nephi) ∧ FATHER_OF(Hyrum,Nephi)"
5852,19557,FATHER_OF,"BROTHER_OF(Sam,Nephi) ∧ FATHER_OF(Cuando,Nephi)"
19583,19557,FATHER_OF,"BROTHER_OF(Sam,Nephi) ∧ FATHER_OF(Hyrum Smith,Nephi)"
391257,19557,FATHER_OF,"BROTHER_OF(Sam,Nephi) ∧ FATHER_OF(Patriarch,Nephi)"
18915,19211,FATHER_OF,"BROTHER_OF(Lemuel,Nephi) ∧ FATHER_OF(Isaac,Nephi)"
35453,19211,FATHER_OF,"BROTHER_OF(Lemuel,Nephi) ∧ FATHER_OF(Matthan,Nephi)"
12037,19211,FATHER_OF,"BROTHER_OF(Lemuel,Nephi) ∧ FATHER_OF(Matán,Nephi)"
19076,19211,FATHER_OF,"BROTHER_OF(Lemuel,Nephi) ∧ FATHER_OF(Zebedee,Nephi)"
19075,19211,FATHER_OF,"BROTHER_OF(Lemuel,Nephi) ∧ FATHER_OF(Alphaeus,Nephi)"
19536,19211,FATHER_OF,"BROTHER_OF(Lemuel,Nephi) ∧ FATHER_OF(Rachel,Nephi)"
35060,19211,FATHER_OF,"BROTHER_OF(Lemuel,Nephi) ∧ FATHER_OF(Jonan,Nephi)"
35037,19211,FATHER_OF,"BROTHER_OF(Lemuel,Nephi) ∧ FATHER_OF(Heli,Nephi)"
3416,19211,FATHER_OF,"BROTHER_OF(Lemuel,Nephi) ∧ FATHER_OF(Amos,Nephi)"
19109,19211,FATHER_OF,"BROTHER_OF(Lemuel,Nephi) ∧ FATHER_OF(Jude,Nephi)"
3553,19211,FATHER_OF,"BROTHER_OF(Lemuel,Nephi) ∧ FATHER_OF(Jacob (patriarch),Nephi)"
3549,19211,FATHER_OF,"BROTHER_OF(Lemuel,Nephi) ∧ FATHER_OF(Jacob,Nephi)"
19870,19211,FATHER_OF,"BROTHER_OF(Lemuel,Nephi) ∧ FATHER_OF(Brigham Young,Nephi)"
18670,19211,FATHER_OF,"BROTHER_OF(Lemuel,Nephi) ∧ FATHER_OF(Eli,Nephi)"
409594,19211,FATHER_OF,"BROTHER_OF(Lemuel,Nephi) ∧ FATHER_OF(Jonam,Nephi)"
18663,19211,FATHER_OF,"BROTHER_OF(Lemuel,Nephi) ∧ FATHER_OF(David,Nephi)"
15527,19211,FATHER_OF,"BROTHER_OF(Lemuel,Nephi) ∧ FATHER_OF(Potiphera,Nephi)"
30497,19211,FATHER_OF,"BROTHER_OF(Lemuel,Nephi) ∧ FATHER_OF(Hyrum,Nephi)"
5852,19211,FATHER_OF,"BROTHER_OF(Lemuel,Nephi) ∧ FATHER_OF(Cuando,Nephi)"
19583,19211,FATHER_OF,"BROTHER_OF(Lemuel,Nephi) ∧ FATHER_OF(Hyrum Smith,Nephi)"
391257,19211,FATHER_OF,"BROTHER_OF(Lemuel,Nephi) ∧ FATHER_OF(Patriarch,Nephi)"
19536,3549,FATHER_OF,"BROTHER_OF(Jacob,Nephi) ∧ FATHER_OF(Rachel,Nephi)"
35060,3549,FATHER_OF,"BROTHER_OF(Jacob,Nephi) ∧ FATHER_OF(Jonan,Nephi)"
35037,3549,FATHER_OF,"BROTHER_OF(Jacob,Nephi) ∧ FATHER_OF(Heli,Nephi)"
3416,3549,FATHER_OF,"BROTHER_OF(Jacob,Nephi) ∧ FATHER_OF(Amos,Nephi)"
19109,3549,FATHER_OF,"BROTHER_OF(Jacob,Nephi) ∧ FATHER_OF(Jude,Nephi)"
3553,3549,FATHER_OF,"BROTHER_OF(Jacob,Nephi) ∧ FATHER_OF(Jacob (patriarch),Nephi)"
3549,3549,FATHER_OF,"BROTHER_OF(Jacob,Nephi) ∧ FATHER_OF(Jacob,Nephi)"
19870,3549,FATHER_OF,"BROTHER_OF(Jacob,Nephi) ∧ FATHER_OF(Brigham Young,Nephi)"
18670,3549,FATHER_OF,"BROTHER_OF(Jacob,Nephi) ∧ FATHER_OF(Eli,Nephi)"
409594,3549,FATHER_OF,"BROTHER_OF(Jacob,Nephi) ∧ FATHER_OF(Jonam,Nephi)"
18663,3549,FATHER_OF,"BROTHER_OF(Jacob,Nephi) ∧ FATHER_OF(David,Nephi)"
15527,3549,FATHER_OF,"BROTHER_OF(Jacob,Nephi) ∧ FATHER_OF(Potiphera,Nephi)"
30497,3549,FATHER_OF,"BROTHER_OF(Jacob,Nephi) ∧ FATHER_OF(Hyrum,Nephi)"
5852,3549,FATHER_OF,"BROTHER_OF(Jacob,Nephi) ∧ FATHER_OF(Cuando,Nephi)"
19583,3549,FATHER_OF,"BROTHER_OF(Jacob,Nephi) ∧ FATHER_OF(Hyrum Smith,Nephi)"
391257,3549,FATHER_OF,"BROTHER_OF(Jacob,Nephi) ∧ FATHER_OF(Patriarch,Nephi)"
19097,19092,FATHER_OF,"BROTHER_OF(John,James) ∧ FATHER_OF(Joseph,James)"
494653,19092,FATHER_OF,"BROTHER_OF(John,James) ∧ FATHER_OF(Sirach,James)"
516157,19092,FATHER_OF,"BROTHER_OF(John,James) ∧ FATHER_OF(SIR,James)"
398435,19092,FATHER_OF,"BROTHER_OF(John,James) ∧ FATHER_OF(Josedek,James)"
18663,19092,FATHER_OF,"BROTHER_OF(John,James) ∧ FATHER_OF(David,James)"
416791,19092,FATHER_OF,"BROTHER_OF(John,James) ∧ FATHER_OF(Ananus,James)"
19581,19092,FATHER_OF,"BROTHER_OF(John,James) ∧ FATHER_OF(Simon,James)"
35452,19092,FATHER_OF,"BROTHER_OF(John,James) ∧ FATHER_OF(Eleazar,James)"
18915,19073,FATHER_OF,"BROTHER_OF(James,John) ∧ FATHER_OF(Isaac,John)"
19072,19073,FATHER_OF,"BROTHER_OF(James,John) ∧ FATHER_OF(Lehi,John)"
35453,19073,FATHER_OF,"BROTHER_OF(James,John) ∧ FATHER_OF(Matthan,John)"
12037,19073,FATHER_OF,"BROTHER_OF(James,John) ∧ FATHER_OF(Matán,John)"
42109,19073,FATHER_OF,"BROTHER_OF(James,John) ∧ FATHER_OF(Joiada,John)"
19566,19073,FATHER_OF,"BROTHER_OF(James,John) ∧ FATHER_OF(Shaul,John)"
19494,19073,FATHER_OF,"BROTHER_OF(James,John) ∧ FATHER_OF(Paul,John)"
36417,19073,FATHER_OF,"BROTHER_OF(James,John) ∧ FATHER_OF(Shemaiah,John)"
36161,19073,FATHER_OF,"BROTHER_OF(James,John) ∧ FATHER_OF(Shage,John)"
36610,19073,FATHER_OF,"BROTHER_OF(James,John) ∧ FATHER_OF(Shimea,John)"
35320,19073,FATHER_OF,"BROTHER_OF(James,John) ∧ FATHER_OF(Abiathar,John)"
36418,19073,FATHER_OF,"BROTHER_OF(James,John) ∧ FATHER_OF(Uzziel,John)"
36162,19073,FATHER_OF,"BROTHER_OF(James,John) ∧ FATHER_OF(Shammah,John)"
419644,19073,FATHER_OF,"BROTHER_OF(James,John) ∧ FATHER_OF(Shagee,John)"
36830,19073,FATHER_OF,"BROTHER_OF(James,John) ∧ FATHER_OF(Absalom,John)"
36627,19073,FATHER_OF,"BROTHER_OF(James,John) ∧ FATHER_OF(Shimei,John)"
19871,19108,FATHER_OF,"BROTHER_OF(Judas,James) ∧ FATHER_OF(Zacharias,James)"
19870,19108,FATHER_OF,"BROTHER_OF(Judas,James) ∧ FATHER_OF(Brigham Young,James)"
397883,19108,FATHER_OF,"BROTHER_OF(Judas,James) ∧ FATHER_OF(Mathew Woodruff,James)"
494839,19108,FATHER_OF,"BROTHER_OF(Judas,James) ∧ FATHER_OF(Accos,James)"
19872,19108,FATHER_OF,"BROTHER_OF(Judas,James) ∧ FATHER_OF(Zechariah,James)"
41089,36158,FATHER_OF,"BROTHER_OF(Kenaz,Caleb) ∧ FATHER_OF(Hammelech,Caleb)"
16086,36158,FATHER_OF,"BROTHER_OF(Kenaz,Caleb) ∧ FATHER_OF(Hamelec,Caleb)"
41089,12515,FATHER_OF,"BROTHER_OF(Cenaz,Caleb) ∧ FATHER_OF(Hammelech,Caleb)"
16086,12515,FATHER_OF,"BROTHER_OF(Cenaz,Caleb) ∧ FATHER_OF(Hamelec,Caleb)"
19871,19109,FATHER_OF,"BROTHER_OF(Jude,James) ∧ FATHER_OF(Zacharias,James)"
19870,19109,FATHER_OF,"BROTHER_OF(Jude,James) ∧ FATHER_OF(Brigham Young,James)"
397883,19109,FATHER_OF,"BROTHER_OF(Jude,James) ∧ FATHER_OF(Mathew Woodruff,James)"
494839,19109,FATHER_OF,"BROTHER_OF(Jude,James) ∧ FATHER_OF(Accos,James)"
35041,19109,FATHER_OF,"BROTHER_OF(Jude,James) ∧ FATHER_OF(Mattathias,James)"
19872,19109,FATHER_OF,"BROTHER_OF(Jude,James) ∧ FATHER_OF(Zechariah,James)"
19108,19109,FATHER_OF,"BROTHER_OF(Jude,James) ∧ FATHER_OF(Judas,James)"
494653,19109,FATHER_OF,"BROTHER_OF(Jude,James) ∧ FATHER_OF(Sirach,James)"
516157,19109,FATHER_OF,"BROTHER_OF(Jude,James) ∧ FATHER_OF(SIR,James)"
398435,19109,FATHER_OF,"BROTHER_OF(Jude,James) ∧ FATHER_OF(Josedek,James)"
18663,19109,FATHER_OF,"BROTHER_OF(Jude,James) ∧ FATHER_OF(David,James)"
416791,19109,FATHER_OF,"BROTHER_OF(Jude,James) ∧ FATHER_OF(Ananus,James)"
19581,19109,FATHER_OF,"BROTHER_OF(Jude,James) ∧ FATHER_OF(Simon,James)"
35452,19109,FATHER_OF,"BROTHER_OF(Jude,James) ∧ FATHER_OF(Eleazar,James)"
16086,36498,FATHER_OF,"BROTHER_OF(Hezron,Caleb) ∧ FATHER_OF(Hamelec,Caleb)"
36950,35071,FATHER_OF,"BROTHER_OF(Terah,Abraham) ∧ FATHER_OF(Bethuel,Abraham)"
19076,19581,FATHER_OF,"BROTHER_OF(Simon,Judas) ∧ FATHER_OF(Zebedee,Judas)"
19075,19581,FATHER_OF,"BROTHER_OF(Simon,Judas) ∧ FATHER_OF(Alphaeus,Judas)"
204448,19581,FATHER_OF,"BROTHER_OF(Simon,Judas) ∧ FATHER_OF(Alpheus,Judas)"
499765,19581,FATHER_OF,"BROTHER_OF(Simon,Judas) ∧ FATHER_OF(Zehedee,Judas)"
621613,19581,FATHER_OF,"BROTHER_OF(Simon,Judas) ∧ FATHER_OF(Zebedee Salome,Judas)"
41089,36783,FATHER_OF,"BROTHER_OF(Othniel,Caleb) ∧ FATHER_OF(Hammelech,Caleb)"
16086,36783,FATHER_OF,"BROTHER_OF(Othniel,Caleb) ∧ FATHER_OF(Hamelec,Caleb)"
36950,36573,FATHER_OF,"BROTHER_OF(Haran,Abraham) ∧ FATHER_OF(Bethuel,Abraham)"
35072,36573,FATHER_OF,"BROTHER_OF(Haran,Abraham) ∧ FATHER_OF(Nahor,Abraham)"
18900,29699,FATHER_OF,"BROTHER_OF(Hiram,Joseph) ∧ FATHER_OF(Helaman,Joseph)"
765216,29699,FATHER_OF,"BROTHER_OF(Hiram,Joseph) ∧ FATHER_OF(Lehi Nephi,Joseph)"
18900,29832,FATHER_OF,"BROTHER_OF(William Smith,Joseph) ∧ FATHER_OF(Helaman,Joseph)"
765216,29832,FATHER_OF,"BROTHER_OF(William Smith,Joseph) ∧ FATHER_OF(Lehi Nephi,Joseph)"
19097,209474,FATHER_OF,"BROTHER_OF(Don Carlos Smith,Hyrum Smith) ∧ FATHER_OF(Joseph,Hyrum Smith)"
106978,209474,FATHER_OF,"BROTHER_OF(Don Carlos Smith,Hyrum Smith) ∧ FATHER_OF(Asael Smith,Hyrum Smith)"
36345,209474,FATHER_OF,"BROTHER_OF(Don Carlos Smith,Hyrum Smith) ∧ FATHER_OF(Elkanah,Hyrum Smith)"
59317,209474,FATHER_OF,"BROTHER_OF(Don Carlos Smith,Hyrum Smith) ∧ FATHER_OF(Robert,Hyrum Smith)"
464107,209474,FATHER_OF,"BROTHER_OF(Don Carlos Smith,Hyrum Smith) ∧ FATHER_OF(An Ephraimite,Hyrum Smith)"
36950,35072,FATHER_OF,"BROTHER_OF(Nahor,Abraham) ∧ FATHER_OF(Bethuel,Abraham)"
35072,35072,FATHER_OF,"BROTHER_OF(Nahor,Abraham) ∧ FATHER_OF(Nahor,Abraham)"
36215,19092,FATHER_OF,"BROTHER_OF(John,Jacob) ∧ FATHER_OF(Aholibamah,Jacob)"
40102,19092,FATHER_OF,"BROTHER_OF(John,Jacob) ∧ FATHER_OF(Beeri,Jacob)"
37465,19092,FATHER_OF,"BROTHER_OF(John,Jacob) ∧ FATHER_OF(Elon,Jacob)"
18917,19092,FATHER_OF,"BROTHER_OF(John,Jacob) ∧ FATHER_OF(Ishmael,Jacob)"
18900,19092,FATHER_OF,"BROTHER_OF(John,Jacob) ∧ FATHER_OF(Helaman,Jacob)"
765216,19092,FATHER_OF,"BROTHER_OF(John,Jacob) ∧ FATHER_OF(Lehi Nephi,Jacob)"
18900,55772,FATHER_OF,"BROTHER_OF(Samuel Smith,Joseph) ∧ FATHER_OF(Helaman,Joseph)"
765216,55772,FATHER_OF,"BROTHER_OF(Samuel Smith,Joseph) ∧ FATHER_OF(Lehi Nephi,Joseph)"
19097,29832,FATHER_OF,"BROTHER_OF(William Smith,Hyrum Smith) ∧ FATHER_OF(Joseph,Hyrum Smith)"
106978,29832,FATHER_OF,"BROTHER_OF(William Smith,Hyrum Smith) ∧ FATHER_OF(Asael Smith,Hyrum Smith)"
36345,29832,FATHER_OF,"BROTHER_OF(William Smith,Hyrum Smith) ∧ FATHER_OF(Elkanah,Hyrum Smith)"
59317,29832,FATHER_OF,"BROTHER_OF(William Smith,Hyrum Smith) ∧ FATHER_OF(Robert,Hyrum Smith)"
464107,29832,FATHER_OF,"BROTHER_OF(William Smith,Hyrum Smith) ∧ FATHER_OF(An Ephraimite,Hyrum Smith)"
18900,31138,FATHER_OF,"BROTHER_OF(Smith,Joseph) ∧ FATHER_OF(Helaman,Joseph)"
765216,31138,FATHER_OF,"BROTHER_OF(Smith,Joseph) ∧ FATHER_OF(Lehi Nephi,Joseph)"
3549,19583,FATHER_OF,"BROTHER_OF(Hyrum Smith,Samuel) ∧ FATHER_OF(Jacob,Samuel)"
18663,19583,FATHER_OF,"BROTHER_OF(Hyrum Smith,Samuel) ∧ FATHER_OF(David,Samuel)"
36234,12670,FATHER_OF,"SISTER_OF(Nahas,Sarvia) ∧ FATHER_OF(Zeruiah,Sarvia)"
36904,12670,FATHER_OF,"SISTER_OF(Nahas,Sarvia) ∧ FATHER_OF(Seraiah,Sarvia)"
13666,12670,FATHER_OF,"SISTER_OF(Nahas,Sarvia) ∧ FATHER_OF(Sarvia,Sarvia)"
18900,117822,FATHER_OF,"SISTER_OF(Patrick,Joseph) ∧ FATHER_OF(Helaman,Joseph)"
765216,117822,FATHER_OF,"SISTER_OF(Patrick,Joseph) ∧ FATHER_OF(Lehi Nephi,Joseph)"
18900,561682,FATHER_OF,"SISTER_OF(Rhoda Ann Jennetta Richards,Joseph) ∧ FATHER_OF(Helaman,Joseph)"
765216,561682,FATHER_OF,"SISTER_OF(Rhoda Ann Jennetta Richards,Joseph) ∧ FATHER_OF(Lehi Nephi,Joseph)"
3251,19321,FATHER_OF,"SISTER_OF(Miriam,Moses) ∧ FATHER_OF(Mosiah,Moses)"
28095,19321,FATHER_OF,"SISTER_OF(Miriam,Moses) ∧ FATHER_OF(Heth,Moses)"
36234,36515,FATHER_OF,"SISTER_OF(Abigail,Zeruiah) ∧ FATHER_OF(Zeruiah,Zeruiah)"
36904,36515,FATHER_OF,"SISTER_OF(Abigail,Zeruiah) ∧ FATHER_OF(Seraiah,Zeruiah)"
13666,36515,FATHER_OF,"SISTER_OF(Abigail,Zeruiah) ∧ FATHER_OF(Sarvia,Zeruiah)"
30358,19079,FATHER_OF,"BROTHER_OF(Brother of Jared,Jared) ∧ FATHER_OF(Mahalaleel,Jared)"
8513,19079,FATHER_OF,"BROTHER_OF(Brother of Jared,Jared) ∧ FATHER_OF(Omer,Jared)"
609199,19079,FATHER_OF,"BROTHER_OF(Brother of Jared,Jared) ∧ FATHER_OF(Mahaleel,Jared)"
30497,19102,FATHER_OF,"BROTHER_OF(Joseph Smith,Hyrum Smith) ∧ FATHER_OF(Hyrum,Hyrum Smith)"
36345,19102,FATHER_OF,"BROTHER_OF(Joseph Smith,Hyrum Smith) ∧ FATHER_OF(Elkanah,Hyrum Smith)"
59317,19102,FATHER_OF,"BROTHER_OF(Joseph Smith,Hyrum Smith) ∧ FATHER_OF(Robert,Hyrum Smith)"
464107,19102,FATHER_OF,"BROTHER_OF(Joseph Smith,Hyrum Smith) ∧ FATHER_OF(An Ephraimite,Hyrum Smith)"
19097,42064,FATHER_OF,"BROTHER_OF(Jaddua,Manasseh) ∧ FATHER_OF(Joseph,Manasseh)"
19106,42064,FATHER_OF,"BROTHER_OF(Jaddua,Manasseh) ∧ FATHER_OF(Judah,Manasseh)"
18906,42064,FATHER_OF,"BROTHER_OF(Jaddua,Manasseh) ∧ FATHER_OF(Hezekiah,Manasseh)"
35071,19200,FATHER_OF,"BROTHER_OF(Rebekah,Abraham) ∧ FATHER_OF(Terah,Abraham)"
36136,19200,FATHER_OF,"BROTHER_OF(Rebekah,Abraham) ∧ FATHER_OF(Keturah,Abraham)"
412558,19200,FATHER_OF,"BROTHER_OF(Rebekah,Abraham) ∧ FATHER_OF(Thara Terah,Abraham)"
3549,19073,FATHER_OF,"BROTHER_OF(James,Judas) ∧ FATHER_OF(Jacob,Judas)"
11338,19073,FATHER_OF,"BROTHER_OF(James,Judas) ∧ FATHER_OF(Simón Iscariote,Judas)"
19073,19073,FATHER_OF,"BROTHER_OF(James,Judas) ∧ FATHER_OF(James,Judas)"
757218,19073,FATHER_OF,"BROTHER_OF(James,Judas) ∧ FATHER_OF(Chalphi,Judas)"
457984,19073,FATHER_OF,"BROTHER_OF(James,Judas) ∧ FATHER_OF(Simon Iscariot,Judas)"
37026,19330,FATHER_OF,"BROTHER_OF(Nathan,Joel) ∧ FATHER_OF(Uzzi,Joel)"
391963,19330,FATHER_OF,"BROTHER_OF(Nathan,Joel) ∧ FATHER_OF(Pethuel,Joel)"
36744,19330,FATHER_OF,"BROTHER_OF(Nathan,Joel) ∧ FATHER_OF(Zichri,Joel)"
37044,19330,FATHER_OF,"BROTHER_OF(Nathan,Joel) ∧ FATHER_OF(Shemuel,Joel)"
36788,19330,FATHER_OF,"BROTHER_OF(Nathan,Joel) ∧ FATHER_OF(Pedaiah,Joel)"
36557,19330,FATHER_OF,"BROTHER_OF(Nathan,Joel) ∧ FATHER_OF(Azariah,Joel)"
18897,19330,FATHER_OF,"BROTHER_OF(Nathan,Joel) ∧ FATHER_OF(Samuel,Joel)"
12889,19330,FATHER_OF,"BROTHER_OF(Nathan,Joel) ∧ FATHER_OF(Zicri,Joel)"
394718,19330,FATHER_OF,"BROTHER_OF(Nathan,Joel) ∧ FATHER_OF(Kohathite,Joel)"
36907,36505,FATHER_OF,"BROTHER_OF(Jerahmeel,Caleb) ∧ FATHER_OF(Jephunneh,Caleb)"
36521,36505,FATHER_OF,"BROTHER_OF(Jerahmeel,Caleb) ∧ FATHER_OF(Hur,Caleb)"
41437,36505,FATHER_OF,"BROTHER_OF(Jerahmeel,Caleb) ∧ FATHER_OF(Jephunneh Hebron,Caleb)"
12974,36505,FATHER_OF,"BROTHER_OF(Jerahmeel,Caleb) ∧ FATHER_OF(Jefone,Caleb)"
12693,36505,FATHER_OF,"BROTHER_OF(Jerahmeel,Caleb) ∧ FATHER_OF(Hezrón,Caleb)"
411600,36505,FATHER_OF,"BROTHER_OF(Jerahmeel,Caleb) ∧ FATHER_OF(Jephuneh,Caleb)"
16086,36505,FATHER_OF,"BROTHER_OF(Jerahmeel,Caleb) ∧ FATHER_OF(Hamelec,Caleb)"
36150,3580,FATHER_OF,"BROTHER_OF(Caleb,Kenaz) ∧ FATHER_OF(Eliphaz,Kenaz)"
18663,18663,FATHER_OF,"BROTHER_OF(David,Shimea) ∧ FATHER_OF(David,Shimea)"
36106,19077,FATHER_OF,"BROTHER_OF(Japheth,Eber) ∧ FATHER_OF(Salah,Eber)"
37201,19077,FATHER_OF,"BROTHER_OF(Japheth,Eber) ∧ FATHER_OF(Elpaal,Eber)"
36638,19077,FATHER_OF,"BROTHER_OF(Japheth,Eber) ∧ FATHER_OF(Beriah,Eber)"
36107,19077,FATHER_OF,"BROTHER_OF(Japheth,Eber) ∧ FATHER_OF(Shelah,Eber)"
394897,38623,FATHER_OF,"BROTHER_OF(Eshcol,Amorite) ∧ FATHER_OF(Abiramu,Amorite)"
12891,18663,FATHER_OF,"BROTHER_OF(David,Simea) ∧ FATHER_OF(Miclot,Simea)"
36175,12714,FATHER_OF,"BROTHER_OF(Samai,Jada) ∧ FATHER_OF(Onam,Jada)"
18690,12714,FATHER_OF,"BROTHER_OF(Samai,Jada) ∧ FATHER_OF(Ezra,Jada)"
36569,12714,FATHER_OF,"BROTHER_OF(Samai,Jada) ∧ FATHER_OF(Rekem,Jada)"
36498,12708,FATHER_OF,"BROTHER_OF(Jerameel,Caleb) ∧ FATHER_OF(Hezron,Caleb)"
36907,12708,FATHER_OF,"BROTHER_OF(Jerameel,Caleb) ∧ FATHER_OF(Jephunneh,Caleb)"
36521,12708,FATHER_OF,"BROTHER_OF(Jerameel,Caleb) ∧ FATHER_OF(Hur,Caleb)"
41437,12708,FATHER_OF,"BROTHER_OF(Jerameel,Caleb) ∧ FATHER_OF(Jephunneh Hebron,Caleb)"
12974,12708,FATHER_OF,"BROTHER_OF(Jerameel,Caleb) ∧ FATHER_OF(Jefone,Caleb)"
12693,12708,FATHER_OF,"BROTHER_OF(Jerameel,Caleb) ∧ FATHER_OF(Hezrón,Caleb)"
411600,12708,FATHER_OF,"BROTHER_OF(Jerameel,Caleb) ∧ FATHER_OF(Jephuneh,Caleb)"
41089,12708,FATHER_OF,"BROTHER_OF(Jerameel,Caleb) ∧ FATHER_OF(Hammelech,Caleb)"
35049,19073,FATHER_OF,"BROTHER_OF(James,Jude) ∧ FATHER_OF(Rhesa,Jude)"
19076,18645,FATHER_OF,"BROTHER_OF(Jesus,James) ∧ FATHER_OF(Zebedee,James)"
19075,18645,FATHER_OF,"BROTHER_OF(Jesus,James) ∧ FATHER_OF(Alphaeus,James)"
204448,18645,FATHER_OF,"BROTHER_OF(Jesus,James) ∧ FATHER_OF(Alpheus,James)"
499765,18645,FATHER_OF,"BROTHER_OF(Jesus,James) ∧ FATHER_OF(Zehedee,James)"
621613,18645,FATHER_OF,"BROTHER_OF(Jesus,James) ∧ FATHER_OF(Zebedee Salome,James)"
19871,18645,FATHER_OF,"BROTHER_OF(Jesus,James) ∧ FATHER_OF(Zacharias,James)"
19870,18645,FATHER_OF,"BROTHER_OF(Jesus,James) ∧ FATHER_OF(Brigham Young,James)"
397883,18645,FATHER_OF,"BROTHER_OF(Jesus,James) ∧ FATHER_OF(Mathew Woodruff,James)"
494839,18645,FATHER_OF,"BROTHER_OF(Jesus,James) ∧ FATHER_OF(Accos,James)"
35041,18645,FATHER_OF,"BROTHER_OF(Jesus,James) ∧ FATHER_OF(Mattathias,James)"
19872,18645,FATHER_OF,"BROTHER_OF(Jesus,James) ∧ FATHER_OF(Zechariah,James)"
36345,19735,FATHER_OF,"BROTHER_OF(José,Samuel) ∧ FATHER_OF(Elkanah,Samuel)"
59317,19735,FATHER_OF,"BROTHER_OF(José,Samuel) ∧ FATHER_OF(Robert,Samuel)"
464107,19735,FATHER_OF,"BROTHER_OF(José,Samuel) ∧ FATHER_OF(An Ephraimite,Samuel)"
207621,380753,FATHER_OF,"BROTHER_OF(Rhoda Young Greene,Phineas Young) ∧ FATHER_OF(John Young,Phineas Young)"
19076,104442,FATHER_OF,"BROTHER_OF(Burnett,James) ∧ FATHER_OF(Zebedee,James)"
19075,104442,FATHER_OF,"BROTHER_OF(Burnett,James) ∧ FATHER_OF(Alphaeus,James)"
204448,104442,FATHER_OF,"BROTHER_OF(Burnett,James) ∧ FATHER_OF(Alpheus,James)"
499765,104442,FATHER_OF,"BROTHER_OF(Burnett,James) ∧ FATHER_OF(Zehedee,James)"
621613,104442,FATHER_OF,"BROTHER_OF(Burnett,James) ∧ FATHER_OF(Zebedee Salome,James)"
19871,104442,FATHER_OF,"BROTHER_OF(Burnett,James) ∧ FATHER_OF(Zacharias,James)"
19870,104442,FATHER_OF,"BROTHER_OF(Burnett,James) ∧ FATHER_OF(Brigham Young,James)"
397883,104442,FATHER_OF,"BROTHER_OF(Burnett,James) ∧ FATHER_OF(Mathew Woodruff,James)"
494839,104442,FATHER_OF,"BROTHER_OF(Burnett,James) ∧ FATHER_OF(Accos,James)"
35041,104442,FATHER_OF,"BROTHER_OF(Burnett,James) ∧ FATHER_OF(Mattathias,James)"
19872,104442,FATHER_OF,"BROTHER_OF(Burnett,James) ∧ FATHER_OF(Zechariah,James)"
19108,104442,FATHER_OF,"BROTHER_OF(Burnett,James) ∧ FATHER_OF(Judas,James)"
19097,104442,FATHER_OF,"BROTHER_OF(Burnett,James) ∧ FATHER_OF(Joseph,James)"
494653,104442,FATHER_OF,"BROTHER_OF(Burnett,James) ∧ FATHER_OF(Sirach,James)"
516157,104442,FATHER_OF,"BROTHER_OF(Burnett,James) ∧ FATHER_OF(SIR,James)"
398435,104442,FATHER_OF,"BROTHER_OF(Burnett,James) ∧ FATHER_OF(Josedek,James)"
18663,104442,FATHER_OF,"BROTHER_OF(Burnett,James) ∧ FATHER_OF(David,James)"
416791,104442,FATHER_OF,"BROTHER_OF(Burnett,James) ∧ FATHER_OF(Ananus,James)"
19581,104442,FATHER_OF,"BROTHER_OF(Burnett,James) ∧ FATHER_OF(Simon,James)"
35452,104442,FATHER_OF,"BROTHER_OF(Burnett,James) ∧ FATHER_OF(Eleazar,James)"
39574,19879,FATHER_OF,"BROTHER_OF(Zerubbabel,Pedaiah) ∧ FATHER_OF(Parosh,Pedaiah)"
41048,19879,FATHER_OF,"BROTHER_OF(Zerubbabel,Pedaiah) ∧ FATHER_OF(Kolaiah,Pedaiah)"
19544,3580,FATHER_OF,"BROTHER_OF(Caleb,Hezron) ∧ FATHER_OF(Reuben,Hezron)"
19106,3580,FATHER_OF,"BROTHER_OF(Caleb,Hezron) ∧ FATHER_OF(Judah,Hezron)"
35070,3580,FATHER_OF,"BROTHER_OF(Caleb,Hezron) ∧ FATHER_OF(Pharez,Hezron)"
25524,18645,FATHER_OF,"BROTHER_OF(Jesus,Simon) ∧ FATHER_OF(Jonas,Simon)"
45834,18645,FATHER_OF,"BROTHER_OF(Jesus,Simon) ∧ FATHER_OF(Jona,Simon)"
19092,18645,FATHER_OF,"BROTHER_OF(Jesus,Simon) ∧ FATHER_OF(John,Simon)"
19094,18645,FATHER_OF,"BROTHER_OF(Jesus,Simon) ∧ FATHER_OF(Jonah,Simon)"
650625,18645,FATHER_OF,"BROTHER_OF(Jesus,Simon) ∧ FATHER_OF(Gioras,Simon)"
55816,18645,FATHER_OF,"BROTHER_OF(Jesus,Simon) ∧ FATHER_OF(Jochai,Simon)"
465526,18645,FATHER_OF,"BROTHER_OF(Jesus,Simon) ∧ FATHER_OF(Onias,Simon)"
18873,18645,FATHER_OF,"BROTHER_OF(Jesus,Simon) ∧ FATHER_OF(Gamaliel,Simon)"
3549,18645,FATHER_OF,"BROTHER_OF(Jesus,Simon) ∧ FATHER_OF(Jacob,Simon)"
11338,18645,FATHER_OF,"BROTHER_OF(Jesus,Simon) ∧ FATHER_OF(Simón Iscariote,Simon)"
19073,18645,FATHER_OF,"BROTHER_OF(Jesus,Simon) ∧ FATHER_OF(James,Simon)"
757218,18645,FATHER_OF,"BROTHER_OF(Jesus,Simon) ∧ FATHER_OF(Chalphi,Simon)"
457984,18645,FATHER_OF,"BROTHER_OF(Jesus,Simon) ∧ FATHER_OF(Simon Iscariot,Simon)"
42109,18645,FATHER_OF,"BROTHER_OF(Jesus,Simon) ∧ FATHER_OF(Joiada,Simon)"
19566,18645,FATHER_OF,"BROTHER_OF(Jesus,Simon) ∧ FATHER_OF(Shaul,Simon)"
19494,18645,FATHER_OF,"BROTHER_OF(Jesus,Simon) ∧ FATHER_OF(Paul,Simon)"
36417,18645,FATHER_OF,"BROTHER_OF(Jesus,Simon) ∧ FATHER_OF(Shemaiah,Simon)"
36161,18645,FATHER_OF,"BROTHER_OF(Jesus,Simon) ∧ FATHER_OF(Shage,Simon)"
36610,18645,FATHER_OF,"BROTHER_OF(Jesus,Simon) ∧ FATHER_OF(Shimea,Simon)"
35320,18645,FATHER_OF,"BROTHER_OF(Jesus,Simon) ∧ FATHER_OF(Abiathar,Simon)"
36418,18645,FATHER_OF,"BROTHER_OF(Jesus,Simon) ∧ FATHER_OF(Uzziel,Simon)"
36162,18645,FATHER_OF,"BROTHER_OF(Jesus,Simon) ∧ FATHER_OF(Shammah,Simon)"
419644,18645,FATHER_OF,"BROTHER_OF(Jesus,Simon) ∧ FATHER_OF(Shagee,Simon)"
36830,18645,FATHER_OF,"BROTHER_OF(Jesus,Simon) ∧ FATHER_OF(Absalom,Simon)"
36627,18645,FATHER_OF,"BROTHER_OF(Jesus,Simon) ∧ FATHER_OF(Shimei,Simon)"
39823,19200,FATHER_OF,"BROTHER_OF(Rebekah,Bethuel) ∧ FATHER_OF(Milcah,Bethuel)"
36136,36121,FATHER_OF,"BROTHER_OF(Abram,Haran) ∧ FATHER_OF(Keturah,Haran)"
412558,36121,FATHER_OF,"BROTHER_OF(Abram,Haran) ∧ FATHER_OF(Thara Terah,Haran)"
19088,18663,FATHER_OF,"BROTHER_OF(David,Shammah) ∧ FATHER_OF(Jethro,Shammah)"
38340,18663,FATHER_OF,"BROTHER_OF(David,Shammah) ∧ FATHER_OF(Agee,Shammah)"
395045,18663,FATHER_OF,"BROTHER_OF(David,Shammah) ∧ FATHER_OF(Agee Fugitive,Shammah)"
38352,18663,FATHER_OF,"BROTHER_OF(David,Shammah) ∧ FATHER_OF(Hararite,Shammah)"
25524,19108,FATHER_OF,"BROTHER_OF(Judas,Simon) ∧ FATHER_OF(Jonas,Simon)"
45834,19108,FATHER_OF,"BROTHER_OF(Judas,Simon) ∧ FATHER_OF(Jona,Simon)"
19092,19108,FATHER_OF,"BROTHER_OF(Judas,Simon) ∧ FATHER_OF(John,Simon)"
19094,19108,FATHER_OF,"BROTHER_OF(Judas,Simon) ∧ FATHER_OF(Jonah,Simon)"
650625,19108,FATHER_OF,"BROTHER_OF(Judas,Simon) ∧ FATHER_OF(Gioras,Simon)"
55816,19108,FATHER_OF,"BROTHER_OF(Judas,Simon) ∧ FATHER_OF(Jochai,Simon)"
465526,19108,FATHER_OF,"BROTHER_OF(Judas,Simon) ∧ FATHER_OF(Onias,Simon)"
18873,19108,FATHER_OF,"BROTHER_OF(Judas,Simon) ∧ FATHER_OF(Gamaliel,Simon)"
42109,19108,FATHER_OF,"BROTHER_OF(Judas,Simon) ∧ FATHER_OF(Joiada,Simon)"
19566,19108,FATHER_OF,"BROTHER_OF(Judas,Simon) ∧ FATHER_OF(Shaul,Simon)"
19494,19108,FATHER_OF,"BROTHER_OF(Judas,Simon) ∧ FATHER_OF(Paul,Simon)"
36417,19108,FATHER_OF,"BROTHER_OF(Judas,Simon) ∧ FATHER_OF(Shemaiah,Simon)"
36161,19108,FATHER_OF,"BROTHER_OF(Judas,Simon) ∧ FATHER_OF(Shage,Simon)"
36610,19108,FATHER_OF,"BROTHER_OF(Judas,Simon) ∧ FATHER_OF(Shimea,Simon)"
35320,19108,FATHER_OF,"BROTHER_OF(Judas,Simon) ∧ FATHER_OF(Abiathar,Simon)"
36418,19108,FATHER_OF,"BROTHER_OF(Judas,Simon) ∧ FATHER_OF(Uzziel,Simon)"
36162,19108,FATHER_OF,"BROTHER_OF(Judas,Simon) ∧ FATHER_OF(Shammah,Simon)"
419644,19108,FATHER_OF,"BROTHER_OF(Judas,Simon) ∧ FATHER_OF(Shagee,Simon)"
36830,19108,FATHER_OF,"BROTHER_OF(Judas,Simon) ∧ FATHER_OF(Absalom,Simon)"
36627,19108,FATHER_OF,"BROTHER_OF(Judas,Simon) ∧ FATHER_OF(Shimei,Simon)"
45762,421456,FATHER_OF,"BROTHER_OF(Menelaus,Lysimachus) ∧ FATHER_OF(Ptolemy,Lysimachus)"
36158,3580,FATHER_OF,"BROTHER_OF(Caleb,Othniel) ∧ FATHER_OF(Kenaz,Othniel)"
92202,27544,FATHER_OF,"BROTHER_OF(Antipas,Herod Philip) ∧ FATHER_OF(Cleopatra,Herod Philip)"
30664,19097,FATHER_OF,"BROTHER_OF(Joseph,William Smith) ∧ FATHER_OF(Joseph Smith Sr.,William Smith)"
35074,3278,FATHER_OF,"BROTHER_OF(Abraham,Nahor) ∧ FATHER_OF(Reu,Nahor)"
35073,3278,FATHER_OF,"BROTHER_OF(Abraham,Nahor) ∧ FATHER_OF(Serug,Nahor)"
392321,3278,FATHER_OF,"BROTHER_OF(Abraham,Nahor) ∧ FATHER_OF(Serug Branch,Nahor)"
19871,3549,FATHER_OF,"BROTHER_OF(Jacob,John) ∧ FATHER_OF(Zacharias,John)"
397883,3549,FATHER_OF,"BROTHER_OF(Jacob,John) ∧ FATHER_OF(Mathew Woodruff,John)"
494839,3549,FATHER_OF,"BROTHER_OF(Jacob,John) ∧ FATHER_OF(Accos,John)"
35041,3549,FATHER_OF,"BROTHER_OF(Jacob,John) ∧ FATHER_OF(Mattathias,John)"
19872,3549,FATHER_OF,"BROTHER_OF(Jacob,John) ∧ FATHER_OF(Zechariah,John)"
19108,3549,FATHER_OF,"BROTHER_OF(Jacob,John) ∧ FATHER_OF(Judas,John)"
204448,3549,FATHER_OF,"BROTHER_OF(Jacob,John) ∧ FATHER_OF(Alpheus,John)"
499765,3549,FATHER_OF,"BROTHER_OF(Jacob,John) ∧ FATHER_OF(Zehedee,John)"
621613,3549,FATHER_OF,"BROTHER_OF(Jacob,John) ∧ FATHER_OF(Zebedee Salome,John)"
42109,3549,FATHER_OF,"BROTHER_OF(Jacob,John) ∧ FATHER_OF(Joiada,John)"
19566,3549,FATHER_OF,"BROTHER_OF(Jacob,John) ∧ FATHER_OF(Shaul,John)"
19494,3549,FATHER_OF,"BROTHER_OF(Jacob,John) ∧ FATHER_OF(Paul,John)"
36417,3549,FATHER_OF,"BROTHER_OF(Jacob,John) ∧ FATHER_OF(Shemaiah,John)"
36161,3549,FATHER_OF,"BROTHER_OF(Jacob,John) ∧ FATHER_OF(Shage,John)"
36610,3549,FATHER_OF,"BROTHER_OF(Jacob,John) ∧ FATHER_OF(Shimea,John)"
35320,3549,FATHER_OF,"BROTHER_OF(Jacob,John) ∧ FATHER_OF(Abiathar,John)"
36418,3549,FATHER_OF,"BROTHER_OF(Jacob,John) ∧ FATHER_OF(Uzziel,John)"
36162,3549,FATHER_OF,"BROTHER_OF(Jacob,John) ∧ FATHER_OF(Shammah,John)"
419644,3549,FATHER_OF,"BROTHER_OF(Jacob,John) ∧ FATHER_OF(Shagee,John)"
36830,3549,FATHER_OF,"BROTHER_OF(Jacob,John) ∧ FATHER_OF(Absalom,John)"
36627,3549,FATHER_OF,"BROTHER_OF(Jacob,John) ∧ FATHER_OF(Shimei,John)"
19210,18645,FATHER_OF,"BROTHER_OF(Jesus,Judah) ∧ FATHER_OF(Leah,Judah)"
19199,18645,FATHER_OF,"BROTHER_OF(Jesus,Judah) ∧ FATHER_OF(Laban,Judah)"
3553,18645,FATHER_OF,"BROTHER_OF(Jesus,Judah) ∧ FATHER_OF(Jacob (patriarch),Judah)"
42086,18645,FATHER_OF,"BROTHER_OF(Jesus,Judah) ∧ FATHER_OF(Senuah,Judah)"
38002,18645,FATHER_OF,"BROTHER_OF(Jesus,Judah) ∧ FATHER_OF(Jehoash,Judah)"
36330,18645,FATHER_OF,"BROTHER_OF(Jesus,Judah) ∧ FATHER_OF(Joash,Judah)"
19082,18645,FATHER_OF,"BROTHER_OF(Jesus,Judah) ∧ FATHER_OF(Jehoshaphat,Judah)"
19540,18645,FATHER_OF,"BROTHER_OF(Jesus,Judah) ∧ FATHER_OF(Rehoboam,Judah)"
36522,18645,FATHER_OF,"BROTHER_OF(Jesus,Judah) ∧ FATHER_OF(Uri,Judah)"
24119,18645,FATHER_OF,"BROTHER_OF(Jesus,Judah) ∧ FATHER_OF(Jotham,Judah)"
35433,18645,FATHER_OF,"BROTHER_OF(Jesus,Judah) ∧ FATHER_OF(Jehoram,Judah)"
3504,18645,FATHER_OF,"BROTHER_OF(Jesus,Judah) ∧ FATHER_OF(Asa,Judah)"
36576,18645,FATHER_OF,"BROTHER_OF(Jesus,Judah) ∧ FATHER_OF(Jahdai,Judah)"
36557,18645,FATHER_OF,"BROTHER_OF(Jesus,Judah) ∧ FATHER_OF(Azariah,Judah)"
36542,18645,FATHER_OF,"BROTHER_OF(Jesus,Judah) ∧ FATHER_OF(Appaim,Judah)"
36724,18645,FATHER_OF,"BROTHER_OF(Jesus,Judah) ∧ FATHER_OF(Jehohanan,Judah)"
18906,18645,FATHER_OF,"BROTHER_OF(Jesus,Judah) ∧ FATHER_OF(Hezekiah,Judah)"
36563,18645,FATHER_OF,"BROTHER_OF(Jesus,Judah) ∧ FATHER_OF(Jekamiah,Judah)"
402110,18645,FATHER_OF,"BROTHER_OF(Jesus,Judah) ∧ FATHER_OF(Hassenuah,Judah)"
36905,18645,FATHER_OF,"BROTHER_OF(Jesus,Judah) ∧ FATHER_OF(Meonothai,Judah)"
36898,18645,FATHER_OF,"BROTHER_OF(Jesus,Judah) ∧ FATHER_OF(Eshton,Judah)"
37051,18645,FATHER_OF,"BROTHER_OF(Jesus,Judah) ∧ FATHER_OF(Adaiah,Judah)"
24105,18645,FATHER_OF,"BROTHER_OF(Jesus,Judah) ∧ FATHER_OF(Uzziah,Judah)"
36797,18645,FATHER_OF,"BROTHER_OF(Jesus,Judah) ∧ FATHER_OF(Chelub,Judah)"
19072,19583,FATHER_OF,"BROTHER_OF(Hyrum Smith,William Smith) ∧ FATHER_OF(Lehi,William Smith)"
19536,19583,FATHER_OF,"BROTHER_OF(Hyrum Smith,William Smith) ∧ FATHER_OF(Rachel,William Smith)"
35060,19583,FATHER_OF,"BROTHER_OF(Hyrum Smith,William Smith) ∧ FATHER_OF(Jonan,William Smith)"
35037,19583,FATHER_OF,"BROTHER_OF(Hyrum Smith,William Smith) ∧ FATHER_OF(Heli,William Smith)"
3416,19583,FATHER_OF,"BROTHER_OF(Hyrum Smith,William Smith) ∧ FATHER_OF(Amos,William Smith)"
19109,19583,FATHER_OF,"BROTHER_OF(Hyrum Smith,William Smith) ∧ FATHER_OF(Jude,William Smith)"
3553,19583,FATHER_OF,"BROTHER_OF(Hyrum Smith,William Smith) ∧ FATHER_OF(Jacob (patriarch),William Smith)"
19870,19583,FATHER_OF,"BROTHER_OF(Hyrum Smith,William Smith) ∧ FATHER_OF(Brigham Young,William Smith)"
18670,19583,FATHER_OF,"BROTHER_OF(Hyrum Smith,William Smith) ∧ FATHER_OF(Eli,William Smith)"
409594,19583,FATHER_OF,"BROTHER_OF(Hyrum Smith,William Smith) ∧ FATHER_OF(Jonam,William Smith)"
15527,19583,FATHER_OF,"BROTHER_OF(Hyrum Smith,William Smith) ∧ FATHER_OF(Potiphera,William Smith)"
5852,19583,FATHER_OF,"BROTHER_OF(Hyrum Smith,William Smith) ∧ FATHER_OF(Cuando,William Smith)"
19583,19583,FATHER_OF,"BROTHER_OF(Hyrum Smith,William Smith) ∧ FATHER_OF(Hyrum Smith,William Smith)"
391257,19583,FATHER_OF,"BROTHER_OF(Hyrum Smith,William Smith) ∧ FATHER_OF(Patriarch,William Smith)"
213770,19097,FATHER_OF,"BROTHER_OF(Joseph,Smith) ∧ FATHER_OF(Alexander Hale Smith,Smith)"
520857,19097,FATHER_OF,"BROTHER_OF(Joseph,Smith) ∧ FATHER_OF(Patriarch Hyrum Smith,Smith)"
19092,19097,FATHER_OF,"BROTHER_OF(Joseph,Smith) ∧ FATHER_OF(John,Smith)"
523183,351244,FATHER_OF,"BROTHER_OF(Mrs,Clark) ∧ FATHER_OF(Sanford Porter,Clark)"
252544,67910,FATHER_OF,"BROTHER_OF(Camilla,Wilford) ∧ FATHER_OF(Aphek Woodruff,Wilford)"
30664,18897,FATHER_OF,"BROTHER_OF(Samuel,Hyrum Smith) ∧ FATHER_OF(Joseph Smith Sr.,Hyrum Smith)"
30497,18897,FATHER_OF,"BROTHER_OF(Samuel,Hyrum Smith) ∧ FATHER_OF(Hyrum,Hyrum Smith)"
19097,18897,FATHER_OF,"BROTHER_OF(Samuel,Hyrum Smith) ∧ FATHER_OF(Joseph,Hyrum Smith)"
106978,18897,FATHER_OF,"BROTHER_OF(Samuel,Hyrum Smith) ∧ FATHER_OF(Asael Smith,Hyrum Smith)"
18661,73734,FATHER_OF,"BROTHER_OF(Janet,Cuando) ∧ FATHER_OF(Daniel,Cuando)"
416757,45512,FATHER_OF,"BROTHER_OF(Mariamne,Aristobulus) ∧ FATHER_OF(Alexander Janneus,Aristobulus)"
18904,45512,FATHER_OF,"BROTHER_OF(Mariamne,Aristobulus) ∧ FATHER_OF(Herod,Aristobulus)"
19076,19095,FATHER_OF,"BROTHER_OF(Jonathan,John) ∧ FATHER_OF(Zebedee,John)"
19871,19095,FATHER_OF,"BROTHER_OF(Jonathan,John) ∧ FATHER_OF(Zacharias,John)"
19870,19095,FATHER_OF,"BROTHER_OF(Jonathan,John) ∧ FATHER_OF(Brigham Young,John)"
397883,19095,FATHER_OF,"BROTHER_OF(Jonathan,John) ∧ FATHER_OF(Mathew Woodruff,John)"
494839,19095,FATHER_OF,"BROTHER_OF(Jonathan,John) ∧ FATHER_OF(Accos,John)"
19872,19095,FATHER_OF,"BROTHER_OF(Jonathan,John) ∧ FATHER_OF(Zechariah,John)"
19108,19095,FATHER_OF,"BROTHER_OF(Jonathan,John) ∧ FATHER_OF(Judas,John)"
19075,19095,FATHER_OF,"BROTHER_OF(Jonathan,John) ∧ FATHER_OF(Alphaeus,John)"
204448,19095,FATHER_OF,"BROTHER_OF(Jonathan,John) ∧ FATHER_OF(Alpheus,John)"
499765,19095,FATHER_OF,"BROTHER_OF(Jonathan,John) ∧ FATHER_OF(Zehedee,John)"
621613,19095,FATHER_OF,"BROTHER_OF(Jonathan,John) ∧ FATHER_OF(Zebedee Salome,John)"
18915,19095,FATHER_OF,"BROTHER_OF(Jonathan,John) ∧ FATHER_OF(Isaac,John)"
19072,19095,FATHER_OF,"BROTHER_OF(Jonathan,John) ∧ FATHER_OF(Lehi,John)"
35453,19095,FATHER_OF,"BROTHER_OF(Jonathan,John) ∧ FATHER_OF(Matthan,John)"
12037,19095,FATHER_OF,"BROTHER_OF(Jonathan,John) ∧ FATHER_OF(Matán,John)"
19544,36505,FATHER_OF,"BROTHER_OF(Jerahmeel,Hezron) ∧ FATHER_OF(Reuben,Hezron)"
19106,36505,FATHER_OF,"BROTHER_OF(Jerahmeel,Hezron) ∧ FATHER_OF(Judah,Hezron)"
35070,36505,FATHER_OF,"BROTHER_OF(Jerahmeel,Hezron) ∧ FATHER_OF(Pharez,Hezron)"
25524,203561,FATHER_OF,"BROTHER_OF(Judas Maccabeus,Simon) ∧ FATHER_OF(Jonas,Simon)"
45834,203561,FATHER_OF,"BROTHER_OF(Judas Maccabeus,Simon) ∧ FATHER_OF(Jona,Simon)"
19092,203561,FATHER_OF,"BROTHER_OF(Judas Maccabeus,Simon) ∧ FATHER_OF(John,Simon)"
19094,203561,FATHER_OF,"BROTHER_OF(Judas Maccabeus,Simon) ∧ FATHER_OF(Jonah,Simon)"
650625,203561,FATHER_OF,"BROTHER_OF(Judas Maccabeus,Simon) ∧ FATHER_OF(Gioras,Simon)"
55816,203561,FATHER_OF,"BROTHER_OF(Judas Maccabeus,Simon) ∧ FATHER_OF(Jochai,Simon)"
465526,203561,FATHER_OF,"BROTHER_OF(Judas Maccabeus,Simon) ∧ FATHER_OF(Onias,Simon)"
18873,203561,FATHER_OF,"BROTHER_OF(Judas Maccabeus,Simon) ∧ FATHER_OF(Gamaliel,Simon)"
19097,203561,FATHER_OF,"BROTHER_OF(Judas Maccabeus,Simon) ∧ FATHER_OF(Joseph,Simon)"
19108,203561,FATHER_OF,"BROTHER_OF(Judas Maccabeus,Simon) ∧ FATHER_OF(Judas,Simon)"
494653,203561,FATHER_OF,"BROTHER_OF(Judas Maccabeus,Simon) ∧ FATHER_OF(Sirach,Simon)"
516157,203561,FATHER_OF,"BROTHER_OF(Judas Maccabeus,Simon) ∧ FATHER_OF(SIR,Simon)"
398435,203561,FATHER_OF,"BROTHER_OF(Judas Maccabeus,Simon) ∧ FATHER_OF(Josedek,Simon)"
18663,203561,FATHER_OF,"BROTHER_OF(Judas Maccabeus,Simon) ∧ FATHER_OF(David,Simon)"
416791,203561,FATHER_OF,"BROTHER_OF(Judas Maccabeus,Simon) ∧ FATHER_OF(Ananus,Simon)"
19581,203561,FATHER_OF,"BROTHER_OF(Judas Maccabeus,Simon) ∧ FATHER_OF(Simon,Simon)"
35452,203561,FATHER_OF,"BROTHER_OF(Judas Maccabeus,Simon) ∧ FATHER_OF(Eleazar,Simon)"
3549,203561,FATHER_OF,"BROTHER_OF(Judas Maccabeus,Simon) ∧ FATHER_OF(Jacob,Simon)"
11338,203561,FATHER_OF,"BROTHER_OF(Judas Maccabeus,Simon) ∧ FATHER_OF(Simón Iscariote,Simon)"
19073,203561,FATHER_OF,"BROTHER_OF(Judas Maccabeus,Simon) ∧ FATHER_OF(James,Simon)"
35041,203561,FATHER_OF,"BROTHER_OF(Judas Maccabeus,Simon) ∧ FATHER_OF(Mattathias,Simon)"
757218,203561,FATHER_OF,"BROTHER_OF(Judas Maccabeus,Simon) ∧ FATHER_OF(Chalphi,Simon)"
457984,203561,FATHER_OF,"BROTHER_OF(Judas Maccabeus,Simon) ∧ FATHER_OF(Simon Iscariot,Simon)"
42109,203561,FATHER_OF,"BROTHER_OF(Judas Maccabeus,Simon) ∧ FATHER_OF(Joiada,Simon)"
19566,203561,FATHER_OF,"BROTHER_OF(Judas Maccabeus,Simon) ∧ FATHER_OF(Shaul,Simon)"
19494,203561,FATHER_OF,"BROTHER_OF(Judas Maccabeus,Simon) ∧ FATHER_OF(Paul,Simon)"
36417,203561,FATHER_OF,"BROTHER_OF(Judas Maccabeus,Simon) ∧ FATHER_OF(Shemaiah,Simon)"
36161,203561,FATHER_OF,"BROTHER_OF(Judas Maccabeus,Simon) ∧ FATHER_OF(Shage,Simon)"
36610,203561,FATHER_OF,"BROTHER_OF(Judas Maccabeus,Simon) ∧ FATHER_OF(Shimea,Simon)"
35320,203561,FATHER_OF,"BROTHER_OF(Judas Maccabeus,Simon) ∧ FATHER_OF(Abiathar,Simon)"
36418,203561,FATHER_OF,"BROTHER_OF(Judas Maccabeus,Simon) ∧ FATHER_OF(Uzziel,Simon)"
36162,203561,FATHER_OF,"BROTHER_OF(Judas Maccabeus,Simon) ∧ FATHER_OF(Shammah,Simon)"
419644,203561,FATHER_OF,"BROTHER_OF(Judas Maccabeus,Simon) ∧ FATHER_OF(Shagee,Simon)"
36830,203561,FATHER_OF,"BROTHER_OF(Judas Maccabeus,Simon) ∧ FATHER_OF(Absalom,Simon)"
36627,203561,FATHER_OF,"BROTHER_OF(Judas Maccabeus,Simon) ∧ FATHER_OF(Shimei,Simon)"
25524,19095,FATHER_OF,"BROTHER_OF(Jonathan,Simon) ∧ FATHER_OF(Jonas,Simon)"
45834,19095,FATHER_OF,"BROTHER_OF(Jonathan,Simon) ∧ FATHER_OF(Jona,Simon)"
19092,19095,FATHER_OF,"BROTHER_OF(Jonathan,Simon) ∧ FATHER_OF(John,Simon)"
19094,19095,FATHER_OF,"BROTHER_OF(Jonathan,Simon) ∧ FATHER_OF(Jonah,Simon)"
650625,19095,FATHER_OF,"BROTHER_OF(Jonathan,Simon) ∧ FATHER_OF(Gioras,Simon)"
55816,19095,FATHER_OF,"BROTHER_OF(Jonathan,Simon) ∧ FATHER_OF(Jochai,Simon)"
465526,19095,FATHER_OF,"BROTHER_OF(Jonathan,Simon) ∧ FATHER_OF(Onias,Simon)"
18873,19095,FATHER_OF,"BROTHER_OF(Jonathan,Simon) ∧ FATHER_OF(Gamaliel,Simon)"
19097,19095,FATHER_OF,"BROTHER_OF(Jonathan,Simon) ∧ FATHER_OF(Joseph,Simon)"
494653,19095,FATHER_OF,"BROTHER_OF(Jonathan,Simon) ∧ FATHER_OF(Sirach,Simon)"
516157,19095,FATHER_OF,"BROTHER_OF(Jonathan,Simon) ∧ FATHER_OF(SIR,Simon)"
398435,19095,FATHER_OF,"BROTHER_OF(Jonathan,Simon) ∧ FATHER_OF(Josedek,Simon)"
18663,19095,FATHER_OF,"BROTHER_OF(Jonathan,Simon) ∧ FATHER_OF(David,Simon)"
416791,19095,FATHER_OF,"BROTHER_OF(Jonathan,Simon) ∧ FATHER_OF(Ananus,Simon)"
19581,19095,FATHER_OF,"BROTHER_OF(Jonathan,Simon) ∧ FATHER_OF(Simon,Simon)"
35452,19095,FATHER_OF,"BROTHER_OF(Jonathan,Simon) ∧ FATHER_OF(Eleazar,Simon)"
3549,19095,FATHER_OF,"BROTHER_OF(Jonathan,Simon) ∧ FATHER_OF(Jacob,Simon)"
11338,19095,FATHER_OF,"BROTHER_OF(Jonathan,Simon) ∧ FATHER_OF(Simón Iscariote,Simon)"
19073,19095,FATHER_OF,"BROTHER_OF(Jonathan,Simon) ∧ FATHER_OF(James,Simon)"
757218,19095,FATHER_OF,"BROTHER_OF(Jonathan,Simon) ∧ FATHER_OF(Chalphi,Simon)"
457984,19095,FATHER_OF,"BROTHER_OF(Jonathan,Simon) ∧ FATHER_OF(Simon Iscariot,Simon)"
36679,19413,FATHER_OF,"BROTHER_OF(Nehemiah,Hanani) ∧ FATHER_OF(Immer,Hanani)"
42109,441241,FATHER_OF,"BROTHER_OF(Judas Maccabee,Jonathan) ∧ FATHER_OF(Joiada,Jonathan)"
19566,441241,FATHER_OF,"BROTHER_OF(Judas Maccabee,Jonathan) ∧ FATHER_OF(Shaul,Jonathan)"
19494,441241,FATHER_OF,"BROTHER_OF(Judas Maccabee,Jonathan) ∧ FATHER_OF(Paul,Jonathan)"
36417,441241,FATHER_OF,"BROTHER_OF(Judas Maccabee,Jonathan) ∧ FATHER_OF(Shemaiah,Jonathan)"
36161,441241,FATHER_OF,"BROTHER_OF(Judas Maccabee,Jonathan) ∧ FATHER_OF(Shage,Jonathan)"
36610,441241,FATHER_OF,"BROTHER_OF(Judas Maccabee,Jonathan) ∧ FATHER_OF(Shimea,Jonathan)"
35320,441241,FATHER_OF,"BROTHER_OF(Judas Maccabee,Jonathan) ∧ FATHER_OF(Abiathar,Jonathan)"
35041,441241,FATHER_OF,"BROTHER_OF(Judas Maccabee,Jonathan) ∧ FATHER_OF(Mattathias,Jonathan)"
36418,441241,FATHER_OF,"BROTHER_OF(Judas Maccabee,Jonathan) ∧ FATHER_OF(Uzziel,Jonathan)"
36162,441241,FATHER_OF,"BROTHER_OF(Judas Maccabee,Jonathan) ∧ FATHER_OF(Shammah,Jonathan)"
419644,441241,FATHER_OF,"BROTHER_OF(Judas Maccabee,Jonathan) ∧ FATHER_OF(Shagee,Jonathan)"
36830,441241,FATHER_OF,"BROTHER_OF(Judas Maccabee,Jonathan) ∧ FATHER_OF(Absalom,Jonathan)"
36627,441241,FATHER_OF,"BROTHER_OF(Judas Maccabee,Jonathan) ∧ FATHER_OF(Shimei,Jonathan)"
394897,481841,FATHER_OF,"BROTHER_OF(Eschcol,Amorite) ∧ FATHER_OF(Abiramu,Amorite)"
36345,30497,FATHER_OF,"BROTHER_OF(Hyrum,Samuel) ∧ FATHER_OF(Elkanah,Samuel)"
59317,30497,FATHER_OF,"BROTHER_OF(Hyrum,Samuel) ∧ FATHER_OF(Robert,Samuel)"
464107,30497,FATHER_OF,"BROTHER_OF(Hyrum,Samuel) ∧ FATHER_OF(An Ephraimite,Samuel)"
19479,795374,FATHER_OF,"BROTHER_OF(Parhoran,Paanchi) ∧ FATHER_OF(Pahoran,Paanchi)"
36345,176512,FATHER_OF,"BROTHER_OF(WILLIAM,Samuel) ∧ FATHER_OF(Elkanah,Samuel)"
59317,176512,FATHER_OF,"BROTHER_OF(WILLIAM,Samuel) ∧ FATHER_OF(Robert,Samuel)"
464107,176512,FATHER_OF,"BROTHER_OF(WILLIAM,Samuel) ∧ FATHER_OF(An Ephraimite,Samuel)"
19583,81462,FATHER_OF,"BROTHER_OF(Joseph Smith Sr,JOHN SMITH) ∧ FATHER_OF(Hyrum Smith,JOHN SMITH)"
437076,33318,FATHER_OF,"SISTER_OF(Alexander,Thessalonica) ∧ FATHER_OF(Philip II,Thessalonica)"
457477,36842,FATHER_OF,"SISTER_OF(Ahaziah,Joram) ∧ FATHER_OF(JOSAPHAT,Joram)"
396816,36842,FATHER_OF,"SISTER_OF(Ahaziah,Joram) ∧ FATHER_OF(Kohathite Levite,Joram)"
35071,12460,FATHER_OF,"SISTER_OF(Nebaiot,Abraham) ∧ FATHER_OF(Terah,Abraham)"
36136,12460,FATHER_OF,"SISTER_OF(Nebaiot,Abraham) ∧ FATHER_OF(Keturah,Abraham)"
412558,12460,FATHER_OF,"SISTER_OF(Nebaiot,Abraham) ∧ FATHER_OF(Thara Terah,Abraham)"
36950,12460,FATHER_OF,"SISTER_OF(Nebaiot,Abraham) ∧ FATHER_OF(Bethuel,Abraham)"
35072,12460,FATHER_OF,"SISTER_OF(Nebaiot,Abraham) ∧ FATHER_OF(Nahor,Abraham)"
28095,35964,FATHER_OF,"SISTER_OF(Phebe,Sarah) ∧ FATHER_OF(Heth,Sarah)"
3512,35964,FATHER_OF,"SISTER_OF(Phebe,Sarah) ∧ FATHER_OF(Asher,Sarah)"
695884,35964,FATHER_OF,"SISTER_OF(Phebe,Sarah) ∧ FATHER_OF(Orlando,Sarah)"
130029,35964,FATHER_OF,"SISTER_OF(Phebe,Sarah) ∧ FATHER_OF(Edna,Sarah)"
19104,74193,FATHER_OF,"SISTER_OF(Louisa,Caroline) ∧ FATHER_OF(Joshua,Caroline)"
18917,18917,FATHER_OF,"SISTER_OF(Ishmael,Bashemath) ∧ FATHER_OF(Ishmael,Bashemath)"
36341,18917,FATHER_OF,"SISTER_OF(Ishmael,Bashemath) ∧ FATHER_OF(Jerimoth,Bashemath)"
37465,18917,FATHER_OF,"SISTER_OF(Ishmael,Bashemath) ∧ FATHER_OF(Elon,Bashemath)"
393864,18917,FATHER_OF,"SISTER_OF(Ishmael,Bashemath) ∧ FATHER_OF(Elan,Bashemath)"
442679,18917,FATHER_OF,"SISTER_OF(Ishmael,Bashemath) ∧ FATHER_OF(Hittite,Bashemath)"
35975,3299,FATHER_OF,"SISTER_OF(Agrippa,Herodias) ∧ FATHER_OF(Aristobulus,Herodias)"
43637,400216,FATHER_OF,"SISTER_OF(Agrippa II,Drusilla) ∧ FATHER_OF(Herod Agrippa,Drusilla)"
18661,737803,FATHER_OF,"SISTER_OF(Blendina,Cuando) ∧ FATHER_OF(Daniel,Cuando)"
35072,19259,FATHER_OF,"SISTER_OF(Lot,Milcah) ∧ FATHER_OF(Nahor,Milcah)"
36950,19259,FATHER_OF,"SISTER_OF(Lot,Milcah) ∧ FATHER_OF(Bethuel,Milcah)"
12670,36234,FATHER_OF,"SISTER_OF(Zeruiah,Abigail) ∧ FATHER_OF(Nahas,Abigail)"
36486,36234,FATHER_OF,"SISTER_OF(Zeruiah,Abigail) ∧ FATHER_OF(Nahash,Abigail)"
18905,18904,FATHER_OF,"SISTER_OF(Herod,Salome) ∧ FATHER_OF(Herodias,Salome)"
45528,18904,FATHER_OF,"SISTER_OF(Herod,Salome) ∧ FATHER_OF(Herod Philip,Salome)"
36573,19199,FATHER_OF,"SISTER_OF(Laban,Milcah) ∧ FATHER_OF(Haran,Milcah)"
12743,19199,FATHER_OF,"SISTER_OF(Laban,Milcah) ∧ FATHER_OF(Harán,Milcah)"
19871,18918,FATHER_OF,"BROTHER_OF(Nephi,Jacob) ∧ FATHER_OF(Zacharias,Jacob)"
397883,18918,FATHER_OF,"BROTHER_OF(Nephi,Jacob) ∧ FATHER_OF(Mathew Woodruff,Jacob)"
494839,18918,FATHER_OF,"BROTHER_OF(Nephi,Jacob) ∧ FATHER_OF(Accos,Jacob)"
35041,18918,FATHER_OF,"BROTHER_OF(Nephi,Jacob) ∧ FATHER_OF(Mattathias,Jacob)"
19872,18918,FATHER_OF,"BROTHER_OF(Nephi,Jacob) ∧ FATHER_OF(Zechariah,Jacob)"
19108,18918,FATHER_OF,"BROTHER_OF(Nephi,Jacob) ∧ FATHER_OF(Judas,Jacob)"
204448,18918,FATHER_OF,"BROTHER_OF(Nephi,Jacob) ∧ FATHER_OF(Alpheus,Jacob)"
499765,18918,FATHER_OF,"BROTHER_OF(Nephi,Jacob) ∧ FATHER_OF(Zehedee,Jacob)"
621613,18918,FATHER_OF,"BROTHER_OF(Nephi,Jacob) ∧ FATHER_OF(Zebedee Salome,Jacob)"
42109,18918,FATHER_OF,"BROTHER_OF(Nephi,Jacob) ∧ FATHER_OF(Joiada,Jacob)"
19566,18918,FATHER_OF,"BROTHER_OF(Nephi,Jacob) ∧ FATHER_OF(Shaul,Jacob)"
19494,18918,FATHER_OF,"BROTHER_OF(Nephi,Jacob) ∧ FATHER_OF(Paul,Jacob)"
36417,18918,FATHER_OF,"BROTHER_OF(Nephi,Jacob) ∧ FATHER_OF(Shemaiah,Jacob)"
36161,18918,FATHER_OF,"BROTHER_OF(Nephi,Jacob) ∧ FATHER_OF(Shage,Jacob)"
36610,18918,FATHER_OF,"BROTHER_OF(Nephi,Jacob) ∧ FATHER_OF(Shimea,Jacob)"
35320,18918,FATHER_OF,"BROTHER_OF(Nephi,Jacob) ∧ FATHER_OF(Abiathar,Jacob)"
36418,18918,FATHER_OF,"BROTHER_OF(Nephi,Jacob) ∧ FATHER_OF(Uzziel,Jacob)"
36162,18918,FATHER_OF,"BROTHER_OF(Nephi,Jacob) ∧ FATHER_OF(Shammah,Jacob)"
419644,18918,FATHER_OF,"BROTHER_OF(Nephi,Jacob) ∧ FATHER_OF(Shagee,Jacob)"
36830,18918,FATHER_OF,"BROTHER_OF(Nephi,Jacob) ∧ FATHER_OF(Absalom,Jacob)"
36627,18918,FATHER_OF,"BROTHER_OF(Nephi,Jacob) ∧ FATHER_OF(Shimei,Jacob)"
19536,18683,FATHER_OF,"BROTHER_OF(Esau,Jacob) ∧ FATHER_OF(Rachel,Jacob)"
35060,18683,FATHER_OF,"BROTHER_OF(Esau,Jacob) ∧ FATHER_OF(Jonan,Jacob)"
35037,18683,FATHER_OF,"BROTHER_OF(Esau,Jacob) ∧ FATHER_OF(Heli,Jacob)"
3416,18683,FATHER_OF,"BROTHER_OF(Esau,Jacob) ∧ FATHER_OF(Amos,Jacob)"
19109,18683,FATHER_OF,"BROTHER_OF(Esau,Jacob) ∧ FATHER_OF(Jude,Jacob)"
3553,18683,FATHER_OF,"BROTHER_OF(Esau,Jacob) ∧ FATHER_OF(Jacob (patriarch),Jacob)"
3549,18683,FATHER_OF,"BROTHER_OF(Esau,Jacob) ∧ FATHER_OF(Jacob,Jacob)"
19870,18683,FATHER_OF,"BROTHER_OF(Esau,Jacob) ∧ FATHER_OF(Brigham Young,Jacob)"
18670,18683,FATHER_OF,"BROTHER_OF(Esau,Jacob) ∧ FATHER_OF(Eli,Jacob)"
409594,18683,FATHER_OF,"BROTHER_OF(Esau,Jacob) ∧ FATHER_OF(Jonam,Jacob)"
18663,18683,FATHER_OF,"BROTHER_OF(Esau,Jacob) ∧ FATHER_OF(David,Jacob)"
15527,18683,FATHER_OF,"BROTHER_OF(Esau,Jacob) ∧ FATHER_OF(Potiphera,Jacob)"
30497,18683,FATHER_OF,"BROTHER_OF(Esau,Jacob) ∧ FATHER_OF(Hyrum,Jacob)"
5852,18683,FATHER_OF,"BROTHER_OF(Esau,Jacob) ∧ FATHER_OF(Cuando,Jacob)"
19583,18683,FATHER_OF,"BROTHER_OF(Esau,Jacob) ∧ FATHER_OF(Hyrum Smith,Jacob)"
391257,18683,FATHER_OF,"BROTHER_OF(Esau,Jacob) ∧ FATHER_OF(Patriarch,Jacob)"
19871,18683,FATHER_OF,"BROTHER_OF(Esau,Jacob) ∧ FATHER_OF(Zacharias,Jacob)"
397883,18683,FATHER_OF,"BROTHER_OF(Esau,Jacob) ∧ FATHER_OF(Mathew Woodruff,Jacob)"
494839,18683,FATHER_OF,"BROTHER_OF(Esau,Jacob) ∧ FATHER_OF(Accos,Jacob)"
35041,18683,FATHER_OF,"BROTHER_OF(Esau,Jacob) ∧ FATHER_OF(Mattathias,Jacob)"
19872,18683,FATHER_OF,"BROTHER_OF(Esau,Jacob) ∧ FATHER_OF(Zechariah,Jacob)"
19108,18683,FATHER_OF,"BROTHER_OF(Esau,Jacob) ∧ FATHER_OF(Judas,Jacob)"
204448,18683,FATHER_OF,"BROTHER_OF(Esau,Jacob) ∧ FATHER_OF(Alpheus,Jacob)"
499765,18683,FATHER_OF,"BROTHER_OF(Esau,Jacob) ∧ FATHER_OF(Zehedee,Jacob)"
621613,18683,FATHER_OF,"BROTHER_OF(Esau,Jacob) ∧ FATHER_OF(Zebedee Salome,Jacob)"
42109,18683,FATHER_OF,"BROTHER_OF(Esau,Jacob) ∧ FATHER_OF(Joiada,Jacob)"
19566,18683,FATHER_OF,"BROTHER_OF(Esau,Jacob) ∧ FATHER_OF(Shaul,Jacob)"
19494,18683,FATHER_OF,"BROTHER_OF(Esau,Jacob) ∧ FATHER_OF(Paul,Jacob)"
36417,18683,FATHER_OF,"BROTHER_OF(Esau,Jacob) ∧ FATHER_OF(Shemaiah,Jacob)"
36161,18683,FATHER_OF,"BROTHER_OF(Esau,Jacob) ∧ FATHER_OF(Shage,Jacob)"
36610,18683,FATHER_OF,"BROTHER_OF(Esau,Jacob) ∧ FATHER_OF(Shimea,Jacob)"
35320,18683,FATHER_OF,"BROTHER_OF(Esau,Jacob) ∧ FATHER_OF(Abiathar,Jacob)"
36418,18683,FATHER_OF,"BROTHER_OF(Esau,Jacob) ∧ FATHER_OF(Uzziel,Jacob)"
36162,18683,FATHER_OF,"BROTHER_OF(Esau,Jacob) ∧ FATHER_OF(Shammah,Jacob)"
419644,18683,FATHER_OF,"BROTHER_OF(Esau,Jacob) ∧ FATHER_OF(Shagee,Jacob)"
36830,18683,FATHER_OF,"BROTHER_OF(Esau,Jacob) ∧ FATHER_OF(Absalom,Jacob)"
36627,18683,FATHER_OF,"BROTHER_OF(Esau,Jacob) ∧ FATHER_OF(Shimei,Jacob)"
36215,19202,FATHER_OF,"BROTHER_OF(Laman,Nephi) ∧ FATHER_OF(Aholibamah,Nephi)"
40102,19202,FATHER_OF,"BROTHER_OF(Laman,Nephi) ∧ FATHER_OF(Beeri,Nephi)"
37465,19202,FATHER_OF,"BROTHER_OF(Laman,Nephi) ∧ FATHER_OF(Elon,Nephi)"
18917,19202,FATHER_OF,"BROTHER_OF(Laman,Nephi) ∧ FATHER_OF(Ishmael,Nephi)"
36215,19097,FATHER_OF,"BROTHER_OF(Joseph,Nephi) ∧ FATHER_OF(Aholibamah,Nephi)"
40102,19097,FATHER_OF,"BROTHER_OF(Joseph,Nephi) ∧ FATHER_OF(Beeri,Nephi)"
37465,19097,FATHER_OF,"BROTHER_OF(Joseph,Nephi) ∧ FATHER_OF(Elon,Nephi)"
18917,19097,FATHER_OF,"BROTHER_OF(Joseph,Nephi) ∧ FATHER_OF(Ishmael,Nephi)"
36215,19557,FATHER_OF,"BROTHER_OF(Sam,Nephi) ∧ FATHER_OF(Aholibamah,Nephi)"
40102,19557,FATHER_OF,"BROTHER_OF(Sam,Nephi) ∧ FATHER_OF(Beeri,Nephi)"
37465,19557,FATHER_OF,"BROTHER_OF(Sam,Nephi) ∧ FATHER_OF(Elon,Nephi)"
18917,19557,FATHER_OF,"BROTHER_OF(Sam,Nephi) ∧ FATHER_OF(Ishmael,Nephi)"
36215,19211,FATHER_OF,"BROTHER_OF(Lemuel,Nephi) ∧ FATHER_OF(Aholibamah,Nephi)"
40102,19211,FATHER_OF,"BROTHER_OF(Lemuel,Nephi) ∧ FATHER_OF(Beeri,Nephi)"
37465,19211,FATHER_OF,"BROTHER_OF(Lemuel,Nephi) ∧ FATHER_OF(Elon,Nephi)"
18917,19211,FATHER_OF,"BROTHER_OF(Lemuel,Nephi) ∧ FATHER_OF(Ishmael,Nephi)"
3549,19092,FATHER_OF,"BROTHER_OF(John,James) ∧ FATHER_OF(Jacob,James)"
11338,19092,FATHER_OF,"BROTHER_OF(John,James) ∧ FATHER_OF(Simón Iscariote,James)"
19073,19092,FATHER_OF,"BROTHER_OF(John,James) ∧ FATHER_OF(James,James)"
757218,19092,FATHER_OF,"BROTHER_OF(John,James) ∧ FATHER_OF(Chalphi,James)"
457984,19092,FATHER_OF,"BROTHER_OF(John,James) ∧ FATHER_OF(Simon Iscariot,James)"
35049,19092,FATHER_OF,"BROTHER_OF(John,James) ∧ FATHER_OF(Rhesa,James)"
36215,19073,FATHER_OF,"BROTHER_OF(James,John) ∧ FATHER_OF(Aholibamah,John)"
40102,19073,FATHER_OF,"BROTHER_OF(James,John) ∧ FATHER_OF(Beeri,John)"
37465,19073,FATHER_OF,"BROTHER_OF(James,John) ∧ FATHER_OF(Elon,John)"
18917,19073,FATHER_OF,"BROTHER_OF(James,John) ∧ FATHER_OF(Ishmael,John)"
18900,19073,FATHER_OF,"BROTHER_OF(James,John) ∧ FATHER_OF(Helaman,John)"
765216,19073,FATHER_OF,"BROTHER_OF(James,John) ∧ FATHER_OF(Lehi Nephi,John)"
30664,18918,FATHER_OF,"BROTHER_OF(Nephi,Joseph) ∧ FATHER_OF(Joseph Smith Sr.,Joseph)"
213770,18918,FATHER_OF,"BROTHER_OF(Nephi,Joseph) ∧ FATHER_OF(Alexander Hale Smith,Joseph)"
520857,18918,FATHER_OF,"BROTHER_OF(Nephi,Joseph) ∧ FATHER_OF(Patriarch Hyrum Smith,Joseph)"
19092,18918,FATHER_OF,"BROTHER_OF(Nephi,Joseph) ∧ FATHER_OF(John,Joseph)"
39823,3278,FATHER_OF,"BROTHER_OF(Abraham,Rebekah) ∧ FATHER_OF(Milcah,Rebekah)"
18915,19108,FATHER_OF,"BROTHER_OF(Judas,James) ∧ FATHER_OF(Isaac,James)"
19072,19108,FATHER_OF,"BROTHER_OF(Judas,James) ∧ FATHER_OF(Lehi,James)"
35453,19108,FATHER_OF,"BROTHER_OF(Judas,James) ∧ FATHER_OF(Matthan,James)"
12037,19108,FATHER_OF,"BROTHER_OF(Judas,James) ∧ FATHER_OF(Matán,James)"
35049,19108,FATHER_OF,"BROTHER_OF(Judas,James) ∧ FATHER_OF(Rhesa,James)"
19544,36158,FATHER_OF,"BROTHER_OF(Kenaz,Caleb) ∧ FATHER_OF(Reuben,Caleb)"
19106,36158,FATHER_OF,"BROTHER_OF(Kenaz,Caleb) ∧ FATHER_OF(Judah,Caleb)"
35070,36158,FATHER_OF,"BROTHER_OF(Kenaz,Caleb) ∧ FATHER_OF(Pharez,Caleb)"
36158,36158,FATHER_OF,"BROTHER_OF(Kenaz,Caleb) ∧ FATHER_OF(Kenaz,Caleb)"
12891,36610,FATHER_OF,"BROTHER_OF(Shimea,David) ∧ FATHER_OF(Miclot,David)"
19088,36610,FATHER_OF,"BROTHER_OF(Shimea,David) ∧ FATHER_OF(Jethro,David)"
38340,36610,FATHER_OF,"BROTHER_OF(Shimea,David) ∧ FATHER_OF(Agee,David)"
395045,36610,FATHER_OF,"BROTHER_OF(Shimea,David) ∧ FATHER_OF(Agee Fugitive,David)"
38352,36610,FATHER_OF,"BROTHER_OF(Shimea,David) ∧ FATHER_OF(Hararite,David)"
18663,12763,FATHER_OF,"BROTHER_OF(Simea,David) ∧ FATHER_OF(David,David)"
19088,12763,FATHER_OF,"BROTHER_OF(Simea,David) ∧ FATHER_OF(Jethro,David)"
38340,12763,FATHER_OF,"BROTHER_OF(Simea,David) ∧ FATHER_OF(Agee,David)"
395045,12763,FATHER_OF,"BROTHER_OF(Simea,David) ∧ FATHER_OF(Agee Fugitive,David)"
38352,12763,FATHER_OF,"BROTHER_OF(Simea,David) ∧ FATHER_OF(Hararite,David)"
36150,12515,FATHER_OF,"BROTHER_OF(Cenaz,Caleb) ∧ FATHER_OF(Eliphaz,Caleb)"
19544,12515,FATHER_OF,"BROTHER_OF(Cenaz,Caleb) ∧ FATHER_OF(Reuben,Caleb)"
19106,12515,FATHER_OF,"BROTHER_OF(Cenaz,Caleb) ∧ FATHER_OF(Judah,Caleb)"
35070,12515,FATHER_OF,"BROTHER_OF(Cenaz,Caleb) ∧ FATHER_OF(Pharez,Caleb)"
36158,12515,FATHER_OF,"BROTHER_OF(Cenaz,Caleb) ∧ FATHER_OF(Kenaz,Caleb)"
35071,19199,FATHER_OF,"BROTHER_OF(Laban,Rebekah) ∧ FATHER_OF(Terah,Rebekah)"
36136,19199,FATHER_OF,"BROTHER_OF(Laban,Rebekah) ∧ FATHER_OF(Keturah,Rebekah)"
412558,19199,FATHER_OF,"BROTHER_OF(Laban,Rebekah) ∧ FATHER_OF(Thara Terah,Rebekah)"
39823,19199,FATHER_OF,"BROTHER_OF(Laban,Rebekah) ∧ FATHER_OF(Milcah,Rebekah)"
19072,19109,FATHER_OF,"BROTHER_OF(Jude,James) ∧ FATHER_OF(Lehi,James)"
35453,19109,FATHER_OF,"BROTHER_OF(Jude,James) ∧ FATHER_OF(Matthan,James)"
12037,19109,FATHER_OF,"BROTHER_OF(Jude,James) ∧ FATHER_OF(Matán,James)"
42109,19109,FATHER_OF,"BROTHER_OF(Jude,James) ∧ FATHER_OF(Joiada,James)"
19566,19109,FATHER_OF,"BROTHER_OF(Jude,James) ∧ FATHER_OF(Shaul,James)"
19494,19109,FATHER_OF,"BROTHER_OF(Jude,James) ∧ FATHER_OF(Paul,James)"
36417,19109,FATHER_OF,"BROTHER_OF(Jude,James) ∧ FATHER_OF(Shemaiah,James)"
36161,19109,FATHER_OF,"BROTHER_OF(Jude,James) ∧ FATHER_OF(Shage,James)"
36610,19109,FATHER_OF,"BROTHER_OF(Jude,James) ∧ FATHER_OF(Shimea,James)"
35320,19109,FATHER_OF,"BROTHER_OF(Jude,James) ∧ FATHER_OF(Abiathar,James)"
36418,19109,FATHER_OF,"BROTHER_OF(Jude,James) ∧ FATHER_OF(Uzziel,James)"
36162,19109,FATHER_OF,"BROTHER_OF(Jude,James) ∧ FATHER_OF(Shammah,James)"
419644,19109,FATHER_OF,"BROTHER_OF(Jude,James) ∧ FATHER_OF(Shagee,James)"
36830,19109,FATHER_OF,"BROTHER_OF(Jude,James) ∧ FATHER_OF(Absalom,James)"
36627,19109,FATHER_OF,"BROTHER_OF(Jude,James) ∧ FATHER_OF(Shimei,James)"
3549,19109,FATHER_OF,"BROTHER_OF(Jude,James) ∧ FATHER_OF(Jacob,James)"
11338,19109,FATHER_OF,"BROTHER_OF(Jude,James) ∧ FATHER_OF(Simón Iscariote,James)"
19073,19109,FATHER_OF,"BROTHER_OF(Jude,James) ∧ FATHER_OF(James,James)"
757218,19109,FATHER_OF,"BROTHER_OF(Jude,James) ∧ FATHER_OF(Chalphi,James)"
457984,19109,FATHER_OF,"BROTHER_OF(Jude,James) ∧ FATHER_OF(Simon Iscariot,James)"
25524,19073,FATHER_OF,"BROTHER_OF(James,Jesus) ∧ FATHER_OF(Jonas,Jesus)"
45834,19073,FATHER_OF,"BROTHER_OF(James,Jesus) ∧ FATHER_OF(Jona,Jesus)"
19092,19073,FATHER_OF,"BROTHER_OF(James,Jesus) ∧ FATHER_OF(John,Jesus)"
19094,19073,FATHER_OF,"BROTHER_OF(James,Jesus) ∧ FATHER_OF(Jonah,Jesus)"
650625,19073,FATHER_OF,"BROTHER_OF(James,Jesus) ∧ FATHER_OF(Gioras,Jesus)"
55816,19073,FATHER_OF,"BROTHER_OF(James,Jesus) ∧ FATHER_OF(Jochai,Jesus)"
465526,19073,FATHER_OF,"BROTHER_OF(James,Jesus) ∧ FATHER_OF(Onias,Jesus)"
18873,19073,FATHER_OF,"BROTHER_OF(James,Jesus) ∧ FATHER_OF(Gamaliel,Jesus)"
19210,19073,FATHER_OF,"BROTHER_OF(James,Jesus) ∧ FATHER_OF(Leah,Jesus)"
19199,19073,FATHER_OF,"BROTHER_OF(James,Jesus) ∧ FATHER_OF(Laban,Jesus)"
3553,19073,FATHER_OF,"BROTHER_OF(James,Jesus) ∧ FATHER_OF(Jacob (patriarch),Jesus)"
42086,19073,FATHER_OF,"BROTHER_OF(James,Jesus) ∧ FATHER_OF(Senuah,Jesus)"
38002,19073,FATHER_OF,"BROTHER_OF(James,Jesus) ∧ FATHER_OF(Jehoash,Jesus)"
36330,19073,FATHER_OF,"BROTHER_OF(James,Jesus) ∧ FATHER_OF(Joash,Jesus)"
19082,19073,FATHER_OF,"BROTHER_OF(James,Jesus) ∧ FATHER_OF(Jehoshaphat,Jesus)"
19540,19073,FATHER_OF,"BROTHER_OF(James,Jesus) ∧ FATHER_OF(Rehoboam,Jesus)"
36522,19073,FATHER_OF,"BROTHER_OF(James,Jesus) ∧ FATHER_OF(Uri,Jesus)"
24119,19073,FATHER_OF,"BROTHER_OF(James,Jesus) ∧ FATHER_OF(Jotham,Jesus)"
35433,19073,FATHER_OF,"BROTHER_OF(James,Jesus) ∧ FATHER_OF(Jehoram,Jesus)"
3504,19073,FATHER_OF,"BROTHER_OF(James,Jesus) ∧ FATHER_OF(Asa,Jesus)"
36576,19073,FATHER_OF,"BROTHER_OF(James,Jesus) ∧ FATHER_OF(Jahdai,Jesus)"
36557,19073,FATHER_OF,"BROTHER_OF(James,Jesus) ∧ FATHER_OF(Azariah,Jesus)"
36542,19073,FATHER_OF,"BROTHER_OF(James,Jesus) ∧ FATHER_OF(Appaim,Jesus)"
36724,19073,FATHER_OF,"BROTHER_OF(James,Jesus) ∧ FATHER_OF(Jehohanan,Jesus)"
18906,19073,FATHER_OF,"BROTHER_OF(James,Jesus) ∧ FATHER_OF(Hezekiah,Jesus)"
36563,19073,FATHER_OF,"BROTHER_OF(James,Jesus) ∧ FATHER_OF(Jekamiah,Jesus)"
402110,19073,FATHER_OF,"BROTHER_OF(James,Jesus) ∧ FATHER_OF(Hassenuah,Jesus)"
36905,19073,FATHER_OF,"BROTHER_OF(James,Jesus) ∧ FATHER_OF(Meonothai,Jesus)"
36898,19073,FATHER_OF,"BROTHER_OF(James,Jesus) ∧ FATHER_OF(Eshton,Jesus)"
37051,19073,FATHER_OF,"BROTHER_OF(James,Jesus) ∧ FATHER_OF(Adaiah,Jesus)"
24105,19073,FATHER_OF,"BROTHER_OF(James,Jesus) ∧ FATHER_OF(Uzziah,Jesus)"
36797,19073,FATHER_OF,"BROTHER_OF(James,Jesus) ∧ FATHER_OF(Chelub,Jesus)"
36345,67829,FATHER_OF,"BROTHER_OF(Samuel Harrison Smith,José) ∧ FATHER_OF(Elkanah,José)"
59317,67829,FATHER_OF,"BROTHER_OF(Samuel Harrison Smith,José) ∧ FATHER_OF(Robert,José)"
464107,67829,FATHER_OF,"BROTHER_OF(Samuel Harrison Smith,José) ∧ FATHER_OF(An Ephraimite,José)"
36150,36498,FATHER_OF,"BROTHER_OF(Hezron,Caleb) ∧ FATHER_OF(Eliphaz,Caleb)"
36158,36498,FATHER_OF,"BROTHER_OF(Hezron,Caleb) ∧ FATHER_OF(Kenaz,Caleb)"
35074,35071,FATHER_OF,"BROTHER_OF(Terah,Abraham) ∧ FATHER_OF(Reu,Abraham)"
35073,35071,FATHER_OF,"BROTHER_OF(Terah,Abraham) ∧ FATHER_OF(Serug,Abraham)"
392321,35071,FATHER_OF,"BROTHER_OF(Terah,Abraham) ∧ FATHER_OF(Serug Branch,Abraham)"
19871,19581,FATHER_OF,"BROTHER_OF(Simon,Jesus) ∧ FATHER_OF(Zacharias,Jesus)"
19870,19581,FATHER_OF,"BROTHER_OF(Simon,Jesus) ∧ FATHER_OF(Brigham Young,Jesus)"
397883,19581,FATHER_OF,"BROTHER_OF(Simon,Jesus) ∧ FATHER_OF(Mathew Woodruff,Jesus)"
494839,19581,FATHER_OF,"BROTHER_OF(Simon,Jesus) ∧ FATHER_OF(Accos,Jesus)"
19872,19581,FATHER_OF,"BROTHER_OF(Simon,Jesus) ∧ FATHER_OF(Zechariah,Jesus)"
19210,19581,FATHER_OF,"BROTHER_OF(Simon,Jesus) ∧ FATHER_OF(Leah,Jesus)"
19199,19581,FATHER_OF,"BROTHER_OF(Simon,Jesus) ∧ FATHER_OF(Laban,Jesus)"
3553,19581,FATHER_OF,"BROTHER_OF(Simon,Jesus) ∧ FATHER_OF(Jacob (patriarch),Jesus)"
42086,19581,FATHER_OF,"BROTHER_OF(Simon,Jesus) ∧ FATHER_OF(Senuah,Jesus)"
38002,19581,FATHER_OF,"BROTHER_OF(Simon,Jesus) ∧ FATHER_OF(Jehoash,Jesus)"
36330,19581,FATHER_OF,"BROTHER_OF(Simon,Jesus) ∧ FATHER_OF(Joash,Jesus)"
19082,19581,FATHER_OF,"BROTHER_OF(Simon,Jesus) ∧ FATHER_OF(Jehoshaphat,Jesus)"
19540,19581,FATHER_OF,"BROTHER_OF(Simon,Jesus) ∧ FATHER_OF(Rehoboam,Jesus)"
36522,19581,FATHER_OF,"BROTHER_OF(Simon,Jesus) ∧ FATHER_OF(Uri,Jesus)"
24119,19581,FATHER_OF,"BROTHER_OF(Simon,Jesus) ∧ FATHER_OF(Jotham,Jesus)"
35433,19581,FATHER_OF,"BROTHER_OF(Simon,Jesus) ∧ FATHER_OF(Jehoram,Jesus)"
3504,19581,FATHER_OF,"BROTHER_OF(Simon,Jesus) ∧ FATHER_OF(Asa,Jesus)"
36576,19581,FATHER_OF,"BROTHER_OF(Simon,Jesus) ∧ FATHER_OF(Jahdai,Jesus)"
36557,19581,FATHER_OF,"BROTHER_OF(Simon,Jesus) ∧ FATHER_OF(Azariah,Jesus)"
36542,19581,FATHER_OF,"BROTHER_OF(Simon,Jesus) ∧ FATHER_OF(Appaim,Jesus)"
36724,19581,FATHER_OF,"BROTHER_OF(Simon,Jesus) ∧ FATHER_OF(Jehohanan,Jesus)"
18906,19581,FATHER_OF,"BROTHER_OF(Simon,Jesus) ∧ FATHER_OF(Hezekiah,Jesus)"
36563,19581,FATHER_OF,"BROTHER_OF(Simon,Jesus) ∧ FATHER_OF(Jekamiah,Jesus)"
402110,19581,FATHER_OF,"BROTHER_OF(Simon,Jesus) ∧ FATHER_OF(Hassenuah,Jesus)"
36905,19581,FATHER_OF,"BROTHER_OF(Simon,Jesus) ∧ FATHER_OF(Meonothai,Jesus)"
36898,19581,FATHER_OF,"BROTHER_OF(Simon,Jesus) ∧ FATHER_OF(Eshton,Jesus)"
37051,19581,FATHER_OF,"BROTHER_OF(Simon,Jesus) ∧ FATHER_OF(Adaiah,Jesus)"
24105,19581,FATHER_OF,"BROTHER_OF(Simon,Jesus) ∧ FATHER_OF(Uzziah,Jesus)"
36797,19581,FATHER_OF,"BROTHER_OF(Simon,Jesus) ∧ FATHER_OF(Chelub,Jesus)"
35071,36950,FATHER_OF,"BROTHER_OF(Bethuel,Rebekah) ∧ FATHER_OF(Terah,Rebekah)"
36136,36950,FATHER_OF,"BROTHER_OF(Bethuel,Rebekah) ∧ FATHER_OF(Keturah,Rebekah)"
412558,36950,FATHER_OF,"BROTHER_OF(Bethuel,Rebekah) ∧ FATHER_OF(Thara Terah,Rebekah)"
18663,36162,FATHER_OF,"BROTHER_OF(Shammah,David) ∧ FATHER_OF(David,David)"
12891,36162,FATHER_OF,"BROTHER_OF(Shammah,David) ∧ FATHER_OF(Miclot,David)"
18905,465604,FATHER_OF,"BROTHER_OF(Pheroras,Herod) ∧ FATHER_OF(Herodias,Herod)"
45528,465604,FATHER_OF,"BROTHER_OF(Pheroras,Herod) ∧ FATHER_OF(Herod Philip,Herod)"
36150,36783,FATHER_OF,"BROTHER_OF(Othniel,Caleb) ∧ FATHER_OF(Eliphaz,Caleb)"
19544,36783,FATHER_OF,"BROTHER_OF(Othniel,Caleb) ∧ FATHER_OF(Reuben,Caleb)"
19106,36783,FATHER_OF,"BROTHER_OF(Othniel,Caleb) ∧ FATHER_OF(Judah,Caleb)"
35070,36783,FATHER_OF,"BROTHER_OF(Othniel,Caleb) ∧ FATHER_OF(Pharez,Caleb)"
35074,36573,FATHER_OF,"BROTHER_OF(Haran,Abraham) ∧ FATHER_OF(Reu,Abraham)"
35073,36573,FATHER_OF,"BROTHER_OF(Haran,Abraham) ∧ FATHER_OF(Serug,Abraham)"
392321,36573,FATHER_OF,"BROTHER_OF(Haran,Abraham) ∧ FATHER_OF(Serug Branch,Abraham)"
18915,29699,FATHER_OF,"BROTHER_OF(Hiram,Joseph) ∧ FATHER_OF(Isaac,Joseph)"
35453,29699,FATHER_OF,"BROTHER_OF(Hiram,Joseph) ∧ FATHER_OF(Matthan,Joseph)"
12037,29699,FATHER_OF,"BROTHER_OF(Hiram,Joseph) ∧ FATHER_OF(Matán,Joseph)"
19076,29699,FATHER_OF,"BROTHER_OF(Hiram,Joseph) ∧ FATHER_OF(Zebedee,Joseph)"
19075,29699,FATHER_OF,"BROTHER_OF(Hiram,Joseph) ∧ FATHER_OF(Alphaeus,Joseph)"
30664,29699,FATHER_OF,"BROTHER_OF(Hiram,Joseph) ∧ FATHER_OF(Joseph Smith Sr.,Joseph)"
213770,29699,FATHER_OF,"BROTHER_OF(Hiram,Joseph) ∧ FATHER_OF(Alexander Hale Smith,Joseph)"
520857,29699,FATHER_OF,"BROTHER_OF(Hiram,Joseph) ∧ FATHER_OF(Patriarch Hyrum Smith,Joseph)"
19092,29699,FATHER_OF,"BROTHER_OF(Hiram,Joseph) ∧ FATHER_OF(John,Joseph)"
18915,29832,FATHER_OF,"BROTHER_OF(William Smith,Joseph) ∧ FATHER_OF(Isaac,Joseph)"
35453,29832,FATHER_OF,"BROTHER_OF(William Smith,Joseph) ∧ FATHER_OF(Matthan,Joseph)"
12037,29832,FATHER_OF,"BROTHER_OF(William Smith,Joseph) ∧ FATHER_OF(Matán,Joseph)"
19076,29832,FATHER_OF,"BROTHER_OF(William Smith,Joseph) ∧ FATHER_OF(Zebedee,Joseph)"
19075,29832,FATHER_OF,"BROTHER_OF(William Smith,Joseph) ∧ FATHER_OF(Alphaeus,Joseph)"
213770,29832,FATHER_OF,"BROTHER_OF(William Smith,Joseph) ∧ FATHER_OF(Alexander Hale Smith,Joseph)"
520857,29832,FATHER_OF,"BROTHER_OF(William Smith,Joseph) ∧ FATHER_OF(Patriarch Hyrum Smith,Joseph)"
19092,29832,FATHER_OF,"BROTHER_OF(William Smith,Joseph) ∧ FATHER_OF(John,Joseph)"
3549,209474,FATHER_OF,"BROTHER_OF(Don Carlos Smith,Hyrum Smith) ∧ FATHER_OF(Jacob,Hyrum Smith)"
18663,209474,FATHER_OF,"BROTHER_OF(Don Carlos Smith,Hyrum Smith) ∧ FATHER_OF(David,Hyrum Smith)"
19072,209474,FATHER_OF,"BROTHER_OF(Don Carlos Smith,Hyrum Smith) ∧ FATHER_OF(Lehi,Hyrum Smith)"
19536,209474,FATHER_OF,"BROTHER_OF(Don Carlos Smith,Hyrum Smith) ∧ FATHER_OF(Rachel,Hyrum Smith)"
35060,209474,FATHER_OF,"BROTHER_OF(Don Carlos Smith,Hyrum Smith) ∧ FATHER_OF(Jonan,Hyrum Smith)"
35037,209474,FATHER_OF,"BROTHER_OF(Don Carlos Smith,Hyrum Smith) ∧ FATHER_OF(Heli,Hyrum Smith)"
3416,209474,FATHER_OF,"BROTHER_OF(Don Carlos Smith,Hyrum Smith) ∧ FATHER_OF(Amos,Hyrum Smith)"
19109,209474,FATHER_OF,"BROTHER_OF(Don Carlos Smith,Hyrum Smith) ∧ FATHER_OF(Jude,Hyrum Smith)"
3553,209474,FATHER_OF,"BROTHER_OF(Don Carlos Smith,Hyrum Smith) ∧ FATHER_OF(Jacob (patriarch),Hyrum Smith)"
19870,209474,FATHER_OF,"BROTHER_OF(Don Carlos Smith,Hyrum Smith) ∧ FATHER_OF(Brigham Young,Hyrum Smith)"
18670,209474,FATHER_OF,"BROTHER_OF(Don Carlos Smith,Hyrum Smith) ∧ FATHER_OF(Eli,Hyrum Smith)"
409594,209474,FATHER_OF,"BROTHER_OF(Don Carlos Smith,Hyrum Smith) ∧ FATHER_OF(Jonam,Hyrum Smith)"
15527,209474,FATHER_OF,"BROTHER_OF(Don Carlos Smith,Hyrum Smith) ∧ FATHER_OF(Potiphera,Hyrum Smith)"
5852,209474,FATHER_OF,"BROTHER_OF(Don Carlos Smith,Hyrum Smith) ∧ FATHER_OF(Cuando,Hyrum Smith)"
19583,209474,FATHER_OF,"BROTHER_OF(Don Carlos Smith,Hyrum Smith) ∧ FATHER_OF(Hyrum Smith,Hyrum Smith)"
391257,209474,FATHER_OF,"BROTHER_OF(Don Carlos Smith,Hyrum Smith) ∧ FATHER_OF(Patriarch,Hyrum Smith)"
19536,19092,FATHER_OF,"BROTHER_OF(John,Jacob) ∧ FATHER_OF(Rachel,Jacob)"
35060,19092,FATHER_OF,"BROTHER_OF(John,Jacob) ∧ FATHER_OF(Jonan,Jacob)"
35037,19092,FATHER_OF,"BROTHER_OF(John,Jacob) ∧ FATHER_OF(Heli,Jacob)"
3416,19092,FATHER_OF,"BROTHER_OF(John,Jacob) ∧ FATHER_OF(Amos,Jacob)"
19109,19092,FATHER_OF,"BROTHER_OF(John,Jacob) ∧ FATHER_OF(Jude,Jacob)"
3553,19092,FATHER_OF,"BROTHER_OF(John,Jacob) ∧ FATHER_OF(Jacob (patriarch),Jacob)"
18670,19092,FATHER_OF,"BROTHER_OF(John,Jacob) ∧ FATHER_OF(Eli,Jacob)"
409594,19092,FATHER_OF,"BROTHER_OF(John,Jacob) ∧ FATHER_OF(Jonam,Jacob)"
15527,19092,FATHER_OF,"BROTHER_OF(John,Jacob) ∧ FATHER_OF(Potiphera,Jacob)"
30497,19092,FATHER_OF,"BROTHER_OF(John,Jacob) ∧ FATHER_OF(Hyrum,Jacob)"
5852,19092,FATHER_OF,"BROTHER_OF(John,Jacob) ∧ FATHER_OF(Cuando,Jacob)"
19583,19092,FATHER_OF,"BROTHER_OF(John,Jacob) ∧ FATHER_OF(Hyrum Smith,Jacob)"
391257,19092,FATHER_OF,"BROTHER_OF(John,Jacob) ∧ FATHER_OF(Patriarch,Jacob)"
19076,19106,FATHER_OF,"BROTHER_OF(Judah,Jesus) ∧ FATHER_OF(Zebedee,Jesus)"
19075,19106,FATHER_OF,"BROTHER_OF(Judah,Jesus) ∧ FATHER_OF(Alphaeus,Jesus)"
204448,19106,FATHER_OF,"BROTHER_OF(Judah,Jesus) ∧ FATHER_OF(Alpheus,Jesus)"
499765,19106,FATHER_OF,"BROTHER_OF(Judah,Jesus) ∧ FATHER_OF(Zehedee,Jesus)"
621613,19106,FATHER_OF,"BROTHER_OF(Judah,Jesus) ∧ FATHER_OF(Zebedee Salome,Jesus)"
19871,19106,FATHER_OF,"BROTHER_OF(Judah,Jesus) ∧ FATHER_OF(Zacharias,Jesus)"
19870,19106,FATHER_OF,"BROTHER_OF(Judah,Jesus) ∧ FATHER_OF(Brigham Young,Jesus)"
397883,19106,FATHER_OF,"BROTHER_OF(Judah,Jesus) ∧ FATHER_OF(Mathew Woodruff,Jesus)"
494839,19106,FATHER_OF,"BROTHER_OF(Judah,Jesus) ∧ FATHER_OF(Accos,Jesus)"
35041,19106,FATHER_OF,"BROTHER_OF(Judah,Jesus) ∧ FATHER_OF(Mattathias,Jesus)"
19872,19106,FATHER_OF,"BROTHER_OF(Judah,Jesus) ∧ FATHER_OF(Zechariah,Jesus)"
25524,19106,FATHER_OF,"BROTHER_OF(Judah,Jesus) ∧ FATHER_OF(Jonas,Jesus)"
45834,19106,FATHER_OF,"BROTHER_OF(Judah,Jesus) ∧ FATHER_OF(Jona,Jesus)"
19092,19106,FATHER_OF,"BROTHER_OF(Judah,Jesus) ∧ FATHER_OF(John,Jesus)"
19094,19106,FATHER_OF,"BROTHER_OF(Judah,Jesus) ∧ FATHER_OF(Jonah,Jesus)"
650625,19106,FATHER_OF,"BROTHER_OF(Judah,Jesus) ∧ FATHER_OF(Gioras,Jesus)"
55816,19106,FATHER_OF,"BROTHER_OF(Judah,Jesus) ∧ FATHER_OF(Jochai,Jesus)"
465526,19106,FATHER_OF,"BROTHER_OF(Judah,Jesus) ∧ FATHER_OF(Onias,Jesus)"
18873,19106,FATHER_OF,"BROTHER_OF(Judah,Jesus) ∧ FATHER_OF(Gamaliel,Jesus)"
11338,19106,FATHER_OF,"BROTHER_OF(Judah,Jesus) ∧ FATHER_OF(Simón Iscariote,Jesus)"
19073,19106,FATHER_OF,"BROTHER_OF(Judah,Jesus) ∧ FATHER_OF(James,Jesus)"
757218,19106,FATHER_OF,"BROTHER_OF(Judah,Jesus) ∧ FATHER_OF(Chalphi,Jesus)"
457984,19106,FATHER_OF,"BROTHER_OF(Judah,Jesus) ∧ FATHER_OF(Simon Iscariot,Jesus)"
42109,19106,FATHER_OF,"BROTHER_OF(Judah,Jesus) ∧ FATHER_OF(Joiada,Jesus)"
19566,19106,FATHER_OF,"BROTHER_OF(Judah,Jesus) ∧ FATHER_OF(Shaul,Jesus)"
19494,19106,FATHER_OF,"BROTHER_OF(Judah,Jesus) ∧ FATHER_OF(Paul,Jesus)"
36417,19106,FATHER_OF,"BROTHER_OF(Judah,Jesus) ∧ FATHER_OF(Shemaiah,Jesus)"
36161,19106,FATHER_OF,"BROTHER_OF(Judah,Jesus) ∧ FATHER_OF(Shage,Jesus)"
36610,19106,FATHER_OF,"BROTHER_OF(Judah,Jesus) ∧ FATHER_OF(Shimea,Jesus)"
35320,19106,FATHER_OF,"BROTHER_OF(Judah,Jesus) ∧ FATHER_OF(Abiathar,Jesus)"
36418,19106,FATHER_OF,"BROTHER_OF(Judah,Jesus) ∧ FATHER_OF(Uzziel,Jesus)"
36162,19106,FATHER_OF,"BROTHER_OF(Judah,Jesus) ∧ FATHER_OF(Shammah,Jesus)"
419644,19106,FATHER_OF,"BROTHER_OF(Judah,Jesus) ∧ FATHER_OF(Shagee,Jesus)"
36830,19106,FATHER_OF,"BROTHER_OF(Judah,Jesus) ∧ FATHER_OF(Absalom,Jesus)"
36627,19106,FATHER_OF,"BROTHER_OF(Judah,Jesus) ∧ FATHER_OF(Shimei,Jesus)"
18915,55772,FATHER_OF,"BROTHER_OF(Samuel Smith,Joseph) ∧ FATHER_OF(Isaac,Joseph)"
35453,55772,FATHER_OF,"BROTHER_OF(Samuel Smith,Joseph) ∧ FATHER_OF(Matthan,Joseph)"
12037,55772,FATHER_OF,"BROTHER_OF(Samuel Smith,Joseph) ∧ FATHER_OF(Matán,Joseph)"
19076,55772,FATHER_OF,"BROTHER_OF(Samuel Smith,Joseph) ∧ FATHER_OF(Zebedee,Joseph)"
19075,55772,FATHER_OF,"BROTHER_OF(Samuel Smith,Joseph) ∧ FATHER_OF(Alphaeus,Joseph)"
30664,55772,FATHER_OF,"BROTHER_OF(Samuel Smith,Joseph) ∧ FATHER_OF(Joseph Smith Sr.,Joseph)"
213770,55772,FATHER_OF,"BROTHER_OF(Samuel Smith,Joseph) ∧ FATHER_OF(Alexander Hale Smith,Joseph)"
520857,55772,FATHER_OF,"BROTHER_OF(Samuel Smith,Joseph) ∧ FATHER_OF(Patriarch Hyrum Smith,Joseph)"
19092,55772,FATHER_OF,"BROTHER_OF(Samuel Smith,Joseph) ∧ FATHER_OF(John,Joseph)"
30497,150532,FATHER_OF,"BROTHER_OF(Alvin Smith,Joseph Smith) ∧ FATHER_OF(Hyrum,Joseph Smith)"
36345,150532,FATHER_OF,"BROTHER_OF(Alvin Smith,Joseph Smith) ∧ FATHER_OF(Elkanah,Joseph Smith)"
59317,150532,FATHER_OF,"BROTHER_OF(Alvin Smith,Joseph Smith) ∧ FATHER_OF(Robert,Joseph Smith)"
464107,150532,FATHER_OF,"BROTHER_OF(Alvin Smith,Joseph Smith) ∧ FATHER_OF(An Ephraimite,Joseph Smith)"
18915,31138,FATHER_OF,"BROTHER_OF(Smith,Joseph) ∧ FATHER_OF(Isaac,Joseph)"
35453,31138,FATHER_OF,"BROTHER_OF(Smith,Joseph) ∧ FATHER_OF(Matthan,Joseph)"
12037,31138,FATHER_OF,"BROTHER_OF(Smith,Joseph) ∧ FATHER_OF(Matán,Joseph)"
19076,31138,FATHER_OF,"BROTHER_OF(Smith,Joseph) ∧ FATHER_OF(Zebedee,Joseph)"
19075,31138,FATHER_OF,"BROTHER_OF(Smith,Joseph) ∧ FATHER_OF(Alphaeus,Joseph)"
30664,31138,FATHER_OF,"BROTHER_OF(Smith,Joseph) ∧ FATHER_OF(Joseph Smith Sr.,Joseph)"
18663,55957,FATHER_OF,"BROTHER_OF(Kimball,David) ∧ FATHER_OF(David,David)"
12891,55957,FATHER_OF,"BROTHER_OF(Kimball,David) ∧ FATHER_OF(Miclot,David)"
19088,55957,FATHER_OF,"BROTHER_OF(Kimball,David) ∧ FATHER_OF(Jethro,David)"
38340,55957,FATHER_OF,"BROTHER_OF(Kimball,David) ∧ FATHER_OF(Agee,David)"
395045,55957,FATHER_OF,"BROTHER_OF(Kimball,David) ∧ FATHER_OF(Agee Fugitive,David)"
38352,55957,FATHER_OF,"BROTHER_OF(Kimball,David) ∧ FATHER_OF(Hararite,David)"
36106,19579,FATHER_OF,"BROTHER_OF(Shem,Japheth) ∧ FATHER_OF(Salah,Japheth)"
37201,19579,FATHER_OF,"BROTHER_OF(Shem,Japheth) ∧ FATHER_OF(Elpaal,Japheth)"
36638,19579,FATHER_OF,"BROTHER_OF(Shem,Japheth) ∧ FATHER_OF(Beriah,Japheth)"
36107,19579,FATHER_OF,"BROTHER_OF(Shem,Japheth) ∧ FATHER_OF(Shelah,Japheth)"
25524,19092,FATHER_OF,"BROTHER_OF(John,Jonathan) ∧ FATHER_OF(Jonas,Jonathan)"
45834,19092,FATHER_OF,"BROTHER_OF(John,Jonathan) ∧ FATHER_OF(Jona,Jonathan)"
19092,19092,FATHER_OF,"BROTHER_OF(John,Jonathan) ∧ FATHER_OF(John,Jonathan)"
19094,19092,FATHER_OF,"BROTHER_OF(John,Jonathan) ∧ FATHER_OF(Jonah,Jonathan)"
650625,19092,FATHER_OF,"BROTHER_OF(John,Jonathan) ∧ FATHER_OF(Gioras,Jonathan)"
55816,19092,FATHER_OF,"BROTHER_OF(John,Jonathan) ∧ FATHER_OF(Jochai,Jonathan)"
465526,19092,FATHER_OF,"BROTHER_OF(John,Jonathan) ∧ FATHER_OF(Onias,Jonathan)"
18873,19092,FATHER_OF,"BROTHER_OF(John,Jonathan) ∧ FATHER_OF(Gamaliel,Jonathan)"
18905,19529,FATHER_OF,"BROTHER_OF(Philip,Herod) ∧ FATHER_OF(Herodias,Herod)"
45528,19529,FATHER_OF,"BROTHER_OF(Philip,Herod) ∧ FATHER_OF(Herod Philip,Herod)"
19210,19108,FATHER_OF,"BROTHER_OF(Judas,Jesus) ∧ FATHER_OF(Leah,Jesus)"
19199,19108,FATHER_OF,"BROTHER_OF(Judas,Jesus) ∧ FATHER_OF(Laban,Jesus)"
3553,19108,FATHER_OF,"BROTHER_OF(Judas,Jesus) ∧ FATHER_OF(Jacob (patriarch),Jesus)"
42086,19108,FATHER_OF,"BROTHER_OF(Judas,Jesus) ∧ FATHER_OF(Senuah,Jesus)"
38002,19108,FATHER_OF,"BROTHER_OF(Judas,Jesus) ∧ FATHER_OF(Jehoash,Jesus)"
36330,19108,FATHER_OF,"BROTHER_OF(Judas,Jesus) ∧ FATHER_OF(Joash,Jesus)"
19082,19108,FATHER_OF,"BROTHER_OF(Judas,Jesus) ∧ FATHER_OF(Jehoshaphat,Jesus)"
19540,19108,FATHER_OF,"BROTHER_OF(Judas,Jesus) ∧ FATHER_OF(Rehoboam,Jesus)"
36522,19108,FATHER_OF,"BROTHER_OF(Judas,Jesus) ∧ FATHER_OF(Uri,Jesus)"
24119,19108,FATHER_OF,"BROTHER_OF(Judas,Jesus) ∧ FATHER_OF(Jotham,Jesus)"
35433,19108,FATHER_OF,"BROTHER_OF(Judas,Jesus) ∧ FATHER_OF(Jehoram,Jesus)"
3504,19108,FATHER_OF,"BROTHER_OF(Judas,Jesus) ∧ FATHER_OF(Asa,Jesus)"
36576,19108,FATHER_OF,"BROTHER_OF(Judas,Jesus) ∧ FATHER_OF(Jahdai,Jesus)"
36557,19108,FATHER_OF,"BROTHER_OF(Judas,Jesus) ∧ FATHER_OF(Azariah,Jesus)"
36542,19108,FATHER_OF,"BROTHER_OF(Judas,Jesus) ∧ FATHER_OF(Appaim,Jesus)"
36724,19108,FATHER_OF,"BROTHER_OF(Judas,Jesus) ∧ FATHER_OF(Jehohanan,Jesus)"
18906,19108,FATHER_OF,"BROTHER_OF(Judas,Jesus) ∧ FATHER_OF(Hezekiah,Jesus)"
36563,19108,FATHER_OF,"BROTHER_OF(Judas,Jesus) ∧ FATHER_OF(Jekamiah,Jesus)"
402110,19108,FATHER_OF,"BROTHER_OF(Judas,Jesus) ∧ FATHER_OF(Hassenuah,Jesus)"
36905,19108,FATHER_OF,"BROTHER_OF(Judas,Jesus) ∧ FATHER_OF(Meonothai,Jesus)"
36898,19108,FATHER_OF,"BROTHER_OF(Judas,Jesus) ∧ FATHER_OF(Eshton,Jesus)"
37051,19108,FATHER_OF,"BROTHER_OF(Judas,Jesus) ∧ FATHER_OF(Adaiah,Jesus)"
24105,19108,FATHER_OF,"BROTHER_OF(Judas,Jesus) ∧ FATHER_OF(Uzziah,Jesus)"
36797,19108,FATHER_OF,"BROTHER_OF(Judas,Jesus) ∧ FATHER_OF(Chelub,Jesus)"
18915,19581,FATHER_OF,"BROTHER_OF(Simon,Jonathan) ∧ FATHER_OF(Isaac,Jonathan)"
19072,19581,FATHER_OF,"BROTHER_OF(Simon,Jonathan) ∧ FATHER_OF(Lehi,Jonathan)"
35453,19581,FATHER_OF,"BROTHER_OF(Simon,Jonathan) ∧ FATHER_OF(Matthan,Jonathan)"
12037,19581,FATHER_OF,"BROTHER_OF(Simon,Jonathan) ∧ FATHER_OF(Matán,Jonathan)"
18663,387738,FATHER_OF,"BROTHER_OF(CHRISTIAN WHITMER,David) ∧ FATHER_OF(David,David)"
12891,387738,FATHER_OF,"BROTHER_OF(CHRISTIAN WHITMER,David) ∧ FATHER_OF(Miclot,David)"
19088,387738,FATHER_OF,"BROTHER_OF(CHRISTIAN WHITMER,David) ∧ FATHER_OF(Jethro,David)"
38340,387738,FATHER_OF,"BROTHER_OF(CHRISTIAN WHITMER,David) ∧ FATHER_OF(Agee,David)"
395045,387738,FATHER_OF,"BROTHER_OF(CHRISTIAN WHITMER,David) ∧ FATHER_OF(Agee Fugitive,David)"
38352,387738,FATHER_OF,"BROTHER_OF(CHRISTIAN WHITMER,David) ∧ FATHER_OF(Hararite,David)"
36345,209992,FATHER_OF,"SISTER_OF(Sophronia,José) ∧ FATHER_OF(Elkanah,José)"
59317,209992,FATHER_OF,"SISTER_OF(Sophronia,José) ∧ FATHER_OF(Robert,José)"
464107,209992,FATHER_OF,"SISTER_OF(Sophronia,José) ∧ FATHER_OF(An Ephraimite,José)"
18663,141755,FATHER_OF,"SISTER_OF(Eliza,David) ∧ FATHER_OF(David,David)"
12891,141755,FATHER_OF,"SISTER_OF(Eliza,David) ∧ FATHER_OF(Miclot,David)"
19088,141755,FATHER_OF,"SISTER_OF(Eliza,David) ∧ FATHER_OF(Jethro,David)"
38340,141755,FATHER_OF,"SISTER_OF(Eliza,David) ∧ FATHER_OF(Agee,David)"
395045,141755,FATHER_OF,"SISTER_OF(Eliza,David) ∧ FATHER_OF(Agee Fugitive,David)"
38352,141755,FATHER_OF,"SISTER_OF(Eliza,David) ∧ FATHER_OF(Hararite,David)"
18915,117822,FATHER_OF,"SISTER_OF(Patrick,Joseph) ∧ FATHER_OF(Isaac,Joseph)"
35453,117822,FATHER_OF,"SISTER_OF(Patrick,Joseph) ∧ FATHER_OF(Matthan,Joseph)"
12037,117822,FATHER_OF,"SISTER_OF(Patrick,Joseph) ∧ FATHER_OF(Matán,Joseph)"
19076,117822,FATHER_OF,"SISTER_OF(Patrick,Joseph) ∧ FATHER_OF(Zebedee,Joseph)"
19075,117822,FATHER_OF,"SISTER_OF(Patrick,Joseph) ∧ FATHER_OF(Alphaeus,Joseph)"
30664,117822,FATHER_OF,"SISTER_OF(Patrick,Joseph) ∧ FATHER_OF(Joseph Smith Sr.,Joseph)"
213770,117822,FATHER_OF,"SISTER_OF(Patrick,Joseph) ∧ FATHER_OF(Alexander Hale Smith,Joseph)"
520857,117822,FATHER_OF,"SISTER_OF(Patrick,Joseph) ∧ FATHER_OF(Patriarch Hyrum Smith,Joseph)"
19092,117822,FATHER_OF,"SISTER_OF(Patrick,Joseph) ∧ FATHER_OF(John,Joseph)"
18915,561682,FATHER_OF,"SISTER_OF(Rhoda Ann Jennetta Richards,Joseph) ∧ FATHER_OF(Isaac,Joseph)"
35453,561682,FATHER_OF,"SISTER_OF(Rhoda Ann Jennetta Richards,Joseph) ∧ FATHER_OF(Matthan,Joseph)"
12037,561682,FATHER_OF,"SISTER_OF(Rhoda Ann Jennetta Richards,Joseph) ∧ FATHER_OF(Matán,Joseph)"
19076,561682,FATHER_OF,"SISTER_OF(Rhoda Ann Jennetta Richards,Joseph) ∧ FATHER_OF(Zebedee,Joseph)"
19075,561682,FATHER_OF,"SISTER_OF(Rhoda Ann Jennetta Richards,Joseph) ∧ FATHER_OF(Alphaeus,Joseph)"
30664,561682,FATHER_OF,"SISTER_OF(Rhoda Ann Jennetta Richards,Joseph) ∧ FATHER_OF(Joseph Smith Sr.,Joseph)"
213770,561682,FATHER_OF,"SISTER_OF(Rhoda Ann Jennetta Richards,Joseph) ∧ FATHER_OF(Alexander Hale Smith,Joseph)"
520857,561682,FATHER_OF,"SISTER_OF(Rhoda Ann Jennetta Richards,Joseph) ∧ FATHER_OF(Patriarch Hyrum Smith,Joseph)"
19092,561682,FATHER_OF,"SISTER_OF(Rhoda Ann Jennetta Richards,Joseph) ∧ FATHER_OF(John,Joseph)"
35975,33862,FATHER_OF,"SISTER_OF(Bernice,Agrippa) ∧ FATHER_OF(Aristobulus,Agrippa)"
36573,19200,FATHER_OF,"SISTER_OF(Rebekah,Laban) ∧ FATHER_OF(Haran,Laban)"
12743,19200,FATHER_OF,"SISTER_OF(Rebekah,Laban) ∧ FATHER_OF(Harán,Laban)"
3549,19102,FATHER_OF,"BROTHER_OF(Joseph Smith,Hyrum Smith) ∧ FATHER_OF(Jacob,Hyrum Smith)"
18663,19102,FATHER_OF,"BROTHER_OF(Joseph Smith,Hyrum Smith) ∧ FATHER_OF(David,Hyrum Smith)"
19072,19102,FATHER_OF,"BROTHER_OF(Joseph Smith,Hyrum Smith) ∧ FATHER_OF(Lehi,Hyrum Smith)"
19536,19102,FATHER_OF,"BROTHER_OF(Joseph Smith,Hyrum Smith) ∧ FATHER_OF(Rachel,Hyrum Smith)"
35060,19102,FATHER_OF,"BROTHER_OF(Joseph Smith,Hyrum Smith) ∧ FATHER_OF(Jonan,Hyrum Smith)"
35037,19102,FATHER_OF,"BROTHER_OF(Joseph Smith,Hyrum Smith) ∧ FATHER_OF(Heli,Hyrum Smith)"
3416,19102,FATHER_OF,"BROTHER_OF(Joseph Smith,Hyrum Smith) ∧ FATHER_OF(Amos,Hyrum Smith)"
19109,19102,FATHER_OF,"BROTHER_OF(Joseph Smith,Hyrum Smith) ∧ FATHER_OF(Jude,Hyrum Smith)"
3553,19102,FATHER_OF,"BROTHER_OF(Joseph Smith,Hyrum Smith) ∧ FATHER_OF(Jacob (patriarch),Hyrum Smith)"
19870,19102,FATHER_OF,"BROTHER_OF(Joseph Smith,Hyrum Smith) ∧ FATHER_OF(Brigham Young,Hyrum Smith)"
18670,19102,FATHER_OF,"BROTHER_OF(Joseph Smith,Hyrum Smith) ∧ FATHER_OF(Eli,Hyrum Smith)"
409594,19102,FATHER_OF,"BROTHER_OF(Joseph Smith,Hyrum Smith) ∧ FATHER_OF(Jonam,Hyrum Smith)"
15527,19102,FATHER_OF,"BROTHER_OF(Joseph Smith,Hyrum Smith) ∧ FATHER_OF(Potiphera,Hyrum Smith)"
5852,19102,FATHER_OF,"BROTHER_OF(Joseph Smith,Hyrum Smith) ∧ FATHER_OF(Cuando,Hyrum Smith)"
19583,19102,FATHER_OF,"BROTHER_OF(Joseph Smith,Hyrum Smith) ∧ FATHER_OF(Hyrum Smith,Hyrum Smith)"
391257,19102,FATHER_OF,"BROTHER_OF(Joseph Smith,Hyrum Smith) ∧ FATHER_OF(Patriarch,Hyrum Smith)"
35074,19200,FATHER_OF,"BROTHER_OF(Rebekah,Abraham) ∧ FATHER_OF(Reu,Abraham)"
35073,19200,FATHER_OF,"BROTHER_OF(Rebekah,Abraham) ∧ FATHER_OF(Serug,Abraham)"
392321,19200,FATHER_OF,"BROTHER_OF(Rebekah,Abraham) ∧ FATHER_OF(Serug Branch,Abraham)"
36150,36505,FATHER_OF,"BROTHER_OF(Jerahmeel,Caleb) ∧ FATHER_OF(Eliphaz,Caleb)"
36158,36505,FATHER_OF,"BROTHER_OF(Jerahmeel,Caleb) ∧ FATHER_OF(Kenaz,Caleb)"
36150,12708,FATHER_OF,"BROTHER_OF(Jerameel,Caleb) ∧ FATHER_OF(Eliphaz,Caleb)"
19544,12708,FATHER_OF,"BROTHER_OF(Jerameel,Caleb) ∧ FATHER_OF(Reuben,Caleb)"
19106,12708,FATHER_OF,"BROTHER_OF(Jerameel,Caleb) ∧ FATHER_OF(Judah,Caleb)"
35070,12708,FATHER_OF,"BROTHER_OF(Jerameel,Caleb) ∧ FATHER_OF(Pharez,Caleb)"
36158,12708,FATHER_OF,"BROTHER_OF(Jerameel,Caleb) ∧ FATHER_OF(Kenaz,Caleb)"
18915,18645,FATHER_OF,"BROTHER_OF(Jesus,James) ∧ FATHER_OF(Isaac,James)"
19072,18645,FATHER_OF,"BROTHER_OF(Jesus,James) ∧ FATHER_OF(Lehi,James)"
35453,18645,FATHER_OF,"BROTHER_OF(Jesus,James) ∧ FATHER_OF(Matthan,James)"
12037,18645,FATHER_OF,"BROTHER_OF(Jesus,James) ∧ FATHER_OF(Matán,James)"
35049,18645,FATHER_OF,"BROTHER_OF(Jesus,James) ∧ FATHER_OF(Rhesa,James)"
30664,19735,FATHER_OF,"BROTHER_OF(José,Samuel) ∧ FATHER_OF(Joseph Smith Sr.,Samuel)"
30497,19735,FATHER_OF,"BROTHER_OF(José,Samuel) ∧ FATHER_OF(Hyrum,Samuel)"
19097,19735,FATHER_OF,"BROTHER_OF(José,Samuel) ∧ FATHER_OF(Joseph,Samuel)"
106978,19735,FATHER_OF,"BROTHER_OF(José,Samuel) ∧ FATHER_OF(Asael Smith,Samuel)"
18915,104442,FATHER_OF,"BROTHER_OF(Burnett,James) ∧ FATHER_OF(Isaac,James)"
19072,104442,FATHER_OF,"BROTHER_OF(Burnett,James) ∧ FATHER_OF(Lehi,James)"
35453,104442,FATHER_OF,"BROTHER_OF(Burnett,James) ∧ FATHER_OF(Matthan,James)"
12037,104442,FATHER_OF,"BROTHER_OF(Burnett,James) ∧ FATHER_OF(Matán,James)"
42109,104442,FATHER_OF,"BROTHER_OF(Burnett,James) ∧ FATHER_OF(Joiada,James)"
19566,104442,FATHER_OF,"BROTHER_OF(Burnett,James) ∧ FATHER_OF(Shaul,James)"
19494,104442,FATHER_OF,"BROTHER_OF(Burnett,James) ∧ FATHER_OF(Paul,James)"
36417,104442,FATHER_OF,"BROTHER_OF(Burnett,James) ∧ FATHER_OF(Shemaiah,James)"
36161,104442,FATHER_OF,"BROTHER_OF(Burnett,James) ∧ FATHER_OF(Shage,James)"
36610,104442,FATHER_OF,"BROTHER_OF(Burnett,James) ∧ FATHER_OF(Shimea,James)"
35320,104442,FATHER_OF,"BROTHER_OF(Burnett,James) ∧ FATHER_OF(Abiathar,James)"
36418,104442,FATHER_OF,"BROTHER_OF(Burnett,James) ∧ FATHER_OF(Uzziel,James)"
36162,104442,FATHER_OF,"BROTHER_OF(Burnett,James) ∧ FATHER_OF(Shammah,James)"
419644,104442,FATHER_OF,"BROTHER_OF(Burnett,James) ∧ FATHER_OF(Shagee,James)"
36830,104442,FATHER_OF,"BROTHER_OF(Burnett,James) ∧ FATHER_OF(Absalom,James)"
36627,104442,FATHER_OF,"BROTHER_OF(Burnett,James) ∧ FATHER_OF(Shimei,James)"
3549,104442,FATHER_OF,"BROTHER_OF(Burnett,James) ∧ FATHER_OF(Jacob,James)"
11338,104442,FATHER_OF,"BROTHER_OF(Burnett,James) ∧ FATHER_OF(Simón Iscariote,James)"
19073,104442,FATHER_OF,"BROTHER_OF(Burnett,James) ∧ FATHER_OF(James,James)"
757218,104442,FATHER_OF,"BROTHER_OF(Burnett,James) ∧ FATHER_OF(Chalphi,James)"
457984,104442,FATHER_OF,"BROTHER_OF(Burnett,James) ∧ FATHER_OF(Simon Iscariot,James)"
35049,104442,FATHER_OF,"BROTHER_OF(Burnett,James) ∧ FATHER_OF(Rhesa,James)"
36950,36121,FATHER_OF,"BROTHER_OF(Abram,Haran) ∧ FATHER_OF(Bethuel,Haran)"
35072,36121,FATHER_OF,"BROTHER_OF(Abram,Haran) ∧ FATHER_OF(Nahor,Haran)"
19097,19097,FATHER_OF,"BROTHER_OF(Joseph,William Smith) ∧ FATHER_OF(Joseph,William Smith)"
106978,19097,FATHER_OF,"BROTHER_OF(Joseph,William Smith) ∧ FATHER_OF(Asael Smith,William Smith)"
36345,19097,FATHER_OF,"BROTHER_OF(Joseph,William Smith) ∧ FATHER_OF(Elkanah,William Smith)"
59317,19097,FATHER_OF,"BROTHER_OF(Joseph,William Smith) ∧ FATHER_OF(Robert,William Smith)"
464107,19097,FATHER_OF,"BROTHER_OF(Joseph,William Smith) ∧ FATHER_OF(An Ephraimite,William Smith)"
19097,3549,FATHER_OF,"BROTHER_OF(Jacob,John) ∧ FATHER_OF(Joseph,John)"
494653,3549,FATHER_OF,"BROTHER_OF(Jacob,John) ∧ FATHER_OF(Sirach,John)"
516157,3549,FATHER_OF,"BROTHER_OF(Jacob,John) ∧ FATHER_OF(SIR,John)"
398435,3549,FATHER_OF,"BROTHER_OF(Jacob,John) ∧ FATHER_OF(Josedek,John)"
416791,3549,FATHER_OF,"BROTHER_OF(Jacob,John) ∧ FATHER_OF(Ananus,John)"
19581,3549,FATHER_OF,"BROTHER_OF(Jacob,John) ∧ FATHER_OF(Simon,John)"
35452,3549,FATHER_OF,"BROTHER_OF(Jacob,John) ∧ FATHER_OF(Eleazar,John)"
18900,19583,FATHER_OF,"BROTHER_OF(Hyrum Smith,William Smith) ∧ FATHER_OF(Helaman,William Smith)"
765216,19583,FATHER_OF,"BROTHER_OF(Hyrum Smith,William Smith) ∧ FATHER_OF(Lehi Nephi,William Smith)"
19072,18897,FATHER_OF,"BROTHER_OF(Samuel,Hyrum Smith) ∧ FATHER_OF(Lehi,Hyrum Smith)"
19536,18897,FATHER_OF,"BROTHER_OF(Samuel,Hyrum Smith) ∧ FATHER_OF(Rachel,Hyrum Smith)"
35060,18897,FATHER_OF,"BROTHER_OF(Samuel,Hyrum Smith) ∧ FATHER_OF(Jonan,Hyrum Smith)"
35037,18897,FATHER_OF,"BROTHER_OF(Samuel,Hyrum Smith) ∧ FATHER_OF(Heli,Hyrum Smith)"
3416,18897,FATHER_OF,"BROTHER_OF(Samuel,Hyrum Smith) ∧ FATHER_OF(Amos,Hyrum Smith)"
19109,18897,FATHER_OF,"BROTHER_OF(Samuel,Hyrum Smith) ∧ FATHER_OF(Jude,Hyrum Smith)"
3553,18897,FATHER_OF,"BROTHER_OF(Samuel,Hyrum Smith) ∧ FATHER_OF(Jacob (patriarch),Hyrum Smith)"
19870,18897,FATHER_OF,"BROTHER_OF(Samuel,Hyrum Smith) ∧ FATHER_OF(Brigham Young,Hyrum Smith)"
18670,18897,FATHER_OF,"BROTHER_OF(Samuel,Hyrum Smith) ∧ FATHER_OF(Eli,Hyrum Smith)"
409594,18897,FATHER_OF,"BROTHER_OF(Samuel,Hyrum Smith) ∧ FATHER_OF(Jonam,Hyrum Smith)"
15527,18897,FATHER_OF,"BROTHER_OF(Samuel,Hyrum Smith) ∧ FATHER_OF(Potiphera,Hyrum Smith)"
5852,18897,FATHER_OF,"BROTHER_OF(Samuel,Hyrum Smith) ∧ FATHER_OF(Cuando,Hyrum Smith)"
19583,18897,FATHER_OF,"BROTHER_OF(Samuel,Hyrum Smith) ∧ FATHER_OF(Hyrum Smith,Hyrum Smith)"
391257,18897,FATHER_OF,"BROTHER_OF(Samuel,Hyrum Smith) ∧ FATHER_OF(Patriarch,Hyrum Smith)"
36215,19095,FATHER_OF,"BROTHER_OF(Jonathan,John) ∧ FATHER_OF(Aholibamah,John)"
40102,19095,FATHER_OF,"BROTHER_OF(Jonathan,John) ∧ FATHER_OF(Beeri,John)"
37465,19095,FATHER_OF,"BROTHER_OF(Jonathan,John) ∧ FATHER_OF(Elon,John)"
18917,19095,FATHER_OF,"BROTHER_OF(Jonathan,John) ∧ FATHER_OF(Ishmael,John)"
18900,19095,FATHER_OF,"BROTHER_OF(Jonathan,John) ∧ FATHER_OF(Helaman,John)"
765216,19095,FATHER_OF,"BROTHER_OF(Jonathan,John) ∧ FATHER_OF(Lehi Nephi,John)"
12670,36233,FATHER_OF,"BROTHER_OF(Joab,Zeruiah) ∧ FATHER_OF(Nahas,Zeruiah)"
36486,36233,FATHER_OF,"BROTHER_OF(Joab,Zeruiah) ∧ FATHER_OF(Nahash,Zeruiah)"
19076,203561,FATHER_OF,"BROTHER_OF(Judas Maccabeus,Simon) ∧ FATHER_OF(Zebedee,Simon)"
19075,203561,FATHER_OF,"BROTHER_OF(Judas Maccabeus,Simon) ∧ FATHER_OF(Alphaeus,Simon)"
204448,203561,FATHER_OF,"BROTHER_OF(Judas Maccabeus,Simon) ∧ FATHER_OF(Alpheus,Simon)"
499765,203561,FATHER_OF,"BROTHER_OF(Judas Maccabeus,Simon) ∧ FATHER_OF(Zehedee,Simon)"
621613,203561,FATHER_OF,"BROTHER_OF(Judas Maccabeus,Simon) ∧ FATHER_OF(Zebedee Salome,Simon)"
19076,441241,FATHER_OF,"BROTHER_OF(Judas Maccabee,Jonathan) ∧ FATHER_OF(Zebedee,Jonathan)"
19871,441241,FATHER_OF,"BROTHER_OF(Judas Maccabee,Jonathan) ∧ FATHER_OF(Zacharias,Jonathan)"
19870,441241,FATHER_OF,"BROTHER_OF(Judas Maccabee,Jonathan) ∧ FATHER_OF(Brigham Young,Jonathan)"
397883,441241,FATHER_OF,"BROTHER_OF(Judas Maccabee,Jonathan) ∧ FATHER_OF(Mathew Woodruff,Jonathan)"
494839,441241,FATHER_OF,"BROTHER_OF(Judas Maccabee,Jonathan) ∧ FATHER_OF(Accos,Jonathan)"
19872,441241,FATHER_OF,"BROTHER_OF(Judas Maccabee,Jonathan) ∧ FATHER_OF(Zechariah,Jonathan)"
19108,441241,FATHER_OF,"BROTHER_OF(Judas Maccabee,Jonathan) ∧ FATHER_OF(Judas,Jonathan)"
19075,441241,FATHER_OF,"BROTHER_OF(Judas Maccabee,Jonathan) ∧ FATHER_OF(Alphaeus,Jonathan)"
204448,441241,FATHER_OF,"BROTHER_OF(Judas Maccabee,Jonathan) ∧ FATHER_OF(Alpheus,Jonathan)"
499765,441241,FATHER_OF,"BROTHER_OF(Judas Maccabee,Jonathan) ∧ FATHER_OF(Zehedee,Jonathan)"
621613,441241,FATHER_OF,"BROTHER_OF(Judas Maccabee,Jonathan) ∧ FATHER_OF(Zebedee Salome,Jonathan)"
18915,441241,FATHER_OF,"BROTHER_OF(Judas Maccabee,Jonathan) ∧ FATHER_OF(Isaac,Jonathan)"
19072,441241,FATHER_OF,"BROTHER_OF(Judas Maccabee,Jonathan) ∧ FATHER_OF(Lehi,Jonathan)"
35453,441241,FATHER_OF,"BROTHER_OF(Judas Maccabee,Jonathan) ∧ FATHER_OF(Matthan,Jonathan)"
12037,441241,FATHER_OF,"BROTHER_OF(Judas Maccabee,Jonathan) ∧ FATHER_OF(Matán,Jonathan)"
25524,441241,FATHER_OF,"BROTHER_OF(Judas Maccabee,Jonathan) ∧ FATHER_OF(Jonas,Jonathan)"
45834,441241,FATHER_OF,"BROTHER_OF(Judas Maccabee,Jonathan) ∧ FATHER_OF(Jona,Jonathan)"
19092,441241,FATHER_OF,"BROTHER_OF(Judas Maccabee,Jonathan) ∧ FATHER_OF(John,Jonathan)"
19094,441241,FATHER_OF,"BROTHER_OF(Judas Maccabee,Jonathan) ∧ FATHER_OF(Jonah,Jonathan)"
650625,441241,FATHER_OF,"BROTHER_OF(Judas Maccabee,Jonathan) ∧ FATHER_OF(Gioras,Jonathan)"
55816,441241,FATHER_OF,"BROTHER_OF(Judas Maccabee,Jonathan) ∧ FATHER_OF(Jochai,Jonathan)"
465526,441241,FATHER_OF,"BROTHER_OF(Judas Maccabee,Jonathan) ∧ FATHER_OF(Onias,Jonathan)"
18873,441241,FATHER_OF,"BROTHER_OF(Judas Maccabee,Jonathan) ∧ FATHER_OF(Gamaliel,Jonathan)"
19097,441241,FATHER_OF,"BROTHER_OF(Judas Maccabee,Jonathan) ∧ FATHER_OF(Joseph,Jonathan)"
494653,441241,FATHER_OF,"BROTHER_OF(Judas Maccabee,Jonathan) ∧ FATHER_OF(Sirach,Jonathan)"
516157,441241,FATHER_OF,"BROTHER_OF(Judas Maccabee,Jonathan) ∧ FATHER_OF(SIR,Jonathan)"
398435,441241,FATHER_OF,"BROTHER_OF(Judas Maccabee,Jonathan) ∧ FATHER_OF(Josedek,Jonathan)"
18663,441241,FATHER_OF,"BROTHER_OF(Judas Maccabee,Jonathan) ∧ FATHER_OF(David,Jonathan)"
416791,441241,FATHER_OF,"BROTHER_OF(Judas Maccabee,Jonathan) ∧ FATHER_OF(Ananus,Jonathan)"
19581,441241,FATHER_OF,"BROTHER_OF(Judas Maccabee,Jonathan) ∧ FATHER_OF(Simon,Jonathan)"
35452,441241,FATHER_OF,"BROTHER_OF(Judas Maccabee,Jonathan) ∧ FATHER_OF(Eleazar,Jonathan)"
3549,441241,FATHER_OF,"BROTHER_OF(Judas Maccabee,Jonathan) ∧ FATHER_OF(Jacob,Jonathan)"
11338,441241,FATHER_OF,"BROTHER_OF(Judas Maccabee,Jonathan) ∧ FATHER_OF(Simón Iscariote,Jonathan)"
19073,441241,FATHER_OF,"BROTHER_OF(Judas Maccabee,Jonathan) ∧ FATHER_OF(James,Jonathan)"
757218,441241,FATHER_OF,"BROTHER_OF(Judas Maccabee,Jonathan) ∧ FATHER_OF(Chalphi,Jonathan)"
457984,441241,FATHER_OF,"BROTHER_OF(Judas Maccabee,Jonathan) ∧ FATHER_OF(Simon Iscariot,Jonathan)"
30664,30497,FATHER_OF,"BROTHER_OF(Hyrum,Samuel) ∧ FATHER_OF(Joseph Smith Sr.,Samuel)"
30497,30497,FATHER_OF,"BROTHER_OF(Hyrum,Samuel) ∧ FATHER_OF(Hyrum,Samuel)"
19097,30497,FATHER_OF,"BROTHER_OF(Hyrum,Samuel) ∧ FATHER_OF(Joseph,Samuel)"
106978,30497,FATHER_OF,"BROTHER_OF(Hyrum,Samuel) ∧ FATHER_OF(Asael Smith,Samuel)"
30664,176512,FATHER_OF,"BROTHER_OF(WILLIAM,Samuel) ∧ FATHER_OF(Joseph Smith Sr.,Samuel)"
30497,176512,FATHER_OF,"BROTHER_OF(WILLIAM,Samuel) ∧ FATHER_OF(Hyrum,Samuel)"
19097,176512,FATHER_OF,"BROTHER_OF(WILLIAM,Samuel) ∧ FATHER_OF(Joseph,Samuel)"
106978,176512,FATHER_OF,"BROTHER_OF(WILLIAM,Samuel) ∧ FATHER_OF(Asael Smith,Samuel)"
35074,12460,FATHER_OF,"SISTER_OF(Nebaiot,Abraham) ∧ FATHER_OF(Reu,Abraham)"
35073,12460,FATHER_OF,"SISTER_OF(Nebaiot,Abraham) ∧ FATHER_OF(Serug,Abraham)"
392321,12460,FATHER_OF,"SISTER_OF(Nebaiot,Abraham) ∧ FATHER_OF(Serug Branch,Abraham)"
19097,18918,FATHER_OF,"BROTHER_OF(Nephi,Jacob) ∧ FATHER_OF(Joseph,Jacob)"
494653,18918,FATHER_OF,"BROTHER_OF(Nephi,Jacob) ∧ FATHER_OF(Sirach,Jacob)"
516157,18918,FATHER_OF,"BROTHER_OF(Nephi,Jacob) ∧ FATHER_OF(SIR,Jacob)"
398435,18918,FATHER_OF,"BROTHER_OF(Nephi,Jacob) ∧ FATHER_OF(Josedek,Jacob)"
416791,18918,FATHER_OF,"BROTHER_OF(Nephi,Jacob) ∧ FATHER_OF(Ananus,Jacob)"
19581,18918,FATHER_OF,"BROTHER_OF(Nephi,Jacob) ∧ FATHER_OF(Simon,Jacob)"
35452,18918,FATHER_OF,"BROTHER_OF(Nephi,Jacob) ∧ FATHER_OF(Eleazar,Jacob)"
19097,18683,FATHER_OF,"BROTHER_OF(Esau,Jacob) ∧ FATHER_OF(Joseph,Jacob)"
494653,18683,FATHER_OF,"BROTHER_OF(Esau,Jacob) ∧ FATHER_OF(Sirach,Jacob)"
516157,18683,FATHER_OF,"BROTHER_OF(Esau,Jacob) ∧ FATHER_OF(SIR,Jacob)"
398435,18683,FATHER_OF,"BROTHER_OF(Esau,Jacob) ∧ FATHER_OF(Josedek,Jacob)"
416791,18683,FATHER_OF,"BROTHER_OF(Esau,Jacob) ∧ FATHER_OF(Ananus,Jacob)"
19581,18683,FATHER_OF,"BROTHER_OF(Esau,Jacob) ∧ FATHER_OF(Simon,Jacob)"
35452,18683,FATHER_OF,"BROTHER_OF(Esau,Jacob) ∧ FATHER_OF(Eleazar,Jacob)"
19871,19202,FATHER_OF,"BROTHER_OF(Laman,Nephi) ∧ FATHER_OF(Zacharias,Nephi)"
397883,19202,FATHER_OF,"BROTHER_OF(Laman,Nephi) ∧ FATHER_OF(Mathew Woodruff,Nephi)"
494839,19202,FATHER_OF,"BROTHER_OF(Laman,Nephi) ∧ FATHER_OF(Accos,Nephi)"
35041,19202,FATHER_OF,"BROTHER_OF(Laman,Nephi) ∧ FATHER_OF(Mattathias,Nephi)"
19872,19202,FATHER_OF,"BROTHER_OF(Laman,Nephi) ∧ FATHER_OF(Zechariah,Nephi)"
19108,19202,FATHER_OF,"BROTHER_OF(Laman,Nephi) ∧ FATHER_OF(Judas,Nephi)"
204448,19202,FATHER_OF,"BROTHER_OF(Laman,Nephi) ∧ FATHER_OF(Alpheus,Nephi)"
499765,19202,FATHER_OF,"BROTHER_OF(Laman,Nephi) ∧ FATHER_OF(Zehedee,Nephi)"
621613,19202,FATHER_OF,"BROTHER_OF(Laman,Nephi) ∧ FATHER_OF(Zebedee Salome,Nephi)"
42109,19202,FATHER_OF,"BROTHER_OF(Laman,Nephi) ∧ FATHER_OF(Joiada,Nephi)"
19566,19202,FATHER_OF,"BROTHER_OF(Laman,Nephi) ∧ FATHER_OF(Shaul,Nephi)"
19494,19202,FATHER_OF,"BROTHER_OF(Laman,Nephi) ∧ FATHER_OF(Paul,Nephi)"
36417,19202,FATHER_OF,"BROTHER_OF(Laman,Nephi) ∧ FATHER_OF(Shemaiah,Nephi)"
36161,19202,FATHER_OF,"BROTHER_OF(Laman,Nephi) ∧ FATHER_OF(Shage,Nephi)"
36610,19202,FATHER_OF,"BROTHER_OF(Laman,Nephi) ∧ FATHER_OF(Shimea,Nephi)"
35320,19202,FATHER_OF,"BROTHER_OF(Laman,Nephi) ∧ FATHER_OF(Abiathar,Nephi)"
36418,19202,FATHER_OF,"BROTHER_OF(Laman,Nephi) ∧ FATHER_OF(Uzziel,Nephi)"
36162,19202,FATHER_OF,"BROTHER_OF(Laman,Nephi) ∧ FATHER_OF(Shammah,Nephi)"
419644,19202,FATHER_OF,"BROTHER_OF(Laman,Nephi) ∧ FATHER_OF(Shagee,Nephi)"
36830,19202,FATHER_OF,"BROTHER_OF(Laman,Nephi) ∧ FATHER_OF(Absalom,Nephi)"
36627,19202,FATHER_OF,"BROTHER_OF(Laman,Nephi) ∧ FATHER_OF(Shimei,Nephi)"
30664,19202,FATHER_OF,"BROTHER_OF(Laman,Nephi) ∧ FATHER_OF(Joseph Smith Sr.,Nephi)"
213770,19202,FATHER_OF,"BROTHER_OF(Laman,Nephi) ∧ FATHER_OF(Alexander Hale Smith,Nephi)"
520857,19202,FATHER_OF,"BROTHER_OF(Laman,Nephi) ∧ FATHER_OF(Patriarch Hyrum Smith,Nephi)"
19092,19202,FATHER_OF,"BROTHER_OF(Laman,Nephi) ∧ FATHER_OF(John,Nephi)"
19871,19097,FATHER_OF,"BROTHER_OF(Joseph,Nephi) ∧ FATHER_OF(Zacharias,Nephi)"
397883,19097,FATHER_OF,"BROTHER_OF(Joseph,Nephi) ∧ FATHER_OF(Mathew Woodruff,Nephi)"
494839,19097,FATHER_OF,"BROTHER_OF(Joseph,Nephi) ∧ FATHER_OF(Accos,Nephi)"
35041,19097,FATHER_OF,"BROTHER_OF(Joseph,Nephi) ∧ FATHER_OF(Mattathias,Nephi)"
19872,19097,FATHER_OF,"BROTHER_OF(Joseph,Nephi) ∧ FATHER_OF(Zechariah,Nephi)"
19108,19097,FATHER_OF,"BROTHER_OF(Joseph,Nephi) ∧ FATHER_OF(Judas,Nephi)"
204448,19097,FATHER_OF,"BROTHER_OF(Joseph,Nephi) ∧ FATHER_OF(Alpheus,Nephi)"
499765,19097,FATHER_OF,"BROTHER_OF(Joseph,Nephi) ∧ FATHER_OF(Zehedee,Nephi)"
621613,19097,FATHER_OF,"BROTHER_OF(Joseph,Nephi) ∧ FATHER_OF(Zebedee Salome,Nephi)"
42109,19097,FATHER_OF,"BROTHER_OF(Joseph,Nephi) ∧ FATHER_OF(Joiada,Nephi)"
19566,19097,FATHER_OF,"BROTHER_OF(Joseph,Nephi) ∧ FATHER_OF(Shaul,Nephi)"
19494,19097,FATHER_OF,"BROTHER_OF(Joseph,Nephi) ∧ FATHER_OF(Paul,Nephi)"
36417,19097,FATHER_OF,"BROTHER_OF(Joseph,Nephi) ∧ FATHER_OF(Shemaiah,Nephi)"
36161,19097,FATHER_OF,"BROTHER_OF(Joseph,Nephi) ∧ FATHER_OF(Shage,Nephi)"
36610,19097,FATHER_OF,"BROTHER_OF(Joseph,Nephi) ∧ FATHER_OF(Shimea,Nephi)"
35320,19097,FATHER_OF,"BROTHER_OF(Joseph,Nephi) ∧ FATHER_OF(Abiathar,Nephi)"
36418,19097,FATHER_OF,"BROTHER_OF(Joseph,Nephi) ∧ FATHER_OF(Uzziel,Nephi)"
36162,19097,FATHER_OF,"BROTHER_OF(Joseph,Nephi) ∧ FATHER_OF(Shammah,Nephi)"
419644,19097,FATHER_OF,"BROTHER_OF(Joseph,Nephi) ∧ FATHER_OF(Shagee,Nephi)"
36830,19097,FATHER_OF,"BROTHER_OF(Joseph,Nephi) ∧ FATHER_OF(Absalom,Nephi)"
36627,19097,FATHER_OF,"BROTHER_OF(Joseph,Nephi) ∧ FATHER_OF(Shimei,Nephi)"
19871,19557,FATHER_OF,"BROTHER_OF(Sam,Nephi) ∧ FATHER_OF(Zacharias,Nephi)"
397883,19557,FATHER_OF,"BROTHER_OF(Sam,Nephi) ∧ FATHER_OF(Mathew Woodruff,Nephi)"
494839,19557,FATHER_OF,"BROTHER_OF(Sam,Nephi) ∧ FATHER_OF(Accos,Nephi)"
35041,19557,FATHER_OF,"BROTHER_OF(Sam,Nephi) ∧ FATHER_OF(Mattathias,Nephi)"
19872,19557,FATHER_OF,"BROTHER_OF(Sam,Nephi) ∧ FATHER_OF(Zechariah,Nephi)"
19108,19557,FATHER_OF,"BROTHER_OF(Sam,Nephi) ∧ FATHER_OF(Judas,Nephi)"
204448,19557,FATHER_OF,"BROTHER_OF(Sam,Nephi) ∧ FATHER_OF(Alpheus,Nephi)"
499765,19557,FATHER_OF,"BROTHER_OF(Sam,Nephi) ∧ FATHER_OF(Zehedee,Nephi)"
621613,19557,FATHER_OF,"BROTHER_OF(Sam,Nephi) ∧ FATHER_OF(Zebedee Salome,Nephi)"
42109,19557,FATHER_OF,"BROTHER_OF(Sam,Nephi) ∧ FATHER_OF(Joiada,Nephi)"
19566,19557,FATHER_OF,"BROTHER_OF(Sam,Nephi) ∧ FATHER_OF(Shaul,Nephi)"
19494,19557,FATHER_OF,"BROTHER_OF(Sam,Nephi) ∧ FATHER_OF(Paul,Nephi)"
36417,19557,FATHER_OF,"BROTHER_OF(Sam,Nephi) ∧ FATHER_OF(Shemaiah,Nephi)"
36161,19557,FATHER_OF,"BROTHER_OF(Sam,Nephi) ∧ FATHER_OF(Shage,Nephi)"
36610,19557,FATHER_OF,"BROTHER_OF(Sam,Nephi) ∧ FATHER_OF(Shimea,Nephi)"
35320,19557,FATHER_OF,"BROTHER_OF(Sam,Nephi) ∧ FATHER_OF(Abiathar,Nephi)"
36418,19557,FATHER_OF,"BROTHER_OF(Sam,Nephi) ∧ FATHER_OF(Uzziel,Nephi)"
36162,19557,FATHER_OF,"BROTHER_OF(Sam,Nephi) ∧ FATHER_OF(Shammah,Nephi)"
419644,19557,FATHER_OF,"BROTHER_OF(Sam,Nephi) ∧ FATHER_OF(Shagee,Nephi)"
36830,19557,FATHER_OF,"BROTHER_OF(Sam,Nephi) ∧ FATHER_OF(Absalom,Nephi)"
36627,19557,FATHER_OF,"BROTHER_OF(Sam,Nephi) ∧ FATHER_OF(Shimei,Nephi)"
30664,19557,FATHER_OF,"BROTHER_OF(Sam,Nephi) ∧ FATHER_OF(Joseph Smith Sr.,Nephi)"
213770,19557,FATHER_OF,"BROTHER_OF(Sam,Nephi) ∧ FATHER_OF(Alexander Hale Smith,Nephi)"
520857,19557,FATHER_OF,"BROTHER_OF(Sam,Nephi) ∧ FATHER_OF(Patriarch Hyrum Smith,Nephi)"
19092,19557,FATHER_OF,"BROTHER_OF(Sam,Nephi) ∧ FATHER_OF(John,Nephi)"
19871,19211,FATHER_OF,"BROTHER_OF(Lemuel,Nephi) ∧ FATHER_OF(Zacharias,Nephi)"
397883,19211,FATHER_OF,"BROTHER_OF(Lemuel,Nephi) ∧ FATHER_OF(Mathew Woodruff,Nephi)"
494839,19211,FATHER_OF,"BROTHER_OF(Lemuel,Nephi) ∧ FATHER_OF(Accos,Nephi)"
35041,19211,FATHER_OF,"BROTHER_OF(Lemuel,Nephi) ∧ FATHER_OF(Mattathias,Nephi)"
19872,19211,FATHER_OF,"BROTHER_OF(Lemuel,Nephi) ∧ FATHER_OF(Zechariah,Nephi)"
19108,19211,FATHER_OF,"BROTHER_OF(Lemuel,Nephi) ∧ FATHER_OF(Judas,Nephi)"
204448,19211,FATHER_OF,"BROTHER_OF(Lemuel,Nephi) ∧ FATHER_OF(Alpheus,Nephi)"
499765,19211,FATHER_OF,"BROTHER_OF(Lemuel,Nephi) ∧ FATHER_OF(Zehedee,Nephi)"
621613,19211,FATHER_OF,"BROTHER_OF(Lemuel,Nephi) ∧ FATHER_OF(Zebedee Salome,Nephi)"
42109,19211,FATHER_OF,"BROTHER_OF(Lemuel,Nephi) ∧ FATHER_OF(Joiada,Nephi)"
19566,19211,FATHER_OF,"BROTHER_OF(Lemuel,Nephi) ∧ FATHER_OF(Shaul,Nephi)"
19494,19211,FATHER_OF,"BROTHER_OF(Lemuel,Nephi) ∧ FATHER_OF(Paul,Nephi)"
36417,19211,FATHER_OF,"BROTHER_OF(Lemuel,Nephi) ∧ FATHER_OF(Shemaiah,Nephi)"
36161,19211,FATHER_OF,"BROTHER_OF(Lemuel,Nephi) ∧ FATHER_OF(Shage,Nephi)"
36610,19211,FATHER_OF,"BROTHER_OF(Lemuel,Nephi) ∧ FATHER_OF(Shimea,Nephi)"
35320,19211,FATHER_OF,"BROTHER_OF(Lemuel,Nephi) ∧ FATHER_OF(Abiathar,Nephi)"
36418,19211,FATHER_OF,"BROTHER_OF(Lemuel,Nephi) ∧ FATHER_OF(Uzziel,Nephi)"
36162,19211,FATHER_OF,"BROTHER_OF(Lemuel,Nephi) ∧ FATHER_OF(Shammah,Nephi)"
419644,19211,FATHER_OF,"BROTHER_OF(Lemuel,Nephi) ∧ FATHER_OF(Shagee,Nephi)"
36830,19211,FATHER_OF,"BROTHER_OF(Lemuel,Nephi) ∧ FATHER_OF(Absalom,Nephi)"
36627,19211,FATHER_OF,"BROTHER_OF(Lemuel,Nephi) ∧ FATHER_OF(Shimei,Nephi)"
30664,19211,FATHER_OF,"BROTHER_OF(Lemuel,Nephi) ∧ FATHER_OF(Joseph Smith Sr.,Nephi)"
213770,19211,FATHER_OF,"BROTHER_OF(Lemuel,Nephi) ∧ FATHER_OF(Alexander Hale Smith,Nephi)"
520857,19211,FATHER_OF,"BROTHER_OF(Lemuel,Nephi) ∧ FATHER_OF(Patriarch Hyrum Smith,Nephi)"
19092,19211,FATHER_OF,"BROTHER_OF(Lemuel,Nephi) ∧ FATHER_OF(John,Nephi)"
30664,3549,FATHER_OF,"BROTHER_OF(Jacob,Nephi) ∧ FATHER_OF(Joseph Smith Sr.,Nephi)"
213770,3549,FATHER_OF,"BROTHER_OF(Jacob,Nephi) ∧ FATHER_OF(Alexander Hale Smith,Nephi)"
520857,3549,FATHER_OF,"BROTHER_OF(Jacob,Nephi) ∧ FATHER_OF(Patriarch Hyrum Smith,Nephi)"
19092,3549,FATHER_OF,"BROTHER_OF(Jacob,Nephi) ∧ FATHER_OF(John,Nephi)"
19210,19092,FATHER_OF,"BROTHER_OF(John,James) ∧ FATHER_OF(Leah,James)"
19199,19092,FATHER_OF,"BROTHER_OF(John,James) ∧ FATHER_OF(Laban,James)"
42086,19092,FATHER_OF,"BROTHER_OF(John,James) ∧ FATHER_OF(Senuah,James)"
38002,19092,FATHER_OF,"BROTHER_OF(John,James) ∧ FATHER_OF(Jehoash,James)"
36330,19092,FATHER_OF,"BROTHER_OF(John,James) ∧ FATHER_OF(Joash,James)"
19082,19092,FATHER_OF,"BROTHER_OF(John,James) ∧ FATHER_OF(Jehoshaphat,James)"
19540,19092,FATHER_OF,"BROTHER_OF(John,James) ∧ FATHER_OF(Rehoboam,James)"
36522,19092,FATHER_OF,"BROTHER_OF(John,James) ∧ FATHER_OF(Uri,James)"
24119,19092,FATHER_OF,"BROTHER_OF(John,James) ∧ FATHER_OF(Jotham,James)"
35433,19092,FATHER_OF,"BROTHER_OF(John,James) ∧ FATHER_OF(Jehoram,James)"
3504,19092,FATHER_OF,"BROTHER_OF(John,James) ∧ FATHER_OF(Asa,James)"
36576,19092,FATHER_OF,"BROTHER_OF(John,James) ∧ FATHER_OF(Jahdai,James)"
36557,19092,FATHER_OF,"BROTHER_OF(John,James) ∧ FATHER_OF(Azariah,James)"
36542,19092,FATHER_OF,"BROTHER_OF(John,James) ∧ FATHER_OF(Appaim,James)"
36724,19092,FATHER_OF,"BROTHER_OF(John,James) ∧ FATHER_OF(Jehohanan,James)"
18906,19092,FATHER_OF,"BROTHER_OF(John,James) ∧ FATHER_OF(Hezekiah,James)"
36563,19092,FATHER_OF,"BROTHER_OF(John,James) ∧ FATHER_OF(Jekamiah,James)"
402110,19092,FATHER_OF,"BROTHER_OF(John,James) ∧ FATHER_OF(Hassenuah,James)"
36905,19092,FATHER_OF,"BROTHER_OF(John,James) ∧ FATHER_OF(Meonothai,James)"
36898,19092,FATHER_OF,"BROTHER_OF(John,James) ∧ FATHER_OF(Eshton,James)"
37051,19092,FATHER_OF,"BROTHER_OF(John,James) ∧ FATHER_OF(Adaiah,James)"
24105,19092,FATHER_OF,"BROTHER_OF(John,James) ∧ FATHER_OF(Uzziah,James)"
36797,19092,FATHER_OF,"BROTHER_OF(John,James) ∧ FATHER_OF(Chelub,James)"
19536,19073,FATHER_OF,"BROTHER_OF(James,John) ∧ FATHER_OF(Rachel,John)"
35060,19073,FATHER_OF,"BROTHER_OF(James,John) ∧ FATHER_OF(Jonan,John)"
35037,19073,FATHER_OF,"BROTHER_OF(James,John) ∧ FATHER_OF(Heli,John)"
3416,19073,FATHER_OF,"BROTHER_OF(James,John) ∧ FATHER_OF(Amos,John)"
19109,19073,FATHER_OF,"BROTHER_OF(James,John) ∧ FATHER_OF(Jude,John)"
18670,19073,FATHER_OF,"BROTHER_OF(James,John) ∧ FATHER_OF(Eli,John)"
409594,19073,FATHER_OF,"BROTHER_OF(James,John) ∧ FATHER_OF(Jonam,John)"
15527,19073,FATHER_OF,"BROTHER_OF(James,John) ∧ FATHER_OF(Potiphera,John)"
30497,19073,FATHER_OF,"BROTHER_OF(James,John) ∧ FATHER_OF(Hyrum,John)"
5852,19073,FATHER_OF,"BROTHER_OF(James,John) ∧ FATHER_OF(Cuando,John)"
19583,19073,FATHER_OF,"BROTHER_OF(James,John) ∧ FATHER_OF(Hyrum Smith,John)"
391257,19073,FATHER_OF,"BROTHER_OF(James,John) ∧ FATHER_OF(Patriarch,John)"
106978,18918,FATHER_OF,"BROTHER_OF(Nephi,Joseph) ∧ FATHER_OF(Asael Smith,Joseph)"
36345,18918,FATHER_OF,"BROTHER_OF(Nephi,Joseph) ∧ FATHER_OF(Elkanah,Joseph)"
59317,18918,FATHER_OF,"BROTHER_OF(Nephi,Joseph) ∧ FATHER_OF(Robert,Joseph)"
464107,18918,FATHER_OF,"BROTHER_OF(Nephi,Joseph) ∧ FATHER_OF(An Ephraimite,Joseph)"
36573,3278,FATHER_OF,"BROTHER_OF(Abraham,Rebekah) ∧ FATHER_OF(Haran,Rebekah)"
12743,3278,FATHER_OF,"BROTHER_OF(Abraham,Rebekah) ∧ FATHER_OF(Harán,Rebekah)"
36215,19108,FATHER_OF,"BROTHER_OF(Judas,James) ∧ FATHER_OF(Aholibamah,James)"
40102,19108,FATHER_OF,"BROTHER_OF(Judas,James) ∧ FATHER_OF(Beeri,James)"
37465,19108,FATHER_OF,"BROTHER_OF(Judas,James) ∧ FATHER_OF(Elon,James)"
18917,19108,FATHER_OF,"BROTHER_OF(Judas,James) ∧ FATHER_OF(Ishmael,James)"
18900,19108,FATHER_OF,"BROTHER_OF(Judas,James) ∧ FATHER_OF(Helaman,James)"
765216,19108,FATHER_OF,"BROTHER_OF(Judas,James) ∧ FATHER_OF(Lehi Nephi,James)"
12670,36245,FATHER_OF,"BROTHER_OF(Abishai,Joab) ∧ FATHER_OF(Nahas,Joab)"
36486,36245,FATHER_OF,"BROTHER_OF(Abishai,Joab) ∧ FATHER_OF(Nahash,Joab)"
12670,36250,FATHER_OF,"BROTHER_OF(Asahel,Joab) ∧ FATHER_OF(Nahas,Joab)"
36486,36250,FATHER_OF,"BROTHER_OF(Asahel,Joab) ∧ FATHER_OF(Nahash,Joab)"
12670,13666,FATHER_OF,"BROTHER_OF(Sarvia,Joab) ∧ FATHER_OF(Nahas,Joab)"
36486,13666,FATHER_OF,"BROTHER_OF(Sarvia,Joab) ∧ FATHER_OF(Nahash,Joab)"
12670,12537,FATHER_OF,"BROTHER_OF(Asael,Joab) ∧ FATHER_OF(Nahas,Joab)"
36486,12537,FATHER_OF,"BROTHER_OF(Asael,Joab) ∧ FATHER_OF(Nahash,Joab)"
35074,19199,FATHER_OF,"BROTHER_OF(Laban,Rebekah) ∧ FATHER_OF(Reu,Rebekah)"
35073,19199,FATHER_OF,"BROTHER_OF(Laban,Rebekah) ∧ FATHER_OF(Serug,Rebekah)"
392321,19199,FATHER_OF,"BROTHER_OF(Laban,Rebekah) ∧ FATHER_OF(Serug Branch,Rebekah)"
36215,19109,FATHER_OF,"BROTHER_OF(Jude,James) ∧ FATHER_OF(Aholibamah,James)"
40102,19109,FATHER_OF,"BROTHER_OF(Jude,James) ∧ FATHER_OF(Beeri,James)"
37465,19109,FATHER_OF,"BROTHER_OF(Jude,James) ∧ FATHER_OF(Elon,James)"
18917,19109,FATHER_OF,"BROTHER_OF(Jude,James) ∧ FATHER_OF(Ishmael,James)"
18900,19109,FATHER_OF,"BROTHER_OF(Jude,James) ∧ FATHER_OF(Helaman,James)"
765216,19109,FATHER_OF,"BROTHER_OF(Jude,James) ∧ FATHER_OF(Lehi Nephi,James)"
25524,19109,FATHER_OF,"BROTHER_OF(Jude,James) ∧ FATHER_OF(Jonas,James)"
45834,19109,FATHER_OF,"BROTHER_OF(Jude,James) ∧ FATHER_OF(Jona,James)"
19092,19109,FATHER_OF,"BROTHER_OF(Jude,James) ∧ FATHER_OF(John,James)"
19094,19109,FATHER_OF,"BROTHER_OF(Jude,James) ∧ FATHER_OF(Jonah,James)"
650625,19109,FATHER_OF,"BROTHER_OF(Jude,James) ∧ FATHER_OF(Gioras,James)"
55816,19109,FATHER_OF,"BROTHER_OF(Jude,James) ∧ FATHER_OF(Jochai,James)"
465526,19109,FATHER_OF,"BROTHER_OF(Jude,James) ∧ FATHER_OF(Onias,James)"
18873,19109,FATHER_OF,"BROTHER_OF(Jude,James) ∧ FATHER_OF(Gamaliel,James)"
19210,19109,FATHER_OF,"BROTHER_OF(Jude,James) ∧ FATHER_OF(Leah,James)"
19199,19109,FATHER_OF,"BROTHER_OF(Jude,James) ∧ FATHER_OF(Laban,James)"
3553,19109,FATHER_OF,"BROTHER_OF(Jude,James) ∧ FATHER_OF(Jacob (patriarch),James)"
42086,19109,FATHER_OF,"BROTHER_OF(Jude,James) ∧ FATHER_OF(Senuah,James)"
38002,19109,FATHER_OF,"BROTHER_OF(Jude,James) ∧ FATHER_OF(Jehoash,James)"
36330,19109,FATHER_OF,"BROTHER_OF(Jude,James) ∧ FATHER_OF(Joash,James)"
19082,19109,FATHER_OF,"BROTHER_OF(Jude,James) ∧ FATHER_OF(Jehoshaphat,James)"
19540,19109,FATHER_OF,"BROTHER_OF(Jude,James) ∧ FATHER_OF(Rehoboam,James)"
36522,19109,FATHER_OF,"BROTHER_OF(Jude,James) ∧ FATHER_OF(Uri,James)"
24119,19109,FATHER_OF,"BROTHER_OF(Jude,James) ∧ FATHER_OF(Jotham,James)"
35433,19109,FATHER_OF,"BROTHER_OF(Jude,James) ∧ FATHER_OF(Jehoram,James)"
3504,19109,FATHER_OF,"BROTHER_OF(Jude,James) ∧ FATHER_OF(Asa,James)"
36576,19109,FATHER_OF,"BROTHER_OF(Jude,James) ∧ FATHER_OF(Jahdai,James)"
36557,19109,FATHER_OF,"BROTHER_OF(Jude,James) ∧ FATHER_OF(Azariah,James)"
36542,19109,FATHER_OF,"BROTHER_OF(Jude,James) ∧ FATHER_OF(Appaim,James)"
36724,19109,FATHER_OF,"BROTHER_OF(Jude,James) ∧ FATHER_OF(Jehohanan,James)"
18906,19109,FATHER_OF,"BROTHER_OF(Jude,James) ∧ FATHER_OF(Hezekiah,James)"
36563,19109,FATHER_OF,"BROTHER_OF(Jude,James) ∧ FATHER_OF(Jekamiah,James)"
402110,19109,FATHER_OF,"BROTHER_OF(Jude,James) ∧ FATHER_OF(Hassenuah,James)"
36905,19109,FATHER_OF,"BROTHER_OF(Jude,James) ∧ FATHER_OF(Meonothai,James)"
36898,19109,FATHER_OF,"BROTHER_OF(Jude,James) ∧ FATHER_OF(Eshton,James)"
37051,19109,FATHER_OF,"BROTHER_OF(Jude,James) ∧ FATHER_OF(Adaiah,James)"
24105,19109,FATHER_OF,"BROTHER_OF(Jude,James) ∧ FATHER_OF(Uzziah,James)"
36797,19109,FATHER_OF,"BROTHER_OF(Jude,James) ∧ FATHER_OF(Chelub,James)"
30664,67829,FATHER_OF,"BROTHER_OF(Samuel Harrison Smith,José) ∧ FATHER_OF(Joseph Smith Sr.,José)"
30497,67829,FATHER_OF,"BROTHER_OF(Samuel Harrison Smith,José) ∧ FATHER_OF(Hyrum,José)"
19097,67829,FATHER_OF,"BROTHER_OF(Samuel Harrison Smith,José) ∧ FATHER_OF(Joseph,José)"
106978,67829,FATHER_OF,"BROTHER_OF(Samuel Harrison Smith,José) ∧ FATHER_OF(Asael Smith,José)"
39823,35071,FATHER_OF,"BROTHER_OF(Terah,Abraham) ∧ FATHER_OF(Milcah,Abraham)"
35049,19581,FATHER_OF,"BROTHER_OF(Simon,Jesus) ∧ FATHER_OF(Rhesa,Jesus)"
36573,36950,FATHER_OF,"BROTHER_OF(Bethuel,Rebekah) ∧ FATHER_OF(Haran,Rebekah)"
12743,36950,FATHER_OF,"BROTHER_OF(Bethuel,Rebekah) ∧ FATHER_OF(Harán,Rebekah)"
35074,36950,FATHER_OF,"BROTHER_OF(Bethuel,Rebekah) ∧ FATHER_OF(Reu,Rebekah)"
35073,36950,FATHER_OF,"BROTHER_OF(Bethuel,Rebekah) ∧ FATHER_OF(Serug,Rebekah)"
392321,36950,FATHER_OF,"BROTHER_OF(Bethuel,Rebekah) ∧ FATHER_OF(Serug Branch,Rebekah)"
39823,36573,FATHER_OF,"BROTHER_OF(Haran,Abraham) ∧ FATHER_OF(Milcah,Abraham)"
36215,29699,FATHER_OF,"BROTHER_OF(Hiram,Joseph) ∧ FATHER_OF(Aholibamah,Joseph)"
40102,29699,FATHER_OF,"BROTHER_OF(Hiram,Joseph) ∧ FATHER_OF(Beeri,Joseph)"
37465,29699,FATHER_OF,"BROTHER_OF(Hiram,Joseph) ∧ FATHER_OF(Elon,Joseph)"
18917,29699,FATHER_OF,"BROTHER_OF(Hiram,Joseph) ∧ FATHER_OF(Ishmael,Joseph)"
19097,29699,FATHER_OF,"BROTHER_OF(Hiram,Joseph) ∧ FATHER_OF(Joseph,Joseph)"
106978,29699,FATHER_OF,"BROTHER_OF(Hiram,Joseph) ∧ FATHER_OF(Asael Smith,Joseph)"
36345,29699,FATHER_OF,"BROTHER_OF(Hiram,Joseph) ∧ FATHER_OF(Elkanah,Joseph)"
59317,29699,FATHER_OF,"BROTHER_OF(Hiram,Joseph) ∧ FATHER_OF(Robert,Joseph)"
464107,29699,FATHER_OF,"BROTHER_OF(Hiram,Joseph) ∧ FATHER_OF(An Ephraimite,Joseph)"
36215,29832,FATHER_OF,"BROTHER_OF(William Smith,Joseph) ∧ FATHER_OF(Aholibamah,Joseph)"
40102,29832,FATHER_OF,"BROTHER_OF(William Smith,Joseph) ∧ FATHER_OF(Beeri,Joseph)"
37465,29832,FATHER_OF,"BROTHER_OF(William Smith,Joseph) ∧ FATHER_OF(Elon,Joseph)"
18917,29832,FATHER_OF,"BROTHER_OF(William Smith,Joseph) ∧ FATHER_OF(Ishmael,Joseph)"
18900,209474,FATHER_OF,"BROTHER_OF(Don Carlos Smith,Hyrum Smith) ∧ FATHER_OF(Helaman,Hyrum Smith)"
765216,209474,FATHER_OF,"BROTHER_OF(Don Carlos Smith,Hyrum Smith) ∧ FATHER_OF(Lehi Nephi,Hyrum Smith)"
39823,35072,FATHER_OF,"BROTHER_OF(Nahor,Abraham) ∧ FATHER_OF(Milcah,Abraham)"
18915,19106,FATHER_OF,"BROTHER_OF(Judah,Jesus) ∧ FATHER_OF(Isaac,Jesus)"
19072,19106,FATHER_OF,"BROTHER_OF(Judah,Jesus) ∧ FATHER_OF(Lehi,Jesus)"
35453,19106,FATHER_OF,"BROTHER_OF(Judah,Jesus) ∧ FATHER_OF(Matthan,Jesus)"
12037,19106,FATHER_OF,"BROTHER_OF(Judah,Jesus) ∧ FATHER_OF(Matán,Jesus)"
35049,19106,FATHER_OF,"BROTHER_OF(Judah,Jesus) ∧ FATHER_OF(Rhesa,Jesus)"
36215,55772,FATHER_OF,"BROTHER_OF(Samuel Smith,Joseph) ∧ FATHER_OF(Aholibamah,Joseph)"
40102,55772,FATHER_OF,"BROTHER_OF(Samuel Smith,Joseph) ∧ FATHER_OF(Beeri,Joseph)"
37465,55772,FATHER_OF,"BROTHER_OF(Samuel Smith,Joseph) ∧ FATHER_OF(Elon,Joseph)"
18917,55772,FATHER_OF,"BROTHER_OF(Samuel Smith,Joseph) ∧ FATHER_OF(Ishmael,Joseph)"
19097,55772,FATHER_OF,"BROTHER_OF(Samuel Smith,Joseph) ∧ FATHER_OF(Joseph,Joseph)"
106978,55772,FATHER_OF,"BROTHER_OF(Samuel Smith,Joseph) ∧ FATHER_OF(Asael Smith,Joseph)"
36345,55772,FATHER_OF,"BROTHER_OF(Samuel Smith,Joseph) ∧ FATHER_OF(Elkanah,Joseph)"
59317,55772,FATHER_OF,"BROTHER_OF(Samuel Smith,Joseph) ∧ FATHER_OF(Robert,Joseph)"
464107,55772,FATHER_OF,"BROTHER_OF(Samuel Smith,Joseph) ∧ FATHER_OF(An Ephraimite,Joseph)"
3549,150532,FATHER_OF,"BROTHER_OF(Alvin Smith,Joseph Smith) ∧ FATHER_OF(Jacob,Joseph Smith)"
18663,150532,FATHER_OF,"BROTHER_OF(Alvin Smith,Joseph Smith) ∧ FATHER_OF(David,Joseph Smith)"
19072,150532,FATHER_OF,"BROTHER_OF(Alvin Smith,Joseph Smith) ∧ FATHER_OF(Lehi,Joseph Smith)"
19536,150532,FATHER_OF,"BROTHER_OF(Alvin Smith,Joseph Smith) ∧ FATHER_OF(Rachel,Joseph Smith)"
35060,150532,FATHER_OF,"BROTHER_OF(Alvin Smith,Joseph Smith) ∧ FATHER_OF(Jonan,Joseph Smith)"
35037,150532,FATHER_OF,"BROTHER_OF(Alvin Smith,Joseph Smith) ∧ FATHER_OF(Heli,Joseph Smith)"
3416,150532,FATHER_OF,"BROTHER_OF(Alvin Smith,Joseph Smith) ∧ FATHER_OF(Amos,Joseph Smith)"
19109,150532,FATHER_OF,"BROTHER_OF(Alvin Smith,Joseph Smith) ∧ FATHER_OF(Jude,Joseph Smith)"
3553,150532,FATHER_OF,"BROTHER_OF(Alvin Smith,Joseph Smith) ∧ FATHER_OF(Jacob (patriarch),Joseph Smith)"
19870,150532,FATHER_OF,"BROTHER_OF(Alvin Smith,Joseph Smith) ∧ FATHER_OF(Brigham Young,Joseph Smith)"
18670,150532,FATHER_OF,"BROTHER_OF(Alvin Smith,Joseph Smith) ∧ FATHER_OF(Eli,Joseph Smith)"
409594,150532,FATHER_OF,"BROTHER_OF(Alvin Smith,Joseph Smith) ∧ FATHER_OF(Jonam,Joseph Smith)"
15527,150532,FATHER_OF,"BROTHER_OF(Alvin Smith,Joseph Smith) ∧ FATHER_OF(Potiphera,Joseph Smith)"
5852,150532,FATHER_OF,"BROTHER_OF(Alvin Smith,Joseph Smith) ∧ FATHER_OF(Cuando,Joseph Smith)"
19583,150532,FATHER_OF,"BROTHER_OF(Alvin Smith,Joseph Smith) ∧ FATHER_OF(Hyrum Smith,Joseph Smith)"
391257,150532,FATHER_OF,"BROTHER_OF(Alvin Smith,Joseph Smith) ∧ FATHER_OF(Patriarch,Joseph Smith)"
36215,31138,FATHER_OF,"BROTHER_OF(Smith,Joseph) ∧ FATHER_OF(Aholibamah,Joseph)"
40102,31138,FATHER_OF,"BROTHER_OF(Smith,Joseph) ∧ FATHER_OF(Beeri,Joseph)"
37465,31138,FATHER_OF,"BROTHER_OF(Smith,Joseph) ∧ FATHER_OF(Elon,Joseph)"
18917,31138,FATHER_OF,"BROTHER_OF(Smith,Joseph) ∧ FATHER_OF(Ishmael,Joseph)"
19097,31138,FATHER_OF,"BROTHER_OF(Smith,Joseph) ∧ FATHER_OF(Joseph,Joseph)"
106978,31138,FATHER_OF,"BROTHER_OF(Smith,Joseph) ∧ FATHER_OF(Asael Smith,Joseph)"
36345,31138,FATHER_OF,"BROTHER_OF(Smith,Joseph) ∧ FATHER_OF(Elkanah,Joseph)"
59317,31138,FATHER_OF,"BROTHER_OF(Smith,Joseph) ∧ FATHER_OF(Robert,Joseph)"
464107,31138,FATHER_OF,"BROTHER_OF(Smith,Joseph) ∧ FATHER_OF(An Ephraimite,Joseph)"
36215,19581,FATHER_OF,"BROTHER_OF(Simon,Jonathan) ∧ FATHER_OF(Aholibamah,Jonathan)"
40102,19581,FATHER_OF,"BROTHER_OF(Simon,Jonathan) ∧ FATHER_OF(Beeri,Jonathan)"
37465,19581,FATHER_OF,"BROTHER_OF(Simon,Jonathan) ∧ FATHER_OF(Elon,Jonathan)"
18917,19581,FATHER_OF,"BROTHER_OF(Simon,Jonathan) ∧ FATHER_OF(Ishmael,Jonathan)"
18900,19581,FATHER_OF,"BROTHER_OF(Simon,Jonathan) ∧ FATHER_OF(Helaman,Jonathan)"
765216,19581,FATHER_OF,"BROTHER_OF(Simon,Jonathan) ∧ FATHER_OF(Lehi Nephi,Jonathan)"
30664,209992,FATHER_OF,"SISTER_OF(Sophronia,José) ∧ FATHER_OF(Joseph Smith Sr.,José)"
30497,209992,FATHER_OF,"SISTER_OF(Sophronia,José) ∧ FATHER_OF(Hyrum,José)"
19097,209992,FATHER_OF,"SISTER_OF(Sophronia,José) ∧ FATHER_OF(Joseph,José)"
106978,209992,FATHER_OF,"SISTER_OF(Sophronia,José) ∧ FATHER_OF(Asael Smith,José)"
36215,117822,FATHER_OF,"SISTER_OF(Patrick,Joseph) ∧ FATHER_OF(Aholibamah,Joseph)"
40102,117822,FATHER_OF,"SISTER_OF(Patrick,Joseph) ∧ FATHER_OF(Beeri,Joseph)"
37465,117822,FATHER_OF,"SISTER_OF(Patrick,Joseph) ∧ FATHER_OF(Elon,Joseph)"
18917,117822,FATHER_OF,"SISTER_OF(Patrick,Joseph) ∧ FATHER_OF(Ishmael,Joseph)"
19097,117822,FATHER_OF,"SISTER_OF(Patrick,Joseph) ∧ FATHER_OF(Joseph,Joseph)"
106978,117822,FATHER_OF,"SISTER_OF(Patrick,Joseph) ∧ FATHER_OF(Asael Smith,Joseph)"
36345,117822,FATHER_OF,"SISTER_OF(Patrick,Joseph) ∧ FATHER_OF(Elkanah,Joseph)"
59317,117822,FATHER_OF,"SISTER_OF(Patrick,Joseph) ∧ FATHER_OF(Robert,Joseph)"
464107,117822,FATHER_OF,"SISTER_OF(Patrick,Joseph) ∧ FATHER_OF(An Ephraimite,Joseph)"
36215,561682,FATHER_OF,"SISTER_OF(Rhoda Ann Jennetta Richards,Joseph) ∧ FATHER_OF(Aholibamah,Joseph)"
40102,561682,FATHER_OF,"SISTER_OF(Rhoda Ann Jennetta Richards,Joseph) ∧ FATHER_OF(Beeri,Joseph)"
37465,561682,FATHER_OF,"SISTER_OF(Rhoda Ann Jennetta Richards,Joseph) ∧ FATHER_OF(Elon,Joseph)"
18917,561682,FATHER_OF,"SISTER_OF(Rhoda Ann Jennetta Richards,Joseph) ∧ FATHER_OF(Ishmael,Joseph)"
19097,561682,FATHER_OF,"SISTER_OF(Rhoda Ann Jennetta Richards,Joseph) ∧ FATHER_OF(Joseph,Joseph)"
106978,561682,FATHER_OF,"SISTER_OF(Rhoda Ann Jennetta Richards,Joseph) ∧ FATHER_OF(Asael Smith,Joseph)"
36345,561682,FATHER_OF,"SISTER_OF(Rhoda Ann Jennetta Richards,Joseph) ∧ FATHER_OF(Elkanah,Joseph)"
59317,561682,FATHER_OF,"SISTER_OF(Rhoda Ann Jennetta Richards,Joseph) ∧ FATHER_OF(Robert,Joseph)"
464107,561682,FATHER_OF,"SISTER_OF(Rhoda Ann Jennetta Richards,Joseph) ∧ FATHER_OF(An Ephraimite,Joseph)"
35071,39823,FATHER_OF,"SISTER_OF(Milcah,Laban) ∧ FATHER_OF(Terah,Laban)"
36136,39823,FATHER_OF,"SISTER_OF(Milcah,Laban) ∧ FATHER_OF(Keturah,Laban)"
412558,39823,FATHER_OF,"SISTER_OF(Milcah,Laban) ∧ FATHER_OF(Thara Terah,Laban)"
39823,39823,FATHER_OF,"SISTER_OF(Milcah,Laban) ∧ FATHER_OF(Milcah,Laban)"
18900,19102,FATHER_OF,"BROTHER_OF(Joseph Smith,Hyrum Smith) ∧ FATHER_OF(Helaman,Hyrum Smith)"
765216,19102,FATHER_OF,"BROTHER_OF(Joseph Smith,Hyrum Smith) ∧ FATHER_OF(Lehi Nephi,Hyrum Smith)"
36215,18645,FATHER_OF,"BROTHER_OF(Jesus,James) ∧ FATHER_OF(Aholibamah,James)"
40102,18645,FATHER_OF,"BROTHER_OF(Jesus,James) ∧ FATHER_OF(Beeri,James)"
37465,18645,FATHER_OF,"BROTHER_OF(Jesus,James) ∧ FATHER_OF(Elon,James)"
18917,18645,FATHER_OF,"BROTHER_OF(Jesus,James) ∧ FATHER_OF(Ishmael,James)"
18900,18645,FATHER_OF,"BROTHER_OF(Jesus,James) ∧ FATHER_OF(Helaman,James)"
765216,18645,FATHER_OF,"BROTHER_OF(Jesus,James) ∧ FATHER_OF(Lehi Nephi,James)"
19072,19735,FATHER_OF,"BROTHER_OF(José,Samuel) ∧ FATHER_OF(Lehi,Samuel)"
19536,19735,FATHER_OF,"BROTHER_OF(José,Samuel) ∧ FATHER_OF(Rachel,Samuel)"
35060,19735,FATHER_OF,"BROTHER_OF(José,Samuel) ∧ FATHER_OF(Jonan,Samuel)"
35037,19735,FATHER_OF,"BROTHER_OF(José,Samuel) ∧ FATHER_OF(Heli,Samuel)"
3416,19735,FATHER_OF,"BROTHER_OF(José,Samuel) ∧ FATHER_OF(Amos,Samuel)"
19109,19735,FATHER_OF,"BROTHER_OF(José,Samuel) ∧ FATHER_OF(Jude,Samuel)"
3553,19735,FATHER_OF,"BROTHER_OF(José,Samuel) ∧ FATHER_OF(Jacob (patriarch),Samuel)"
19870,19735,FATHER_OF,"BROTHER_OF(José,Samuel) ∧ FATHER_OF(Brigham Young,Samuel)"
18670,19735,FATHER_OF,"BROTHER_OF(José,Samuel) ∧ FATHER_OF(Eli,Samuel)"
409594,19735,FATHER_OF,"BROTHER_OF(José,Samuel) ∧ FATHER_OF(Jonam,Samuel)"
15527,19735,FATHER_OF,"BROTHER_OF(José,Samuel) ∧ FATHER_OF(Potiphera,Samuel)"
5852,19735,FATHER_OF,"BROTHER_OF(José,Samuel) ∧ FATHER_OF(Cuando,Samuel)"
19583,19735,FATHER_OF,"BROTHER_OF(José,Samuel) ∧ FATHER_OF(Hyrum Smith,Samuel)"
391257,19735,FATHER_OF,"BROTHER_OF(José,Samuel) ∧ FATHER_OF(Patriarch,Samuel)"
36215,104442,FATHER_OF,"BROTHER_OF(Burnett,James) ∧ FATHER_OF(Aholibamah,James)"
40102,104442,FATHER_OF,"BROTHER_OF(Burnett,James) ∧ FATHER_OF(Beeri,James)"
37465,104442,FATHER_OF,"BROTHER_OF(Burnett,James) ∧ FATHER_OF(Elon,James)"
18917,104442,FATHER_OF,"BROTHER_OF(Burnett,James) ∧ FATHER_OF(Ishmael,James)"
18900,104442,FATHER_OF,"BROTHER_OF(Burnett,James) ∧ FATHER_OF(Helaman,James)"
765216,104442,FATHER_OF,"BROTHER_OF(Burnett,James) ∧ FATHER_OF(Lehi Nephi,James)"
25524,104442,FATHER_OF,"BROTHER_OF(Burnett,James) ∧ FATHER_OF(Jonas,James)"
45834,104442,FATHER_OF,"BROTHER_OF(Burnett,James) ∧ FATHER_OF(Jona,James)"
19092,104442,FATHER_OF,"BROTHER_OF(Burnett,James) ∧ FATHER_OF(John,James)"
19094,104442,FATHER_OF,"BROTHER_OF(Burnett,James) ∧ FATHER_OF(Jonah,James)"
650625,104442,FATHER_OF,"BROTHER_OF(Burnett,James) ∧ FATHER_OF(Gioras,James)"
55816,104442,FATHER_OF,"BROTHER_OF(Burnett,James) ∧ FATHER_OF(Jochai,James)"
465526,104442,FATHER_OF,"BROTHER_OF(Burnett,James) ∧ FATHER_OF(Onias,James)"
18873,104442,FATHER_OF,"BROTHER_OF(Burnett,James) ∧ FATHER_OF(Gamaliel,James)"
19210,104442,FATHER_OF,"BROTHER_OF(Burnett,James) ∧ FATHER_OF(Leah,James)"
19199,104442,FATHER_OF,"BROTHER_OF(Burnett,James) ∧ FATHER_OF(Laban,James)"
3553,104442,FATHER_OF,"BROTHER_OF(Burnett,James) ∧ FATHER_OF(Jacob (patriarch),James)"
42086,104442,FATHER_OF,"BROTHER_OF(Burnett,James) ∧ FATHER_OF(Senuah,James)"
38002,104442,FATHER_OF,"BROTHER_OF(Burnett,James) ∧ FATHER_OF(Jehoash,James)"
36330,104442,FATHER_OF,"BROTHER_OF(Burnett,James) ∧ FATHER_OF(Joash,James)"
19082,104442,FATHER_OF,"BROTHER_OF(Burnett,James) ∧ FATHER_OF(Jehoshaphat,James)"
19540,104442,FATHER_OF,"BROTHER_OF(Burnett,James) ∧ FATHER_OF(Rehoboam,James)"
36522,104442,FATHER_OF,"BROTHER_OF(Burnett,James) ∧ FATHER_OF(Uri,James)"
24119,104442,FATHER_OF,"BROTHER_OF(Burnett,James) ∧ FATHER_OF(Jotham,James)"
35433,104442,FATHER_OF,"BROTHER_OF(Burnett,James) ∧ FATHER_OF(Jehoram,James)"
3504,104442,FATHER_OF,"BROTHER_OF(Burnett,James) ∧ FATHER_OF(Asa,James)"
36576,104442,FATHER_OF,"BROTHER_OF(Burnett,James) ∧ FATHER_OF(Jahdai,James)"
36557,104442,FATHER_OF,"BROTHER_OF(Burnett,James) ∧ FATHER_OF(Azariah,James)"
36542,104442,FATHER_OF,"BROTHER_OF(Burnett,James) ∧ FATHER_OF(Appaim,James)"
36724,104442,FATHER_OF,"BROTHER_OF(Burnett,James) ∧ FATHER_OF(Jehohanan,James)"
18906,104442,FATHER_OF,"BROTHER_OF(Burnett,James) ∧ FATHER_OF(Hezekiah,James)"
36563,104442,FATHER_OF,"BROTHER_OF(Burnett,James) ∧ FATHER_OF(Jekamiah,James)"
402110,104442,FATHER_OF,"BROTHER_OF(Burnett,James) ∧ FATHER_OF(Hassenuah,James)"
36905,104442,FATHER_OF,"BROTHER_OF(Burnett,James) ∧ FATHER_OF(Meonothai,James)"
36898,104442,FATHER_OF,"BROTHER_OF(Burnett,James) ∧ FATHER_OF(Eshton,James)"
37051,104442,FATHER_OF,"BROTHER_OF(Burnett,James) ∧ FATHER_OF(Adaiah,James)"
24105,104442,FATHER_OF,"BROTHER_OF(Burnett,James) ∧ FATHER_OF(Uzziah,James)"
36797,104442,FATHER_OF,"BROTHER_OF(Burnett,James) ∧ FATHER_OF(Chelub,James)"
35074,36121,FATHER_OF,"BROTHER_OF(Abram,Haran) ∧ FATHER_OF(Reu,Haran)"
35073,36121,FATHER_OF,"BROTHER_OF(Abram,Haran) ∧ FATHER_OF(Serug,Haran)"
392321,36121,FATHER_OF,"BROTHER_OF(Abram,Haran) ∧ FATHER_OF(Serug Branch,Haran)"
11338,3549,FATHER_OF,"BROTHER_OF(Jacob,John) ∧ FATHER_OF(Simón Iscariote,John)"
19073,3549,FATHER_OF,"BROTHER_OF(Jacob,John) ∧ FATHER_OF(James,John)"
757218,3549,FATHER_OF,"BROTHER_OF(Jacob,John) ∧ FATHER_OF(Chalphi,John)"
457984,3549,FATHER_OF,"BROTHER_OF(Jacob,John) ∧ FATHER_OF(Simon Iscariot,John)"
35049,3549,FATHER_OF,"BROTHER_OF(Jacob,John) ∧ FATHER_OF(Rhesa,John)"
25524,3549,FATHER_OF,"BROTHER_OF(Jacob,John) ∧ FATHER_OF(Jonas,John)"
45834,3549,FATHER_OF,"BROTHER_OF(Jacob,John) ∧ FATHER_OF(Jona,John)"
19094,3549,FATHER_OF,"BROTHER_OF(Jacob,John) ∧ FATHER_OF(Jonah,John)"
650625,3549,FATHER_OF,"BROTHER_OF(Jacob,John) ∧ FATHER_OF(Gioras,John)"
55816,3549,FATHER_OF,"BROTHER_OF(Jacob,John) ∧ FATHER_OF(Jochai,John)"
465526,3549,FATHER_OF,"BROTHER_OF(Jacob,John) ∧ FATHER_OF(Onias,John)"
18873,3549,FATHER_OF,"BROTHER_OF(Jacob,John) ∧ FATHER_OF(Gamaliel,John)"
18915,19583,FATHER_OF,"BROTHER_OF(Hyrum Smith,William Smith) ∧ FATHER_OF(Isaac,William Smith)"
35453,19583,FATHER_OF,"BROTHER_OF(Hyrum Smith,William Smith) ∧ FATHER_OF(Matthan,William Smith)"
12037,19583,FATHER_OF,"BROTHER_OF(Hyrum Smith,William Smith) ∧ FATHER_OF(Matán,William Smith)"
19076,19583,FATHER_OF,"BROTHER_OF(Hyrum Smith,William Smith) ∧ FATHER_OF(Zebedee,William Smith)"
19075,19583,FATHER_OF,"BROTHER_OF(Hyrum Smith,William Smith) ∧ FATHER_OF(Alphaeus,William Smith)"
213770,19583,FATHER_OF,"BROTHER_OF(Hyrum Smith,William Smith) ∧ FATHER_OF(Alexander Hale Smith,William Smith)"
520857,19583,FATHER_OF,"BROTHER_OF(Hyrum Smith,William Smith) ∧ FATHER_OF(Patriarch Hyrum Smith,William Smith)"
19092,19583,FATHER_OF,"BROTHER_OF(Hyrum Smith,William Smith) ∧ FATHER_OF(John,William Smith)"
18900,18897,FATHER_OF,"BROTHER_OF(Samuel,Hyrum Smith) ∧ FATHER_OF(Helaman,Hyrum Smith)"
765216,18897,FATHER_OF,"BROTHER_OF(Samuel,Hyrum Smith) ∧ FATHER_OF(Lehi Nephi,Hyrum Smith)"
35049,19095,FATHER_OF,"BROTHER_OF(Jonathan,John) ∧ FATHER_OF(Rhesa,John)"
19536,19095,FATHER_OF,"BROTHER_OF(Jonathan,John) ∧ FATHER_OF(Rachel,John)"
35060,19095,FATHER_OF,"BROTHER_OF(Jonathan,John) ∧ FATHER_OF(Jonan,John)"
35037,19095,FATHER_OF,"BROTHER_OF(Jonathan,John) ∧ FATHER_OF(Heli,John)"
3416,19095,FATHER_OF,"BROTHER_OF(Jonathan,John) ∧ FATHER_OF(Amos,John)"
19109,19095,FATHER_OF,"BROTHER_OF(Jonathan,John) ∧ FATHER_OF(Jude,John)"
3553,19095,FATHER_OF,"BROTHER_OF(Jonathan,John) ∧ FATHER_OF(Jacob (patriarch),John)"
18670,19095,FATHER_OF,"BROTHER_OF(Jonathan,John) ∧ FATHER_OF(Eli,John)"
409594,19095,FATHER_OF,"BROTHER_OF(Jonathan,John) ∧ FATHER_OF(Jonam,John)"
15527,19095,FATHER_OF,"BROTHER_OF(Jonathan,John) ∧ FATHER_OF(Potiphera,John)"
30497,19095,FATHER_OF,"BROTHER_OF(Jonathan,John) ∧ FATHER_OF(Hyrum,John)"
5852,19095,FATHER_OF,"BROTHER_OF(Jonathan,John) ∧ FATHER_OF(Cuando,John)"
19583,19095,FATHER_OF,"BROTHER_OF(Jonathan,John) ∧ FATHER_OF(Hyrum Smith,John)"
391257,19095,FATHER_OF,"BROTHER_OF(Jonathan,John) ∧ FATHER_OF(Patriarch,John)"
19871,203561,FATHER_OF,"BROTHER_OF(Judas Maccabeus,Simon) ∧ FATHER_OF(Zacharias,Simon)"
19870,203561,FATHER_OF,"BROTHER_OF(Judas Maccabeus,Simon) ∧ FATHER_OF(Brigham Young,Simon)"
397883,203561,FATHER_OF,"BROTHER_OF(Judas Maccabeus,Simon) ∧ FATHER_OF(Mathew Woodruff,Simon)"
494839,203561,FATHER_OF,"BROTHER_OF(Judas Maccabeus,Simon) ∧ FATHER_OF(Accos,Simon)"
19872,203561,FATHER_OF,"BROTHER_OF(Judas Maccabeus,Simon) ∧ FATHER_OF(Zechariah,Simon)"
19210,203561,FATHER_OF,"BROTHER_OF(Judas Maccabeus,Simon) ∧ FATHER_OF(Leah,Simon)"
19199,203561,FATHER_OF,"BROTHER_OF(Judas Maccabeus,Simon) ∧ FATHER_OF(Laban,Simon)"
3553,203561,FATHER_OF,"BROTHER_OF(Judas Maccabeus,Simon) ∧ FATHER_OF(Jacob (patriarch),Simon)"
42086,203561,FATHER_OF,"BROTHER_OF(Judas Maccabeus,Simon) ∧ FATHER_OF(Senuah,Simon)"
38002,203561,FATHER_OF,"BROTHER_OF(Judas Maccabeus,Simon) ∧ FATHER_OF(Jehoash,Simon)"
36330,203561,FATHER_OF,"BROTHER_OF(Judas Maccabeus,Simon) ∧ FATHER_OF(Joash,Simon)"
19082,203561,FATHER_OF,"BROTHER_OF(Judas Maccabeus,Simon) ∧ FATHER_OF(Jehoshaphat,Simon)"
19540,203561,FATHER_OF,"BROTHER_OF(Judas Maccabeus,Simon) ∧ FATHER_OF(Rehoboam,Simon)"
36522,203561,FATHER_OF,"BROTHER_OF(Judas Maccabeus,Simon) ∧ FATHER_OF(Uri,Simon)"
24119,203561,FATHER_OF,"BROTHER_OF(Judas Maccabeus,Simon) ∧ FATHER_OF(Jotham,Simon)"
35433,203561,FATHER_OF,"BROTHER_OF(Judas Maccabeus,Simon) ∧ FATHER_OF(Jehoram,Simon)"
3504,203561,FATHER_OF,"BROTHER_OF(Judas Maccabeus,Simon) ∧ FATHER_OF(Asa,Simon)"
36576,203561,FATHER_OF,"BROTHER_OF(Judas Maccabeus,Simon) ∧ FATHER_OF(Jahdai,Simon)"
36557,203561,FATHER_OF,"BROTHER_OF(Judas Maccabeus,Simon) ∧ FATHER_OF(Azariah,Simon)"
36542,203561,FATHER_OF,"BROTHER_OF(Judas Maccabeus,Simon) ∧ FATHER_OF(Appaim,Simon)"
36724,203561,FATHER_OF,"BROTHER_OF(Judas Maccabeus,Simon) ∧ FATHER_OF(Jehohanan,Simon)"
18906,203561,FATHER_OF,"BROTHER_OF(Judas Maccabeus,Simon) ∧ FATHER_OF(Hezekiah,Simon)"
36563,203561,FATHER_OF,"BROTHER_OF(Judas Maccabeus,Simon) ∧ FATHER_OF(Jekamiah,Simon)"
402110,203561,FATHER_OF,"BROTHER_OF(Judas Maccabeus,Simon) ∧ FATHER_OF(Hassenuah,Simon)"
36905,203561,FATHER_OF,"BROTHER_OF(Judas Maccabeus,Simon) ∧ FATHER_OF(Meonothai,Simon)"
36898,203561,FATHER_OF,"BROTHER_OF(Judas Maccabeus,Simon) ∧ FATHER_OF(Eshton,Simon)"
37051,203561,FATHER_OF,"BROTHER_OF(Judas Maccabeus,Simon) ∧ FATHER_OF(Adaiah,Simon)"
24105,203561,FATHER_OF,"BROTHER_OF(Judas Maccabeus,Simon) ∧ FATHER_OF(Uzziah,Simon)"
36797,203561,FATHER_OF,"BROTHER_OF(Judas Maccabeus,Simon) ∧ FATHER_OF(Chelub,Simon)"
18915,203561,FATHER_OF,"BROTHER_OF(Judas Maccabeus,Simon) ∧ FATHER_OF(Isaac,Simon)"
19072,203561,FATHER_OF,"BROTHER_OF(Judas Maccabeus,Simon) ∧ FATHER_OF(Lehi,Simon)"
35453,203561,FATHER_OF,"BROTHER_OF(Judas Maccabeus,Simon) ∧ FATHER_OF(Matthan,Simon)"
12037,203561,FATHER_OF,"BROTHER_OF(Judas Maccabeus,Simon) ∧ FATHER_OF(Matán,Simon)"
19210,19095,FATHER_OF,"BROTHER_OF(Jonathan,Simon) ∧ FATHER_OF(Leah,Simon)"
19199,19095,FATHER_OF,"BROTHER_OF(Jonathan,Simon) ∧ FATHER_OF(Laban,Simon)"
42086,19095,FATHER_OF,"BROTHER_OF(Jonathan,Simon) ∧ FATHER_OF(Senuah,Simon)"
38002,19095,FATHER_OF,"BROTHER_OF(Jonathan,Simon) ∧ FATHER_OF(Jehoash,Simon)"
36330,19095,FATHER_OF,"BROTHER_OF(Jonathan,Simon) ∧ FATHER_OF(Joash,Simon)"
19082,19095,FATHER_OF,"BROTHER_OF(Jonathan,Simon) ∧ FATHER_OF(Jehoshaphat,Simon)"
19540,19095,FATHER_OF,"BROTHER_OF(Jonathan,Simon) ∧ FATHER_OF(Rehoboam,Simon)"
36522,19095,FATHER_OF,"BROTHER_OF(Jonathan,Simon) ∧ FATHER_OF(Uri,Simon)"
24119,19095,FATHER_OF,"BROTHER_OF(Jonathan,Simon) ∧ FATHER_OF(Jotham,Simon)"
35433,19095,FATHER_OF,"BROTHER_OF(Jonathan,Simon) ∧ FATHER_OF(Jehoram,Simon)"
3504,19095,FATHER_OF,"BROTHER_OF(Jonathan,Simon) ∧ FATHER_OF(Asa,Simon)"
36576,19095,FATHER_OF,"BROTHER_OF(Jonathan,Simon) ∧ FATHER_OF(Jahdai,Simon)"
36557,19095,FATHER_OF,"BROTHER_OF(Jonathan,Simon) ∧ FATHER_OF(Azariah,Simon)"
36542,19095,FATHER_OF,"BROTHER_OF(Jonathan,Simon) ∧ FATHER_OF(Appaim,Simon)"
36724,19095,FATHER_OF,"BROTHER_OF(Jonathan,Simon) ∧ FATHER_OF(Jehohanan,Simon)"
18906,19095,FATHER_OF,"BROTHER_OF(Jonathan,Simon) ∧ FATHER_OF(Hezekiah,Simon)"
36563,19095,FATHER_OF,"BROTHER_OF(Jonathan,Simon) ∧ FATHER_OF(Jekamiah,Simon)"
402110,19095,FATHER_OF,"BROTHER_OF(Jonathan,Simon) ∧ FATHER_OF(Hassenuah,Simon)"
36905,19095,FATHER_OF,"BROTHER_OF(Jonathan,Simon) ∧ FATHER_OF(Meonothai,Simon)"
36898,19095,FATHER_OF,"BROTHER_OF(Jonathan,Simon) ∧ FATHER_OF(Eshton,Simon)"
37051,19095,FATHER_OF,"BROTHER_OF(Jonathan,Simon) ∧ FATHER_OF(Adaiah,Simon)"
24105,19095,FATHER_OF,"BROTHER_OF(Jonathan,Simon) ∧ FATHER_OF(Uzziah,Simon)"
36797,19095,FATHER_OF,"BROTHER_OF(Jonathan,Simon) ∧ FATHER_OF(Chelub,Simon)"
36215,441241,FATHER_OF,"BROTHER_OF(Judas Maccabee,Jonathan) ∧ FATHER_OF(Aholibamah,Jonathan)"
40102,441241,FATHER_OF,"BROTHER_OF(Judas Maccabee,Jonathan) ∧ FATHER_OF(Beeri,Jonathan)"
37465,441241,FATHER_OF,"BROTHER_OF(Judas Maccabee,Jonathan) ∧ FATHER_OF(Elon,Jonathan)"
18917,441241,FATHER_OF,"BROTHER_OF(Judas Maccabee,Jonathan) ∧ FATHER_OF(Ishmael,Jonathan)"
18900,441241,FATHER_OF,"BROTHER_OF(Judas Maccabee,Jonathan) ∧ FATHER_OF(Helaman,Jonathan)"
765216,441241,FATHER_OF,"BROTHER_OF(Judas Maccabee,Jonathan) ∧ FATHER_OF(Lehi Nephi,Jonathan)"
19072,30497,FATHER_OF,"BROTHER_OF(Hyrum,Samuel) ∧ FATHER_OF(Lehi,Samuel)"
19536,30497,FATHER_OF,"BROTHER_OF(Hyrum,Samuel) ∧ FATHER_OF(Rachel,Samuel)"
35060,30497,FATHER_OF,"BROTHER_OF(Hyrum,Samuel) ∧ FATHER_OF(Jonan,Samuel)"
35037,30497,FATHER_OF,"BROTHER_OF(Hyrum,Samuel) ∧ FATHER_OF(Heli,Samuel)"
3416,30497,FATHER_OF,"BROTHER_OF(Hyrum,Samuel) ∧ FATHER_OF(Amos,Samuel)"
19109,30497,FATHER_OF,"BROTHER_OF(Hyrum,Samuel) ∧ FATHER_OF(Jude,Samuel)"
3553,30497,FATHER_OF,"BROTHER_OF(Hyrum,Samuel) ∧ FATHER_OF(Jacob (patriarch),Samuel)"
19870,30497,FATHER_OF,"BROTHER_OF(Hyrum,Samuel) ∧ FATHER_OF(Brigham Young,Samuel)"
18670,30497,FATHER_OF,"BROTHER_OF(Hyrum,Samuel) ∧ FATHER_OF(Eli,Samuel)"
409594,30497,FATHER_OF,"BROTHER_OF(Hyrum,Samuel) ∧ FATHER_OF(Jonam,Samuel)"
15527,30497,FATHER_OF,"BROTHER_OF(Hyrum,Samuel) ∧ FATHER_OF(Potiphera,Samuel)"
5852,30497,FATHER_OF,"BROTHER_OF(Hyrum,Samuel) ∧ FATHER_OF(Cuando,Samuel)"
19583,30497,FATHER_OF,"BROTHER_OF(Hyrum,Samuel) ∧ FATHER_OF(Hyrum Smith,Samuel)"
391257,30497,FATHER_OF,"BROTHER_OF(Hyrum,Samuel) ∧ FATHER_OF(Patriarch,Samuel)"
19072,176512,FATHER_OF,"BROTHER_OF(WILLIAM,Samuel) ∧ FATHER_OF(Lehi,Samuel)"
19536,176512,FATHER_OF,"BROTHER_OF(WILLIAM,Samuel) ∧ FATHER_OF(Rachel,Samuel)"
35060,176512,FATHER_OF,"BROTHER_OF(WILLIAM,Samuel) ∧ FATHER_OF(Jonan,Samuel)"
35037,176512,FATHER_OF,"BROTHER_OF(WILLIAM,Samuel) ∧ FATHER_OF(Heli,Samuel)"
3416,176512,FATHER_OF,"BROTHER_OF(WILLIAM,Samuel) ∧ FATHER_OF(Amos,Samuel)"
19109,176512,FATHER_OF,"BROTHER_OF(WILLIAM,Samuel) ∧ FATHER_OF(Jude,Samuel)"
3553,176512,FATHER_OF,"BROTHER_OF(WILLIAM,Samuel) ∧ FATHER_OF(Jacob (patriarch),Samuel)"
19870,176512,FATHER_OF,"BROTHER_OF(WILLIAM,Samuel) ∧ FATHER_OF(Brigham Young,Samuel)"
18670,176512,FATHER_OF,"BROTHER_OF(WILLIAM,Samuel) ∧ FATHER_OF(Eli,Samuel)"
409594,176512,FATHER_OF,"BROTHER_OF(WILLIAM,Samuel) ∧ FATHER_OF(Jonam,Samuel)"
15527,176512,FATHER_OF,"BROTHER_OF(WILLIAM,Samuel) ∧ FATHER_OF(Potiphera,Samuel)"
5852,176512,FATHER_OF,"BROTHER_OF(WILLIAM,Samuel) ∧ FATHER_OF(Cuando,Samuel)"
19583,176512,FATHER_OF,"BROTHER_OF(WILLIAM,Samuel) ∧ FATHER_OF(Hyrum Smith,Samuel)"
391257,176512,FATHER_OF,"BROTHER_OF(WILLIAM,Samuel) ∧ FATHER_OF(Patriarch,Samuel)"
39823,12460,FATHER_OF,"SISTER_OF(Nebaiot,Abraham) ∧ FATHER_OF(Milcah,Abraham)"
11338,18918,FATHER_OF,"BROTHER_OF(Nephi,Jacob) ∧ FATHER_OF(Simón Iscariote,Jacob)"
19073,18918,FATHER_OF,"BROTHER_OF(Nephi,Jacob) ∧ FATHER_OF(James,Jacob)"
757218,18918,FATHER_OF,"BROTHER_OF(Nephi,Jacob) ∧ FATHER_OF(Chalphi,Jacob)"
457984,18918,FATHER_OF,"BROTHER_OF(Nephi,Jacob) ∧ FATHER_OF(Simon Iscariot,Jacob)"
35049,18918,FATHER_OF,"BROTHER_OF(Nephi,Jacob) ∧ FATHER_OF(Rhesa,Jacob)"
25524,18918,FATHER_OF,"BROTHER_OF(Nephi,Jacob) ∧ FATHER_OF(Jonas,Jacob)"
45834,18918,FATHER_OF,"BROTHER_OF(Nephi,Jacob) ∧ FATHER_OF(Jona,Jacob)"
19094,18918,FATHER_OF,"BROTHER_OF(Nephi,Jacob) ∧ FATHER_OF(Jonah,Jacob)"
650625,18918,FATHER_OF,"BROTHER_OF(Nephi,Jacob) ∧ FATHER_OF(Gioras,Jacob)"
55816,18918,FATHER_OF,"BROTHER_OF(Nephi,Jacob) ∧ FATHER_OF(Jochai,Jacob)"
465526,18918,FATHER_OF,"BROTHER_OF(Nephi,Jacob) ∧ FATHER_OF(Onias,Jacob)"
18873,18918,FATHER_OF,"BROTHER_OF(Nephi,Jacob) ∧ FATHER_OF(Gamaliel,Jacob)"
30664,18683,FATHER_OF,"BROTHER_OF(Esau,Jacob) ∧ FATHER_OF(Joseph Smith Sr.,Jacob)"
213770,18683,FATHER_OF,"BROTHER_OF(Esau,Jacob) ∧ FATHER_OF(Alexander Hale Smith,Jacob)"
520857,18683,FATHER_OF,"BROTHER_OF(Esau,Jacob) ∧ FATHER_OF(Patriarch Hyrum Smith,Jacob)"
19092,18683,FATHER_OF,"BROTHER_OF(Esau,Jacob) ∧ FATHER_OF(John,Jacob)"
11338,18683,FATHER_OF,"BROTHER_OF(Esau,Jacob) ∧ FATHER_OF(Simón Iscariote,Jacob)"
19073,18683,FATHER_OF,"BROTHER_OF(Esau,Jacob) ∧ FATHER_OF(James,Jacob)"
757218,18683,FATHER_OF,"BROTHER_OF(Esau,Jacob) ∧ FATHER_OF(Chalphi,Jacob)"
457984,18683,FATHER_OF,"BROTHER_OF(Esau,Jacob) ∧ FATHER_OF(Simon Iscariot,Jacob)"
35049,18683,FATHER_OF,"BROTHER_OF(Esau,Jacob) ∧ FATHER_OF(Rhesa,Jacob)"
25524,18683,FATHER_OF,"BROTHER_OF(Esau,Jacob) ∧ FATHER_OF(Jonas,Jacob)"
45834,18683,FATHER_OF,"BROTHER_OF(Esau,Jacob) ∧ FATHER_OF(Jona,Jacob)"
19094,18683,FATHER_OF,"BROTHER_OF(Esau,Jacob) ∧ FATHER_OF(Jonah,Jacob)"
650625,18683,FATHER_OF,"BROTHER_OF(Esau,Jacob) ∧ FATHER_OF(Gioras,Jacob)"
55816,18683,FATHER_OF,"BROTHER_OF(Esau,Jacob) ∧ FATHER_OF(Jochai,Jacob)"
465526,18683,FATHER_OF,"BROTHER_OF(Esau,Jacob) ∧ FATHER_OF(Onias,Jacob)"
18873,18683,FATHER_OF,"BROTHER_OF(Esau,Jacob) ∧ FATHER_OF(Gamaliel,Jacob)"
19097,19202,FATHER_OF,"BROTHER_OF(Laman,Nephi) ∧ FATHER_OF(Joseph,Nephi)"
494653,19202,FATHER_OF,"BROTHER_OF(Laman,Nephi) ∧ FATHER_OF(Sirach,Nephi)"
516157,19202,FATHER_OF,"BROTHER_OF(Laman,Nephi) ∧ FATHER_OF(SIR,Nephi)"
398435,19202,FATHER_OF,"BROTHER_OF(Laman,Nephi) ∧ FATHER_OF(Josedek,Nephi)"
416791,19202,FATHER_OF,"BROTHER_OF(Laman,Nephi) ∧ FATHER_OF(Ananus,Nephi)"
19581,19202,FATHER_OF,"BROTHER_OF(Laman,Nephi) ∧ FATHER_OF(Simon,Nephi)"
35452,19202,FATHER_OF,"BROTHER_OF(Laman,Nephi) ∧ FATHER_OF(Eleazar,Nephi)"
106978,19202,FATHER_OF,"BROTHER_OF(Laman,Nephi) ∧ FATHER_OF(Asael Smith,Nephi)"
36345,19202,FATHER_OF,"BROTHER_OF(Laman,Nephi) ∧ FATHER_OF(Elkanah,Nephi)"
59317,19202,FATHER_OF,"BROTHER_OF(Laman,Nephi) ∧ FATHER_OF(Robert,Nephi)"
464107,19202,FATHER_OF,"BROTHER_OF(Laman,Nephi) ∧ FATHER_OF(An Ephraimite,Nephi)"
494653,19097,FATHER_OF,"BROTHER_OF(Joseph,Nephi) ∧ FATHER_OF(Sirach,Nephi)"
516157,19097,FATHER_OF,"BROTHER_OF(Joseph,Nephi) ∧ FATHER_OF(SIR,Nephi)"
398435,19097,FATHER_OF,"BROTHER_OF(Joseph,Nephi) ∧ FATHER_OF(Josedek,Nephi)"
416791,19097,FATHER_OF,"BROTHER_OF(Joseph,Nephi) ∧ FATHER_OF(Ananus,Nephi)"
19581,19097,FATHER_OF,"BROTHER_OF(Joseph,Nephi) ∧ FATHER_OF(Simon,Nephi)"
35452,19097,FATHER_OF,"BROTHER_OF(Joseph,Nephi) ∧ FATHER_OF(Eleazar,Nephi)"
19097,19557,FATHER_OF,"BROTHER_OF(Sam,Nephi) ∧ FATHER_OF(Joseph,Nephi)"
494653,19557,FATHER_OF,"BROTHER_OF(Sam,Nephi) ∧ FATHER_OF(Sirach,Nephi)"
516157,19557,FATHER_OF,"BROTHER_OF(Sam,Nephi) ∧ FATHER_OF(SIR,Nephi)"
398435,19557,FATHER_OF,"BROTHER_OF(Sam,Nephi) ∧ FATHER_OF(Josedek,Nephi)"
416791,19557,FATHER_OF,"BROTHER_OF(Sam,Nephi) ∧ FATHER_OF(Ananus,Nephi)"
19581,19557,FATHER_OF,"BROTHER_OF(Sam,Nephi) ∧ FATHER_OF(Simon,Nephi)"
35452,19557,FATHER_OF,"BROTHER_OF(Sam,Nephi) ∧ FATHER_OF(Eleazar,Nephi)"
106978,19557,FATHER_OF,"BROTHER_OF(Sam,Nephi) ∧ FATHER_OF(Asael Smith,Nephi)"
36345,19557,FATHER_OF,"BROTHER_OF(Sam,Nephi) ∧ FATHER_OF(Elkanah,Nephi)"
59317,19557,FATHER_OF,"BROTHER_OF(Sam,Nephi) ∧ FATHER_OF(Robert,Nephi)"
464107,19557,FATHER_OF,"BROTHER_OF(Sam,Nephi) ∧ FATHER_OF(An Ephraimite,Nephi)"
19097,19211,FATHER_OF,"BROTHER_OF(Lemuel,Nephi) ∧ FATHER_OF(Joseph,Nephi)"
494653,19211,FATHER_OF,"BROTHER_OF(Lemuel,Nephi) ∧ FATHER_OF(Sirach,Nephi)"
516157,19211,FATHER_OF,"BROTHER_OF(Lemuel,Nephi) ∧ FATHER_OF(SIR,Nephi)"
398435,19211,FATHER_OF,"BROTHER_OF(Lemuel,Nephi) ∧ FATHER_OF(Josedek,Nephi)"
416791,19211,FATHER_OF,"BROTHER_OF(Lemuel,Nephi) ∧ FATHER_OF(Ananus,Nephi)"
19581,19211,FATHER_OF,"BROTHER_OF(Lemuel,Nephi) ∧ FATHER_OF(Simon,Nephi)"
35452,19211,FATHER_OF,"BROTHER_OF(Lemuel,Nephi) ∧ FATHER_OF(Eleazar,Nephi)"
106978,19211,FATHER_OF,"BROTHER_OF(Lemuel,Nephi) ∧ FATHER_OF(Asael Smith,Nephi)"
36345,19211,FATHER_OF,"BROTHER_OF(Lemuel,Nephi) ∧ FATHER_OF(Elkanah,Nephi)"
59317,19211,FATHER_OF,"BROTHER_OF(Lemuel,Nephi) ∧ FATHER_OF(Robert,Nephi)"
464107,19211,FATHER_OF,"BROTHER_OF(Lemuel,Nephi) ∧ FATHER_OF(An Ephraimite,Nephi)"
106978,3549,FATHER_OF,"BROTHER_OF(Jacob,Nephi) ∧ FATHER_OF(Asael Smith,Nephi)"
36345,3549,FATHER_OF,"BROTHER_OF(Jacob,Nephi) ∧ FATHER_OF(Elkanah,Nephi)"
59317,3549,FATHER_OF,"BROTHER_OF(Jacob,Nephi) ∧ FATHER_OF(Robert,Nephi)"
464107,3549,FATHER_OF,"BROTHER_OF(Jacob,Nephi) ∧ FATHER_OF(An Ephraimite,Nephi)"
19536,19108,FATHER_OF,"BROTHER_OF(Judas,James) ∧ FATHER_OF(Rachel,James)"
35060,19108,FATHER_OF,"BROTHER_OF(Judas,James) ∧ FATHER_OF(Jonan,James)"
35037,19108,FATHER_OF,"BROTHER_OF(Judas,James) ∧ FATHER_OF(Heli,James)"
3416,19108,FATHER_OF,"BROTHER_OF(Judas,James) ∧ FATHER_OF(Amos,James)"
19109,19108,FATHER_OF,"BROTHER_OF(Judas,James) ∧ FATHER_OF(Jude,James)"
18670,19108,FATHER_OF,"BROTHER_OF(Judas,James) ∧ FATHER_OF(Eli,James)"
409594,19108,FATHER_OF,"BROTHER_OF(Judas,James) ∧ FATHER_OF(Jonam,James)"
15527,19108,FATHER_OF,"BROTHER_OF(Judas,James) ∧ FATHER_OF(Potiphera,James)"
30497,19108,FATHER_OF,"BROTHER_OF(Judas,James) ∧ FATHER_OF(Hyrum,James)"
5852,19108,FATHER_OF,"BROTHER_OF(Judas,James) ∧ FATHER_OF(Cuando,James)"
19583,19108,FATHER_OF,"BROTHER_OF(Judas,James) ∧ FATHER_OF(Hyrum Smith,James)"
391257,19108,FATHER_OF,"BROTHER_OF(Judas,James) ∧ FATHER_OF(Patriarch,James)"
19536,19109,FATHER_OF,"BROTHER_OF(Jude,James) ∧ FATHER_OF(Rachel,James)"
35060,19109,FATHER_OF,"BROTHER_OF(Jude,James) ∧ FATHER_OF(Jonan,James)"
35037,19109,FATHER_OF,"BROTHER_OF(Jude,James) ∧ FATHER_OF(Heli,James)"
3416,19109,FATHER_OF,"BROTHER_OF(Jude,James) ∧ FATHER_OF(Amos,James)"
19109,19109,FATHER_OF,"BROTHER_OF(Jude,James) ∧ FATHER_OF(Jude,James)"
18670,19109,FATHER_OF,"BROTHER_OF(Jude,James) ∧ FATHER_OF(Eli,James)"
409594,19109,FATHER_OF,"BROTHER_OF(Jude,James) ∧ FATHER_OF(Jonam,James)"
15527,19109,FATHER_OF,"BROTHER_OF(Jude,James) ∧ FATHER_OF(Potiphera,James)"
30497,19109,FATHER_OF,"BROTHER_OF(Jude,James) ∧ FATHER_OF(Hyrum,James)"
5852,19109,FATHER_OF,"BROTHER_OF(Jude,James) ∧ FATHER_OF(Cuando,James)"
19583,19109,FATHER_OF,"BROTHER_OF(Jude,James) ∧ FATHER_OF(Hyrum Smith,James)"
391257,19109,FATHER_OF,"BROTHER_OF(Jude,James) ∧ FATHER_OF(Patriarch,James)"
19072,67829,FATHER_OF,"BROTHER_OF(Samuel Harrison Smith,José) ∧ FATHER_OF(Lehi,José)"
19536,67829,FATHER_OF,"BROTHER_OF(Samuel Harrison Smith,José) ∧ FATHER_OF(Rachel,José)"
35060,67829,FATHER_OF,"BROTHER_OF(Samuel Harrison Smith,José) ∧ FATHER_OF(Jonan,José)"
35037,67829,FATHER_OF,"BROTHER_OF(Samuel Harrison Smith,José) ∧ FATHER_OF(Heli,José)"
3416,67829,FATHER_OF,"BROTHER_OF(Samuel Harrison Smith,José) ∧ FATHER_OF(Amos,José)"
19109,67829,FATHER_OF,"BROTHER_OF(Samuel Harrison Smith,José) ∧ FATHER_OF(Jude,José)"
3553,67829,FATHER_OF,"BROTHER_OF(Samuel Harrison Smith,José) ∧ FATHER_OF(Jacob (patriarch),José)"
19870,67829,FATHER_OF,"BROTHER_OF(Samuel Harrison Smith,José) ∧ FATHER_OF(Brigham Young,José)"
18670,67829,FATHER_OF,"BROTHER_OF(Samuel Harrison Smith,José) ∧ FATHER_OF(Eli,José)"
409594,67829,FATHER_OF,"BROTHER_OF(Samuel Harrison Smith,José) ∧ FATHER_OF(Jonam,José)"
15527,67829,FATHER_OF,"BROTHER_OF(Samuel Harrison Smith,José) ∧ FATHER_OF(Potiphera,José)"
5852,67829,FATHER_OF,"BROTHER_OF(Samuel Harrison Smith,José) ∧ FATHER_OF(Cuando,José)"
19583,67829,FATHER_OF,"BROTHER_OF(Samuel Harrison Smith,José) ∧ FATHER_OF(Hyrum Smith,José)"
391257,67829,FATHER_OF,"BROTHER_OF(Samuel Harrison Smith,José) ∧ FATHER_OF(Patriarch,José)"
36573,35071,FATHER_OF,"BROTHER_OF(Terah,Abraham) ∧ FATHER_OF(Haran,Abraham)"
12743,35071,FATHER_OF,"BROTHER_OF(Terah,Abraham) ∧ FATHER_OF(Harán,Abraham)"
36573,36573,FATHER_OF,"BROTHER_OF(Haran,Abraham) ∧ FATHER_OF(Haran,Abraham)"
12743,36573,FATHER_OF,"BROTHER_OF(Haran,Abraham) ∧ FATHER_OF(Harán,Abraham)"
19871,29699,FATHER_OF,"BROTHER_OF(Hiram,Joseph) ∧ FATHER_OF(Zacharias,Joseph)"
397883,29699,FATHER_OF,"BROTHER_OF(Hiram,Joseph) ∧ FATHER_OF(Mathew Woodruff,Joseph)"
494839,29699,FATHER_OF,"BROTHER_OF(Hiram,Joseph) ∧ FATHER_OF(Accos,Joseph)"
35041,29699,FATHER_OF,"BROTHER_OF(Hiram,Joseph) ∧ FATHER_OF(Mattathias,Joseph)"
19872,29699,FATHER_OF,"BROTHER_OF(Hiram,Joseph) ∧ FATHER_OF(Zechariah,Joseph)"
19108,29699,FATHER_OF,"BROTHER_OF(Hiram,Joseph) ∧ FATHER_OF(Judas,Joseph)"
204448,29699,FATHER_OF,"BROTHER_OF(Hiram,Joseph) ∧ FATHER_OF(Alpheus,Joseph)"
499765,29699,FATHER_OF,"BROTHER_OF(Hiram,Joseph) ∧ FATHER_OF(Zehedee,Joseph)"
621613,29699,FATHER_OF,"BROTHER_OF(Hiram,Joseph) ∧ FATHER_OF(Zebedee Salome,Joseph)"
42109,29699,FATHER_OF,"BROTHER_OF(Hiram,Joseph) ∧ FATHER_OF(Joiada,Joseph)"
19566,29699,FATHER_OF,"BROTHER_OF(Hiram,Joseph) ∧ FATHER_OF(Shaul,Joseph)"
19494,29699,FATHER_OF,"BROTHER_OF(Hiram,Joseph) ∧ FATHER_OF(Paul,Joseph)"
36417,29699,FATHER_OF,"BROTHER_OF(Hiram,Joseph) ∧ FATHER_OF(Shemaiah,Joseph)"
36161,29699,FATHER_OF,"BROTHER_OF(Hiram,Joseph) ∧ FATHER_OF(Shage,Joseph)"
36610,29699,FATHER_OF,"BROTHER_OF(Hiram,Joseph) ∧ FATHER_OF(Shimea,Joseph)"
35320,29699,FATHER_OF,"BROTHER_OF(Hiram,Joseph) ∧ FATHER_OF(Abiathar,Joseph)"
36418,29699,FATHER_OF,"BROTHER_OF(Hiram,Joseph) ∧ FATHER_OF(Uzziel,Joseph)"
36162,29699,FATHER_OF,"BROTHER_OF(Hiram,Joseph) ∧ FATHER_OF(Shammah,Joseph)"
419644,29699,FATHER_OF,"BROTHER_OF(Hiram,Joseph) ∧ FATHER_OF(Shagee,Joseph)"
36830,29699,FATHER_OF,"BROTHER_OF(Hiram,Joseph) ∧ FATHER_OF(Absalom,Joseph)"
36627,29699,FATHER_OF,"BROTHER_OF(Hiram,Joseph) ∧ FATHER_OF(Shimei,Joseph)"
19871,29832,FATHER_OF,"BROTHER_OF(William Smith,Joseph) ∧ FATHER_OF(Zacharias,Joseph)"
397883,29832,FATHER_OF,"BROTHER_OF(William Smith,Joseph) ∧ FATHER_OF(Mathew Woodruff,Joseph)"
494839,29832,FATHER_OF,"BROTHER_OF(William Smith,Joseph) ∧ FATHER_OF(Accos,Joseph)"
35041,29832,FATHER_OF,"BROTHER_OF(William Smith,Joseph) ∧ FATHER_OF(Mattathias,Joseph)"
19872,29832,FATHER_OF,"BROTHER_OF(William Smith,Joseph) ∧ FATHER_OF(Zechariah,Joseph)"
19108,29832,FATHER_OF,"BROTHER_OF(William Smith,Joseph) ∧ FATHER_OF(Judas,Joseph)"
204448,29832,FATHER_OF,"BROTHER_OF(William Smith,Joseph) ∧ FATHER_OF(Alpheus,Joseph)"
499765,29832,FATHER_OF,"BROTHER_OF(William Smith,Joseph) ∧ FATHER_OF(Zehedee,Joseph)"
621613,29832,FATHER_OF,"BROTHER_OF(William Smith,Joseph) ∧ FATHER_OF(Zebedee Salome,Joseph)"
42109,29832,FATHER_OF,"BROTHER_OF(William Smith,Joseph) ∧ FATHER_OF(Joiada,Joseph)"
19566,29832,FATHER_OF,"BROTHER_OF(William Smith,Joseph) ∧ FATHER_OF(Shaul,Joseph)"
19494,29832,FATHER_OF,"BROTHER_OF(William Smith,Joseph) ∧ FATHER_OF(Paul,Joseph)"
36417,29832,FATHER_OF,"BROTHER_OF(William Smith,Joseph) ∧ FATHER_OF(Shemaiah,Joseph)"
36161,29832,FATHER_OF,"BROTHER_OF(William Smith,Joseph) ∧ FATHER_OF(Shage,Joseph)"
36610,29832,FATHER_OF,"BROTHER_OF(William Smith,Joseph) ∧ FATHER_OF(Shimea,Joseph)"
35320,29832,FATHER_OF,"BROTHER_OF(William Smith,Joseph) ∧ FATHER_OF(Abiathar,Joseph)"
36418,29832,FATHER_OF,"BROTHER_OF(William Smith,Joseph) ∧ FATHER_OF(Uzziel,Joseph)"
36162,29832,FATHER_OF,"BROTHER_OF(William Smith,Joseph) ∧ FATHER_OF(Shammah,Joseph)"
419644,29832,FATHER_OF,"BROTHER_OF(William Smith,Joseph) ∧ FATHER_OF(Shagee,Joseph)"
36830,29832,FATHER_OF,"BROTHER_OF(William Smith,Joseph) ∧ FATHER_OF(Absalom,Joseph)"
36627,29832,FATHER_OF,"BROTHER_OF(William Smith,Joseph) ∧ FATHER_OF(Shimei,Joseph)"
18915,209474,FATHER_OF,"BROTHER_OF(Don Carlos Smith,Hyrum Smith) ∧ FATHER_OF(Isaac,Hyrum Smith)"
35453,209474,FATHER_OF,"BROTHER_OF(Don Carlos Smith,Hyrum Smith) ∧ FATHER_OF(Matthan,Hyrum Smith)"
12037,209474,FATHER_OF,"BROTHER_OF(Don Carlos Smith,Hyrum Smith) ∧ FATHER_OF(Matán,Hyrum Smith)"
19076,209474,FATHER_OF,"BROTHER_OF(Don Carlos Smith,Hyrum Smith) ∧ FATHER_OF(Zebedee,Hyrum Smith)"
19075,209474,FATHER_OF,"BROTHER_OF(Don Carlos Smith,Hyrum Smith) ∧ FATHER_OF(Alphaeus,Hyrum Smith)"
213770,209474,FATHER_OF,"BROTHER_OF(Don Carlos Smith,Hyrum Smith) ∧ FATHER_OF(Alexander Hale Smith,Hyrum Smith)"
520857,209474,FATHER_OF,"BROTHER_OF(Don Carlos Smith,Hyrum Smith) ∧ FATHER_OF(Patriarch Hyrum Smith,Hyrum Smith)"
19092,209474,FATHER_OF,"BROTHER_OF(Don Carlos Smith,Hyrum Smith) ∧ FATHER_OF(John,Hyrum Smith)"
36573,35072,FATHER_OF,"BROTHER_OF(Nahor,Abraham) ∧ FATHER_OF(Haran,Abraham)"
12743,35072,FATHER_OF,"BROTHER_OF(Nahor,Abraham) ∧ FATHER_OF(Harán,Abraham)"
30664,19092,FATHER_OF,"BROTHER_OF(John,Jacob) ∧ FATHER_OF(Joseph Smith Sr.,Jacob)"
213770,19092,FATHER_OF,"BROTHER_OF(John,Jacob) ∧ FATHER_OF(Alexander Hale Smith,Jacob)"
520857,19092,FATHER_OF,"BROTHER_OF(John,Jacob) ∧ FATHER_OF(Patriarch Hyrum Smith,Jacob)"
36215,19106,FATHER_OF,"BROTHER_OF(Judah,Jesus) ∧ FATHER_OF(Aholibamah,Jesus)"
40102,19106,FATHER_OF,"BROTHER_OF(Judah,Jesus) ∧ FATHER_OF(Beeri,Jesus)"
37465,19106,FATHER_OF,"BROTHER_OF(Judah,Jesus) ∧ FATHER_OF(Elon,Jesus)"
18917,19106,FATHER_OF,"BROTHER_OF(Judah,Jesus) ∧ FATHER_OF(Ishmael,Jesus)"
18900,19106,FATHER_OF,"BROTHER_OF(Judah,Jesus) ∧ FATHER_OF(Helaman,Jesus)"
765216,19106,FATHER_OF,"BROTHER_OF(Judah,Jesus) ∧ FATHER_OF(Lehi Nephi,Jesus)"
19871,55772,FATHER_OF,"BROTHER_OF(Samuel Smith,Joseph) ∧ FATHER_OF(Zacharias,Joseph)"
397883,55772,FATHER_OF,"BROTHER_OF(Samuel Smith,Joseph) ∧ FATHER_OF(Mathew Woodruff,Joseph)"
494839,55772,FATHER_OF,"BROTHER_OF(Samuel Smith,Joseph) ∧ FATHER_OF(Accos,Joseph)"
35041,55772,FATHER_OF,"BROTHER_OF(Samuel Smith,Joseph) ∧ FATHER_OF(Mattathias,Joseph)"
19872,55772,FATHER_OF,"BROTHER_OF(Samuel Smith,Joseph) ∧ FATHER_OF(Zechariah,Joseph)"
19108,55772,FATHER_OF,"BROTHER_OF(Samuel Smith,Joseph) ∧ FATHER_OF(Judas,Joseph)"
204448,55772,FATHER_OF,"BROTHER_OF(Samuel Smith,Joseph) ∧ FATHER_OF(Alpheus,Joseph)"
499765,55772,FATHER_OF,"BROTHER_OF(Samuel Smith,Joseph) ∧ FATHER_OF(Zehedee,Joseph)"
621613,55772,FATHER_OF,"BROTHER_OF(Samuel Smith,Joseph) ∧ FATHER_OF(Zebedee Salome,Joseph)"
42109,55772,FATHER_OF,"BROTHER_OF(Samuel Smith,Joseph) ∧ FATHER_OF(Joiada,Joseph)"
19566,55772,FATHER_OF,"BROTHER_OF(Samuel Smith,Joseph) ∧ FATHER_OF(Shaul,Joseph)"
19494,55772,FATHER_OF,"BROTHER_OF(Samuel Smith,Joseph) ∧ FATHER_OF(Paul,Joseph)"
36417,55772,FATHER_OF,"BROTHER_OF(Samuel Smith,Joseph) ∧ FATHER_OF(Shemaiah,Joseph)"
36161,55772,FATHER_OF,"BROTHER_OF(Samuel Smith,Joseph) ∧ FATHER_OF(Shage,Joseph)"
36610,55772,FATHER_OF,"BROTHER_OF(Samuel Smith,Joseph) ∧ FATHER_OF(Shimea,Joseph)"
35320,55772,FATHER_OF,"BROTHER_OF(Samuel Smith,Joseph) ∧ FATHER_OF(Abiathar,Joseph)"
36418,55772,FATHER_OF,"BROTHER_OF(Samuel Smith,Joseph) ∧ FATHER_OF(Uzziel,Joseph)"
36162,55772,FATHER_OF,"BROTHER_OF(Samuel Smith,Joseph) ∧ FATHER_OF(Shammah,Joseph)"
419644,55772,FATHER_OF,"BROTHER_OF(Samuel Smith,Joseph) ∧ FATHER_OF(Shagee,Joseph)"
36830,55772,FATHER_OF,"BROTHER_OF(Samuel Smith,Joseph) ∧ FATHER_OF(Absalom,Joseph)"
36627,55772,FATHER_OF,"BROTHER_OF(Samuel Smith,Joseph) ∧ FATHER_OF(Shimei,Joseph)"
18900,150532,FATHER_OF,"BROTHER_OF(Alvin Smith,Joseph Smith) ∧ FATHER_OF(Helaman,Joseph Smith)"
765216,150532,FATHER_OF,"BROTHER_OF(Alvin Smith,Joseph Smith) ∧ FATHER_OF(Lehi Nephi,Joseph Smith)"
19871,31138,FATHER_OF,"BROTHER_OF(Smith,Joseph) ∧ FATHER_OF(Zacharias,Joseph)"
397883,31138,FATHER_OF,"BROTHER_OF(Smith,Joseph) ∧ FATHER_OF(Mathew Woodruff,Joseph)"
494839,31138,FATHER_OF,"BROTHER_OF(Smith,Joseph) ∧ FATHER_OF(Accos,Joseph)"
35041,31138,FATHER_OF,"BROTHER_OF(Smith,Joseph) ∧ FATHER_OF(Mattathias,Joseph)"
19872,31138,FATHER_OF,"BROTHER_OF(Smith,Joseph) ∧ FATHER_OF(Zechariah,Joseph)"
19108,31138,FATHER_OF,"BROTHER_OF(Smith,Joseph) ∧ FATHER_OF(Judas,Joseph)"
204448,31138,FATHER_OF,"BROTHER_OF(Smith,Joseph) ∧ FATHER_OF(Alpheus,Joseph)"
499765,31138,FATHER_OF,"BROTHER_OF(Smith,Joseph) ∧ FATHER_OF(Zehedee,Joseph)"
621613,31138,FATHER_OF,"BROTHER_OF(Smith,Joseph) ∧ FATHER_OF(Zebedee Salome,Joseph)"
42109,31138,FATHER_OF,"BROTHER_OF(Smith,Joseph) ∧ FATHER_OF(Joiada,Joseph)"
19566,31138,FATHER_OF,"BROTHER_OF(Smith,Joseph) ∧ FATHER_OF(Shaul,Joseph)"
19494,31138,FATHER_OF,"BROTHER_OF(Smith,Joseph) ∧ FATHER_OF(Paul,Joseph)"
36417,31138,FATHER_OF,"BROTHER_OF(Smith,Joseph) ∧ FATHER_OF(Shemaiah,Joseph)"
36161,31138,FATHER_OF,"BROTHER_OF(Smith,Joseph) ∧ FATHER_OF(Shage,Joseph)"
36610,31138,FATHER_OF,"BROTHER_OF(Smith,Joseph) ∧ FATHER_OF(Shimea,Joseph)"
35320,31138,FATHER_OF,"BROTHER_OF(Smith,Joseph) ∧ FATHER_OF(Abiathar,Joseph)"
36418,31138,FATHER_OF,"BROTHER_OF(Smith,Joseph) ∧ FATHER_OF(Uzziel,Joseph)"
36162,31138,FATHER_OF,"BROTHER_OF(Smith,Joseph) ∧ FATHER_OF(Shammah,Joseph)"
419644,31138,FATHER_OF,"BROTHER_OF(Smith,Joseph) ∧ FATHER_OF(Shagee,Joseph)"
36830,31138,FATHER_OF,"BROTHER_OF(Smith,Joseph) ∧ FATHER_OF(Absalom,Joseph)"
36627,31138,FATHER_OF,"BROTHER_OF(Smith,Joseph) ∧ FATHER_OF(Shimei,Joseph)"
19536,19581,FATHER_OF,"BROTHER_OF(Simon,Jonathan) ∧ FATHER_OF(Rachel,Jonathan)"
35060,19581,FATHER_OF,"BROTHER_OF(Simon,Jonathan) ∧ FATHER_OF(Jonan,Jonathan)"
35037,19581,FATHER_OF,"BROTHER_OF(Simon,Jonathan) ∧ FATHER_OF(Heli,Jonathan)"
3416,19581,FATHER_OF,"BROTHER_OF(Simon,Jonathan) ∧ FATHER_OF(Amos,Jonathan)"
19109,19581,FATHER_OF,"BROTHER_OF(Simon,Jonathan) ∧ FATHER_OF(Jude,Jonathan)"
18670,19581,FATHER_OF,"BROTHER_OF(Simon,Jonathan) ∧ FATHER_OF(Eli,Jonathan)"
409594,19581,FATHER_OF,"BROTHER_OF(Simon,Jonathan) ∧ FATHER_OF(Jonam,Jonathan)"
15527,19581,FATHER_OF,"BROTHER_OF(Simon,Jonathan) ∧ FATHER_OF(Potiphera,Jonathan)"
30497,19581,FATHER_OF,"BROTHER_OF(Simon,Jonathan) ∧ FATHER_OF(Hyrum,Jonathan)"
5852,19581,FATHER_OF,"BROTHER_OF(Simon,Jonathan) ∧ FATHER_OF(Cuando,Jonathan)"
19583,19581,FATHER_OF,"BROTHER_OF(Simon,Jonathan) ∧ FATHER_OF(Hyrum Smith,Jonathan)"
391257,19581,FATHER_OF,"BROTHER_OF(Simon,Jonathan) ∧ FATHER_OF(Patriarch,Jonathan)"
19072,209992,FATHER_OF,"SISTER_OF(Sophronia,José) ∧ FATHER_OF(Lehi,José)"
19536,209992,FATHER_OF,"SISTER_OF(Sophronia,José) ∧ FATHER_OF(Rachel,José)"
35060,209992,FATHER_OF,"SISTER_OF(Sophronia,José) ∧ FATHER_OF(Jonan,José)"
35037,209992,FATHER_OF,"SISTER_OF(Sophronia,José) ∧ FATHER_OF(Heli,José)"
3416,209992,FATHER_OF,"SISTER_OF(Sophronia,José) ∧ FATHER_OF(Amos,José)"
19109,209992,FATHER_OF,"SISTER_OF(Sophronia,José) ∧ FATHER_OF(Jude,José)"
3553,209992,FATHER_OF,"SISTER_OF(Sophronia,José) ∧ FATHER_OF(Jacob (patriarch),José)"
19870,209992,FATHER_OF,"SISTER_OF(Sophronia,José) ∧ FATHER_OF(Brigham Young,José)"
18670,209992,FATHER_OF,"SISTER_OF(Sophronia,José) ∧ FATHER_OF(Eli,José)"
409594,209992,FATHER_OF,"SISTER_OF(Sophronia,José) ∧ FATHER_OF(Jonam,José)"
15527,209992,FATHER_OF,"SISTER_OF(Sophronia,José) ∧ FATHER_OF(Potiphera,José)"
5852,209992,FATHER_OF,"SISTER_OF(Sophronia,José) ∧ FATHER_OF(Cuando,José)"
19583,209992,FATHER_OF,"SISTER_OF(Sophronia,José) ∧ FATHER_OF(Hyrum Smith,José)"
391257,209992,FATHER_OF,"SISTER_OF(Sophronia,José) ∧ FATHER_OF(Patriarch,José)"
12670,12670,FATHER_OF,"SISTER_OF(Nahas,Sarvia) ∧ FATHER_OF(Nahas,Sarvia)"
36486,12670,FATHER_OF,"SISTER_OF(Nahas,Sarvia) ∧ FATHER_OF(Nahash,Sarvia)"
19871,117822,FATHER_OF,"SISTER_OF(Patrick,Joseph) ∧ FATHER_OF(Zacharias,Joseph)"
397883,117822,FATHER_OF,"SISTER_OF(Patrick,Joseph) ∧ FATHER_OF(Mathew Woodruff,Joseph)"
494839,117822,FATHER_OF,"SISTER_OF(Patrick,Joseph) ∧ FATHER_OF(Accos,Joseph)"
35041,117822,FATHER_OF,"SISTER_OF(Patrick,Joseph) ∧ FATHER_OF(Mattathias,Joseph)"
19872,117822,FATHER_OF,"SISTER_OF(Patrick,Joseph) ∧ FATHER_OF(Zechariah,Joseph)"
19108,117822,FATHER_OF,"SISTER_OF(Patrick,Joseph) ∧ FATHER_OF(Judas,Joseph)"
204448,117822,FATHER_OF,"SISTER_OF(Patrick,Joseph) ∧ FATHER_OF(Alpheus,Joseph)"
499765,117822,FATHER_OF,"SISTER_OF(Patrick,Joseph) ∧ FATHER_OF(Zehedee,Joseph)"
621613,117822,FATHER_OF,"SISTER_OF(Patrick,Joseph) ∧ FATHER_OF(Zebedee Salome,Joseph)"
42109,117822,FATHER_OF,"SISTER_OF(Patrick,Joseph) ∧ FATHER_OF(Joiada,Joseph)"
19566,117822,FATHER_OF,"SISTER_OF(Patrick,Joseph) ∧ FATHER_OF(Shaul,Joseph)"
19494,117822,FATHER_OF,"SISTER_OF(Patrick,Joseph) ∧ FATHER_OF(Paul,Joseph)"
36417,117822,FATHER_OF,"SISTER_OF(Patrick,Joseph) ∧ FATHER_OF(Shemaiah,Joseph)"
36161,117822,FATHER_OF,"SISTER_OF(Patrick,Joseph) ∧ FATHER_OF(Shage,Joseph)"
36610,117822,FATHER_OF,"SISTER_OF(Patrick,Joseph) ∧ FATHER_OF(Shimea,Joseph)"
35320,117822,FATHER_OF,"SISTER_OF(Patrick,Joseph) ∧ FATHER_OF(Abiathar,Joseph)"
36418,117822,FATHER_OF,"SISTER_OF(Patrick,Joseph) ∧ FATHER_OF(Uzziel,Joseph)"
36162,117822,FATHER_OF,"SISTER_OF(Patrick,Joseph) ∧ FATHER_OF(Shammah,Joseph)"
419644,117822,FATHER_OF,"SISTER_OF(Patrick,Joseph) ∧ FATHER_OF(Shagee,Joseph)"
36830,117822,FATHER_OF,"SISTER_OF(Patrick,Joseph) ∧ FATHER_OF(Absalom,Joseph)"
36627,117822,FATHER_OF,"SISTER_OF(Patrick,Joseph) ∧ FATHER_OF(Shimei,Joseph)"
19871,561682,FATHER_OF,"SISTER_OF(Rhoda Ann Jennetta Richards,Joseph) ∧ FATHER_OF(Zacharias,Joseph)"
397883,561682,FATHER_OF,"SISTER_OF(Rhoda Ann Jennetta Richards,Joseph) ∧ FATHER_OF(Mathew Woodruff,Joseph)"
494839,561682,FATHER_OF,"SISTER_OF(Rhoda Ann Jennetta Richards,Joseph) ∧ FATHER_OF(Accos,Joseph)"
35041,561682,FATHER_OF,"SISTER_OF(Rhoda Ann Jennetta Richards,Joseph) ∧ FATHER_OF(Mattathias,Joseph)"
19872,561682,FATHER_OF,"SISTER_OF(Rhoda Ann Jennetta Richards,Joseph) ∧ FATHER_OF(Zechariah,Joseph)"
19108,561682,FATHER_OF,"SISTER_OF(Rhoda Ann Jennetta Richards,Joseph) ∧ FATHER_OF(Judas,Joseph)"
204448,561682,FATHER_OF,"SISTER_OF(Rhoda Ann Jennetta Richards,Joseph) ∧ FATHER_OF(Alpheus,Joseph)"
499765,561682,FATHER_OF,"SISTER_OF(Rhoda Ann Jennetta Richards,Joseph) ∧ FATHER_OF(Zehedee,Joseph)"
621613,561682,FATHER_OF,"SISTER_OF(Rhoda Ann Jennetta Richards,Joseph) ∧ FATHER_OF(Zebedee Salome,Joseph)"
42109,561682,FATHER_OF,"SISTER_OF(Rhoda Ann Jennetta Richards,Joseph) ∧ FATHER_OF(Joiada,Joseph)"
19566,561682,FATHER_OF,"SISTER_OF(Rhoda Ann Jennetta Richards,Joseph) ∧ FATHER_OF(Shaul,Joseph)"
19494,561682,FATHER_OF,"SISTER_OF(Rhoda Ann Jennetta Richards,Joseph) ∧ FATHER_OF(Paul,Joseph)"
36417,561682,FATHER_OF,"SISTER_OF(Rhoda Ann Jennetta Richards,Joseph) ∧ FATHER_OF(Shemaiah,Joseph)"
36161,561682,FATHER_OF,"SISTER_OF(Rhoda Ann Jennetta Richards,Joseph) ∧ FATHER_OF(Shage,Joseph)"
36610,561682,FATHER_OF,"SISTER_OF(Rhoda Ann Jennetta Richards,Joseph) ∧ FATHER_OF(Shimea,Joseph)"
35320,561682,FATHER_OF,"SISTER_OF(Rhoda Ann Jennetta Richards,Joseph) ∧ FATHER_OF(Abiathar,Joseph)"
36418,561682,FATHER_OF,"SISTER_OF(Rhoda Ann Jennetta Richards,Joseph) ∧ FATHER_OF(Uzziel,Joseph)"
36162,561682,FATHER_OF,"SISTER_OF(Rhoda Ann Jennetta Richards,Joseph) ∧ FATHER_OF(Shammah,Joseph)"
419644,561682,FATHER_OF,"SISTER_OF(Rhoda Ann Jennetta Richards,Joseph) ∧ FATHER_OF(Shagee,Joseph)"
36830,561682,FATHER_OF,"SISTER_OF(Rhoda Ann Jennetta Richards,Joseph) ∧ FATHER_OF(Absalom,Joseph)"
36627,561682,FATHER_OF,"SISTER_OF(Rhoda Ann Jennetta Richards,Joseph) ∧ FATHER_OF(Shimei,Joseph)"
35074,39823,FATHER_OF,"SISTER_OF(Milcah,Laban) ∧ FATHER_OF(Reu,Laban)"
35073,39823,FATHER_OF,"SISTER_OF(Milcah,Laban) ∧ FATHER_OF(Serug,Laban)"
392321,39823,FATHER_OF,"SISTER_OF(Milcah,Laban) ∧ FATHER_OF(Serug Branch,Laban)"
18915,19102,FATHER_OF,"BROTHER_OF(Joseph Smith,Hyrum Smith) ∧ FATHER_OF(Isaac,Hyrum Smith)"
35453,19102,FATHER_OF,"BROTHER_OF(Joseph Smith,Hyrum Smith) ∧ FATHER_OF(Matthan,Hyrum Smith)"
12037,19102,FATHER_OF,"BROTHER_OF(Joseph Smith,Hyrum Smith) ∧ FATHER_OF(Matán,Hyrum Smith)"
19076,19102,FATHER_OF,"BROTHER_OF(Joseph Smith,Hyrum Smith) ∧ FATHER_OF(Zebedee,Hyrum Smith)"
19075,19102,FATHER_OF,"BROTHER_OF(Joseph Smith,Hyrum Smith) ∧ FATHER_OF(Alphaeus,Hyrum Smith)"
213770,19102,FATHER_OF,"BROTHER_OF(Joseph Smith,Hyrum Smith) ∧ FATHER_OF(Alexander Hale Smith,Hyrum Smith)"
520857,19102,FATHER_OF,"BROTHER_OF(Joseph Smith,Hyrum Smith) ∧ FATHER_OF(Patriarch Hyrum Smith,Hyrum Smith)"
19092,19102,FATHER_OF,"BROTHER_OF(Joseph Smith,Hyrum Smith) ∧ FATHER_OF(John,Hyrum Smith)"
19536,18645,FATHER_OF,"BROTHER_OF(Jesus,James) ∧ FATHER_OF(Rachel,James)"
35060,18645,FATHER_OF,"BROTHER_OF(Jesus,James) ∧ FATHER_OF(Jonan,James)"
35037,18645,FATHER_OF,"BROTHER_OF(Jesus,James) ∧ FATHER_OF(Heli,James)"
3416,18645,FATHER_OF,"BROTHER_OF(Jesus,James) ∧ FATHER_OF(Amos,James)"
19109,18645,FATHER_OF,"BROTHER_OF(Jesus,James) ∧ FATHER_OF(Jude,James)"
18670,18645,FATHER_OF,"BROTHER_OF(Jesus,James) ∧ FATHER_OF(Eli,James)"
409594,18645,FATHER_OF,"BROTHER_OF(Jesus,James) ∧ FATHER_OF(Jonam,James)"
15527,18645,FATHER_OF,"BROTHER_OF(Jesus,James) ∧ FATHER_OF(Potiphera,James)"
30497,18645,FATHER_OF,"BROTHER_OF(Jesus,James) ∧ FATHER_OF(Hyrum,James)"
5852,18645,FATHER_OF,"BROTHER_OF(Jesus,James) ∧ FATHER_OF(Cuando,James)"
19583,18645,FATHER_OF,"BROTHER_OF(Jesus,James) ∧ FATHER_OF(Hyrum Smith,James)"
391257,18645,FATHER_OF,"BROTHER_OF(Jesus,James) ∧ FATHER_OF(Patriarch,James)"
18900,19735,FATHER_OF,"BROTHER_OF(José,Samuel) ∧ FATHER_OF(Helaman,Samuel)"
765216,19735,FATHER_OF,"BROTHER_OF(José,Samuel) ∧ FATHER_OF(Lehi Nephi,Samuel)"
19536,104442,FATHER_OF,"BROTHER_OF(Burnett,James) ∧ FATHER_OF(Rachel,James)"
35060,104442,FATHER_OF,"BROTHER_OF(Burnett,James) ∧ FATHER_OF(Jonan,James)"
35037,104442,FATHER_OF,"BROTHER_OF(Burnett,James) ∧ FATHER_OF(Heli,James)"
3416,104442,FATHER_OF,"BROTHER_OF(Burnett,James) ∧ FATHER_OF(Amos,James)"
19109,104442,FATHER_OF,"BROTHER_OF(Burnett,James) ∧ FATHER_OF(Jude,James)"
18670,104442,FATHER_OF,"BROTHER_OF(Burnett,James) ∧ FATHER_OF(Eli,James)"
409594,104442,FATHER_OF,"BROTHER_OF(Burnett,James) ∧ FATHER_OF(Jonam,James)"
15527,104442,FATHER_OF,"BROTHER_OF(Burnett,James) ∧ FATHER_OF(Potiphera,James)"
30497,104442,FATHER_OF,"BROTHER_OF(Burnett,James) ∧ FATHER_OF(Hyrum,James)"
5852,104442,FATHER_OF,"BROTHER_OF(Burnett,James) ∧ FATHER_OF(Cuando,James)"
19583,104442,FATHER_OF,"BROTHER_OF(Burnett,James) ∧ FATHER_OF(Hyrum Smith,James)"
391257,104442,FATHER_OF,"BROTHER_OF(Burnett,James) ∧ FATHER_OF(Patriarch,James)"
39823,36121,FATHER_OF,"BROTHER_OF(Abram,Haran) ∧ FATHER_OF(Milcah,Haran)"
19210,3549,FATHER_OF,"BROTHER_OF(Jacob,John) ∧ FATHER_OF(Leah,John)"
19199,3549,FATHER_OF,"BROTHER_OF(Jacob,John) ∧ FATHER_OF(Laban,John)"
42086,3549,FATHER_OF,"BROTHER_OF(Jacob,John) ∧ FATHER_OF(Senuah,John)"
38002,3549,FATHER_OF,"BROTHER_OF(Jacob,John) ∧ FATHER_OF(Jehoash,John)"
36330,3549,FATHER_OF,"BROTHER_OF(Jacob,John) ∧ FATHER_OF(Joash,John)"
19082,3549,FATHER_OF,"BROTHER_OF(Jacob,John) ∧ FATHER_OF(Jehoshaphat,John)"
19540,3549,FATHER_OF,"BROTHER_OF(Jacob,John) ∧ FATHER_OF(Rehoboam,John)"
36522,3549,FATHER_OF,"BROTHER_OF(Jacob,John) ∧ FATHER_OF(Uri,John)"
24119,3549,FATHER_OF,"BROTHER_OF(Jacob,John) ∧ FATHER_OF(Jotham,John)"
35433,3549,FATHER_OF,"BROTHER_OF(Jacob,John) ∧ FATHER_OF(Jehoram,John)"
3504,3549,FATHER_OF,"BROTHER_OF(Jacob,John) ∧ FATHER_OF(Asa,John)"
36576,3549,FATHER_OF,"BROTHER_OF(Jacob,John) ∧ FATHER_OF(Jahdai,John)"
36557,3549,FATHER_OF,"BROTHER_OF(Jacob,John) ∧ FATHER_OF(Azariah,John)"
36542,3549,FATHER_OF,"BROTHER_OF(Jacob,John) ∧ FATHER_OF(Appaim,John)"
36724,3549,FATHER_OF,"BROTHER_OF(Jacob,John) ∧ FATHER_OF(Jehohanan,John)"
18906,3549,FATHER_OF,"BROTHER_OF(Jacob,John) ∧ FATHER_OF(Hezekiah,John)"
36563,3549,FATHER_OF,"BROTHER_OF(Jacob,John) ∧ FATHER_OF(Jekamiah,John)"
402110,3549,FATHER_OF,"BROTHER_OF(Jacob,John) ∧ FATHER_OF(Hassenuah,John)"
36905,3549,FATHER_OF,"BROTHER_OF(Jacob,John) ∧ FATHER_OF(Meonothai,John)"
36898,3549,FATHER_OF,"BROTHER_OF(Jacob,John) ∧ FATHER_OF(Eshton,John)"
37051,3549,FATHER_OF,"BROTHER_OF(Jacob,John) ∧ FATHER_OF(Adaiah,John)"
24105,3549,FATHER_OF,"BROTHER_OF(Jacob,John) ∧ FATHER_OF(Uzziah,John)"
36797,3549,FATHER_OF,"BROTHER_OF(Jacob,John) ∧ FATHER_OF(Chelub,John)"
36215,19583,FATHER_OF,"BROTHER_OF(Hyrum Smith,William Smith) ∧ FATHER_OF(Aholibamah,William Smith)"
40102,19583,FATHER_OF,"BROTHER_OF(Hyrum Smith,William Smith) ∧ FATHER_OF(Beeri,William Smith)"
37465,19583,FATHER_OF,"BROTHER_OF(Hyrum Smith,William Smith) ∧ FATHER_OF(Elon,William Smith)"
18917,19583,FATHER_OF,"BROTHER_OF(Hyrum Smith,William Smith) ∧ FATHER_OF(Ishmael,William Smith)"
18915,18897,FATHER_OF,"BROTHER_OF(Samuel,Hyrum Smith) ∧ FATHER_OF(Isaac,Hyrum Smith)"
35453,18897,FATHER_OF,"BROTHER_OF(Samuel,Hyrum Smith) ∧ FATHER_OF(Matthan,Hyrum Smith)"
12037,18897,FATHER_OF,"BROTHER_OF(Samuel,Hyrum Smith) ∧ FATHER_OF(Matán,Hyrum Smith)"
19076,18897,FATHER_OF,"BROTHER_OF(Samuel,Hyrum Smith) ∧ FATHER_OF(Zebedee,Hyrum Smith)"
19075,18897,FATHER_OF,"BROTHER_OF(Samuel,Hyrum Smith) ∧ FATHER_OF(Alphaeus,Hyrum Smith)"
213770,18897,FATHER_OF,"BROTHER_OF(Samuel,Hyrum Smith) ∧ FATHER_OF(Alexander Hale Smith,Hyrum Smith)"
520857,18897,FATHER_OF,"BROTHER_OF(Samuel,Hyrum Smith) ∧ FATHER_OF(Patriarch Hyrum Smith,Hyrum Smith)"
19092,18897,FATHER_OF,"BROTHER_OF(Samuel,Hyrum Smith) ∧ FATHER_OF(John,Hyrum Smith)"
35049,203561,FATHER_OF,"BROTHER_OF(Judas Maccabeus,Simon) ∧ FATHER_OF(Rhesa,Simon)"
36215,203561,FATHER_OF,"BROTHER_OF(Judas Maccabeus,Simon) ∧ FATHER_OF(Aholibamah,Simon)"
40102,203561,FATHER_OF,"BROTHER_OF(Judas Maccabeus,Simon) ∧ FATHER_OF(Beeri,Simon)"
37465,203561,FATHER_OF,"BROTHER_OF(Judas Maccabeus,Simon) ∧ FATHER_OF(Elon,Simon)"
18917,203561,FATHER_OF,"BROTHER_OF(Judas Maccabeus,Simon) ∧ FATHER_OF(Ishmael,Simon)"
18900,203561,FATHER_OF,"BROTHER_OF(Judas Maccabeus,Simon) ∧ FATHER_OF(Helaman,Simon)"
765216,203561,FATHER_OF,"BROTHER_OF(Judas Maccabeus,Simon) ∧ FATHER_OF(Lehi Nephi,Simon)"
35049,441241,FATHER_OF,"BROTHER_OF(Judas Maccabee,Jonathan) ∧ FATHER_OF(Rhesa,Jonathan)"
19536,441241,FATHER_OF,"BROTHER_OF(Judas Maccabee,Jonathan) ∧ FATHER_OF(Rachel,Jonathan)"
35060,441241,FATHER_OF,"BROTHER_OF(Judas Maccabee,Jonathan) ∧ FATHER_OF(Jonan,Jonathan)"
35037,441241,FATHER_OF,"BROTHER_OF(Judas Maccabee,Jonathan) ∧ FATHER_OF(Heli,Jonathan)"
3416,441241,FATHER_OF,"BROTHER_OF(Judas Maccabee,Jonathan) ∧ FATHER_OF(Amos,Jonathan)"
19109,441241,FATHER_OF,"BROTHER_OF(Judas Maccabee,Jonathan) ∧ FATHER_OF(Jude,Jonathan)"
3553,441241,FATHER_OF,"BROTHER_OF(Judas Maccabee,Jonathan) ∧ FATHER_OF(Jacob (patriarch),Jonathan)"
18670,441241,FATHER_OF,"BROTHER_OF(Judas Maccabee,Jonathan) ∧ FATHER_OF(Eli,Jonathan)"
409594,441241,FATHER_OF,"BROTHER_OF(Judas Maccabee,Jonathan) ∧ FATHER_OF(Jonam,Jonathan)"
15527,441241,FATHER_OF,"BROTHER_OF(Judas Maccabee,Jonathan) ∧ FATHER_OF(Potiphera,Jonathan)"
30497,441241,FATHER_OF,"BROTHER_OF(Judas Maccabee,Jonathan) ∧ FATHER_OF(Hyrum,Jonathan)"
5852,441241,FATHER_OF,"BROTHER_OF(Judas Maccabee,Jonathan) ∧ FATHER_OF(Cuando,Jonathan)"
19583,441241,FATHER_OF,"BROTHER_OF(Judas Maccabee,Jonathan) ∧ FATHER_OF(Hyrum Smith,Jonathan)"
391257,441241,FATHER_OF,"BROTHER_OF(Judas Maccabee,Jonathan) ∧ FATHER_OF(Patriarch,Jonathan)"
19210,441241,FATHER_OF,"BROTHER_OF(Judas Maccabee,Jonathan) ∧ FATHER_OF(Leah,Jonathan)"
19199,441241,FATHER_OF,"BROTHER_OF(Judas Maccabee,Jonathan) ∧ FATHER_OF(Laban,Jonathan)"
42086,441241,FATHER_OF,"BROTHER_OF(Judas Maccabee,Jonathan) ∧ FATHER_OF(Senuah,Jonathan)"
38002,441241,FATHER_OF,"BROTHER_OF(Judas Maccabee,Jonathan) ∧ FATHER_OF(Jehoash,Jonathan)"
36330,441241,FATHER_OF,"BROTHER_OF(Judas Maccabee,Jonathan) ∧ FATHER_OF(Joash,Jonathan)"
19082,441241,FATHER_OF,"BROTHER_OF(Judas Maccabee,Jonathan) ∧ FATHER_OF(Jehoshaphat,Jonathan)"
19540,441241,FATHER_OF,"BROTHER_OF(Judas Maccabee,Jonathan) ∧ FATHER_OF(Rehoboam,Jonathan)"
36522,441241,FATHER_OF,"BROTHER_OF(Judas Maccabee,Jonathan) ∧ FATHER_OF(Uri,Jonathan)"
24119,441241,FATHER_OF,"BROTHER_OF(Judas Maccabee,Jonathan) ∧ FATHER_OF(Jotham,Jonathan)"
35433,441241,FATHER_OF,"BROTHER_OF(Judas Maccabee,Jonathan) ∧ FATHER_OF(Jehoram,Jonathan)"
3504,441241,FATHER_OF,"BROTHER_OF(Judas Maccabee,Jonathan) ∧ FATHER_OF(Asa,Jonathan)"
36576,441241,FATHER_OF,"BROTHER_OF(Judas Maccabee,Jonathan) ∧ FATHER_OF(Jahdai,Jonathan)"
36557,441241,FATHER_OF,"BROTHER_OF(Judas Maccabee,Jonathan) ∧ FATHER_OF(Azariah,Jonathan)"
36542,441241,FATHER_OF,"BROTHER_OF(Judas Maccabee,Jonathan) ∧ FATHER_OF(Appaim,Jonathan)"
36724,441241,FATHER_OF,"BROTHER_OF(Judas Maccabee,Jonathan) ∧ FATHER_OF(Jehohanan,Jonathan)"
18906,441241,FATHER_OF,"BROTHER_OF(Judas Maccabee,Jonathan) ∧ FATHER_OF(Hezekiah,Jonathan)"
36563,441241,FATHER_OF,"BROTHER_OF(Judas Maccabee,Jonathan) ∧ FATHER_OF(Jekamiah,Jonathan)"
402110,441241,FATHER_OF,"BROTHER_OF(Judas Maccabee,Jonathan) ∧ FATHER_OF(Hassenuah,Jonathan)"
36905,441241,FATHER_OF,"BROTHER_OF(Judas Maccabee,Jonathan) ∧ FATHER_OF(Meonothai,Jonathan)"
36898,441241,FATHER_OF,"BROTHER_OF(Judas Maccabee,Jonathan) ∧ FATHER_OF(Eshton,Jonathan)"
37051,441241,FATHER_OF,"BROTHER_OF(Judas Maccabee,Jonathan) ∧ FATHER_OF(Adaiah,Jonathan)"
24105,441241,FATHER_OF,"BROTHER_OF(Judas Maccabee,Jonathan) ∧ FATHER_OF(Uzziah,Jonathan)"
36797,441241,FATHER_OF,"BROTHER_OF(Judas Maccabee,Jonathan) ∧ FATHER_OF(Chelub,Jonathan)"
18900,30497,FATHER_OF,"BROTHER_OF(Hyrum,Samuel) ∧ FATHER_OF(Helaman,Samuel)"
765216,30497,FATHER_OF,"BROTHER_OF(Hyrum,Samuel) ∧ FATHER_OF(Lehi Nephi,Samuel)"
18900,176512,FATHER_OF,"BROTHER_OF(WILLIAM,Samuel) ∧ FATHER_OF(Helaman,Samuel)"
765216,176512,FATHER_OF,"BROTHER_OF(WILLIAM,Samuel) ∧ FATHER_OF(Lehi Nephi,Samuel)"
36573,12460,FATHER_OF,"SISTER_OF(Nebaiot,Abraham) ∧ FATHER_OF(Haran,Abraham)"
12743,12460,FATHER_OF,"SISTER_OF(Nebaiot,Abraham) ∧ FATHER_OF(Harán,Abraham)"
35071,19259,FATHER_OF,"SISTER_OF(Lot,Milcah) ∧ FATHER_OF(Terah,Milcah)"
36136,19259,FATHER_OF,"SISTER_OF(Lot,Milcah) ∧ FATHER_OF(Keturah,Milcah)"
412558,19259,FATHER_OF,"SISTER_OF(Lot,Milcah) ∧ FATHER_OF(Thara Terah,Milcah)"
39823,19259,FATHER_OF,"SISTER_OF(Lot,Milcah) ∧ FATHER_OF(Milcah,Milcah)"
19210,18918,FATHER_OF,"BROTHER_OF(Nephi,Jacob) ∧ FATHER_OF(Leah,Jacob)"
19199,18918,FATHER_OF,"BROTHER_OF(Nephi,Jacob) ∧ FATHER_OF(Laban,Jacob)"
42086,18918,FATHER_OF,"BROTHER_OF(Nephi,Jacob) ∧ FATHER_OF(Senuah,Jacob)"
38002,18918,FATHER_OF,"BROTHER_OF(Nephi,Jacob) ∧ FATHER_OF(Jehoash,Jacob)"
36330,18918,FATHER_OF,"BROTHER_OF(Nephi,Jacob) ∧ FATHER_OF(Joash,Jacob)"
19082,18918,FATHER_OF,"BROTHER_OF(Nephi,Jacob) ∧ FATHER_OF(Jehoshaphat,Jacob)"
19540,18918,FATHER_OF,"BROTHER_OF(Nephi,Jacob) ∧ FATHER_OF(Rehoboam,Jacob)"
36522,18918,FATHER_OF,"BROTHER_OF(Nephi,Jacob) ∧ FATHER_OF(Uri,Jacob)"
24119,18918,FATHER_OF,"BROTHER_OF(Nephi,Jacob) ∧ FATHER_OF(Jotham,Jacob)"
35433,18918,FATHER_OF,"BROTHER_OF(Nephi,Jacob) ∧ FATHER_OF(Jehoram,Jacob)"
3504,18918,FATHER_OF,"BROTHER_OF(Nephi,Jacob) ∧ FATHER_OF(Asa,Jacob)"
36576,18918,FATHER_OF,"BROTHER_OF(Nephi,Jacob) ∧ FATHER_OF(Jahdai,Jacob)"
36557,18918,FATHER_OF,"BROTHER_OF(Nephi,Jacob) ∧ FATHER_OF(Azariah,Jacob)"
36542,18918,FATHER_OF,"BROTHER_OF(Nephi,Jacob) ∧ FATHER_OF(Appaim,Jacob)"
36724,18918,FATHER_OF,"BROTHER_OF(Nephi,Jacob) ∧ FATHER_OF(Jehohanan,Jacob)"
18906,18918,FATHER_OF,"BROTHER_OF(Nephi,Jacob) ∧ FATHER_OF(Hezekiah,Jacob)"
36563,18918,FATHER_OF,"BROTHER_OF(Nephi,Jacob) ∧ FATHER_OF(Jekamiah,Jacob)"
402110,18918,FATHER_OF,"BROTHER_OF(Nephi,Jacob) ∧ FATHER_OF(Hassenuah,Jacob)"
36905,18918,FATHER_OF,"BROTHER_OF(Nephi,Jacob) ∧ FATHER_OF(Meonothai,Jacob)"
36898,18918,FATHER_OF,"BROTHER_OF(Nephi,Jacob) ∧ FATHER_OF(Eshton,Jacob)"
37051,18918,FATHER_OF,"BROTHER_OF(Nephi,Jacob) ∧ FATHER_OF(Adaiah,Jacob)"
24105,18918,FATHER_OF,"BROTHER_OF(Nephi,Jacob) ∧ FATHER_OF(Uzziah,Jacob)"
36797,18918,FATHER_OF,"BROTHER_OF(Nephi,Jacob) ∧ FATHER_OF(Chelub,Jacob)"
106978,18683,FATHER_OF,"BROTHER_OF(Esau,Jacob) ∧ FATHER_OF(Asael Smith,Jacob)"
36345,18683,FATHER_OF,"BROTHER_OF(Esau,Jacob) ∧ FATHER_OF(Elkanah,Jacob)"
59317,18683,FATHER_OF,"BROTHER_OF(Esau,Jacob) ∧ FATHER_OF(Robert,Jacob)"
464107,18683,FATHER_OF,"BROTHER_OF(Esau,Jacob) ∧ FATHER_OF(An Ephraimite,Jacob)"
19210,18683,FATHER_OF,"BROTHER_OF(Esau,Jacob) ∧ FATHER_OF(Leah,Jacob)"
19199,18683,FATHER_OF,"BROTHER_OF(Esau,Jacob) ∧ FATHER_OF(Laban,Jacob)"
42086,18683,FATHER_OF,"BROTHER_OF(Esau,Jacob) ∧ FATHER_OF(Senuah,Jacob)"
38002,18683,FATHER_OF,"BROTHER_OF(Esau,Jacob) ∧ FATHER_OF(Jehoash,Jacob)"
36330,18683,FATHER_OF,"BROTHER_OF(Esau,Jacob) ∧ FATHER_OF(Joash,Jacob)"
19082,18683,FATHER_OF,"BROTHER_OF(Esau,Jacob) ∧ FATHER_OF(Jehoshaphat,Jacob)"
19540,18683,FATHER_OF,"BROTHER_OF(Esau,Jacob) ∧ FATHER_OF(Rehoboam,Jacob)"
36522,18683,FATHER_OF,"BROTHER_OF(Esau,Jacob) ∧ FATHER_OF(Uri,Jacob)"
24119,18683,FATHER_OF,"BROTHER_OF(Esau,Jacob) ∧ FATHER_OF(Jotham,Jacob)"
35433,18683,FATHER_OF,"BROTHER_OF(Esau,Jacob) ∧ FATHER_OF(Jehoram,Jacob)"
3504,18683,FATHER_OF,"BROTHER_OF(Esau,Jacob) ∧ FATHER_OF(Asa,Jacob)"
36576,18683,FATHER_OF,"BROTHER_OF(Esau,Jacob) ∧ FATHER_OF(Jahdai,Jacob)"
36557,18683,FATHER_OF,"BROTHER_OF(Esau,Jacob) ∧ FATHER_OF(Azariah,Jacob)"
36542,18683,FATHER_OF,"BROTHER_OF(Esau,Jacob) ∧ FATHER_OF(Appaim,Jacob)"
36724,18683,FATHER_OF,"BROTHER_OF(Esau,Jacob) ∧ FATHER_OF(Jehohanan,Jacob)"
18906,18683,FATHER_OF,"BROTHER_OF(Esau,Jacob) ∧ FATHER_OF(Hezekiah,Jacob)"
36563,18683,FATHER_OF,"BROTHER_OF(Esau,Jacob) ∧ FATHER_OF(Jekamiah,Jacob)"
402110,18683,FATHER_OF,"BROTHER_OF(Esau,Jacob) ∧ FATHER_OF(Hassenuah,Jacob)"
36905,18683,FATHER_OF,"BROTHER_OF(Esau,Jacob) ∧ FATHER_OF(Meonothai,Jacob)"
36898,18683,FATHER_OF,"BROTHER_OF(Esau,Jacob) ∧ FATHER_OF(Eshton,Jacob)"
37051,18683,FATHER_OF,"BROTHER_OF(Esau,Jacob) ∧ FATHER_OF(Adaiah,Jacob)"
24105,18683,FATHER_OF,"BROTHER_OF(Esau,Jacob) ∧ FATHER_OF(Uzziah,Jacob)"
36797,18683,FATHER_OF,"BROTHER_OF(Esau,Jacob) ∧ FATHER_OF(Chelub,Jacob)"
11338,19202,FATHER_OF,"BROTHER_OF(Laman,Nephi) ∧ FATHER_OF(Simón Iscariote,Nephi)"
19073,19202,FATHER_OF,"BROTHER_OF(Laman,Nephi) ∧ FATHER_OF(James,Nephi)"
757218,19202,FATHER_OF,"BROTHER_OF(Laman,Nephi) ∧ FATHER_OF(Chalphi,Nephi)"
457984,19202,FATHER_OF,"BROTHER_OF(Laman,Nephi) ∧ FATHER_OF(Simon Iscariot,Nephi)"
35049,19202,FATHER_OF,"BROTHER_OF(Laman,Nephi) ∧ FATHER_OF(Rhesa,Nephi)"
25524,19202,FATHER_OF,"BROTHER_OF(Laman,Nephi) ∧ FATHER_OF(Jonas,Nephi)"
45834,19202,FATHER_OF,"BROTHER_OF(Laman,Nephi) ∧ FATHER_OF(Jona,Nephi)"
19094,19202,FATHER_OF,"BROTHER_OF(Laman,Nephi) ∧ FATHER_OF(Jonah,Nephi)"
650625,19202,FATHER_OF,"BROTHER_OF(Laman,Nephi) ∧ FATHER_OF(Gioras,Nephi)"
55816,19202,FATHER_OF,"BROTHER_OF(Laman,Nephi) ∧ FATHER_OF(Jochai,Nephi)"
465526,19202,FATHER_OF,"BROTHER_OF(Laman,Nephi) ∧ FATHER_OF(Onias,Nephi)"
18873,19202,FATHER_OF,"BROTHER_OF(Laman,Nephi) ∧ FATHER_OF(Gamaliel,Nephi)"
11338,19097,FATHER_OF,"BROTHER_OF(Joseph,Nephi) ∧ FATHER_OF(Simón Iscariote,Nephi)"
19073,19097,FATHER_OF,"BROTHER_OF(Joseph,Nephi) ∧ FATHER_OF(James,Nephi)"
757218,19097,FATHER_OF,"BROTHER_OF(Joseph,Nephi) ∧ FATHER_OF(Chalphi,Nephi)"
457984,19097,FATHER_OF,"BROTHER_OF(Joseph,Nephi) ∧ FATHER_OF(Simon Iscariot,Nephi)"
35049,19097,FATHER_OF,"BROTHER_OF(Joseph,Nephi) ∧ FATHER_OF(Rhesa,Nephi)"
25524,19097,FATHER_OF,"BROTHER_OF(Joseph,Nephi) ∧ FATHER_OF(Jonas,Nephi)"
45834,19097,FATHER_OF,"BROTHER_OF(Joseph,Nephi) ∧ FATHER_OF(Jona,Nephi)"
19094,19097,FATHER_OF,"BROTHER_OF(Joseph,Nephi) ∧ FATHER_OF(Jonah,Nephi)"
650625,19097,FATHER_OF,"BROTHER_OF(Joseph,Nephi) ∧ FATHER_OF(Gioras,Nephi)"
55816,19097,FATHER_OF,"BROTHER_OF(Joseph,Nephi) ∧ FATHER_OF(Jochai,Nephi)"
465526,19097,FATHER_OF,"BROTHER_OF(Joseph,Nephi) ∧ FATHER_OF(Onias,Nephi)"
18873,19097,FATHER_OF,"BROTHER_OF(Joseph,Nephi) ∧ FATHER_OF(Gamaliel,Nephi)"
11338,19557,FATHER_OF,"BROTHER_OF(Sam,Nephi) ∧ FATHER_OF(Simón Iscariote,Nephi)"
19073,19557,FATHER_OF,"BROTHER_OF(Sam,Nephi) ∧ FATHER_OF(James,Nephi)"
757218,19557,FATHER_OF,"BROTHER_OF(Sam,Nephi) ∧ FATHER_OF(Chalphi,Nephi)"
457984,19557,FATHER_OF,"BROTHER_OF(Sam,Nephi) ∧ FATHER_OF(Simon Iscariot,Nephi)"
35049,19557,FATHER_OF,"BROTHER_OF(Sam,Nephi) ∧ FATHER_OF(Rhesa,Nephi)"
25524,19557,FATHER_OF,"BROTHER_OF(Sam,Nephi) ∧ FATHER_OF(Jonas,Nephi)"
45834,19557,FATHER_OF,"BROTHER_OF(Sam,Nephi) ∧ FATHER_OF(Jona,Nephi)"
19094,19557,FATHER_OF,"BROTHER_OF(Sam,Nephi) ∧ FATHER_OF(Jonah,Nephi)"
650625,19557,FATHER_OF,"BROTHER_OF(Sam,Nephi) ∧ FATHER_OF(Gioras,Nephi)"
55816,19557,FATHER_OF,"BROTHER_OF(Sam,Nephi) ∧ FATHER_OF(Jochai,Nephi)"
465526,19557,FATHER_OF,"BROTHER_OF(Sam,Nephi) ∧ FATHER_OF(Onias,Nephi)"
18873,19557,FATHER_OF,"BROTHER_OF(Sam,Nephi) ∧ FATHER_OF(Gamaliel,Nephi)"
11338,19211,FATHER_OF,"BROTHER_OF(Lemuel,Nephi) ∧ FATHER_OF(Simón Iscariote,Nephi)"
19073,19211,FATHER_OF,"BROTHER_OF(Lemuel,Nephi) ∧ FATHER_OF(James,Nephi)"
757218,19211,FATHER_OF,"BROTHER_OF(Lemuel,Nephi) ∧ FATHER_OF(Chalphi,Nephi)"
457984,19211,FATHER_OF,"BROTHER_OF(Lemuel,Nephi) ∧ FATHER_OF(Simon Iscariot,Nephi)"
35049,19211,FATHER_OF,"BROTHER_OF(Lemuel,Nephi) ∧ FATHER_OF(Rhesa,Nephi)"
25524,19211,FATHER_OF,"BROTHER_OF(Lemuel,Nephi) ∧ FATHER_OF(Jonas,Nephi)"
45834,19211,FATHER_OF,"BROTHER_OF(Lemuel,Nephi) ∧ FATHER_OF(Jona,Nephi)"
19094,19211,FATHER_OF,"BROTHER_OF(Lemuel,Nephi) ∧ FATHER_OF(Jonah,Nephi)"
650625,19211,FATHER_OF,"BROTHER_OF(Lemuel,Nephi) ∧ FATHER_OF(Gioras,Nephi)"
55816,19211,FATHER_OF,"BROTHER_OF(Lemuel,Nephi) ∧ FATHER_OF(Jochai,Nephi)"
465526,19211,FATHER_OF,"BROTHER_OF(Lemuel,Nephi) ∧ FATHER_OF(Onias,Nephi)"
18873,19211,FATHER_OF,"BROTHER_OF(Lemuel,Nephi) ∧ FATHER_OF(Gamaliel,Nephi)"
30664,19073,FATHER_OF,"BROTHER_OF(James,John) ∧ FATHER_OF(Joseph Smith Sr.,John)"
213770,19073,FATHER_OF,"BROTHER_OF(James,John) ∧ FATHER_OF(Alexander Hale Smith,John)"
520857,19073,FATHER_OF,"BROTHER_OF(James,John) ∧ FATHER_OF(Patriarch Hyrum Smith,John)"
18900,67829,FATHER_OF,"BROTHER_OF(Samuel Harrison Smith,José) ∧ FATHER_OF(Helaman,José)"
765216,67829,FATHER_OF,"BROTHER_OF(Samuel Harrison Smith,José) ∧ FATHER_OF(Lehi Nephi,José)"
494653,29699,FATHER_OF,"BROTHER_OF(Hiram,Joseph) ∧ FATHER_OF(Sirach,Joseph)"
516157,29699,FATHER_OF,"BROTHER_OF(Hiram,Joseph) ∧ FATHER_OF(SIR,Joseph)"
398435,29699,FATHER_OF,"BROTHER_OF(Hiram,Joseph) ∧ FATHER_OF(Josedek,Joseph)"
416791,29699,FATHER_OF,"BROTHER_OF(Hiram,Joseph) ∧ FATHER_OF(Ananus,Joseph)"
19581,29699,FATHER_OF,"BROTHER_OF(Hiram,Joseph) ∧ FATHER_OF(Simon,Joseph)"
35452,29699,FATHER_OF,"BROTHER_OF(Hiram,Joseph) ∧ FATHER_OF(Eleazar,Joseph)"
494653,29832,FATHER_OF,"BROTHER_OF(William Smith,Joseph) ∧ FATHER_OF(Sirach,Joseph)"
516157,29832,FATHER_OF,"BROTHER_OF(William Smith,Joseph) ∧ FATHER_OF(SIR,Joseph)"
398435,29832,FATHER_OF,"BROTHER_OF(William Smith,Joseph) ∧ FATHER_OF(Josedek,Joseph)"
416791,29832,FATHER_OF,"BROTHER_OF(William Smith,Joseph) ∧ FATHER_OF(Ananus,Joseph)"
19581,29832,FATHER_OF,"BROTHER_OF(William Smith,Joseph) ∧ FATHER_OF(Simon,Joseph)"
35452,29832,FATHER_OF,"BROTHER_OF(William Smith,Joseph) ∧ FATHER_OF(Eleazar,Joseph)"
36215,209474,FATHER_OF,"BROTHER_OF(Don Carlos Smith,Hyrum Smith) ∧ FATHER_OF(Aholibamah,Hyrum Smith)"
40102,209474,FATHER_OF,"BROTHER_OF(Don Carlos Smith,Hyrum Smith) ∧ FATHER_OF(Beeri,Hyrum Smith)"
37465,209474,FATHER_OF,"BROTHER_OF(Don Carlos Smith,Hyrum Smith) ∧ FATHER_OF(Elon,Hyrum Smith)"
18917,209474,FATHER_OF,"BROTHER_OF(Don Carlos Smith,Hyrum Smith) ∧ FATHER_OF(Ishmael,Hyrum Smith)"
106978,19092,FATHER_OF,"BROTHER_OF(John,Jacob) ∧ FATHER_OF(Asael Smith,Jacob)"
36345,19092,FATHER_OF,"BROTHER_OF(John,Jacob) ∧ FATHER_OF(Elkanah,Jacob)"
59317,19092,FATHER_OF,"BROTHER_OF(John,Jacob) ∧ FATHER_OF(Robert,Jacob)"
464107,19092,FATHER_OF,"BROTHER_OF(John,Jacob) ∧ FATHER_OF(An Ephraimite,Jacob)"
19536,19106,FATHER_OF,"BROTHER_OF(Judah,Jesus) ∧ FATHER_OF(Rachel,Jesus)"
35060,19106,FATHER_OF,"BROTHER_OF(Judah,Jesus) ∧ FATHER_OF(Jonan,Jesus)"
35037,19106,FATHER_OF,"BROTHER_OF(Judah,Jesus) ∧ FATHER_OF(Heli,Jesus)"
3416,19106,FATHER_OF,"BROTHER_OF(Judah,Jesus) ∧ FATHER_OF(Amos,Jesus)"
19109,19106,FATHER_OF,"BROTHER_OF(Judah,Jesus) ∧ FATHER_OF(Jude,Jesus)"
18670,19106,FATHER_OF,"BROTHER_OF(Judah,Jesus) ∧ FATHER_OF(Eli,Jesus)"
409594,19106,FATHER_OF,"BROTHER_OF(Judah,Jesus) ∧ FATHER_OF(Jonam,Jesus)"
15527,19106,FATHER_OF,"BROTHER_OF(Judah,Jesus) ∧ FATHER_OF(Potiphera,Jesus)"
30497,19106,FATHER_OF,"BROTHER_OF(Judah,Jesus) ∧ FATHER_OF(Hyrum,Jesus)"
5852,19106,FATHER_OF,"BROTHER_OF(Judah,Jesus) ∧ FATHER_OF(Cuando,Jesus)"
19583,19106,FATHER_OF,"BROTHER_OF(Judah,Jesus) ∧ FATHER_OF(Hyrum Smith,Jesus)"
391257,19106,FATHER_OF,"BROTHER_OF(Judah,Jesus) ∧ FATHER_OF(Patriarch,Jesus)"
494653,55772,FATHER_OF,"BROTHER_OF(Samuel Smith,Joseph) ∧ FATHER_OF(Sirach,Joseph)"
516157,55772,FATHER_OF,"BROTHER_OF(Samuel Smith,Joseph) ∧ FATHER_OF(SIR,Joseph)"
398435,55772,FATHER_OF,"BROTHER_OF(Samuel Smith,Joseph) ∧ FATHER_OF(Josedek,Joseph)"
416791,55772,FATHER_OF,"BROTHER_OF(Samuel Smith,Joseph) ∧ FATHER_OF(Ananus,Joseph)"
19581,55772,FATHER_OF,"BROTHER_OF(Samuel Smith,Joseph) ∧ FATHER_OF(Simon,Joseph)"
35452,55772,FATHER_OF,"BROTHER_OF(Samuel Smith,Joseph) ∧ FATHER_OF(Eleazar,Joseph)"
18915,150532,FATHER_OF,"BROTHER_OF(Alvin Smith,Joseph Smith) ∧ FATHER_OF(Isaac,Joseph Smith)"
35453,150532,FATHER_OF,"BROTHER_OF(Alvin Smith,Joseph Smith) ∧ FATHER_OF(Matthan,Joseph Smith)"
12037,150532,FATHER_OF,"BROTHER_OF(Alvin Smith,Joseph Smith) ∧ FATHER_OF(Matán,Joseph Smith)"
19076,150532,FATHER_OF,"BROTHER_OF(Alvin Smith,Joseph Smith) ∧ FATHER_OF(Zebedee,Joseph Smith)"
19075,150532,FATHER_OF,"BROTHER_OF(Alvin Smith,Joseph Smith) ∧ FATHER_OF(Alphaeus,Joseph Smith)"
213770,150532,FATHER_OF,"BROTHER_OF(Alvin Smith,Joseph Smith) ∧ FATHER_OF(Alexander Hale Smith,Joseph Smith)"
520857,150532,FATHER_OF,"BROTHER_OF(Alvin Smith,Joseph Smith) ∧ FATHER_OF(Patriarch Hyrum Smith,Joseph Smith)"
19092,150532,FATHER_OF,"BROTHER_OF(Alvin Smith,Joseph Smith) ∧ FATHER_OF(John,Joseph Smith)"
494653,31138,FATHER_OF,"BROTHER_OF(Smith,Joseph) ∧ FATHER_OF(Sirach,Joseph)"
516157,31138,FATHER_OF,"BROTHER_OF(Smith,Joseph) ∧ FATHER_OF(SIR,Joseph)"
398435,31138,FATHER_OF,"BROTHER_OF(Smith,Joseph) ∧ FATHER_OF(Josedek,Joseph)"
416791,31138,FATHER_OF,"BROTHER_OF(Smith,Joseph) ∧ FATHER_OF(Ananus,Joseph)"
19581,31138,FATHER_OF,"BROTHER_OF(Smith,Joseph) ∧ FATHER_OF(Simon,Joseph)"
35452,31138,FATHER_OF,"BROTHER_OF(Smith,Joseph) ∧ FATHER_OF(Eleazar,Joseph)"
18900,209992,FATHER_OF,"SISTER_OF(Sophronia,José) ∧ FATHER_OF(Helaman,José)"
765216,209992,FATHER_OF,"SISTER_OF(Sophronia,José) ∧ FATHER_OF(Lehi Nephi,José)"
494653,117822,FATHER_OF,"SISTER_OF(Patrick,Joseph) ∧ FATHER_OF(Sirach,Joseph)"
516157,117822,FATHER_OF,"SISTER_OF(Patrick,Joseph) ∧ FATHER_OF(SIR,Joseph)"
398435,117822,FATHER_OF,"SISTER_OF(Patrick,Joseph) ∧ FATHER_OF(Josedek,Joseph)"
416791,117822,FATHER_OF,"SISTER_OF(Patrick,Joseph) ∧ FATHER_OF(Ananus,Joseph)"
19581,117822,FATHER_OF,"SISTER_OF(Patrick,Joseph) ∧ FATHER_OF(Simon,Joseph)"
35452,117822,FATHER_OF,"SISTER_OF(Patrick,Joseph) ∧ FATHER_OF(Eleazar,Joseph)"
494653,561682,FATHER_OF,"SISTER_OF(Rhoda Ann Jennetta Richards,Joseph) ∧ FATHER_OF(Sirach,Joseph)"
516157,561682,FATHER_OF,"SISTER_OF(Rhoda Ann Jennetta Richards,Joseph) ∧ FATHER_OF(SIR,Joseph)"
398435,561682,FATHER_OF,"SISTER_OF(Rhoda Ann Jennetta Richards,Joseph) ∧ FATHER_OF(Josedek,Joseph)"
416791,561682,FATHER_OF,"SISTER_OF(Rhoda Ann Jennetta Richards,Joseph) ∧ FATHER_OF(Ananus,Joseph)"
19581,561682,FATHER_OF,"SISTER_OF(Rhoda Ann Jennetta Richards,Joseph) ∧ FATHER_OF(Simon,Joseph)"
35452,561682,FATHER_OF,"SISTER_OF(Rhoda Ann Jennetta Richards,Joseph) ∧ FATHER_OF(Eleazar,Joseph)"
36215,19102,FATHER_OF,"BROTHER_OF(Joseph Smith,Hyrum Smith) ∧ FATHER_OF(Aholibamah,Hyrum Smith)"
40102,19102,FATHER_OF,"BROTHER_OF(Joseph Smith,Hyrum Smith) ∧ FATHER_OF(Beeri,Hyrum Smith)"
37465,19102,FATHER_OF,"BROTHER_OF(Joseph Smith,Hyrum Smith) ∧ FATHER_OF(Elon,Hyrum Smith)"
18917,19102,FATHER_OF,"BROTHER_OF(Joseph Smith,Hyrum Smith) ∧ FATHER_OF(Ishmael,Hyrum Smith)"
18915,19735,FATHER_OF,"BROTHER_OF(José,Samuel) ∧ FATHER_OF(Isaac,Samuel)"
35453,19735,FATHER_OF,"BROTHER_OF(José,Samuel) ∧ FATHER_OF(Matthan,Samuel)"
12037,19735,FATHER_OF,"BROTHER_OF(José,Samuel) ∧ FATHER_OF(Matán,Samuel)"
19076,19735,FATHER_OF,"BROTHER_OF(José,Samuel) ∧ FATHER_OF(Zebedee,Samuel)"
19075,19735,FATHER_OF,"BROTHER_OF(José,Samuel) ∧ FATHER_OF(Alphaeus,Samuel)"
213770,19735,FATHER_OF,"BROTHER_OF(José,Samuel) ∧ FATHER_OF(Alexander Hale Smith,Samuel)"
520857,19735,FATHER_OF,"BROTHER_OF(José,Samuel) ∧ FATHER_OF(Patriarch Hyrum Smith,Samuel)"
19092,19735,FATHER_OF,"BROTHER_OF(José,Samuel) ∧ FATHER_OF(John,Samuel)"
36573,36121,FATHER_OF,"BROTHER_OF(Abram,Haran) ∧ FATHER_OF(Haran,Haran)"
12743,36121,FATHER_OF,"BROTHER_OF(Abram,Haran) ∧ FATHER_OF(Harán,Haran)"
19871,19583,FATHER_OF,"BROTHER_OF(Hyrum Smith,William Smith) ∧ FATHER_OF(Zacharias,William Smith)"
397883,19583,FATHER_OF,"BROTHER_OF(Hyrum Smith,William Smith) ∧ FATHER_OF(Mathew Woodruff,William Smith)"
494839,19583,FATHER_OF,"BROTHER_OF(Hyrum Smith,William Smith) ∧ FATHER_OF(Accos,William Smith)"
35041,19583,FATHER_OF,"BROTHER_OF(Hyrum Smith,William Smith) ∧ FATHER_OF(Mattathias,William Smith)"
19872,19583,FATHER_OF,"BROTHER_OF(Hyrum Smith,William Smith) ∧ FATHER_OF(Zechariah,William Smith)"
19108,19583,FATHER_OF,"BROTHER_OF(Hyrum Smith,William Smith) ∧ FATHER_OF(Judas,William Smith)"
204448,19583,FATHER_OF,"BROTHER_OF(Hyrum Smith,William Smith) ∧ FATHER_OF(Alpheus,William Smith)"
499765,19583,FATHER_OF,"BROTHER_OF(Hyrum Smith,William Smith) ∧ FATHER_OF(Zehedee,William Smith)"
621613,19583,FATHER_OF,"BROTHER_OF(Hyrum Smith,William Smith) ∧ FATHER_OF(Zebedee Salome,William Smith)"
42109,19583,FATHER_OF,"BROTHER_OF(Hyrum Smith,William Smith) ∧ FATHER_OF(Joiada,William Smith)"
19566,19583,FATHER_OF,"BROTHER_OF(Hyrum Smith,William Smith) ∧ FATHER_OF(Shaul,William Smith)"
19494,19583,FATHER_OF,"BROTHER_OF(Hyrum Smith,William Smith) ∧ FATHER_OF(Paul,William Smith)"
36417,19583,FATHER_OF,"BROTHER_OF(Hyrum Smith,William Smith) ∧ FATHER_OF(Shemaiah,William Smith)"
36161,19583,FATHER_OF,"BROTHER_OF(Hyrum Smith,William Smith) ∧ FATHER_OF(Shage,William Smith)"
36610,19583,FATHER_OF,"BROTHER_OF(Hyrum Smith,William Smith) ∧ FATHER_OF(Shimea,William Smith)"
35320,19583,FATHER_OF,"BROTHER_OF(Hyrum Smith,William Smith) ∧ FATHER_OF(Abiathar,William Smith)"
36418,19583,FATHER_OF,"BROTHER_OF(Hyrum Smith,William Smith) ∧ FATHER_OF(Uzziel,William Smith)"
36162,19583,FATHER_OF,"BROTHER_OF(Hyrum Smith,William Smith) ∧ FATHER_OF(Shammah,William Smith)"
419644,19583,FATHER_OF,"BROTHER_OF(Hyrum Smith,William Smith) ∧ FATHER_OF(Shagee,William Smith)"
36830,19583,FATHER_OF,"BROTHER_OF(Hyrum Smith,William Smith) ∧ FATHER_OF(Absalom,William Smith)"
36627,19583,FATHER_OF,"BROTHER_OF(Hyrum Smith,William Smith) ∧ FATHER_OF(Shimei,William Smith)"
36215,18897,FATHER_OF,"BROTHER_OF(Samuel,Hyrum Smith) ∧ FATHER_OF(Aholibamah,Hyrum Smith)"
40102,18897,FATHER_OF,"BROTHER_OF(Samuel,Hyrum Smith) ∧ FATHER_OF(Beeri,Hyrum Smith)"
37465,18897,FATHER_OF,"BROTHER_OF(Samuel,Hyrum Smith) ∧ FATHER_OF(Elon,Hyrum Smith)"
18917,18897,FATHER_OF,"BROTHER_OF(Samuel,Hyrum Smith) ∧ FATHER_OF(Ishmael,Hyrum Smith)"
30664,19095,FATHER_OF,"BROTHER_OF(Jonathan,John) ∧ FATHER_OF(Joseph Smith Sr.,John)"
213770,19095,FATHER_OF,"BROTHER_OF(Jonathan,John) ∧ FATHER_OF(Alexander Hale Smith,John)"
520857,19095,FATHER_OF,"BROTHER_OF(Jonathan,John) ∧ FATHER_OF(Patriarch Hyrum Smith,John)"
19536,203561,FATHER_OF,"BROTHER_OF(Judas Maccabeus,Simon) ∧ FATHER_OF(Rachel,Simon)"
35060,203561,FATHER_OF,"BROTHER_OF(Judas Maccabeus,Simon) ∧ FATHER_OF(Jonan,Simon)"
35037,203561,FATHER_OF,"BROTHER_OF(Judas Maccabeus,Simon) ∧ FATHER_OF(Heli,Simon)"
3416,203561,FATHER_OF,"BROTHER_OF(Judas Maccabeus,Simon) ∧ FATHER_OF(Amos,Simon)"
19109,203561,FATHER_OF,"BROTHER_OF(Judas Maccabeus,Simon) ∧ FATHER_OF(Jude,Simon)"
18670,203561,FATHER_OF,"BROTHER_OF(Judas Maccabeus,Simon) ∧ FATHER_OF(Eli,Simon)"
409594,203561,FATHER_OF,"BROTHER_OF(Judas Maccabeus,Simon) ∧ FATHER_OF(Jonam,Simon)"
15527,203561,FATHER_OF,"BROTHER_OF(Judas Maccabeus,Simon) ∧ FATHER_OF(Potiphera,Simon)"
30497,203561,FATHER_OF,"BROTHER_OF(Judas Maccabeus,Simon) ∧ FATHER_OF(Hyrum,Simon)"
5852,203561,FATHER_OF,"BROTHER_OF(Judas Maccabeus,Simon) ∧ FATHER_OF(Cuando,Simon)"
19583,203561,FATHER_OF,"BROTHER_OF(Judas Maccabeus,Simon) ∧ FATHER_OF(Hyrum Smith,Simon)"
391257,203561,FATHER_OF,"BROTHER_OF(Judas Maccabeus,Simon) ∧ FATHER_OF(Patriarch,Simon)"
18915,30497,FATHER_OF,"BROTHER_OF(Hyrum,Samuel) ∧ FATHER_OF(Isaac,Samuel)"
35453,30497,FATHER_OF,"BROTHER_OF(Hyrum,Samuel) ∧ FATHER_OF(Matthan,Samuel)"
12037,30497,FATHER_OF,"BROTHER_OF(Hyrum,Samuel) ∧ FATHER_OF(Matán,Samuel)"
19076,30497,FATHER_OF,"BROTHER_OF(Hyrum,Samuel) ∧ FATHER_OF(Zebedee,Samuel)"
19075,30497,FATHER_OF,"BROTHER_OF(Hyrum,Samuel) ∧ FATHER_OF(Alphaeus,Samuel)"
213770,30497,FATHER_OF,"BROTHER_OF(Hyrum,Samuel) ∧ FATHER_OF(Alexander Hale Smith,Samuel)"
520857,30497,FATHER_OF,"BROTHER_OF(Hyrum,Samuel) ∧ FATHER_OF(Patriarch Hyrum Smith,Samuel)"
19092,30497,FATHER_OF,"BROTHER_OF(Hyrum,Samuel) ∧ FATHER_OF(John,Samuel)"
18915,176512,FATHER_OF,"BROTHER_OF(WILLIAM,Samuel) ∧ FATHER_OF(Isaac,Samuel)"
35453,176512,FATHER_OF,"BROTHER_OF(WILLIAM,Samuel) ∧ FATHER_OF(Matthan,Samuel)"
12037,176512,FATHER_OF,"BROTHER_OF(WILLIAM,Samuel) ∧ FATHER_OF(Matán,Samuel)"
19076,176512,FATHER_OF,"BROTHER_OF(WILLIAM,Samuel) ∧ FATHER_OF(Zebedee,Samuel)"
19075,176512,FATHER_OF,"BROTHER_OF(WILLIAM,Samuel) ∧ FATHER_OF(Alphaeus,Samuel)"
213770,176512,FATHER_OF,"BROTHER_OF(WILLIAM,Samuel) ∧ FATHER_OF(Alexander Hale Smith,Samuel)"
520857,176512,FATHER_OF,"BROTHER_OF(WILLIAM,Samuel) ∧ FATHER_OF(Patriarch Hyrum Smith,Samuel)"
19092,176512,FATHER_OF,"BROTHER_OF(WILLIAM,Samuel) ∧ FATHER_OF(John,Samuel)"
35074,19259,FATHER_OF,"SISTER_OF(Lot,Milcah) ∧ FATHER_OF(Reu,Milcah)"
35073,19259,FATHER_OF,"SISTER_OF(Lot,Milcah) ∧ FATHER_OF(Serug,Milcah)"
392321,19259,FATHER_OF,"SISTER_OF(Lot,Milcah) ∧ FATHER_OF(Serug Branch,Milcah)"
19210,19202,FATHER_OF,"BROTHER_OF(Laman,Nephi) ∧ FATHER_OF(Leah,Nephi)"
19199,19202,FATHER_OF,"BROTHER_OF(Laman,Nephi) ∧ FATHER_OF(Laban,Nephi)"
42086,19202,FATHER_OF,"BROTHER_OF(Laman,Nephi) ∧ FATHER_OF(Senuah,Nephi)"
38002,19202,FATHER_OF,"BROTHER_OF(Laman,Nephi) ∧ FATHER_OF(Jehoash,Nephi)"
36330,19202,FATHER_OF,"BROTHER_OF(Laman,Nephi) ∧ FATHER_OF(Joash,Nephi)"
19082,19202,FATHER_OF,"BROTHER_OF(Laman,Nephi) ∧ FATHER_OF(Jehoshaphat,Nephi)"
19540,19202,FATHER_OF,"BROTHER_OF(Laman,Nephi) ∧ FATHER_OF(Rehoboam,Nephi)"
36522,19202,FATHER_OF,"BROTHER_OF(Laman,Nephi) ∧ FATHER_OF(Uri,Nephi)"
24119,19202,FATHER_OF,"BROTHER_OF(Laman,Nephi) ∧ FATHER_OF(Jotham,Nephi)"
35433,19202,FATHER_OF,"BROTHER_OF(Laman,Nephi) ∧ FATHER_OF(Jehoram,Nephi)"
3504,19202,FATHER_OF,"BROTHER_OF(Laman,Nephi) ∧ FATHER_OF(Asa,Nephi)"
36576,19202,FATHER_OF,"BROTHER_OF(Laman,Nephi) ∧ FATHER_OF(Jahdai,Nephi)"
36557,19202,FATHER_OF,"BROTHER_OF(Laman,Nephi) ∧ FATHER_OF(Azariah,Nephi)"
36542,19202,FATHER_OF,"BROTHER_OF(Laman,Nephi) ∧ FATHER_OF(Appaim,Nephi)"
36724,19202,FATHER_OF,"BROTHER_OF(Laman,Nephi) ∧ FATHER_OF(Jehohanan,Nephi)"
18906,19202,FATHER_OF,"BROTHER_OF(Laman,Nephi) ∧ FATHER_OF(Hezekiah,Nephi)"
36563,19202,FATHER_OF,"BROTHER_OF(Laman,Nephi) ∧ FATHER_OF(Jekamiah,Nephi)"
402110,19202,FATHER_OF,"BROTHER_OF(Laman,Nephi) ∧ FATHER_OF(Hassenuah,Nephi)"
36905,19202,FATHER_OF,"BROTHER_OF(Laman,Nephi) ∧ FATHER_OF(Meonothai,Nephi)"
36898,19202,FATHER_OF,"BROTHER_OF(Laman,Nephi) ∧ FATHER_OF(Eshton,Nephi)"
37051,19202,FATHER_OF,"BROTHER_OF(Laman,Nephi) ∧ FATHER_OF(Adaiah,Nephi)"
24105,19202,FATHER_OF,"BROTHER_OF(Laman,Nephi) ∧ FATHER_OF(Uzziah,Nephi)"
36797,19202,FATHER_OF,"BROTHER_OF(Laman,Nephi) ∧ FATHER_OF(Chelub,Nephi)"
19210,19097,FATHER_OF,"BROTHER_OF(Joseph,Nephi) ∧ FATHER_OF(Leah,Nephi)"
19199,19097,FATHER_OF,"BROTHER_OF(Joseph,Nephi) ∧ FATHER_OF(Laban,Nephi)"
42086,19097,FATHER_OF,"BROTHER_OF(Joseph,Nephi) ∧ FATHER_OF(Senuah,Nephi)"
38002,19097,FATHER_OF,"BROTHER_OF(Joseph,Nephi) ∧ FATHER_OF(Jehoash,Nephi)"
36330,19097,FATHER_OF,"BROTHER_OF(Joseph,Nephi) ∧ FATHER_OF(Joash,Nephi)"
19082,19097,FATHER_OF,"BROTHER_OF(Joseph,Nephi) ∧ FATHER_OF(Jehoshaphat,Nephi)"
19540,19097,FATHER_OF,"BROTHER_OF(Joseph,Nephi) ∧ FATHER_OF(Rehoboam,Nephi)"
36522,19097,FATHER_OF,"BROTHER_OF(Joseph,Nephi) ∧ FATHER_OF(Uri,Nephi)"
24119,19097,FATHER_OF,"BROTHER_OF(Joseph,Nephi) ∧ FATHER_OF(Jotham,Nephi)"
35433,19097,FATHER_OF,"BROTHER_OF(Joseph,Nephi) ∧ FATHER_OF(Jehoram,Nephi)"
3504,19097,FATHER_OF,"BROTHER_OF(Joseph,Nephi) ∧ FATHER_OF(Asa,Nephi)"
36576,19097,FATHER_OF,"BROTHER_OF(Joseph,Nephi) ∧ FATHER_OF(Jahdai,Nephi)"
36557,19097,FATHER_OF,"BROTHER_OF(Joseph,Nephi) ∧ FATHER_OF(Azariah,Nephi)"
36542,19097,FATHER_OF,"BROTHER_OF(Joseph,Nephi) ∧ FATHER_OF(Appaim,Nephi)"
36724,19097,FATHER_OF,"BROTHER_OF(Joseph,Nephi) ∧ FATHER_OF(Jehohanan,Nephi)"
18906,19097,FATHER_OF,"BROTHER_OF(Joseph,Nephi) ∧ FATHER_OF(Hezekiah,Nephi)"
36563,19097,FATHER_OF,"BROTHER_OF(Joseph,Nephi) ∧ FATHER_OF(Jekamiah,Nephi)"
402110,19097,FATHER_OF,"BROTHER_OF(Joseph,Nephi) ∧ FATHER_OF(Hassenuah,Nephi)"
36905,19097,FATHER_OF,"BROTHER_OF(Joseph,Nephi) ∧ FATHER_OF(Meonothai,Nephi)"
36898,19097,FATHER_OF,"BROTHER_OF(Joseph,Nephi) ∧ FATHER_OF(Eshton,Nephi)"
37051,19097,FATHER_OF,"BROTHER_OF(Joseph,Nephi) ∧ FATHER_OF(Adaiah,Nephi)"
24105,19097,FATHER_OF,"BROTHER_OF(Joseph,Nephi) ∧ FATHER_OF(Uzziah,Nephi)"
36797,19097,FATHER_OF,"BROTHER_OF(Joseph,Nephi) ∧ FATHER_OF(Chelub,Nephi)"
19210,19557,FATHER_OF,"BROTHER_OF(Sam,Nephi) ∧ FATHER_OF(Leah,Nephi)"
19199,19557,FATHER_OF,"BROTHER_OF(Sam,Nephi) ∧ FATHER_OF(Laban,Nephi)"
42086,19557,FATHER_OF,"BROTHER_OF(Sam,Nephi) ∧ FATHER_OF(Senuah,Nephi)"
38002,19557,FATHER_OF,"BROTHER_OF(Sam,Nephi) ∧ FATHER_OF(Jehoash,Nephi)"
36330,19557,FATHER_OF,"BROTHER_OF(Sam,Nephi) ∧ FATHER_OF(Joash,Nephi)"
19082,19557,FATHER_OF,"BROTHER_OF(Sam,Nephi) ∧ FATHER_OF(Jehoshaphat,Nephi)"
19540,19557,FATHER_OF,"BROTHER_OF(Sam,Nephi) ∧ FATHER_OF(Rehoboam,Nephi)"
36522,19557,FATHER_OF,"BROTHER_OF(Sam,Nephi) ∧ FATHER_OF(Uri,Nephi)"
24119,19557,FATHER_OF,"BROTHER_OF(Sam,Nephi) ∧ FATHER_OF(Jotham,Nephi)"
35433,19557,FATHER_OF,"BROTHER_OF(Sam,Nephi) ∧ FATHER_OF(Jehoram,Nephi)"
3504,19557,FATHER_OF,"BROTHER_OF(Sam,Nephi) ∧ FATHER_OF(Asa,Nephi)"
36576,19557,FATHER_OF,"BROTHER_OF(Sam,Nephi) ∧ FATHER_OF(Jahdai,Nephi)"
36557,19557,FATHER_OF,"BROTHER_OF(Sam,Nephi) ∧ FATHER_OF(Azariah,Nephi)"
36542,19557,FATHER_OF,"BROTHER_OF(Sam,Nephi) ∧ FATHER_OF(Appaim,Nephi)"
36724,19557,FATHER_OF,"BROTHER_OF(Sam,Nephi) ∧ FATHER_OF(Jehohanan,Nephi)"
18906,19557,FATHER_OF,"BROTHER_OF(Sam,Nephi) ∧ FATHER_OF(Hezekiah,Nephi)"
36563,19557,FATHER_OF,"BROTHER_OF(Sam,Nephi) ∧ FATHER_OF(Jekamiah,Nephi)"
402110,19557,FATHER_OF,"BROTHER_OF(Sam,Nephi) ∧ FATHER_OF(Hassenuah,Nephi)"
36905,19557,FATHER_OF,"BROTHER_OF(Sam,Nephi) ∧ FATHER_OF(Meonothai,Nephi)"
36898,19557,FATHER_OF,"BROTHER_OF(Sam,Nephi) ∧ FATHER_OF(Eshton,Nephi)"
37051,19557,FATHER_OF,"BROTHER_OF(Sam,Nephi) ∧ FATHER_OF(Adaiah,Nephi)"
24105,19557,FATHER_OF,"BROTHER_OF(Sam,Nephi) ∧ FATHER_OF(Uzziah,Nephi)"
36797,19557,FATHER_OF,"BROTHER_OF(Sam,Nephi) ∧ FATHER_OF(Chelub,Nephi)"
19210,19211,FATHER_OF,"BROTHER_OF(Lemuel,Nephi) ∧ FATHER_OF(Leah,Nephi)"
19199,19211,FATHER_OF,"BROTHER_OF(Lemuel,Nephi) ∧ FATHER_OF(Laban,Nephi)"
42086,19211,FATHER_OF,"BROTHER_OF(Lemuel,Nephi) ∧ FATHER_OF(Senuah,Nephi)"
38002,19211,FATHER_OF,"BROTHER_OF(Lemuel,Nephi) ∧ FATHER_OF(Jehoash,Nephi)"
36330,19211,FATHER_OF,"BROTHER_OF(Lemuel,Nephi) ∧ FATHER_OF(Joash,Nephi)"
19082,19211,FATHER_OF,"BROTHER_OF(Lemuel,Nephi) ∧ FATHER_OF(Jehoshaphat,Nephi)"
19540,19211,FATHER_OF,"BROTHER_OF(Lemuel,Nephi) ∧ FATHER_OF(Rehoboam,Nephi)"
36522,19211,FATHER_OF,"BROTHER_OF(Lemuel,Nephi) ∧ FATHER_OF(Uri,Nephi)"
24119,19211,FATHER_OF,"BROTHER_OF(Lemuel,Nephi) ∧ FATHER_OF(Jotham,Nephi)"
35433,19211,FATHER_OF,"BROTHER_OF(Lemuel,Nephi) ∧ FATHER_OF(Jehoram,Nephi)"
3504,19211,FATHER_OF,"BROTHER_OF(Lemuel,Nephi) ∧ FATHER_OF(Asa,Nephi)"
36576,19211,FATHER_OF,"BROTHER_OF(Lemuel,Nephi) ∧ FATHER_OF(Jahdai,Nephi)"
36557,19211,FATHER_OF,"BROTHER_OF(Lemuel,Nephi) ∧ FATHER_OF(Azariah,Nephi)"
36542,19211,FATHER_OF,"BROTHER_OF(Lemuel,Nephi) ∧ FATHER_OF(Appaim,Nephi)"
36724,19211,FATHER_OF,"BROTHER_OF(Lemuel,Nephi) ∧ FATHER_OF(Jehohanan,Nephi)"
18906,19211,FATHER_OF,"BROTHER_OF(Lemuel,Nephi) ∧ FATHER_OF(Hezekiah,Nephi)"
36563,19211,FATHER_OF,"BROTHER_OF(Lemuel,Nephi) ∧ FATHER_OF(Jekamiah,Nephi)"
402110,19211,FATHER_OF,"BROTHER_OF(Lemuel,Nephi) ∧ FATHER_OF(Hassenuah,Nephi)"
36905,19211,FATHER_OF,"BROTHER_OF(Lemuel,Nephi) ∧ FATHER_OF(Meonothai,Nephi)"
36898,19211,FATHER_OF,"BROTHER_OF(Lemuel,Nephi) ∧ FATHER_OF(Eshton,Nephi)"
37051,19211,FATHER_OF,"BROTHER_OF(Lemuel,Nephi) ∧ FATHER_OF(Adaiah,Nephi)"
24105,19211,FATHER_OF,"BROTHER_OF(Lemuel,Nephi) ∧ FATHER_OF(Uzziah,Nephi)"
36797,19211,FATHER_OF,"BROTHER_OF(Lemuel,Nephi) ∧ FATHER_OF(Chelub,Nephi)"
106978,19073,FATHER_OF,"BROTHER_OF(James,John) ∧ FATHER_OF(Asael Smith,John)"
36345,19073,FATHER_OF,"BROTHER_OF(James,John) ∧ FATHER_OF(Elkanah,John)"
59317,19073,FATHER_OF,"BROTHER_OF(James,John) ∧ FATHER_OF(Robert,John)"
464107,19073,FATHER_OF,"BROTHER_OF(James,John) ∧ FATHER_OF(An Ephraimite,John)"
30664,19108,FATHER_OF,"BROTHER_OF(Judas,James) ∧ FATHER_OF(Joseph Smith Sr.,James)"
213770,19108,FATHER_OF,"BROTHER_OF(Judas,James) ∧ FATHER_OF(Alexander Hale Smith,James)"
520857,19108,FATHER_OF,"BROTHER_OF(Judas,James) ∧ FATHER_OF(Patriarch Hyrum Smith,James)"
30664,19109,FATHER_OF,"BROTHER_OF(Jude,James) ∧ FATHER_OF(Joseph Smith Sr.,James)"
213770,19109,FATHER_OF,"BROTHER_OF(Jude,James) ∧ FATHER_OF(Alexander Hale Smith,James)"
520857,19109,FATHER_OF,"BROTHER_OF(Jude,James) ∧ FATHER_OF(Patriarch Hyrum Smith,James)"
18915,67829,FATHER_OF,"BROTHER_OF(Samuel Harrison Smith,José) ∧ FATHER_OF(Isaac,José)"
35453,67829,FATHER_OF,"BROTHER_OF(Samuel Harrison Smith,José) ∧ FATHER_OF(Matthan,José)"
12037,67829,FATHER_OF,"BROTHER_OF(Samuel Harrison Smith,José) ∧ FATHER_OF(Matán,José)"
19076,67829,FATHER_OF,"BROTHER_OF(Samuel Harrison Smith,José) ∧ FATHER_OF(Zebedee,José)"
19075,67829,FATHER_OF,"BROTHER_OF(Samuel Harrison Smith,José) ∧ FATHER_OF(Alphaeus,José)"
213770,67829,FATHER_OF,"BROTHER_OF(Samuel Harrison Smith,José) ∧ FATHER_OF(Alexander Hale Smith,José)"
520857,67829,FATHER_OF,"BROTHER_OF(Samuel Harrison Smith,José) ∧ FATHER_OF(Patriarch Hyrum Smith,José)"
19092,67829,FATHER_OF,"BROTHER_OF(Samuel Harrison Smith,José) ∧ FATHER_OF(John,José)"
11338,29699,FATHER_OF,"BROTHER_OF(Hiram,Joseph) ∧ FATHER_OF(Simón Iscariote,Joseph)"
19073,29699,FATHER_OF,"BROTHER_OF(Hiram,Joseph) ∧ FATHER_OF(James,Joseph)"
757218,29699,FATHER_OF,"BROTHER_OF(Hiram,Joseph) ∧ FATHER_OF(Chalphi,Joseph)"
457984,29699,FATHER_OF,"BROTHER_OF(Hiram,Joseph) ∧ FATHER_OF(Simon Iscariot,Joseph)"
35049,29699,FATHER_OF,"BROTHER_OF(Hiram,Joseph) ∧ FATHER_OF(Rhesa,Joseph)"
25524,29699,FATHER_OF,"BROTHER_OF(Hiram,Joseph) ∧ FATHER_OF(Jonas,Joseph)"
45834,29699,FATHER_OF,"BROTHER_OF(Hiram,Joseph) ∧ FATHER_OF(Jona,Joseph)"
19094,29699,FATHER_OF,"BROTHER_OF(Hiram,Joseph) ∧ FATHER_OF(Jonah,Joseph)"
650625,29699,FATHER_OF,"BROTHER_OF(Hiram,Joseph) ∧ FATHER_OF(Gioras,Joseph)"
55816,29699,FATHER_OF,"BROTHER_OF(Hiram,Joseph) ∧ FATHER_OF(Jochai,Joseph)"
465526,29699,FATHER_OF,"BROTHER_OF(Hiram,Joseph) ∧ FATHER_OF(Onias,Joseph)"
18873,29699,FATHER_OF,"BROTHER_OF(Hiram,Joseph) ∧ FATHER_OF(Gamaliel,Joseph)"
11338,29832,FATHER_OF,"BROTHER_OF(William Smith,Joseph) ∧ FATHER_OF(Simón Iscariote,Joseph)"
19073,29832,FATHER_OF,"BROTHER_OF(William Smith,Joseph) ∧ FATHER_OF(James,Joseph)"
757218,29832,FATHER_OF,"BROTHER_OF(William Smith,Joseph) ∧ FATHER_OF(Chalphi,Joseph)"
457984,29832,FATHER_OF,"BROTHER_OF(William Smith,Joseph) ∧ FATHER_OF(Simon Iscariot,Joseph)"
35049,29832,FATHER_OF,"BROTHER_OF(William Smith,Joseph) ∧ FATHER_OF(Rhesa,Joseph)"
25524,29832,FATHER_OF,"BROTHER_OF(William Smith,Joseph) ∧ FATHER_OF(Jonas,Joseph)"
45834,29832,FATHER_OF,"BROTHER_OF(William Smith,Joseph) ∧ FATHER_OF(Jona,Joseph)"
19094,29832,FATHER_OF,"BROTHER_OF(William Smith,Joseph) ∧ FATHER_OF(Jonah,Joseph)"
650625,29832,FATHER_OF,"BROTHER_OF(William Smith,Joseph) ∧ FATHER_OF(Gioras,Joseph)"
55816,29832,FATHER_OF,"BROTHER_OF(William Smith,Joseph) ∧ FATHER_OF(Jochai,Joseph)"
465526,29832,FATHER_OF,"BROTHER_OF(William Smith,Joseph) ∧ FATHER_OF(Onias,Joseph)"
18873,29832,FATHER_OF,"BROTHER_OF(William Smith,Joseph) ∧ FATHER_OF(Gamaliel,Joseph)"
19871,209474,FATHER_OF,"BROTHER_OF(Don Carlos Smith,Hyrum Smith) ∧ FATHER_OF(Zacharias,Hyrum Smith)"
397883,209474,FATHER_OF,"BROTHER_OF(Don Carlos Smith,Hyrum Smith) ∧ FATHER_OF(Mathew Woodruff,Hyrum Smith)"
494839,209474,FATHER_OF,"BROTHER_OF(Don Carlos Smith,Hyrum Smith) ∧ FATHER_OF(Accos,Hyrum Smith)"
35041,209474,FATHER_OF,"BROTHER_OF(Don Carlos Smith,Hyrum Smith) ∧ FATHER_OF(Mattathias,Hyrum Smith)"
19872,209474,FATHER_OF,"BROTHER_OF(Don Carlos Smith,Hyrum Smith) ∧ FATHER_OF(Zechariah,Hyrum Smith)"
19108,209474,FATHER_OF,"BROTHER_OF(Don Carlos Smith,Hyrum Smith) ∧ FATHER_OF(Judas,Hyrum Smith)"
204448,209474,FATHER_OF,"BROTHER_OF(Don Carlos Smith,Hyrum Smith) ∧ FATHER_OF(Alpheus,Hyrum Smith)"
499765,209474,FATHER_OF,"BROTHER_OF(Don Carlos Smith,Hyrum Smith) ∧ FATHER_OF(Zehedee,Hyrum Smith)"
621613,209474,FATHER_OF,"BROTHER_OF(Don Carlos Smith,Hyrum Smith) ∧ FATHER_OF(Zebedee Salome,Hyrum Smith)"
42109,209474,FATHER_OF,"BROTHER_OF(Don Carlos Smith,Hyrum Smith) ∧ FATHER_OF(Joiada,Hyrum Smith)"
19566,209474,FATHER_OF,"BROTHER_OF(Don Carlos Smith,Hyrum Smith) ∧ FATHER_OF(Shaul,Hyrum Smith)"
19494,209474,FATHER_OF,"BROTHER_OF(Don Carlos Smith,Hyrum Smith) ∧ FATHER_OF(Paul,Hyrum Smith)"
36417,209474,FATHER_OF,"BROTHER_OF(Don Carlos Smith,Hyrum Smith) ∧ FATHER_OF(Shemaiah,Hyrum Smith)"
36161,209474,FATHER_OF,"BROTHER_OF(Don Carlos Smith,Hyrum Smith) ∧ FATHER_OF(Shage,Hyrum Smith)"
36610,209474,FATHER_OF,"BROTHER_OF(Don Carlos Smith,Hyrum Smith) ∧ FATHER_OF(Shimea,Hyrum Smith)"
35320,209474,FATHER_OF,"BROTHER_OF(Don Carlos Smith,Hyrum Smith) ∧ FATHER_OF(Abiathar,Hyrum Smith)"
36418,209474,FATHER_OF,"BROTHER_OF(Don Carlos Smith,Hyrum Smith) ∧ FATHER_OF(Uzziel,Hyrum Smith)"
36162,209474,FATHER_OF,"BROTHER_OF(Don Carlos Smith,Hyrum Smith) ∧ FATHER_OF(Shammah,Hyrum Smith)"
419644,209474,FATHER_OF,"BROTHER_OF(Don Carlos Smith,Hyrum Smith) ∧ FATHER_OF(Shagee,Hyrum Smith)"
36830,209474,FATHER_OF,"BROTHER_OF(Don Carlos Smith,Hyrum Smith) ∧ FATHER_OF(Absalom,Hyrum Smith)"
36627,209474,FATHER_OF,"BROTHER_OF(Don Carlos Smith,Hyrum Smith) ∧ FATHER_OF(Shimei,Hyrum Smith)"
11338,55772,FATHER_OF,"BROTHER_OF(Samuel Smith,Joseph) ∧ FATHER_OF(Simón Iscariote,Joseph)"
19073,55772,FATHER_OF,"BROTHER_OF(Samuel Smith,Joseph) ∧ FATHER_OF(James,Joseph)"
757218,55772,FATHER_OF,"BROTHER_OF(Samuel Smith,Joseph) ∧ FATHER_OF(Chalphi,Joseph)"
457984,55772,FATHER_OF,"BROTHER_OF(Samuel Smith,Joseph) ∧ FATHER_OF(Simon Iscariot,Joseph)"
35049,55772,FATHER_OF,"BROTHER_OF(Samuel Smith,Joseph) ∧ FATHER_OF(Rhesa,Joseph)"
25524,55772,FATHER_OF,"BROTHER_OF(Samuel Smith,Joseph) ∧ FATHER_OF(Jonas,Joseph)"
45834,55772,FATHER_OF,"BROTHER_OF(Samuel Smith,Joseph) ∧ FATHER_OF(Jona,Joseph)"
19094,55772,FATHER_OF,"BROTHER_OF(Samuel Smith,Joseph) ∧ FATHER_OF(Jonah,Joseph)"
650625,55772,FATHER_OF,"BROTHER_OF(Samuel Smith,Joseph) ∧ FATHER_OF(Gioras,Joseph)"
55816,55772,FATHER_OF,"BROTHER_OF(Samuel Smith,Joseph) ∧ FATHER_OF(Jochai,Joseph)"
465526,55772,FATHER_OF,"BROTHER_OF(Samuel Smith,Joseph) ∧ FATHER_OF(Onias,Joseph)"
18873,55772,FATHER_OF,"BROTHER_OF(Samuel Smith,Joseph) ∧ FATHER_OF(Gamaliel,Joseph)"
36215,150532,FATHER_OF,"BROTHER_OF(Alvin Smith,Joseph Smith) ∧ FATHER_OF(Aholibamah,Joseph Smith)"
40102,150532,FATHER_OF,"BROTHER_OF(Alvin Smith,Joseph Smith) ∧ FATHER_OF(Beeri,Joseph Smith)"
37465,150532,FATHER_OF,"BROTHER_OF(Alvin Smith,Joseph Smith) ∧ FATHER_OF(Elon,Joseph Smith)"
18917,150532,FATHER_OF,"BROTHER_OF(Alvin Smith,Joseph Smith) ∧ FATHER_OF(Ishmael,Joseph Smith)"
11338,31138,FATHER_OF,"BROTHER_OF(Smith,Joseph) ∧ FATHER_OF(Simón Iscariote,Joseph)"
19073,31138,FATHER_OF,"BROTHER_OF(Smith,Joseph) ∧ FATHER_OF(James,Joseph)"
757218,31138,FATHER_OF,"BROTHER_OF(Smith,Joseph) ∧ FATHER_OF(Chalphi,Joseph)"
457984,31138,FATHER_OF,"BROTHER_OF(Smith,Joseph) ∧ FATHER_OF(Simon Iscariot,Joseph)"
35049,31138,FATHER_OF,"BROTHER_OF(Smith,Joseph) ∧ FATHER_OF(Rhesa,Joseph)"
25524,31138,FATHER_OF,"BROTHER_OF(Smith,Joseph) ∧ FATHER_OF(Jonas,Joseph)"
45834,31138,FATHER_OF,"BROTHER_OF(Smith,Joseph) ∧ FATHER_OF(Jona,Joseph)"
19094,31138,FATHER_OF,"BROTHER_OF(Smith,Joseph) ∧ FATHER_OF(Jonah,Joseph)"
650625,31138,FATHER_OF,"BROTHER_OF(Smith,Joseph) ∧ FATHER_OF(Gioras,Joseph)"
55816,31138,FATHER_OF,"BROTHER_OF(Smith,Joseph) ∧ FATHER_OF(Jochai,Joseph)"
465526,31138,FATHER_OF,"BROTHER_OF(Smith,Joseph) ∧ FATHER_OF(Onias,Joseph)"
18873,31138,FATHER_OF,"BROTHER_OF(Smith,Joseph) ∧ FATHER_OF(Gamaliel,Joseph)"
30664,19581,FATHER_OF,"BROTHER_OF(Simon,Jonathan) ∧ FATHER_OF(Joseph Smith Sr.,Jonathan)"
213770,19581,FATHER_OF,"BROTHER_OF(Simon,Jonathan) ∧ FATHER_OF(Alexander Hale Smith,Jonathan)"
520857,19581,FATHER_OF,"BROTHER_OF(Simon,Jonathan) ∧ FATHER_OF(Patriarch Hyrum Smith,Jonathan)"
18915,209992,FATHER_OF,"SISTER_OF(Sophronia,José) ∧ FATHER_OF(Isaac,José)"
35453,209992,FATHER_OF,"SISTER_OF(Sophronia,José) ∧ FATHER_OF(Matthan,José)"
12037,209992,FATHER_OF,"SISTER_OF(Sophronia,José) ∧ FATHER_OF(Matán,José)"
19076,209992,FATHER_OF,"SISTER_OF(Sophronia,José) ∧ FATHER_OF(Zebedee,José)"
19075,209992,FATHER_OF,"SISTER_OF(Sophronia,José) ∧ FATHER_OF(Alphaeus,José)"
213770,209992,FATHER_OF,"SISTER_OF(Sophronia,José) ∧ FATHER_OF(Alexander Hale Smith,José)"
520857,209992,FATHER_OF,"SISTER_OF(Sophronia,José) ∧ FATHER_OF(Patriarch Hyrum Smith,José)"
19092,209992,FATHER_OF,"SISTER_OF(Sophronia,José) ∧ FATHER_OF(John,José)"
11338,117822,FATHER_OF,"SISTER_OF(Patrick,Joseph) ∧ FATHER_OF(Simón Iscariote,Joseph)"
19073,117822,FATHER_OF,"SISTER_OF(Patrick,Joseph) ∧ FATHER_OF(James,Joseph)"
757218,117822,FATHER_OF,"SISTER_OF(Patrick,Joseph) ∧ FATHER_OF(Chalphi,Joseph)"
457984,117822,FATHER_OF,"SISTER_OF(Patrick,Joseph) ∧ FATHER_OF(Simon Iscariot,Joseph)"
35049,117822,FATHER_OF,"SISTER_OF(Patrick,Joseph) ∧ FATHER_OF(Rhesa,Joseph)"
25524,117822,FATHER_OF,"SISTER_OF(Patrick,Joseph) ∧ FATHER_OF(Jonas,Joseph)"
45834,117822,FATHER_OF,"SISTER_OF(Patrick,Joseph) ∧ FATHER_OF(Jona,Joseph)"
19094,117822,FATHER_OF,"SISTER_OF(Patrick,Joseph) ∧ FATHER_OF(Jonah,Joseph)"
650625,117822,FATHER_OF,"SISTER_OF(Patrick,Joseph) ∧ FATHER_OF(Gioras,Joseph)"
55816,117822,FATHER_OF,"SISTER_OF(Patrick,Joseph) ∧ FATHER_OF(Jochai,Joseph)"
465526,117822,FATHER_OF,"SISTER_OF(Patrick,Joseph) ∧ FATHER_OF(Onias,Joseph)"
18873,117822,FATHER_OF,"SISTER_OF(Patrick,Joseph) ∧ FATHER_OF(Gamaliel,Joseph)"
11338,561682,FATHER_OF,"SISTER_OF(Rhoda Ann Jennetta Richards,Joseph) ∧ FATHER_OF(Simón Iscariote,Joseph)"
19073,561682,FATHER_OF,"SISTER_OF(Rhoda Ann Jennetta Richards,Joseph) ∧ FATHER_OF(James,Joseph)"
757218,561682,FATHER_OF,"SISTER_OF(Rhoda Ann Jennetta Richards,Joseph) ∧ FATHER_OF(Chalphi,Joseph)"
457984,561682,FATHER_OF,"SISTER_OF(Rhoda Ann Jennetta Richards,Joseph) ∧ FATHER_OF(Simon Iscariot,Joseph)"
35049,561682,FATHER_OF,"SISTER_OF(Rhoda Ann Jennetta Richards,Joseph) ∧ FATHER_OF(Rhesa,Joseph)"
25524,561682,FATHER_OF,"SISTER_OF(Rhoda Ann Jennetta Richards,Joseph) ∧ FATHER_OF(Jonas,Joseph)"
45834,561682,FATHER_OF,"SISTER_OF(Rhoda Ann Jennetta Richards,Joseph) ∧ FATHER_OF(Jona,Joseph)"
19094,561682,FATHER_OF,"SISTER_OF(Rhoda Ann Jennetta Richards,Joseph) ∧ FATHER_OF(Jonah,Joseph)"
650625,561682,FATHER_OF,"SISTER_OF(Rhoda Ann Jennetta Richards,Joseph) ∧ FATHER_OF(Gioras,Joseph)"
55816,561682,FATHER_OF,"SISTER_OF(Rhoda Ann Jennetta Richards,Joseph) ∧ FATHER_OF(Jochai,Joseph)"
465526,561682,FATHER_OF,"SISTER_OF(Rhoda Ann Jennetta Richards,Joseph) ∧ FATHER_OF(Onias,Joseph)"
18873,561682,FATHER_OF,"SISTER_OF(Rhoda Ann Jennetta Richards,Joseph) ∧ FATHER_OF(Gamaliel,Joseph)"
19871,19102,FATHER_OF,"BROTHER_OF(Joseph Smith,Hyrum Smith) ∧ FATHER_OF(Zacharias,Hyrum Smith)"
397883,19102,FATHER_OF,"BROTHER_OF(Joseph Smith,Hyrum Smith) ∧ FATHER_OF(Mathew Woodruff,Hyrum Smith)"
494839,19102,FATHER_OF,"BROTHER_OF(Joseph Smith,Hyrum Smith) ∧ FATHER_OF(Accos,Hyrum Smith)"
35041,19102,FATHER_OF,"BROTHER_OF(Joseph Smith,Hyrum Smith) ∧ FATHER_OF(Mattathias,Hyrum Smith)"
19872,19102,FATHER_OF,"BROTHER_OF(Joseph Smith,Hyrum Smith) ∧ FATHER_OF(Zechariah,Hyrum Smith)"
19108,19102,FATHER_OF,"BROTHER_OF(Joseph Smith,Hyrum Smith) ∧ FATHER_OF(Judas,Hyrum Smith)"
204448,19102,FATHER_OF,"BROTHER_OF(Joseph Smith,Hyrum Smith) ∧ FATHER_OF(Alpheus,Hyrum Smith)"
499765,19102,FATHER_OF,"BROTHER_OF(Joseph Smith,Hyrum Smith) ∧ FATHER_OF(Zehedee,Hyrum Smith)"
621613,19102,FATHER_OF,"BROTHER_OF(Joseph Smith,Hyrum Smith) ∧ FATHER_OF(Zebedee Salome,Hyrum Smith)"
42109,19102,FATHER_OF,"BROTHER_OF(Joseph Smith,Hyrum Smith) ∧ FATHER_OF(Joiada,Hyrum Smith)"
19566,19102,FATHER_OF,"BROTHER_OF(Joseph Smith,Hyrum Smith) ∧ FATHER_OF(Shaul,Hyrum Smith)"
19494,19102,FATHER_OF,"BROTHER_OF(Joseph Smith,Hyrum Smith) ∧ FATHER_OF(Paul,Hyrum Smith)"
36417,19102,FATHER_OF,"BROTHER_OF(Joseph Smith,Hyrum Smith) ∧ FATHER_OF(Shemaiah,Hyrum Smith)"
36161,19102,FATHER_OF,"BROTHER_OF(Joseph Smith,Hyrum Smith) ∧ FATHER_OF(Shage,Hyrum Smith)"
36610,19102,FATHER_OF,"BROTHER_OF(Joseph Smith,Hyrum Smith) ∧ FATHER_OF(Shimea,Hyrum Smith)"
35320,19102,FATHER_OF,"BROTHER_OF(Joseph Smith,Hyrum Smith) ∧ FATHER_OF(Abiathar,Hyrum Smith)"
36418,19102,FATHER_OF,"BROTHER_OF(Joseph Smith,Hyrum Smith) ∧ FATHER_OF(Uzziel,Hyrum Smith)"
36162,19102,FATHER_OF,"BROTHER_OF(Joseph Smith,Hyrum Smith) ∧ FATHER_OF(Shammah,Hyrum Smith)"
419644,19102,FATHER_OF,"BROTHER_OF(Joseph Smith,Hyrum Smith) ∧ FATHER_OF(Shagee,Hyrum Smith)"
36830,19102,FATHER_OF,"BROTHER_OF(Joseph Smith,Hyrum Smith) ∧ FATHER_OF(Absalom,Hyrum Smith)"
36627,19102,FATHER_OF,"BROTHER_OF(Joseph Smith,Hyrum Smith) ∧ FATHER_OF(Shimei,Hyrum Smith)"
30664,18645,FATHER_OF,"BROTHER_OF(Jesus,James) ∧ FATHER_OF(Joseph Smith Sr.,James)"
213770,18645,FATHER_OF,"BROTHER_OF(Jesus,James) ∧ FATHER_OF(Alexander Hale Smith,James)"
520857,18645,FATHER_OF,"BROTHER_OF(Jesus,James) ∧ FATHER_OF(Patriarch Hyrum Smith,James)"
36215,19735,FATHER_OF,"BROTHER_OF(José,Samuel) ∧ FATHER_OF(Aholibamah,Samuel)"
40102,19735,FATHER_OF,"BROTHER_OF(José,Samuel) ∧ FATHER_OF(Beeri,Samuel)"
37465,19735,FATHER_OF,"BROTHER_OF(José,Samuel) ∧ FATHER_OF(Elon,Samuel)"
18917,19735,FATHER_OF,"BROTHER_OF(José,Samuel) ∧ FATHER_OF(Ishmael,Samuel)"
30664,104442,FATHER_OF,"BROTHER_OF(Burnett,James) ∧ FATHER_OF(Joseph Smith Sr.,James)"
213770,104442,FATHER_OF,"BROTHER_OF(Burnett,James) ∧ FATHER_OF(Alexander Hale Smith,James)"
520857,104442,FATHER_OF,"BROTHER_OF(Burnett,James) ∧ FATHER_OF(Patriarch Hyrum Smith,James)"
494653,19583,FATHER_OF,"BROTHER_OF(Hyrum Smith,William Smith) ∧ FATHER_OF(Sirach,William Smith)"
516157,19583,FATHER_OF,"BROTHER_OF(Hyrum Smith,William Smith) ∧ FATHER_OF(SIR,William Smith)"
398435,19583,FATHER_OF,"BROTHER_OF(Hyrum Smith,William Smith) ∧ FATHER_OF(Josedek,William Smith)"
416791,19583,FATHER_OF,"BROTHER_OF(Hyrum Smith,William Smith) ∧ FATHER_OF(Ananus,William Smith)"
19581,19583,FATHER_OF,"BROTHER_OF(Hyrum Smith,William Smith) ∧ FATHER_OF(Simon,William Smith)"
35452,19583,FATHER_OF,"BROTHER_OF(Hyrum Smith,William Smith) ∧ FATHER_OF(Eleazar,William Smith)"
19871,18897,FATHER_OF,"BROTHER_OF(Samuel,Hyrum Smith) ∧ FATHER_OF(Zacharias,Hyrum Smith)"
397883,18897,FATHER_OF,"BROTHER_OF(Samuel,Hyrum Smith) ∧ FATHER_OF(Mathew Woodruff,Hyrum Smith)"
494839,18897,FATHER_OF,"BROTHER_OF(Samuel,Hyrum Smith) ∧ FATHER_OF(Accos,Hyrum Smith)"
35041,18897,FATHER_OF,"BROTHER_OF(Samuel,Hyrum Smith) ∧ FATHER_OF(Mattathias,Hyrum Smith)"
19872,18897,FATHER_OF,"BROTHER_OF(Samuel,Hyrum Smith) ∧ FATHER_OF(Zechariah,Hyrum Smith)"
19108,18897,FATHER_OF,"BROTHER_OF(Samuel,Hyrum Smith) ∧ FATHER_OF(Judas,Hyrum Smith)"
204448,18897,FATHER_OF,"BROTHER_OF(Samuel,Hyrum Smith) ∧ FATHER_OF(Alpheus,Hyrum Smith)"
499765,18897,FATHER_OF,"BROTHER_OF(Samuel,Hyrum Smith) ∧ FATHER_OF(Zehedee,Hyrum Smith)"
621613,18897,FATHER_OF,"BROTHER_OF(Samuel,Hyrum Smith) ∧ FATHER_OF(Zebedee Salome,Hyrum Smith)"
42109,18897,FATHER_OF,"BROTHER_OF(Samuel,Hyrum Smith) ∧ FATHER_OF(Joiada,Hyrum Smith)"
19566,18897,FATHER_OF,"BROTHER_OF(Samuel,Hyrum Smith) ∧ FATHER_OF(Shaul,Hyrum Smith)"
19494,18897,FATHER_OF,"BROTHER_OF(Samuel,Hyrum Smith) ∧ FATHER_OF(Paul,Hyrum Smith)"
36417,18897,FATHER_OF,"BROTHER_OF(Samuel,Hyrum Smith) ∧ FATHER_OF(Shemaiah,Hyrum Smith)"
36161,18897,FATHER_OF,"BROTHER_OF(Samuel,Hyrum Smith) ∧ FATHER_OF(Shage,Hyrum Smith)"
36610,18897,FATHER_OF,"BROTHER_OF(Samuel,Hyrum Smith) ∧ FATHER_OF(Shimea,Hyrum Smith)"
35320,18897,FATHER_OF,"BROTHER_OF(Samuel,Hyrum Smith) ∧ FATHER_OF(Abiathar,Hyrum Smith)"
36418,18897,FATHER_OF,"BROTHER_OF(Samuel,Hyrum Smith) ∧ FATHER_OF(Uzziel,Hyrum Smith)"
36162,18897,FATHER_OF,"BROTHER_OF(Samuel,Hyrum Smith) ∧ FATHER_OF(Shammah,Hyrum Smith)"
419644,18897,FATHER_OF,"BROTHER_OF(Samuel,Hyrum Smith) ∧ FATHER_OF(Shagee,Hyrum Smith)"
36830,18897,FATHER_OF,"BROTHER_OF(Samuel,Hyrum Smith) ∧ FATHER_OF(Absalom,Hyrum Smith)"
36627,18897,FATHER_OF,"BROTHER_OF(Samuel,Hyrum Smith) ∧ FATHER_OF(Shimei,Hyrum Smith)"
106978,19095,FATHER_OF,"BROTHER_OF(Jonathan,John) ∧ FATHER_OF(Asael Smith,John)"
36345,19095,FATHER_OF,"BROTHER_OF(Jonathan,John) ∧ FATHER_OF(Elkanah,John)"
59317,19095,FATHER_OF,"BROTHER_OF(Jonathan,John) ∧ FATHER_OF(Robert,John)"
464107,19095,FATHER_OF,"BROTHER_OF(Jonathan,John) ∧ FATHER_OF(An Ephraimite,John)"
30664,441241,FATHER_OF,"BROTHER_OF(Judas Maccabee,Jonathan) ∧ FATHER_OF(Joseph Smith Sr.,Jonathan)"
213770,441241,FATHER_OF,"BROTHER_OF(Judas Maccabee,Jonathan) ∧ FATHER_OF(Alexander Hale Smith,Jonathan)"
520857,441241,FATHER_OF,"BROTHER_OF(Judas Maccabee,Jonathan) ∧ FATHER_OF(Patriarch Hyrum Smith,Jonathan)"
36215,30497,FATHER_OF,"BROTHER_OF(Hyrum,Samuel) ∧ FATHER_OF(Aholibamah,Samuel)"
40102,30497,FATHER_OF,"BROTHER_OF(Hyrum,Samuel) ∧ FATHER_OF(Beeri,Samuel)"
37465,30497,FATHER_OF,"BROTHER_OF(Hyrum,Samuel) ∧ FATHER_OF(Elon,Samuel)"
18917,30497,FATHER_OF,"BROTHER_OF(Hyrum,Samuel) ∧ FATHER_OF(Ishmael,Samuel)"
36215,176512,FATHER_OF,"BROTHER_OF(WILLIAM,Samuel) ∧ FATHER_OF(Aholibamah,Samuel)"
40102,176512,FATHER_OF,"BROTHER_OF(WILLIAM,Samuel) ∧ FATHER_OF(Beeri,Samuel)"
37465,176512,FATHER_OF,"BROTHER_OF(WILLIAM,Samuel) ∧ FATHER_OF(Elon,Samuel)"
18917,176512,FATHER_OF,"BROTHER_OF(WILLIAM,Samuel) ∧ FATHER_OF(Ishmael,Samuel)"
106978,19108,FATHER_OF,"BROTHER_OF(Judas,James) ∧ FATHER_OF(Asael Smith,James)"
36345,19108,FATHER_OF,"BROTHER_OF(Judas,James) ∧ FATHER_OF(Elkanah,James)"
59317,19108,FATHER_OF,"BROTHER_OF(Judas,James) ∧ FATHER_OF(Robert,James)"
464107,19108,FATHER_OF,"BROTHER_OF(Judas,James) ∧ FATHER_OF(An Ephraimite,James)"
106978,19109,FATHER_OF,"BROTHER_OF(Jude,James) ∧ FATHER_OF(Asael Smith,James)"
36345,19109,FATHER_OF,"BROTHER_OF(Jude,James) ∧ FATHER_OF(Elkanah,James)"
59317,19109,FATHER_OF,"BROTHER_OF(Jude,James) ∧ FATHER_OF(Robert,James)"
464107,19109,FATHER_OF,"BROTHER_OF(Jude,James) ∧ FATHER_OF(An Ephraimite,James)"
36215,67829,FATHER_OF,"BROTHER_OF(Samuel Harrison Smith,José) ∧ FATHER_OF(Aholibamah,José)"
40102,67829,FATHER_OF,"BROTHER_OF(Samuel Harrison Smith,José) ∧ FATHER_OF(Beeri,José)"
37465,67829,FATHER_OF,"BROTHER_OF(Samuel Harrison Smith,José) ∧ FATHER_OF(Elon,José)"
18917,67829,FATHER_OF,"BROTHER_OF(Samuel Harrison Smith,José) ∧ FATHER_OF(Ishmael,José)"
19210,29699,FATHER_OF,"BROTHER_OF(Hiram,Joseph) ∧ FATHER_OF(Leah,Joseph)"
19199,29699,FATHER_OF,"BROTHER_OF(Hiram,Joseph) ∧ FATHER_OF(Laban,Joseph)"
42086,29699,FATHER_OF,"BROTHER_OF(Hiram,Joseph) ∧ FATHER_OF(Senuah,Joseph)"
38002,29699,FATHER_OF,"BROTHER_OF(Hiram,Joseph) ∧ FATHER_OF(Jehoash,Joseph)"
36330,29699,FATHER_OF,"BROTHER_OF(Hiram,Joseph) ∧ FATHER_OF(Joash,Joseph)"
19082,29699,FATHER_OF,"BROTHER_OF(Hiram,Joseph) ∧ FATHER_OF(Jehoshaphat,Joseph)"
19540,29699,FATHER_OF,"BROTHER_OF(Hiram,Joseph) ∧ FATHER_OF(Rehoboam,Joseph)"
36522,29699,FATHER_OF,"BROTHER_OF(Hiram,Joseph) ∧ FATHER_OF(Uri,Joseph)"
24119,29699,FATHER_OF,"BROTHER_OF(Hiram,Joseph) ∧ FATHER_OF(Jotham,Joseph)"
35433,29699,FATHER_OF,"BROTHER_OF(Hiram,Joseph) ∧ FATHER_OF(Jehoram,Joseph)"
3504,29699,FATHER_OF,"BROTHER_OF(Hiram,Joseph) ∧ FATHER_OF(Asa,Joseph)"
36576,29699,FATHER_OF,"BROTHER_OF(Hiram,Joseph) ∧ FATHER_OF(Jahdai,Joseph)"
36557,29699,FATHER_OF,"BROTHER_OF(Hiram,Joseph) ∧ FATHER_OF(Azariah,Joseph)"
36542,29699,FATHER_OF,"BROTHER_OF(Hiram,Joseph) ∧ FATHER_OF(Appaim,Joseph)"
36724,29699,FATHER_OF,"BROTHER_OF(Hiram,Joseph) ∧ FATHER_OF(Jehohanan,Joseph)"
18906,29699,FATHER_OF,"BROTHER_OF(Hiram,Joseph) ∧ FATHER_OF(Hezekiah,Joseph)"
36563,29699,FATHER_OF,"BROTHER_OF(Hiram,Joseph) ∧ FATHER_OF(Jekamiah,Joseph)"
402110,29699,FATHER_OF,"BROTHER_OF(Hiram,Joseph) ∧ FATHER_OF(Hassenuah,Joseph)"
36905,29699,FATHER_OF,"BROTHER_OF(Hiram,Joseph) ∧ FATHER_OF(Meonothai,Joseph)"
36898,29699,FATHER_OF,"BROTHER_OF(Hiram,Joseph) ∧ FATHER_OF(Eshton,Joseph)"
37051,29699,FATHER_OF,"BROTHER_OF(Hiram,Joseph) ∧ FATHER_OF(Adaiah,Joseph)"
24105,29699,FATHER_OF,"BROTHER_OF(Hiram,Joseph) ∧ FATHER_OF(Uzziah,Joseph)"
36797,29699,FATHER_OF,"BROTHER_OF(Hiram,Joseph) ∧ FATHER_OF(Chelub,Joseph)"
19210,29832,FATHER_OF,"BROTHER_OF(William Smith,Joseph) ∧ FATHER_OF(Leah,Joseph)"
19199,29832,FATHER_OF,"BROTHER_OF(William Smith,Joseph) ∧ FATHER_OF(Laban,Joseph)"
42086,29832,FATHER_OF,"BROTHER_OF(William Smith,Joseph) ∧ FATHER_OF(Senuah,Joseph)"
38002,29832,FATHER_OF,"BROTHER_OF(William Smith,Joseph) ∧ FATHER_OF(Jehoash,Joseph)"
36330,29832,FATHER_OF,"BROTHER_OF(William Smith,Joseph) ∧ FATHER_OF(Joash,Joseph)"
19082,29832,FATHER_OF,"BROTHER_OF(William Smith,Joseph) ∧ FATHER_OF(Jehoshaphat,Joseph)"
19540,29832,FATHER_OF,"BROTHER_OF(William Smith,Joseph) ∧ FATHER_OF(Rehoboam,Joseph)"
36522,29832,FATHER_OF,"BROTHER_OF(William Smith,Joseph) ∧ FATHER_OF(Uri,Joseph)"
24119,29832,FATHER_OF,"BROTHER_OF(William Smith,Joseph) ∧ FATHER_OF(Jotham,Joseph)"
35433,29832,FATHER_OF,"BROTHER_OF(William Smith,Joseph) ∧ FATHER_OF(Jehoram,Joseph)"
3504,29832,FATHER_OF,"BROTHER_OF(William Smith,Joseph) ∧ FATHER_OF(Asa,Joseph)"
36576,29832,FATHER_OF,"BROTHER_OF(William Smith,Joseph) ∧ FATHER_OF(Jahdai,Joseph)"
36557,29832,FATHER_OF,"BROTHER_OF(William Smith,Joseph) ∧ FATHER_OF(Azariah,Joseph)"
36542,29832,FATHER_OF,"BROTHER_OF(William Smith,Joseph) ∧ FATHER_OF(Appaim,Joseph)"
36724,29832,FATHER_OF,"BROTHER_OF(William Smith,Joseph) ∧ FATHER_OF(Jehohanan,Joseph)"
18906,29832,FATHER_OF,"BROTHER_OF(William Smith,Joseph) ∧ FATHER_OF(Hezekiah,Joseph)"
36563,29832,FATHER_OF,"BROTHER_OF(William Smith,Joseph) ∧ FATHER_OF(Jekamiah,Joseph)"
402110,29832,FATHER_OF,"BROTHER_OF(William Smith,Joseph) ∧ FATHER_OF(Hassenuah,Joseph)"
36905,29832,FATHER_OF,"BROTHER_OF(William Smith,Joseph) ∧ FATHER_OF(Meonothai,Joseph)"
36898,29832,FATHER_OF,"BROTHER_OF(William Smith,Joseph) ∧ FATHER_OF(Eshton,Joseph)"
37051,29832,FATHER_OF,"BROTHER_OF(William Smith,Joseph) ∧ FATHER_OF(Adaiah,Joseph)"
24105,29832,FATHER_OF,"BROTHER_OF(William Smith,Joseph) ∧ FATHER_OF(Uzziah,Joseph)"
36797,29832,FATHER_OF,"BROTHER_OF(William Smith,Joseph) ∧ FATHER_OF(Chelub,Joseph)"
494653,209474,FATHER_OF,"BROTHER_OF(Don Carlos Smith,Hyrum Smith) ∧ FATHER_OF(Sirach,Hyrum Smith)"
516157,209474,FATHER_OF,"BROTHER_OF(Don Carlos Smith,Hyrum Smith) ∧ FATHER_OF(SIR,Hyrum Smith)"
398435,209474,FATHER_OF,"BROTHER_OF(Don Carlos Smith,Hyrum Smith) ∧ FATHER_OF(Josedek,Hyrum Smith)"
416791,209474,FATHER_OF,"BROTHER_OF(Don Carlos Smith,Hyrum Smith) ∧ FATHER_OF(Ananus,Hyrum Smith)"
19581,209474,FATHER_OF,"BROTHER_OF(Don Carlos Smith,Hyrum Smith) ∧ FATHER_OF(Simon,Hyrum Smith)"
35452,209474,FATHER_OF,"BROTHER_OF(Don Carlos Smith,Hyrum Smith) ∧ FATHER_OF(Eleazar,Hyrum Smith)"
30664,19106,FATHER_OF,"BROTHER_OF(Judah,Jesus) ∧ FATHER_OF(Joseph Smith Sr.,Jesus)"
213770,19106,FATHER_OF,"BROTHER_OF(Judah,Jesus) ∧ FATHER_OF(Alexander Hale Smith,Jesus)"
520857,19106,FATHER_OF,"BROTHER_OF(Judah,Jesus) ∧ FATHER_OF(Patriarch Hyrum Smith,Jesus)"
19210,55772,FATHER_OF,"BROTHER_OF(Samuel Smith,Joseph) ∧ FATHER_OF(Leah,Joseph)"
19199,55772,FATHER_OF,"BROTHER_OF(Samuel Smith,Joseph) ∧ FATHER_OF(Laban,Joseph)"
42086,55772,FATHER_OF,"BROTHER_OF(Samuel Smith,Joseph) ∧ FATHER_OF(Senuah,Joseph)"
38002,55772,FATHER_OF,"BROTHER_OF(Samuel Smith,Joseph) ∧ FATHER_OF(Jehoash,Joseph)"
36330,55772,FATHER_OF,"BROTHER_OF(Samuel Smith,Joseph) ∧ FATHER_OF(Joash,Joseph)"
19082,55772,FATHER_OF,"BROTHER_OF(Samuel Smith,Joseph) ∧ FATHER_OF(Jehoshaphat,Joseph)"
19540,55772,FATHER_OF,"BROTHER_OF(Samuel Smith,Joseph) ∧ FATHER_OF(Rehoboam,Joseph)"
36522,55772,FATHER_OF,"BROTHER_OF(Samuel Smith,Joseph) ∧ FATHER_OF(Uri,Joseph)"
24119,55772,FATHER_OF,"BROTHER_OF(Samuel Smith,Joseph) ∧ FATHER_OF(Jotham,Joseph)"
35433,55772,FATHER_OF,"BROTHER_OF(Samuel Smith,Joseph) ∧ FATHER_OF(Jehoram,Joseph)"
3504,55772,FATHER_OF,"BROTHER_OF(Samuel Smith,Joseph) ∧ FATHER_OF(Asa,Joseph)"
36576,55772,FATHER_OF,"BROTHER_OF(Samuel Smith,Joseph) ∧ FATHER_OF(Jahdai,Joseph)"
36557,55772,FATHER_OF,"BROTHER_OF(Samuel Smith,Joseph) ∧ FATHER_OF(Azariah,Joseph)"
36542,55772,FATHER_OF,"BROTHER_OF(Samuel Smith,Joseph) ∧ FATHER_OF(Appaim,Joseph)"
36724,55772,FATHER_OF,"BROTHER_OF(Samuel Smith,Joseph) ∧ FATHER_OF(Jehohanan,Joseph)"
18906,55772,FATHER_OF,"BROTHER_OF(Samuel Smith,Joseph) ∧ FATHER_OF(Hezekiah,Joseph)"
36563,55772,FATHER_OF,"BROTHER_OF(Samuel Smith,Joseph) ∧ FATHER_OF(Jekamiah,Joseph)"
402110,55772,FATHER_OF,"BROTHER_OF(Samuel Smith,Joseph) ∧ FATHER_OF(Hassenuah,Joseph)"
36905,55772,FATHER_OF,"BROTHER_OF(Samuel Smith,Joseph) ∧ FATHER_OF(Meonothai,Joseph)"
36898,55772,FATHER_OF,"BROTHER_OF(Samuel Smith,Joseph) ∧ FATHER_OF(Eshton,Joseph)"
37051,55772,FATHER_OF,"BROTHER_OF(Samuel Smith,Joseph) ∧ FATHER_OF(Adaiah,Joseph)"
24105,55772,FATHER_OF,"BROTHER_OF(Samuel Smith,Joseph) ∧ FATHER_OF(Uzziah,Joseph)"
36797,55772,FATHER_OF,"BROTHER_OF(Samuel Smith,Joseph) ∧ FATHER_OF(Chelub,Joseph)"
19871,150532,FATHER_OF,"BROTHER_OF(Alvin Smith,Joseph Smith) ∧ FATHER_OF(Zacharias,Joseph Smith)"
397883,150532,FATHER_OF,"BROTHER_OF(Alvin Smith,Joseph Smith) ∧ FATHER_OF(Mathew Woodruff,Joseph Smith)"
494839,150532,FATHER_OF,"BROTHER_OF(Alvin Smith,Joseph Smith) ∧ FATHER_OF(Accos,Joseph Smith)"
35041,150532,FATHER_OF,"BROTHER_OF(Alvin Smith,Joseph Smith) ∧ FATHER_OF(Mattathias,Joseph Smith)"
19872,150532,FATHER_OF,"BROTHER_OF(Alvin Smith,Joseph Smith) ∧ FATHER_OF(Zechariah,Joseph Smith)"
19108,150532,FATHER_OF,"BROTHER_OF(Alvin Smith,Joseph Smith) ∧ FATHER_OF(Judas,Joseph Smith)"
204448,150532,FATHER_OF,"BROTHER_OF(Alvin Smith,Joseph Smith) ∧ FATHER_OF(Alpheus,Joseph Smith)"
499765,150532,FATHER_OF,"BROTHER_OF(Alvin Smith,Joseph Smith) ∧ FATHER_OF(Zehedee,Joseph Smith)"
621613,150532,FATHER_OF,"BROTHER_OF(Alvin Smith,Joseph Smith) ∧ FATHER_OF(Zebedee Salome,Joseph Smith)"
42109,150532,FATHER_OF,"BROTHER_OF(Alvin Smith,Joseph Smith) ∧ FATHER_OF(Joiada,Joseph Smith)"
19566,150532,FATHER_OF,"BROTHER_OF(Alvin Smith,Joseph Smith) ∧ FATHER_OF(Shaul,Joseph Smith)"
19494,150532,FATHER_OF,"BROTHER_OF(Alvin Smith,Joseph Smith) ∧ FATHER_OF(Paul,Joseph Smith)"
36417,150532,FATHER_OF,"BROTHER_OF(Alvin Smith,Joseph Smith) ∧ FATHER_OF(Shemaiah,Joseph Smith)"
36161,150532,FATHER_OF,"BROTHER_OF(Alvin Smith,Joseph Smith) ∧ FATHER_OF(Shage,Joseph Smith)"
36610,150532,FATHER_OF,"BROTHER_OF(Alvin Smith,Joseph Smith) ∧ FATHER_OF(Shimea,Joseph Smith)"
35320,150532,FATHER_OF,"BROTHER_OF(Alvin Smith,Joseph Smith) ∧ FATHER_OF(Abiathar,Joseph Smith)"
36418,150532,FATHER_OF,"BROTHER_OF(Alvin Smith,Joseph Smith) ∧ FATHER_OF(Uzziel,Joseph Smith)"
36162,150532,FATHER_OF,"BROTHER_OF(Alvin Smith,Joseph Smith) ∧ FATHER_OF(Shammah,Joseph Smith)"
419644,150532,FATHER_OF,"BROTHER_OF(Alvin Smith,Joseph Smith) ∧ FATHER_OF(Shagee,Joseph Smith)"
36830,150532,FATHER_OF,"BROTHER_OF(Alvin Smith,Joseph Smith) ∧ FATHER_OF(Absalom,Joseph Smith)"
36627,150532,FATHER_OF,"BROTHER_OF(Alvin Smith,Joseph Smith) ∧ FATHER_OF(Shimei,Joseph Smith)"
19210,31138,FATHER_OF,"BROTHER_OF(Smith,Joseph) ∧ FATHER_OF(Leah,Joseph)"
19199,31138,FATHER_OF,"BROTHER_OF(Smith,Joseph) ∧ FATHER_OF(Laban,Joseph)"
42086,31138,FATHER_OF,"BROTHER_OF(Smith,Joseph) ∧ FATHER_OF(Senuah,Joseph)"
38002,31138,FATHER_OF,"BROTHER_OF(Smith,Joseph) ∧ FATHER_OF(Jehoash,Joseph)"
36330,31138,FATHER_OF,"BROTHER_OF(Smith,Joseph) ∧ FATHER_OF(Joash,Joseph)"
19082,31138,FATHER_OF,"BROTHER_OF(Smith,Joseph) ∧ FATHER_OF(Jehoshaphat,Joseph)"
19540,31138,FATHER_OF,"BROTHER_OF(Smith,Joseph) ∧ FATHER_OF(Rehoboam,Joseph)"
36522,31138,FATHER_OF,"BROTHER_OF(Smith,Joseph) ∧ FATHER_OF(Uri,Joseph)"
24119,31138,FATHER_OF,"BROTHER_OF(Smith,Joseph) ∧ FATHER_OF(Jotham,Joseph)"
35433,31138,FATHER_OF,"BROTHER_OF(Smith,Joseph) ∧ FATHER_OF(Jehoram,Joseph)"
3504,31138,FATHER_OF,"BROTHER_OF(Smith,Joseph) ∧ FATHER_OF(Asa,Joseph)"
36576,31138,FATHER_OF,"BROTHER_OF(Smith,Joseph) ∧ FATHER_OF(Jahdai,Joseph)"
36557,31138,FATHER_OF,"BROTHER_OF(Smith,Joseph) ∧ FATHER_OF(Azariah,Joseph)"
36542,31138,FATHER_OF,"BROTHER_OF(Smith,Joseph) ∧ FATHER_OF(Appaim,Joseph)"
36724,31138,FATHER_OF,"BROTHER_OF(Smith,Joseph) ∧ FATHER_OF(Jehohanan,Joseph)"
18906,31138,FATHER_OF,"BROTHER_OF(Smith,Joseph) ∧ FATHER_OF(Hezekiah,Joseph)"
36563,31138,FATHER_OF,"BROTHER_OF(Smith,Joseph) ∧ FATHER_OF(Jekamiah,Joseph)"
402110,31138,FATHER_OF,"BROTHER_OF(Smith,Joseph) ∧ FATHER_OF(Hassenuah,Joseph)"
36905,31138,FATHER_OF,"BROTHER_OF(Smith,Joseph) ∧ FATHER_OF(Meonothai,Joseph)"
36898,31138,FATHER_OF,"BROTHER_OF(Smith,Joseph) ∧ FATHER_OF(Eshton,Joseph)"
37051,31138,FATHER_OF,"BROTHER_OF(Smith,Joseph) ∧ FATHER_OF(Adaiah,Joseph)"
24105,31138,FATHER_OF,"BROTHER_OF(Smith,Joseph) ∧ FATHER_OF(Uzziah,Joseph)"
36797,31138,FATHER_OF,"BROTHER_OF(Smith,Joseph) ∧ FATHER_OF(Chelub,Joseph)"
106978,19581,FATHER_OF,"BROTHER_OF(Simon,Jonathan) ∧ FATHER_OF(Asael Smith,Jonathan)"
36345,19581,FATHER_OF,"BROTHER_OF(Simon,Jonathan) ∧ FATHER_OF(Elkanah,Jonathan)"
59317,19581,FATHER_OF,"BROTHER_OF(Simon,Jonathan) ∧ FATHER_OF(Robert,Jonathan)"
464107,19581,FATHER_OF,"BROTHER_OF(Simon,Jonathan) ∧ FATHER_OF(An Ephraimite,Jonathan)"
36215,209992,FATHER_OF,"SISTER_OF(Sophronia,José) ∧ FATHER_OF(Aholibamah,José)"
40102,209992,FATHER_OF,"SISTER_OF(Sophronia,José) ∧ FATHER_OF(Beeri,José)"
37465,209992,FATHER_OF,"SISTER_OF(Sophronia,José) ∧ FATHER_OF(Elon,José)"
18917,209992,FATHER_OF,"SISTER_OF(Sophronia,José) ∧ FATHER_OF(Ishmael,José)"
19210,117822,FATHER_OF,"SISTER_OF(Patrick,Joseph) ∧ FATHER_OF(Leah,Joseph)"
19199,117822,FATHER_OF,"SISTER_OF(Patrick,Joseph) ∧ FATHER_OF(Laban,Joseph)"
42086,117822,FATHER_OF,"SISTER_OF(Patrick,Joseph) ∧ FATHER_OF(Senuah,Joseph)"
38002,117822,FATHER_OF,"SISTER_OF(Patrick,Joseph) ∧ FATHER_OF(Jehoash,Joseph)"
36330,117822,FATHER_OF,"SISTER_OF(Patrick,Joseph) ∧ FATHER_OF(Joash,Joseph)"
19082,117822,FATHER_OF,"SISTER_OF(Patrick,Joseph) ∧ FATHER_OF(Jehoshaphat,Joseph)"
19540,117822,FATHER_OF,"SISTER_OF(Patrick,Joseph) ∧ FATHER_OF(Rehoboam,Joseph)"
36522,117822,FATHER_OF,"SISTER_OF(Patrick,Joseph) ∧ FATHER_OF(Uri,Joseph)"
24119,117822,FATHER_OF,"SISTER_OF(Patrick,Joseph) ∧ FATHER_OF(Jotham,Joseph)"
35433,117822,FATHER_OF,"SISTER_OF(Patrick,Joseph) ∧ FATHER_OF(Jehoram,Joseph)"
3504,117822,FATHER_OF,"SISTER_OF(Patrick,Joseph) ∧ FATHER_OF(Asa,Joseph)"
36576,117822,FATHER_OF,"SISTER_OF(Patrick,Joseph) ∧ FATHER_OF(Jahdai,Joseph)"
36557,117822,FATHER_OF,"SISTER_OF(Patrick,Joseph) ∧ FATHER_OF(Azariah,Joseph)"
36542,117822,FATHER_OF,"SISTER_OF(Patrick,Joseph) ∧ FATHER_OF(Appaim,Joseph)"
36724,117822,FATHER_OF,"SISTER_OF(Patrick,Joseph) ∧ FATHER_OF(Jehohanan,Joseph)"
18906,117822,FATHER_OF,"SISTER_OF(Patrick,Joseph) ∧ FATHER_OF(Hezekiah,Joseph)"
36563,117822,FATHER_OF,"SISTER_OF(Patrick,Joseph) ∧ FATHER_OF(Jekamiah,Joseph)"
402110,117822,FATHER_OF,"SISTER_OF(Patrick,Joseph) ∧ FATHER_OF(Hassenuah,Joseph)"
36905,117822,FATHER_OF,"SISTER_OF(Patrick,Joseph) ∧ FATHER_OF(Meonothai,Joseph)"
36898,117822,FATHER_OF,"SISTER_OF(Patrick,Joseph) ∧ FATHER_OF(Eshton,Joseph)"
37051,117822,FATHER_OF,"SISTER_OF(Patrick,Joseph) ∧ FATHER_OF(Adaiah,Joseph)"
24105,117822,FATHER_OF,"SISTER_OF(Patrick,Joseph) ∧ FATHER_OF(Uzziah,Joseph)"
36797,117822,FATHER_OF,"SISTER_OF(Patrick,Joseph) ∧ FATHER_OF(Chelub,Joseph)"
19210,561682,FATHER_OF,"SISTER_OF(Rhoda Ann Jennetta Richards,Joseph) ∧ FATHER_OF(Leah,Joseph)"
19199,561682,FATHER_OF,"SISTER_OF(Rhoda Ann Jennetta Richards,Joseph) ∧ FATHER_OF(Laban,Joseph)"
42086,561682,FATHER_OF,"SISTER_OF(Rhoda Ann Jennetta Richards,Joseph) ∧ FATHER_OF(Senuah,Joseph)"
38002,561682,FATHER_OF,"SISTER_OF(Rhoda Ann Jennetta Richards,Joseph) ∧ FATHER_OF(Jehoash,Joseph)"
36330,561682,FATHER_OF,"SISTER_OF(Rhoda Ann Jennetta Richards,Joseph) ∧ FATHER_OF(Joash,Joseph)"
19082,561682,FATHER_OF,"SISTER_OF(Rhoda Ann Jennetta Richards,Joseph) ∧ FATHER_OF(Jehoshaphat,Joseph)"
19540,561682,FATHER_OF,"SISTER_OF(Rhoda Ann Jennetta Richards,Joseph) ∧ FATHER_OF(Rehoboam,Joseph)"
36522,561682,FATHER_OF,"SISTER_OF(Rhoda Ann Jennetta Richards,Joseph) ∧ FATHER_OF(Uri,Joseph)"
24119,561682,FATHER_OF,"SISTER_OF(Rhoda Ann Jennetta Richards,Joseph) ∧ FATHER_OF(Jotham,Joseph)"
35433,561682,FATHER_OF,"SISTER_OF(Rhoda Ann Jennetta Richards,Joseph) ∧ FATHER_OF(Jehoram,Joseph)"
3504,561682,FATHER_OF,"SISTER_OF(Rhoda Ann Jennetta Richards,Joseph) ∧ FATHER_OF(Asa,Joseph)"
36576,561682,FATHER_OF,"SISTER_OF(Rhoda Ann Jennetta Richards,Joseph) ∧ FATHER_OF(Jahdai,Joseph)"
36557,561682,FATHER_OF,"SISTER_OF(Rhoda Ann Jennetta Richards,Joseph) ∧ FATHER_OF(Azariah,Joseph)"
36542,561682,FATHER_OF,"SISTER_OF(Rhoda Ann Jennetta Richards,Joseph) ∧ FATHER_OF(Appaim,Joseph)"
36724,561682,FATHER_OF,"SISTER_OF(Rhoda Ann Jennetta Richards,Joseph) ∧ FATHER_OF(Jehohanan,Joseph)"
18906,561682,FATHER_OF,"SISTER_OF(Rhoda Ann Jennetta Richards,Joseph) ∧ FATHER_OF(Hezekiah,Joseph)"
36563,561682,FATHER_OF,"SISTER_OF(Rhoda Ann Jennetta Richards,Joseph) ∧ FATHER_OF(Jekamiah,Joseph)"
402110,561682,FATHER_OF,"SISTER_OF(Rhoda Ann Jennetta Richards,Joseph) ∧ FATHER_OF(Hassenuah,Joseph)"
36905,561682,FATHER_OF,"SISTER_OF(Rhoda Ann Jennetta Richards,Joseph) ∧ FATHER_OF(Meonothai,Joseph)"
36898,561682,FATHER_OF,"SISTER_OF(Rhoda Ann Jennetta Richards,Joseph) ∧ FATHER_OF(Eshton,Joseph)"
37051,561682,FATHER_OF,"SISTER_OF(Rhoda Ann Jennetta Richards,Joseph) ∧ FATHER_OF(Adaiah,Joseph)"
24105,561682,FATHER_OF,"SISTER_OF(Rhoda Ann Jennetta Richards,Joseph) ∧ FATHER_OF(Uzziah,Joseph)"
36797,561682,FATHER_OF,"SISTER_OF(Rhoda Ann Jennetta Richards,Joseph) ∧ FATHER_OF(Chelub,Joseph)"
494653,19102,FATHER_OF,"BROTHER_OF(Joseph Smith,Hyrum Smith) ∧ FATHER_OF(Sirach,Hyrum Smith)"
516157,19102,FATHER_OF,"BROTHER_OF(Joseph Smith,Hyrum Smith) ∧ FATHER_OF(SIR,Hyrum Smith)"
398435,19102,FATHER_OF,"BROTHER_OF(Joseph Smith,Hyrum Smith) ∧ FATHER_OF(Josedek,Hyrum Smith)"
416791,19102,FATHER_OF,"BROTHER_OF(Joseph Smith,Hyrum Smith) ∧ FATHER_OF(Ananus,Hyrum Smith)"
19581,19102,FATHER_OF,"BROTHER_OF(Joseph Smith,Hyrum Smith) ∧ FATHER_OF(Simon,Hyrum Smith)"
35452,19102,FATHER_OF,"BROTHER_OF(Joseph Smith,Hyrum Smith) ∧ FATHER_OF(Eleazar,Hyrum Smith)"
106978,18645,FATHER_OF,"BROTHER_OF(Jesus,James) ∧ FATHER_OF(Asael Smith,James)"
36345,18645,FATHER_OF,"BROTHER_OF(Jesus,James) ∧ FATHER_OF(Elkanah,James)"
59317,18645,FATHER_OF,"BROTHER_OF(Jesus,James) ∧ FATHER_OF(Robert,James)"
464107,18645,FATHER_OF,"BROTHER_OF(Jesus,James) ∧ FATHER_OF(An Ephraimite,James)"
19871,19735,FATHER_OF,"BROTHER_OF(José,Samuel) ∧ FATHER_OF(Zacharias,Samuel)"
397883,19735,FATHER_OF,"BROTHER_OF(José,Samuel) ∧ FATHER_OF(Mathew Woodruff,Samuel)"
494839,19735,FATHER_OF,"BROTHER_OF(José,Samuel) ∧ FATHER_OF(Accos,Samuel)"
35041,19735,FATHER_OF,"BROTHER_OF(José,Samuel) ∧ FATHER_OF(Mattathias,Samuel)"
19872,19735,FATHER_OF,"BROTHER_OF(José,Samuel) ∧ FATHER_OF(Zechariah,Samuel)"
19108,19735,FATHER_OF,"BROTHER_OF(José,Samuel) ∧ FATHER_OF(Judas,Samuel)"
204448,19735,FATHER_OF,"BROTHER_OF(José,Samuel) ∧ FATHER_OF(Alpheus,Samuel)"
499765,19735,FATHER_OF,"BROTHER_OF(José,Samuel) ∧ FATHER_OF(Zehedee,Samuel)"
621613,19735,FATHER_OF,"BROTHER_OF(José,Samuel) ∧ FATHER_OF(Zebedee Salome,Samuel)"
42109,19735,FATHER_OF,"BROTHER_OF(José,Samuel) ∧ FATHER_OF(Joiada,Samuel)"
19566,19735,FATHER_OF,"BROTHER_OF(José,Samuel) ∧ FATHER_OF(Shaul,Samuel)"
19494,19735,FATHER_OF,"BROTHER_OF(José,Samuel) ∧ FATHER_OF(Paul,Samuel)"
36417,19735,FATHER_OF,"BROTHER_OF(José,Samuel) ∧ FATHER_OF(Shemaiah,Samuel)"
36161,19735,FATHER_OF,"BROTHER_OF(José,Samuel) ∧ FATHER_OF(Shage,Samuel)"
36610,19735,FATHER_OF,"BROTHER_OF(José,Samuel) ∧ FATHER_OF(Shimea,Samuel)"
35320,19735,FATHER_OF,"BROTHER_OF(José,Samuel) ∧ FATHER_OF(Abiathar,Samuel)"
36418,19735,FATHER_OF,"BROTHER_OF(José,Samuel) ∧ FATHER_OF(Uzziel,Samuel)"
36162,19735,FATHER_OF,"BROTHER_OF(José,Samuel) ∧ FATHER_OF(Shammah,Samuel)"
419644,19735,FATHER_OF,"BROTHER_OF(José,Samuel) ∧ FATHER_OF(Shagee,Samuel)"
36830,19735,FATHER_OF,"BROTHER_OF(José,Samuel) ∧ FATHER_OF(Absalom,Samuel)"
36627,19735,FATHER_OF,"BROTHER_OF(José,Samuel) ∧ FATHER_OF(Shimei,Samuel)"
106978,104442,FATHER_OF,"BROTHER_OF(Burnett,James) ∧ FATHER_OF(Asael Smith,James)"
36345,104442,FATHER_OF,"BROTHER_OF(Burnett,James) ∧ FATHER_OF(Elkanah,James)"
59317,104442,FATHER_OF,"BROTHER_OF(Burnett,James) ∧ FATHER_OF(Robert,James)"
464107,104442,FATHER_OF,"BROTHER_OF(Burnett,James) ∧ FATHER_OF(An Ephraimite,James)"
11338,19583,FATHER_OF,"BROTHER_OF(Hyrum Smith,William Smith) ∧ FATHER_OF(Simón Iscariote,William Smith)"
19073,19583,FATHER_OF,"BROTHER_OF(Hyrum Smith,William Smith) ∧ FATHER_OF(James,William Smith)"
757218,19583,FATHER_OF,"BROTHER_OF(Hyrum Smith,William Smith) ∧ FATHER_OF(Chalphi,William Smith)"
457984,19583,FATHER_OF,"BROTHER_OF(Hyrum Smith,William Smith) ∧ FATHER_OF(Simon Iscariot,William Smith)"
35049,19583,FATHER_OF,"BROTHER_OF(Hyrum Smith,William Smith) ∧ FATHER_OF(Rhesa,William Smith)"
25524,19583,FATHER_OF,"BROTHER_OF(Hyrum Smith,William Smith) ∧ FATHER_OF(Jonas,William Smith)"
45834,19583,FATHER_OF,"BROTHER_OF(Hyrum Smith,William Smith) ∧ FATHER_OF(Jona,William Smith)"
19094,19583,FATHER_OF,"BROTHER_OF(Hyrum Smith,William Smith) ∧ FATHER_OF(Jonah,William Smith)"
650625,19583,FATHER_OF,"BROTHER_OF(Hyrum Smith,William Smith) ∧ FATHER_OF(Gioras,William Smith)"
55816,19583,FATHER_OF,"BROTHER_OF(Hyrum Smith,William Smith) ∧ FATHER_OF(Jochai,William Smith)"
465526,19583,FATHER_OF,"BROTHER_OF(Hyrum Smith,William Smith) ∧ FATHER_OF(Onias,William Smith)"
18873,19583,FATHER_OF,"BROTHER_OF(Hyrum Smith,William Smith) ∧ FATHER_OF(Gamaliel,William Smith)"
494653,18897,FATHER_OF,"BROTHER_OF(Samuel,Hyrum Smith) ∧ FATHER_OF(Sirach,Hyrum Smith)"
516157,18897,FATHER_OF,"BROTHER_OF(Samuel,Hyrum Smith) ∧ FATHER_OF(SIR,Hyrum Smith)"
398435,18897,FATHER_OF,"BROTHER_OF(Samuel,Hyrum Smith) ∧ FATHER_OF(Josedek,Hyrum Smith)"
416791,18897,FATHER_OF,"BROTHER_OF(Samuel,Hyrum Smith) ∧ FATHER_OF(Ananus,Hyrum Smith)"
19581,18897,FATHER_OF,"BROTHER_OF(Samuel,Hyrum Smith) ∧ FATHER_OF(Simon,Hyrum Smith)"
35452,18897,FATHER_OF,"BROTHER_OF(Samuel,Hyrum Smith) ∧ FATHER_OF(Eleazar,Hyrum Smith)"
30664,203561,FATHER_OF,"BROTHER_OF(Judas Maccabeus,Simon) ∧ FATHER_OF(Joseph Smith Sr.,Simon)"
213770,203561,FATHER_OF,"BROTHER_OF(Judas Maccabeus,Simon) ∧ FATHER_OF(Alexander Hale Smith,Simon)"
520857,203561,FATHER_OF,"BROTHER_OF(Judas Maccabeus,Simon) ∧ FATHER_OF(Patriarch Hyrum Smith,Simon)"
106978,441241,FATHER_OF,"BROTHER_OF(Judas Maccabee,Jonathan) ∧ FATHER_OF(Asael Smith,Jonathan)"
36345,441241,FATHER_OF,"BROTHER_OF(Judas Maccabee,Jonathan) ∧ FATHER_OF(Elkanah,Jonathan)"
59317,441241,FATHER_OF,"BROTHER_OF(Judas Maccabee,Jonathan) ∧ FATHER_OF(Robert,Jonathan)"
464107,441241,FATHER_OF,"BROTHER_OF(Judas Maccabee,Jonathan) ∧ FATHER_OF(An Ephraimite,Jonathan)"
19871,30497,FATHER_OF,"BROTHER_OF(Hyrum,Samuel) ∧ FATHER_OF(Zacharias,Samuel)"
397883,30497,FATHER_OF,"BROTHER_OF(Hyrum,Samuel) ∧ FATHER_OF(Mathew Woodruff,Samuel)"
494839,30497,FATHER_OF,"BROTHER_OF(Hyrum,Samuel) ∧ FATHER_OF(Accos,Samuel)"
35041,30497,FATHER_OF,"BROTHER_OF(Hyrum,Samuel) ∧ FATHER_OF(Mattathias,Samuel)"
19872,30497,FATHER_OF,"BROTHER_OF(Hyrum,Samuel) ∧ FATHER_OF(Zechariah,Samuel)"
19108,30497,FATHER_OF,"BROTHER_OF(Hyrum,Samuel) ∧ FATHER_OF(Judas,Samuel)"
204448,30497,FATHER_OF,"BROTHER_OF(Hyrum,Samuel) ∧ FATHER_OF(Alpheus,Samuel)"
499765,30497,FATHER_OF,"BROTHER_OF(Hyrum,Samuel) ∧ FATHER_OF(Zehedee,Samuel)"
621613,30497,FATHER_OF,"BROTHER_OF(Hyrum,Samuel) ∧ FATHER_OF(Zebedee Salome,Samuel)"
42109,30497,FATHER_OF,"BROTHER_OF(Hyrum,Samuel) ∧ FATHER_OF(Joiada,Samuel)"
19566,30497,FATHER_OF,"BROTHER_OF(Hyrum,Samuel) ∧ FATHER_OF(Shaul,Samuel)"
19494,30497,FATHER_OF,"BROTHER_OF(Hyrum,Samuel) ∧ FATHER_OF(Paul,Samuel)"
36417,30497,FATHER_OF,"BROTHER_OF(Hyrum,Samuel) ∧ FATHER_OF(Shemaiah,Samuel)"
36161,30497,FATHER_OF,"BROTHER_OF(Hyrum,Samuel) ∧ FATHER_OF(Shage,Samuel)"
36610,30497,FATHER_OF,"BROTHER_OF(Hyrum,Samuel) ∧ FATHER_OF(Shimea,Samuel)"
35320,30497,FATHER_OF,"BROTHER_OF(Hyrum,Samuel) ∧ FATHER_OF(Abiathar,Samuel)"
36418,30497,FATHER_OF,"BROTHER_OF(Hyrum,Samuel) ∧ FATHER_OF(Uzziel,Samuel)"
36162,30497,FATHER_OF,"BROTHER_OF(Hyrum,Samuel) ∧ FATHER_OF(Shammah,Samuel)"
419644,30497,FATHER_OF,"BROTHER_OF(Hyrum,Samuel) ∧ FATHER_OF(Shagee,Samuel)"
36830,30497,FATHER_OF,"BROTHER_OF(Hyrum,Samuel) ∧ FATHER_OF(Absalom,Samuel)"
36627,30497,FATHER_OF,"BROTHER_OF(Hyrum,Samuel) ∧ FATHER_OF(Shimei,Samuel)"
19871,176512,FATHER_OF,"BROTHER_OF(WILLIAM,Samuel) ∧ FATHER_OF(Zacharias,Samuel)"
397883,176512,FATHER_OF,"BROTHER_OF(WILLIAM,Samuel) ∧ FATHER_OF(Mathew Woodruff,Samuel)"
494839,176512,FATHER_OF,"BROTHER_OF(WILLIAM,Samuel) ∧ FATHER_OF(Accos,Samuel)"
35041,176512,FATHER_OF,"BROTHER_OF(WILLIAM,Samuel) ∧ FATHER_OF(Mattathias,Samuel)"
19872,176512,FATHER_OF,"BROTHER_OF(WILLIAM,Samuel) ∧ FATHER_OF(Zechariah,Samuel)"
19108,176512,FATHER_OF,"BROTHER_OF(WILLIAM,Samuel) ∧ FATHER_OF(Judas,Samuel)"
204448,176512,FATHER_OF,"BROTHER_OF(WILLIAM,Samuel) ∧ FATHER_OF(Alpheus,Samuel)"
499765,176512,FATHER_OF,"BROTHER_OF(WILLIAM,Samuel) ∧ FATHER_OF(Zehedee,Samuel)"
621613,176512,FATHER_OF,"BROTHER_OF(WILLIAM,Samuel) ∧ FATHER_OF(Zebedee Salome,Samuel)"
42109,176512,FATHER_OF,"BROTHER_OF(WILLIAM,Samuel) ∧ FATHER_OF(Joiada,Samuel)"
19566,176512,FATHER_OF,"BROTHER_OF(WILLIAM,Samuel) ∧ FATHER_OF(Shaul,Samuel)"
19494,176512,FATHER_OF,"BROTHER_OF(WILLIAM,Samuel) ∧ FATHER_OF(Paul,Samuel)"
36417,176512,FATHER_OF,"BROTHER_OF(WILLIAM,Samuel) ∧ FATHER_OF(Shemaiah,Samuel)"
36161,176512,FATHER_OF,"BROTHER_OF(WILLIAM,Samuel) ∧ FATHER_OF(Shage,Samuel)"
36610,176512,FATHER_OF,"BROTHER_OF(WILLIAM,Samuel) ∧ FATHER_OF(Shimea,Samuel)"
35320,176512,FATHER_OF,"BROTHER_OF(WILLIAM,Samuel) ∧ FATHER_OF(Abiathar,Samuel)"
36418,176512,FATHER_OF,"BROTHER_OF(WILLIAM,Samuel) ∧ FATHER_OF(Uzziel,Samuel)"
36162,176512,FATHER_OF,"BROTHER_OF(WILLIAM,Samuel) ∧ FATHER_OF(Shammah,Samuel)"
419644,176512,FATHER_OF,"BROTHER_OF(WILLIAM,Samuel) ∧ FATHER_OF(Shagee,Samuel)"
36830,176512,FATHER_OF,"BROTHER_OF(WILLIAM,Samuel) ∧ FATHER_OF(Absalom,Samuel)"
36627,176512,FATHER_OF,"BROTHER_OF(WILLIAM,Samuel) ∧ FATHER_OF(Shimei,Samuel)"
19871,67829,FATHER_OF,"BROTHER_OF(Samuel Harrison Smith,José) ∧ FATHER_OF(Zacharias,José)"
397883,67829,FATHER_OF,"BROTHER_OF(Samuel Harrison Smith,José) ∧ FATHER_OF(Mathew Woodruff,José)"
494839,67829,FATHER_OF,"BROTHER_OF(Samuel Harrison Smith,José) ∧ FATHER_OF(Accos,José)"
35041,67829,FATHER_OF,"BROTHER_OF(Samuel Harrison Smith,José) ∧ FATHER_OF(Mattathias,José)"
19872,67829,FATHER_OF,"BROTHER_OF(Samuel Harrison Smith,José) ∧ FATHER_OF(Zechariah,José)"
19108,67829,FATHER_OF,"BROTHER_OF(Samuel Harrison Smith,José) ∧ FATHER_OF(Judas,José)"
204448,67829,FATHER_OF,"BROTHER_OF(Samuel Harrison Smith,José) ∧ FATHER_OF(Alpheus,José)"
499765,67829,FATHER_OF,"BROTHER_OF(Samuel Harrison Smith,José) ∧ FATHER_OF(Zehedee,José)"
621613,67829,FATHER_OF,"BROTHER_OF(Samuel Harrison Smith,José) ∧ FATHER_OF(Zebedee Salome,José)"
42109,67829,FATHER_OF,"BROTHER_OF(Samuel Harrison Smith,José) ∧ FATHER_OF(Joiada,José)"
19566,67829,FATHER_OF,"BROTHER_OF(Samuel Harrison Smith,José) ∧ FATHER_OF(Shaul,José)"
19494,67829,FATHER_OF,"BROTHER_OF(Samuel Harrison Smith,José) ∧ FATHER_OF(Paul,José)"
36417,67829,FATHER_OF,"BROTHER_OF(Samuel Harrison Smith,José) ∧ FATHER_OF(Shemaiah,José)"
36161,67829,FATHER_OF,"BROTHER_OF(Samuel Harrison Smith,José) ∧ FATHER_OF(Shage,José)"
36610,67829,FATHER_OF,"BROTHER_OF(Samuel Harrison Smith,José) ∧ FATHER_OF(Shimea,José)"
35320,67829,FATHER_OF,"BROTHER_OF(Samuel Harrison Smith,José) ∧ FATHER_OF(Abiathar,José)"
36418,67829,FATHER_OF,"BROTHER_OF(Samuel Harrison Smith,José) ∧ FATHER_OF(Uzziel,José)"
36162,67829,FATHER_OF,"BROTHER_OF(Samuel Harrison Smith,José) ∧ FATHER_OF(Shammah,José)"
419644,67829,FATHER_OF,"BROTHER_OF(Samuel Harrison Smith,José) ∧ FATHER_OF(Shagee,José)"
36830,67829,FATHER_OF,"BROTHER_OF(Samuel Harrison Smith,José) ∧ FATHER_OF(Absalom,José)"
36627,67829,FATHER_OF,"BROTHER_OF(Samuel Harrison Smith,José) ∧ FATHER_OF(Shimei,José)"
11338,209474,FATHER_OF,"BROTHER_OF(Don Carlos Smith,Hyrum Smith) ∧ FATHER_OF(Simón Iscariote,Hyrum Smith)"
19073,209474,FATHER_OF,"BROTHER_OF(Don Carlos Smith,Hyrum Smith) ∧ FATHER_OF(James,Hyrum Smith)"
757218,209474,FATHER_OF,"BROTHER_OF(Don Carlos Smith,Hyrum Smith) ∧ FATHER_OF(Chalphi,Hyrum Smith)"
457984,209474,FATHER_OF,"BROTHER_OF(Don Carlos Smith,Hyrum Smith) ∧ FATHER_OF(Simon Iscariot,Hyrum Smith)"
35049,209474,FATHER_OF,"BROTHER_OF(Don Carlos Smith,Hyrum Smith) ∧ FATHER_OF(Rhesa,Hyrum Smith)"
25524,209474,FATHER_OF,"BROTHER_OF(Don Carlos Smith,Hyrum Smith) ∧ FATHER_OF(Jonas,Hyrum Smith)"
45834,209474,FATHER_OF,"BROTHER_OF(Don Carlos Smith,Hyrum Smith) ∧ FATHER_OF(Jona,Hyrum Smith)"
19094,209474,FATHER_OF,"BROTHER_OF(Don Carlos Smith,Hyrum Smith) ∧ FATHER_OF(Jonah,Hyrum Smith)"
650625,209474,FATHER_OF,"BROTHER_OF(Don Carlos Smith,Hyrum Smith) ∧ FATHER_OF(Gioras,Hyrum Smith)"
55816,209474,FATHER_OF,"BROTHER_OF(Don Carlos Smith,Hyrum Smith) ∧ FATHER_OF(Jochai,Hyrum Smith)"
465526,209474,FATHER_OF,"BROTHER_OF(Don Carlos Smith,Hyrum Smith) ∧ FATHER_OF(Onias,Hyrum Smith)"
18873,209474,FATHER_OF,"BROTHER_OF(Don Carlos Smith,Hyrum Smith) ∧ FATHER_OF(Gamaliel,Hyrum Smith)"
106978,19106,FATHER_OF,"BROTHER_OF(Judah,Jesus) ∧ FATHER_OF(Asael Smith,Jesus)"
36345,19106,FATHER_OF,"BROTHER_OF(Judah,Jesus) ∧ FATHER_OF(Elkanah,Jesus)"
59317,19106,FATHER_OF,"BROTHER_OF(Judah,Jesus) ∧ FATHER_OF(Robert,Jesus)"
464107,19106,FATHER_OF,"BROTHER_OF(Judah,Jesus) ∧ FATHER_OF(An Ephraimite,Jesus)"
494653,150532,FATHER_OF,"BROTHER_OF(Alvin Smith,Joseph Smith) ∧ FATHER_OF(Sirach,Joseph Smith)"
516157,150532,FATHER_OF,"BROTHER_OF(Alvin Smith,Joseph Smith) ∧ FATHER_OF(SIR,Joseph Smith)"
398435,150532,FATHER_OF,"BROTHER_OF(Alvin Smith,Joseph Smith) ∧ FATHER_OF(Josedek,Joseph Smith)"
416791,150532,FATHER_OF,"BROTHER_OF(Alvin Smith,Joseph Smith) ∧ FATHER_OF(Ananus,Joseph Smith)"
19581,150532,FATHER_OF,"BROTHER_OF(Alvin Smith,Joseph Smith) ∧ FATHER_OF(Simon,Joseph Smith)"
35452,150532,FATHER_OF,"BROTHER_OF(Alvin Smith,Joseph Smith) ∧ FATHER_OF(Eleazar,Joseph Smith)"
19871,209992,FATHER_OF,"SISTER_OF(Sophronia,José) ∧ FATHER_OF(Zacharias,José)"
397883,209992,FATHER_OF,"SISTER_OF(Sophronia,José) ∧ FATHER_OF(Mathew Woodruff,José)"
494839,209992,FATHER_OF,"SISTER_OF(Sophronia,José) ∧ FATHER_OF(Accos,José)"
35041,209992,FATHER_OF,"SISTER_OF(Sophronia,José) ∧ FATHER_OF(Mattathias,José)"
19872,209992,FATHER_OF,"SISTER_OF(Sophronia,José) ∧ FATHER_OF(Zechariah,José)"
19108,209992,FATHER_OF,"SISTER_OF(Sophronia,José) ∧ FATHER_OF(Judas,José)"
204448,209992,FATHER_OF,"SISTER_OF(Sophronia,José) ∧ FATHER_OF(Alpheus,José)"
499765,209992,FATHER_OF,"SISTER_OF(Sophronia,José) ∧ FATHER_OF(Zehedee,José)"
621613,209992,FATHER_OF,"SISTER_OF(Sophronia,José) ∧ FATHER_OF(Zebedee Salome,José)"
42109,209992,FATHER_OF,"SISTER_OF(Sophronia,José) ∧ FATHER_OF(Joiada,José)"
19566,209992,FATHER_OF,"SISTER_OF(Sophronia,José) ∧ FATHER_OF(Shaul,José)"
19494,209992,FATHER_OF,"SISTER_OF(Sophronia,José) ∧ FATHER_OF(Paul,José)"
36417,209992,FATHER_OF,"SISTER_OF(Sophronia,José) ∧ FATHER_OF(Shemaiah,José)"
36161,209992,FATHER_OF,"SISTER_OF(Sophronia,José) ∧ FATHER_OF(Shage,José)"
36610,209992,FATHER_OF,"SISTER_OF(Sophronia,José) ∧ FATHER_OF(Shimea,José)"
35320,209992,FATHER_OF,"SISTER_OF(Sophronia,José) ∧ FATHER_OF(Abiathar,José)"
36418,209992,FATHER_OF,"SISTER_OF(Sophronia,José) ∧ FATHER_OF(Uzziel,José)"
36162,209992,FATHER_OF,"SISTER_OF(Sophronia,José) ∧ FATHER_OF(Shammah,José)"
419644,209992,FATHER_OF,"SISTER_OF(Sophronia,José) ∧ FATHER_OF(Shagee,José)"
36830,209992,FATHER_OF,"SISTER_OF(Sophronia,José) ∧ FATHER_OF(Absalom,José)"
36627,209992,FATHER_OF,"SISTER_OF(Sophronia,José) ∧ FATHER_OF(Shimei,José)"
11338,19102,FATHER_OF,"BROTHER_OF(Joseph Smith,Hyrum Smith) ∧ FATHER_OF(Simón Iscariote,Hyrum Smith)"
19073,19102,FATHER_OF,"BROTHER_OF(Joseph Smith,Hyrum Smith) ∧ FATHER_OF(James,Hyrum Smith)"
757218,19102,FATHER_OF,"BROTHER_OF(Joseph Smith,Hyrum Smith) ∧ FATHER_OF(Chalphi,Hyrum Smith)"
457984,19102,FATHER_OF,"BROTHER_OF(Joseph Smith,Hyrum Smith) ∧ FATHER_OF(Simon Iscariot,Hyrum Smith)"
35049,19102,FATHER_OF,"BROTHER_OF(Joseph Smith,Hyrum Smith) ∧ FATHER_OF(Rhesa,Hyrum Smith)"
25524,19102,FATHER_OF,"BROTHER_OF(Joseph Smith,Hyrum Smith) ∧ FATHER_OF(Jonas,Hyrum Smith)"
45834,19102,FATHER_OF,"BROTHER_OF(Joseph Smith,Hyrum Smith) ∧ FATHER_OF(Jona,Hyrum Smith)"
19094,19102,FATHER_OF,"BROTHER_OF(Joseph Smith,Hyrum Smith) ∧ FATHER_OF(Jonah,Hyrum Smith)"
650625,19102,FATHER_OF,"BROTHER_OF(Joseph Smith,Hyrum Smith) ∧ FATHER_OF(Gioras,Hyrum Smith)"
55816,19102,FATHER_OF,"BROTHER_OF(Joseph Smith,Hyrum Smith) ∧ FATHER_OF(Jochai,Hyrum Smith)"
465526,19102,FATHER_OF,"BROTHER_OF(Joseph Smith,Hyrum Smith) ∧ FATHER_OF(Onias,Hyrum Smith)"
18873,19102,FATHER_OF,"BROTHER_OF(Joseph Smith,Hyrum Smith) ∧ FATHER_OF(Gamaliel,Hyrum Smith)"
494653,19735,FATHER_OF,"BROTHER_OF(José,Samuel) ∧ FATHER_OF(Sirach,Samuel)"
516157,19735,FATHER_OF,"BROTHER_OF(José,Samuel) ∧ FATHER_OF(SIR,Samuel)"
398435,19735,FATHER_OF,"BROTHER_OF(José,Samuel) ∧ FATHER_OF(Josedek,Samuel)"
416791,19735,FATHER_OF,"BROTHER_OF(José,Samuel) ∧ FATHER_OF(Ananus,Samuel)"
19581,19735,FATHER_OF,"BROTHER_OF(José,Samuel) ∧ FATHER_OF(Simon,Samuel)"
35452,19735,FATHER_OF,"BROTHER_OF(José,Samuel) ∧ FATHER_OF(Eleazar,Samuel)"
19210,19583,FATHER_OF,"BROTHER_OF(Hyrum Smith,William Smith) ∧ FATHER_OF(Leah,William Smith)"
19199,19583,FATHER_OF,"BROTHER_OF(Hyrum Smith,William Smith) ∧ FATHER_OF(Laban,William Smith)"
42086,19583,FATHER_OF,"BROTHER_OF(Hyrum Smith,William Smith) ∧ FATHER_OF(Senuah,William Smith)"
38002,19583,FATHER_OF,"BROTHER_OF(Hyrum Smith,William Smith) ∧ FATHER_OF(Jehoash,William Smith)"
36330,19583,FATHER_OF,"BROTHER_OF(Hyrum Smith,William Smith) ∧ FATHER_OF(Joash,William Smith)"
19082,19583,FATHER_OF,"BROTHER_OF(Hyrum Smith,William Smith) ∧ FATHER_OF(Jehoshaphat,William Smith)"
19540,19583,FATHER_OF,"BROTHER_OF(Hyrum Smith,William Smith) ∧ FATHER_OF(Rehoboam,William Smith)"
36522,19583,FATHER_OF,"BROTHER_OF(Hyrum Smith,William Smith) ∧ FATHER_OF(Uri,William Smith)"
24119,19583,FATHER_OF,"BROTHER_OF(Hyrum Smith,William Smith) ∧ FATHER_OF(Jotham,William Smith)"
35433,19583,FATHER_OF,"BROTHER_OF(Hyrum Smith,William Smith) ∧ FATHER_OF(Jehoram,William Smith)"
3504,19583,FATHER_OF,"BROTHER_OF(Hyrum Smith,William Smith) ∧ FATHER_OF(Asa,William Smith)"
36576,19583,FATHER_OF,"BROTHER_OF(Hyrum Smith,William Smith) ∧ FATHER_OF(Jahdai,William Smith)"
36557,19583,FATHER_OF,"BROTHER_OF(Hyrum Smith,William Smith) ∧ FATHER_OF(Azariah,William Smith)"
36542,19583,FATHER_OF,"BROTHER_OF(Hyrum Smith,William Smith) ∧ FATHER_OF(Appaim,William Smith)"
36724,19583,FATHER_OF,"BROTHER_OF(Hyrum Smith,William Smith) ∧ FATHER_OF(Jehohanan,William Smith)"
18906,19583,FATHER_OF,"BROTHER_OF(Hyrum Smith,William Smith) ∧ FATHER_OF(Hezekiah,William Smith)"
36563,19583,FATHER_OF,"BROTHER_OF(Hyrum Smith,William Smith) ∧ FATHER_OF(Jekamiah,William Smith)"
402110,19583,FATHER_OF,"BROTHER_OF(Hyrum Smith,William Smith) ∧ FATHER_OF(Hassenuah,William Smith)"
36905,19583,FATHER_OF,"BROTHER_OF(Hyrum Smith,William Smith) ∧ FATHER_OF(Meonothai,William Smith)"
36898,19583,FATHER_OF,"BROTHER_OF(Hyrum Smith,William Smith) ∧ FATHER_OF(Eshton,William Smith)"
37051,19583,FATHER_OF,"BROTHER_OF(Hyrum Smith,William Smith) ∧ FATHER_OF(Adaiah,William Smith)"
24105,19583,FATHER_OF,"BROTHER_OF(Hyrum Smith,William Smith) ∧ FATHER_OF(Uzziah,William Smith)"
36797,19583,FATHER_OF,"BROTHER_OF(Hyrum Smith,William Smith) ∧ FATHER_OF(Chelub,William Smith)"
11338,18897,FATHER_OF,"BROTHER_OF(Samuel,Hyrum Smith) ∧ FATHER_OF(Simón Iscariote,Hyrum Smith)"
19073,18897,FATHER_OF,"BROTHER_OF(Samuel,Hyrum Smith) ∧ FATHER_OF(James,Hyrum Smith)"
757218,18897,FATHER_OF,"BROTHER_OF(Samuel,Hyrum Smith) ∧ FATHER_OF(Chalphi,Hyrum Smith)"
457984,18897,FATHER_OF,"BROTHER_OF(Samuel,Hyrum Smith) ∧ FATHER_OF(Simon Iscariot,Hyrum Smith)"
35049,18897,FATHER_OF,"BROTHER_OF(Samuel,Hyrum Smith) ∧ FATHER_OF(Rhesa,Hyrum Smith)"
25524,18897,FATHER_OF,"BROTHER_OF(Samuel,Hyrum Smith) ∧ FATHER_OF(Jonas,Hyrum Smith)"
45834,18897,FATHER_OF,"BROTHER_OF(Samuel,Hyrum Smith) ∧ FATHER_OF(Jona,Hyrum Smith)"
19094,18897,FATHER_OF,"BROTHER_OF(Samuel,Hyrum Smith) ∧ FATHER_OF(Jonah,Hyrum Smith)"
650625,18897,FATHER_OF,"BROTHER_OF(Samuel,Hyrum Smith) ∧ FATHER_OF(Gioras,Hyrum Smith)"
55816,18897,FATHER_OF,"BROTHER_OF(Samuel,Hyrum Smith) ∧ FATHER_OF(Jochai,Hyrum Smith)"
465526,18897,FATHER_OF,"BROTHER_OF(Samuel,Hyrum Smith) ∧ FATHER_OF(Onias,Hyrum Smith)"
18873,18897,FATHER_OF,"BROTHER_OF(Samuel,Hyrum Smith) ∧ FATHER_OF(Gamaliel,Hyrum Smith)"
106978,203561,FATHER_OF,"BROTHER_OF(Judas Maccabeus,Simon) ∧ FATHER_OF(Asael Smith,Simon)"
36345,203561,FATHER_OF,"BROTHER_OF(Judas Maccabeus,Simon) ∧ FATHER_OF(Elkanah,Simon)"
59317,203561,FATHER_OF,"BROTHER_OF(Judas Maccabeus,Simon) ∧ FATHER_OF(Robert,Simon)"
464107,203561,FATHER_OF,"BROTHER_OF(Judas Maccabeus,Simon) ∧ FATHER_OF(An Ephraimite,Simon)"
494653,30497,FATHER_OF,"BROTHER_OF(Hyrum,Samuel) ∧ FATHER_OF(Sirach,Samuel)"
516157,30497,FATHER_OF,"BROTHER_OF(Hyrum,Samuel) ∧ FATHER_OF(SIR,Samuel)"
398435,30497,FATHER_OF,"BROTHER_OF(Hyrum,Samuel) ∧ FATHER_OF(Josedek,Samuel)"
416791,30497,FATHER_OF,"BROTHER_OF(Hyrum,Samuel) ∧ FATHER_OF(Ananus,Samuel)"
19581,30497,FATHER_OF,"BROTHER_OF(Hyrum,Samuel) ∧ FATHER_OF(Simon,Samuel)"
35452,30497,FATHER_OF,"BROTHER_OF(Hyrum,Samuel) ∧ FATHER_OF(Eleazar,Samuel)"
494653,176512,FATHER_OF,"BROTHER_OF(WILLIAM,Samuel) ∧ FATHER_OF(Sirach,Samuel)"
516157,176512,FATHER_OF,"BROTHER_OF(WILLIAM,Samuel) ∧ FATHER_OF(SIR,Samuel)"
398435,176512,FATHER_OF,"BROTHER_OF(WILLIAM,Samuel) ∧ FATHER_OF(Josedek,Samuel)"
416791,176512,FATHER_OF,"BROTHER_OF(WILLIAM,Samuel) ∧ FATHER_OF(Ananus,Samuel)"
19581,176512,FATHER_OF,"BROTHER_OF(WILLIAM,Samuel) ∧ FATHER_OF(Simon,Samuel)"
35452,176512,FATHER_OF,"BROTHER_OF(WILLIAM,Samuel) ∧ FATHER_OF(Eleazar,Samuel)"
494653,67829,FATHER_OF,"BROTHER_OF(Samuel Harrison Smith,José) ∧ FATHER_OF(Sirach,José)"
516157,67829,FATHER_OF,"BROTHER_OF(Samuel Harrison Smith,José) ∧ FATHER_OF(SIR,José)"
398435,67829,FATHER_OF,"BROTHER_OF(Samuel Harrison Smith,José) ∧ FATHER_OF(Josedek,José)"
416791,67829,FATHER_OF,"BROTHER_OF(Samuel Harrison Smith,José) ∧ FATHER_OF(Ananus,José)"
19581,67829,FATHER_OF,"BROTHER_OF(Samuel Harrison Smith,José) ∧ FATHER_OF(Simon,José)"
35452,67829,FATHER_OF,"BROTHER_OF(Samuel Harrison Smith,José) ∧ FATHER_OF(Eleazar,José)"
19210,209474,FATHER_OF,"BROTHER_OF(Don Carlos Smith,Hyrum Smith) ∧ FATHER_OF(Leah,Hyrum Smith)"
19199,209474,FATHER_OF,"BROTHER_OF(Don Carlos Smith,Hyrum Smith) ∧ FATHER_OF(Laban,Hyrum Smith)"
42086,209474,FATHER_OF,"BROTHER_OF(Don Carlos Smith,Hyrum Smith) ∧ FATHER_OF(Senuah,Hyrum Smith)"
38002,209474,FATHER_OF,"BROTHER_OF(Don Carlos Smith,Hyrum Smith) ∧ FATHER_OF(Jehoash,Hyrum Smith)"
36330,209474,FATHER_OF,"BROTHER_OF(Don Carlos Smith,Hyrum Smith) ∧ FATHER_OF(Joash,Hyrum Smith)"
19082,209474,FATHER_OF,"BROTHER_OF(Don Carlos Smith,Hyrum Smith) ∧ FATHER_OF(Jehoshaphat,Hyrum Smith)"
19540,209474,FATHER_OF,"BROTHER_OF(Don Carlos Smith,Hyrum Smith) ∧ FATHER_OF(Rehoboam,Hyrum Smith)"
36522,209474,FATHER_OF,"BROTHER_OF(Don Carlos Smith,Hyrum Smith) ∧ FATHER_OF(Uri,Hyrum Smith)"
24119,209474,FATHER_OF,"BROTHER_OF(Don Carlos Smith,Hyrum Smith) ∧ FATHER_OF(Jotham,Hyrum Smith)"
35433,209474,FATHER_OF,"BROTHER_OF(Don Carlos Smith,Hyrum Smith) ∧ FATHER_OF(Jehoram,Hyrum Smith)"
3504,209474,FATHER_OF,"BROTHER_OF(Don Carlos Smith,Hyrum Smith) ∧ FATHER_OF(Asa,Hyrum Smith)"
36576,209474,FATHER_OF,"BROTHER_OF(Don Carlos Smith,Hyrum Smith) ∧ FATHER_OF(Jahdai,Hyrum Smith)"
36557,209474,FATHER_OF,"BROTHER_OF(Don Carlos Smith,Hyrum Smith) ∧ FATHER_OF(Azariah,Hyrum Smith)"
36542,209474,FATHER_OF,"BROTHER_OF(Don Carlos Smith,Hyrum Smith) ∧ FATHER_OF(Appaim,Hyrum Smith)"
36724,209474,FATHER_OF,"BROTHER_OF(Don Carlos Smith,Hyrum Smith) ∧ FATHER_OF(Jehohanan,Hyrum Smith)"
18906,209474,FATHER_OF,"BROTHER_OF(Don Carlos Smith,Hyrum Smith) ∧ FATHER_OF(Hezekiah,Hyrum Smith)"
36563,209474,FATHER_OF,"BROTHER_OF(Don Carlos Smith,Hyrum Smith) ∧ FATHER_OF(Jekamiah,Hyrum Smith)"
402110,209474,FATHER_OF,"BROTHER_OF(Don Carlos Smith,Hyrum Smith) ∧ FATHER_OF(Hassenuah,Hyrum Smith)"
36905,209474,FATHER_OF,"BROTHER_OF(Don Carlos Smith,Hyrum Smith) ∧ FATHER_OF(Meonothai,Hyrum Smith)"
36898,209474,FATHER_OF,"BROTHER_OF(Don Carlos Smith,Hyrum Smith) ∧ FATHER_OF(Eshton,Hyrum Smith)"
37051,209474,FATHER_OF,"BROTHER_OF(Don Carlos Smith,Hyrum Smith) ∧ FATHER_OF(Adaiah,Hyrum Smith)"
24105,209474,FATHER_OF,"BROTHER_OF(Don Carlos Smith,Hyrum Smith) ∧ FATHER_OF(Uzziah,Hyrum Smith)"
36797,209474,FATHER_OF,"BROTHER_OF(Don Carlos Smith,Hyrum Smith) ∧ FATHER_OF(Chelub,Hyrum Smith)"
11338,150532,FATHER_OF,"BROTHER_OF(Alvin Smith,Joseph Smith) ∧ FATHER_OF(Simón Iscariote,Joseph Smith)"
19073,150532,FATHER_OF,"BROTHER_OF(Alvin Smith,Joseph Smith) ∧ FATHER_OF(James,Joseph Smith)"
757218,150532,FATHER_OF,"BROTHER_OF(Alvin Smith,Joseph Smith) ∧ FATHER_OF(Chalphi,Joseph Smith)"
457984,150532,FATHER_OF,"BROTHER_OF(Alvin Smith,Joseph Smith) ∧ FATHER_OF(Simon Iscariot,Joseph Smith)"
35049,150532,FATHER_OF,"BROTHER_OF(Alvin Smith,Joseph Smith) ∧ FATHER_OF(Rhesa,Joseph Smith)"
25524,150532,FATHER_OF,"BROTHER_OF(Alvin Smith,Joseph Smith) ∧ FATHER_OF(Jonas,Joseph Smith)"
45834,150532,FATHER_OF,"BROTHER_OF(Alvin Smith,Joseph Smith) ∧ FATHER_OF(Jona,Joseph Smith)"
19094,150532,FATHER_OF,"BROTHER_OF(Alvin Smith,Joseph Smith) ∧ FATHER_OF(Jonah,Joseph Smith)"
650625,150532,FATHER_OF,"BROTHER_OF(Alvin Smith,Joseph Smith) ∧ FATHER_OF(Gioras,Joseph Smith)"
55816,150532,FATHER_OF,"BROTHER_OF(Alvin Smith,Joseph Smith) ∧ FATHER_OF(Jochai,Joseph Smith)"
465526,150532,FATHER_OF,"BROTHER_OF(Alvin Smith,Joseph Smith) ∧ FATHER_OF(Onias,Joseph Smith)"
18873,150532,FATHER_OF,"BROTHER_OF(Alvin Smith,Joseph Smith) ∧ FATHER_OF(Gamaliel,Joseph Smith)"
494653,209992,FATHER_OF,"SISTER_OF(Sophronia,José) ∧ FATHER_OF(Sirach,José)"
516157,209992,FATHER_OF,"SISTER_OF(Sophronia,José) ∧ FATHER_OF(SIR,José)"
398435,209992,FATHER_OF,"SISTER_OF(Sophronia,José) ∧ FATHER_OF(Josedek,José)"
416791,209992,FATHER_OF,"SISTER_OF(Sophronia,José) ∧ FATHER_OF(Ananus,José)"
19581,209992,FATHER_OF,"SISTER_OF(Sophronia,José) ∧ FATHER_OF(Simon,José)"
35452,209992,FATHER_OF,"SISTER_OF(Sophronia,José) ∧ FATHER_OF(Eleazar,José)"
19210,19102,FATHER_OF,"BROTHER_OF(Joseph Smith,Hyrum Smith) ∧ FATHER_OF(Leah,Hyrum Smith)"
19199,19102,FATHER_OF,"BROTHER_OF(Joseph Smith,Hyrum Smith) ∧ FATHER_OF(Laban,Hyrum Smith)"
42086,19102,FATHER_OF,"BROTHER_OF(Joseph Smith,Hyrum Smith) ∧ FATHER_OF(Senuah,Hyrum Smith)"
38002,19102,FATHER_OF,"BROTHER_OF(Joseph Smith,Hyrum Smith) ∧ FATHER_OF(Jehoash,Hyrum Smith)"
36330,19102,FATHER_OF,"BROTHER_OF(Joseph Smith,Hyrum Smith) ∧ FATHER_OF(Joash,Hyrum Smith)"
19082,19102,FATHER_OF,"BROTHER_OF(Joseph Smith,Hyrum Smith) ∧ FATHER_OF(Jehoshaphat,Hyrum Smith)"
19540,19102,FATHER_OF,"BROTHER_OF(Joseph Smith,Hyrum Smith) ∧ FATHER_OF(Rehoboam,Hyrum Smith)"
36522,19102,FATHER_OF,"BROTHER_OF(Joseph Smith,Hyrum Smith) ∧ FATHER_OF(Uri,Hyrum Smith)"
24119,19102,FATHER_OF,"BROTHER_OF(Joseph Smith,Hyrum Smith) ∧ FATHER_OF(Jotham,Hyrum Smith)"
35433,19102,FATHER_OF,"BROTHER_OF(Joseph Smith,Hyrum Smith) ∧ FATHER_OF(Jehoram,Hyrum Smith)"
3504,19102,FATHER_OF,"BROTHER_OF(Joseph Smith,Hyrum Smith) ∧ FATHER_OF(Asa,Hyrum Smith)"
36576,19102,FATHER_OF,"BROTHER_OF(Joseph Smith,Hyrum Smith) ∧ FATHER_OF(Jahdai,Hyrum Smith)"
36557,19102,FATHER_OF,"BROTHER_OF(Joseph Smith,Hyrum Smith) ∧ FATHER_OF(Azariah,Hyrum Smith)"
36542,19102,FATHER_OF,"BROTHER_OF(Joseph Smith,Hyrum Smith) ∧ FATHER_OF(Appaim,Hyrum Smith)"
36724,19102,FATHER_OF,"BROTHER_OF(Joseph Smith,Hyrum Smith) ∧ FATHER_OF(Jehohanan,Hyrum Smith)"
18906,19102,FATHER_OF,"BROTHER_OF(Joseph Smith,Hyrum Smith) ∧ FATHER_OF(Hezekiah,Hyrum Smith)"
36563,19102,FATHER_OF,"BROTHER_OF(Joseph Smith,Hyrum Smith) ∧ FATHER_OF(Jekamiah,Hyrum Smith)"
402110,19102,FATHER_OF,"BROTHER_OF(Joseph Smith,Hyrum Smith) ∧ FATHER_OF(Hassenuah,Hyrum Smith)"
36905,19102,FATHER_OF,"BROTHER_OF(Joseph Smith,Hyrum Smith) ∧ FATHER_OF(Meonothai,Hyrum Smith)"
36898,19102,FATHER_OF,"BROTHER_OF(Joseph Smith,Hyrum Smith) ∧ FATHER_OF(Eshton,Hyrum Smith)"
37051,19102,FATHER_OF,"BROTHER_OF(Joseph Smith,Hyrum Smith) ∧ FATHER_OF(Adaiah,Hyrum Smith)"
24105,19102,FATHER_OF,"BROTHER_OF(Joseph Smith,Hyrum Smith) ∧ FATHER_OF(Uzziah,Hyrum Smith)"
36797,19102,FATHER_OF,"BROTHER_OF(Joseph Smith,Hyrum Smith) ∧ FATHER_OF(Chelub,Hyrum Smith)"
11338,19735,FATHER_OF,"BROTHER_OF(José,Samuel) ∧ FATHER_OF(Simón Iscariote,Samuel)"
19073,19735,FATHER_OF,"BROTHER_OF(José,Samuel) ∧ FATHER_OF(James,Samuel)"
757218,19735,FATHER_OF,"BROTHER_OF(José,Samuel) ∧ FATHER_OF(Chalphi,Samuel)"
457984,19735,FATHER_OF,"BROTHER_OF(José,Samuel) ∧ FATHER_OF(Simon Iscariot,Samuel)"
35049,19735,FATHER_OF,"BROTHER_OF(José,Samuel) ∧ FATHER_OF(Rhesa,Samuel)"
25524,19735,FATHER_OF,"BROTHER_OF(José,Samuel) ∧ FATHER_OF(Jonas,Samuel)"
45834,19735,FATHER_OF,"BROTHER_OF(José,Samuel) ∧ FATHER_OF(Jona,Samuel)"
19094,19735,FATHER_OF,"BROTHER_OF(José,Samuel) ∧ FATHER_OF(Jonah,Samuel)"
650625,19735,FATHER_OF,"BROTHER_OF(José,Samuel) ∧ FATHER_OF(Gioras,Samuel)"
55816,19735,FATHER_OF,"BROTHER_OF(José,Samuel) ∧ FATHER_OF(Jochai,Samuel)"
465526,19735,FATHER_OF,"BROTHER_OF(José,Samuel) ∧ FATHER_OF(Onias,Samuel)"
18873,19735,FATHER_OF,"BROTHER_OF(José,Samuel) ∧ FATHER_OF(Gamaliel,Samuel)"
19210,18897,FATHER_OF,"BROTHER_OF(Samuel,Hyrum Smith) ∧ FATHER_OF(Leah,Hyrum Smith)"
19199,18897,FATHER_OF,"BROTHER_OF(Samuel,Hyrum Smith) ∧ FATHER_OF(Laban,Hyrum Smith)"
42086,18897,FATHER_OF,"BROTHER_OF(Samuel,Hyrum Smith) ∧ FATHER_OF(Senuah,Hyrum Smith)"
38002,18897,FATHER_OF,"BROTHER_OF(Samuel,Hyrum Smith) ∧ FATHER_OF(Jehoash,Hyrum Smith)"
36330,18897,FATHER_OF,"BROTHER_OF(Samuel,Hyrum Smith) ∧ FATHER_OF(Joash,Hyrum Smith)"
19082,18897,FATHER_OF,"BROTHER_OF(Samuel,Hyrum Smith) ∧ FATHER_OF(Jehoshaphat,Hyrum Smith)"
19540,18897,FATHER_OF,"BROTHER_OF(Samuel,Hyrum Smith) ∧ FATHER_OF(Rehoboam,Hyrum Smith)"
36522,18897,FATHER_OF,"BROTHER_OF(Samuel,Hyrum Smith) ∧ FATHER_OF(Uri,Hyrum Smith)"
24119,18897,FATHER_OF,"BROTHER_OF(Samuel,Hyrum Smith) ∧ FATHER_OF(Jotham,Hyrum Smith)"
35433,18897,FATHER_OF,"BROTHER_OF(Samuel,Hyrum Smith) ∧ FATHER_OF(Jehoram,Hyrum Smith)"
3504,18897,FATHER_OF,"BROTHER_OF(Samuel,Hyrum Smith) ∧ FATHER_OF(Asa,Hyrum Smith)"
36576,18897,FATHER_OF,"BROTHER_OF(Samuel,Hyrum Smith) ∧ FATHER_OF(Jahdai,Hyrum Smith)"
36557,18897,FATHER_OF,"BROTHER_OF(Samuel,Hyrum Smith) ∧ FATHER_OF(Azariah,Hyrum Smith)"
36542,18897,FATHER_OF,"BROTHER_OF(Samuel,Hyrum Smith) ∧ FATHER_OF(Appaim,Hyrum Smith)"
36724,18897,FATHER_OF,"BROTHER_OF(Samuel,Hyrum Smith) ∧ FATHER_OF(Jehohanan,Hyrum Smith)"
18906,18897,FATHER_OF,"BROTHER_OF(Samuel,Hyrum Smith) ∧ FATHER_OF(Hezekiah,Hyrum Smith)"
36563,18897,FATHER_OF,"BROTHER_OF(Samuel,Hyrum Smith) ∧ FATHER_OF(Jekamiah,Hyrum Smith)"
402110,18897,FATHER_OF,"BROTHER_OF(Samuel,Hyrum Smith) ∧ FATHER_OF(Hassenuah,Hyrum Smith)"
36905,18897,FATHER_OF,"BROTHER_OF(Samuel,Hyrum Smith) ∧ FATHER_OF(Meonothai,Hyrum Smith)"
36898,18897,FATHER_OF,"BROTHER_OF(Samuel,Hyrum Smith) ∧ FATHER_OF(Eshton,Hyrum Smith)"
37051,18897,FATHER_OF,"BROTHER_OF(Samuel,Hyrum Smith) ∧ FATHER_OF(Adaiah,Hyrum Smith)"
24105,18897,FATHER_OF,"BROTHER_OF(Samuel,Hyrum Smith) ∧ FATHER_OF(Uzziah,Hyrum Smith)"
36797,18897,FATHER_OF,"BROTHER_OF(Samuel,Hyrum Smith) ∧ FATHER_OF(Chelub,Hyrum Smith)"
11338,30497,FATHER_OF,"BROTHER_OF(Hyrum,Samuel) ∧ FATHER_OF(Simón Iscariote,Samuel)"
19073,30497,FATHER_OF,"BROTHER_OF(Hyrum,Samuel) ∧ FATHER_OF(James,Samuel)"
757218,30497,FATHER_OF,"BROTHER_OF(Hyrum,Samuel) ∧ FATHER_OF(Chalphi,Samuel)"
457984,30497,FATHER_OF,"BROTHER_OF(Hyrum,Samuel) ∧ FATHER_OF(Simon Iscariot,Samuel)"
35049,30497,FATHER_OF,"BROTHER_OF(Hyrum,Samuel) ∧ FATHER_OF(Rhesa,Samuel)"
25524,30497,FATHER_OF,"BROTHER_OF(Hyrum,Samuel) ∧ FATHER_OF(Jonas,Samuel)"
45834,30497,FATHER_OF,"BROTHER_OF(Hyrum,Samuel) ∧ FATHER_OF(Jona,Samuel)"
19094,30497,FATHER_OF,"BROTHER_OF(Hyrum,Samuel) ∧ FATHER_OF(Jonah,Samuel)"
650625,30497,FATHER_OF,"BROTHER_OF(Hyrum,Samuel) ∧ FATHER_OF(Gioras,Samuel)"
55816,30497,FATHER_OF,"BROTHER_OF(Hyrum,Samuel) ∧ FATHER_OF(Jochai,Samuel)"
465526,30497,FATHER_OF,"BROTHER_OF(Hyrum,Samuel) ∧ FATHER_OF(Onias,Samuel)"
18873,30497,FATHER_OF,"BROTHER_OF(Hyrum,Samuel) ∧ FATHER_OF(Gamaliel,Samuel)"
11338,176512,FATHER_OF,"BROTHER_OF(WILLIAM,Samuel) ∧ FATHER_OF(Simón Iscariote,Samuel)"
19073,176512,FATHER_OF,"BROTHER_OF(WILLIAM,Samuel) ∧ FATHER_OF(James,Samuel)"
757218,176512,FATHER_OF,"BROTHER_OF(WILLIAM,Samuel) ∧ FATHER_OF(Chalphi,Samuel)"
457984,176512,FATHER_OF,"BROTHER_OF(WILLIAM,Samuel) ∧ FATHER_OF(Simon Iscariot,Samuel)"
35049,176512,FATHER_OF,"BROTHER_OF(WILLIAM,Samuel) ∧ FATHER_OF(Rhesa,Samuel)"
25524,176512,FATHER_OF,"BROTHER_OF(WILLIAM,Samuel) ∧ FATHER_OF(Jonas,Samuel)"
45834,176512,FATHER_OF,"BROTHER_OF(WILLIAM,Samuel) ∧ FATHER_OF(Jona,Samuel)"
19094,176512,FATHER_OF,"BROTHER_OF(WILLIAM,Samuel) ∧ FATHER_OF(Jonah,Samuel)"
650625,176512,FATHER_OF,"BROTHER_OF(WILLIAM,Samuel) ∧ FATHER_OF(Gioras,Samuel)"
55816,176512,FATHER_OF,"BROTHER_OF(WILLIAM,Samuel) ∧ FATHER_OF(Jochai,Samuel)"
465526,176512,FATHER_OF,"BROTHER_OF(WILLIAM,Samuel) ∧ FATHER_OF(Onias,Samuel)"
18873,176512,FATHER_OF,"BROTHER_OF(WILLIAM,Samuel) ∧ FATHER_OF(Gamaliel,Samuel)"
11338,67829,FATHER_OF,"BROTHER_OF(Samuel Harrison Smith,José) ∧ FATHER_OF(Simón Iscariote,José)"
19073,67829,FATHER_OF,"BROTHER_OF(Samuel Harrison Smith,José) ∧ FATHER_OF(James,José)"
757218,67829,FATHER_OF,"BROTHER_OF(Samuel Harrison Smith,José) ∧ FATHER_OF(Chalphi,José)"
457984,67829,FATHER_OF,"BROTHER_OF(Samuel Harrison Smith,José) ∧ FATHER_OF(Simon Iscariot,José)"
35049,67829,FATHER_OF,"BROTHER_OF(Samuel Harrison Smith,José) ∧ FATHER_OF(Rhesa,José)"
25524,67829,FATHER_OF,"BROTHER_OF(Samuel Harrison Smith,José) ∧ FATHER_OF(Jonas,José)"
45834,67829,FATHER_OF,"BROTHER_OF(Samuel Harrison Smith,José) ∧ FATHER_OF(Jona,José)"
19094,67829,FATHER_OF,"BROTHER_OF(Samuel Harrison Smith,José) ∧ FATHER_OF(Jonah,José)"
650625,67829,FATHER_OF,"BROTHER_OF(Samuel Harrison Smith,José) ∧ FATHER_OF(Gioras,José)"
55816,67829,FATHER_OF,"BROTHER_OF(Samuel Harrison Smith,José) ∧ FATHER_OF(Jochai,José)"
465526,67829,FATHER_OF,"BROTHER_OF(Samuel Harrison Smith,José) ∧ FATHER_OF(Onias,José)"
18873,67829,FATHER_OF,"BROTHER_OF(Samuel Harrison Smith,José) ∧ FATHER_OF(Gamaliel,José)"
19210,150532,FATHER_OF,"BROTHER_OF(Alvin Smith,Joseph Smith) ∧ FATHER_OF(Leah,Joseph Smith)"
19199,150532,FATHER_OF,"BROTHER_OF(Alvin Smith,Joseph Smith) ∧ FATHER_OF(Laban,Joseph Smith)"
42086,150532,FATHER_OF,"BROTHER_OF(Alvin Smith,Joseph Smith) ∧ FATHER_OF(Senuah,Joseph Smith)"
38002,150532,FATHER_OF,"BROTHER_OF(Alvin Smith,Joseph Smith) ∧ FATHER_OF(Jehoash,Joseph Smith)"
36330,150532,FATHER_OF,"BROTHER_OF(Alvin Smith,Joseph Smith) ∧ FATHER_OF(Joash,Joseph Smith)"
19082,150532,FATHER_OF,"BROTHER_OF(Alvin Smith,Joseph Smith) ∧ FATHER_OF(Jehoshaphat,Joseph Smith)"
19540,150532,FATHER_OF,"BROTHER_OF(Alvin Smith,Joseph Smith) ∧ FATHER_OF(Rehoboam,Joseph Smith)"
36522,150532,FATHER_OF,"BROTHER_OF(Alvin Smith,Joseph Smith) ∧ FATHER_OF(Uri,Joseph Smith)"
24119,150532,FATHER_OF,"BROTHER_OF(Alvin Smith,Joseph Smith) ∧ FATHER_OF(Jotham,Joseph Smith)"
35433,150532,FATHER_OF,"BROTHER_OF(Alvin Smith,Joseph Smith) ∧ FATHER_OF(Jehoram,Joseph Smith)"
3504,150532,FATHER_OF,"BROTHER_OF(Alvin Smith,Joseph Smith) ∧ FATHER_OF(Asa,Joseph Smith)"
36576,150532,FATHER_OF,"BROTHER_OF(Alvin Smith,Joseph Smith) ∧ FATHER_OF(Jahdai,Joseph Smith)"
36557,150532,FATHER_OF,"BROTHER_OF(Alvin Smith,Joseph Smith) ∧ FATHER_OF(Azariah,Joseph Smith)"
36542,150532,FATHER_OF,"BROTHER_OF(Alvin Smith,Joseph Smith) ∧ FATHER_OF(Appaim,Joseph Smith)"
36724,150532,FATHER_OF,"BROTHER_OF(Alvin Smith,Joseph Smith) ∧ FATHER_OF(Jehohanan,Joseph Smith)"
18906,150532,FATHER_OF,"BROTHER_OF(Alvin Smith,Joseph Smith) ∧ FATHER_OF(Hezekiah,Joseph Smith)"
36563,150532,FATHER_OF,"BROTHER_OF(Alvin Smith,Joseph Smith) ∧ FATHER_OF(Jekamiah,Joseph Smith)"
402110,150532,FATHER_OF,"BROTHER_OF(Alvin Smith,Joseph Smith) ∧ FATHER_OF(Hassenuah,Joseph Smith)"
36905,150532,FATHER_OF,"BROTHER_OF(Alvin Smith,Joseph Smith) ∧ FATHER_OF(Meonothai,Joseph Smith)"
36898,150532,FATHER_OF,"BROTHER_OF(Alvin Smith,Joseph Smith) ∧ FATHER_OF(Eshton,Joseph Smith)"
37051,150532,FATHER_OF,"BROTHER_OF(Alvin Smith,Joseph Smith) ∧ FATHER_OF(Adaiah,Joseph Smith)"
24105,150532,FATHER_OF,"BROTHER_OF(Alvin Smith,Joseph Smith) ∧ FATHER_OF(Uzziah,Joseph Smith)"
36797,150532,FATHER_OF,"BROTHER_OF(Alvin Smith,Joseph Smith) ∧ FATHER_OF(Chelub,Joseph Smith)"
11338,209992,FATHER_OF,"SISTER_OF(Sophronia,José) ∧ FATHER_OF(Simón Iscariote,José)"
19073,209992,FATHER_OF,"SISTER_OF(Sophronia,José) ∧ FATHER_OF(James,José)"
757218,209992,FATHER_OF,"SISTER_OF(Sophronia,José) ∧ FATHER_OF(Chalphi,José)"
457984,209992,FATHER_OF,"SISTER_OF(Sophronia,José) ∧ FATHER_OF(Simon Iscariot,José)"
35049,209992,FATHER_OF,"SISTER_OF(Sophronia,José) ∧ FATHER_OF(Rhesa,José)"
25524,209992,FATHER_OF,"SISTER_OF(Sophronia,José) ∧ FATHER_OF(Jonas,José)"
45834,209992,FATHER_OF,"SISTER_OF(Sophronia,José) ∧ FATHER_OF(Jona,José)"
19094,209992,FATHER_OF,"SISTER_OF(Sophronia,José) ∧ FATHER_OF(Jonah,José)"
650625,209992,FATHER_OF,"SISTER_OF(Sophronia,José) ∧ FATHER_OF(Gioras,José)"
55816,209992,FATHER_OF,"SISTER_OF(Sophronia,José) ∧ FATHER_OF(Jochai,José)"
465526,209992,FATHER_OF,"SISTER_OF(Sophronia,José) ∧ FATHER_OF(Onias,José)"
18873,209992,FATHER_OF,"SISTER_OF(Sophronia,José) ∧ FATHER_OF(Gamaliel,José)"
19210,19735,FATHER_OF,"BROTHER_OF(José,Samuel) ∧ FATHER_OF(Leah,Samuel)"
19199,19735,FATHER_OF,"BROTHER_OF(José,Samuel) ∧ FATHER_OF(Laban,Samuel)"
42086,19735,FATHER_OF,"BROTHER_OF(José,Samuel) ∧ FATHER_OF(Senuah,Samuel)"
38002,19735,FATHER_OF,"BROTHER_OF(José,Samuel) ∧ FATHER_OF(Jehoash,Samuel)"
36330,19735,FATHER_OF,"BROTHER_OF(José,Samuel) ∧ FATHER_OF(Joash,Samuel)"
19082,19735,FATHER_OF,"BROTHER_OF(José,Samuel) ∧ FATHER_OF(Jehoshaphat,Samuel)"
19540,19735,FATHER_OF,"BROTHER_OF(José,Samuel) ∧ FATHER_OF(Rehoboam,Samuel)"
36522,19735,FATHER_OF,"BROTHER_OF(José,Samuel) ∧ FATHER_OF(Uri,Samuel)"
24119,19735,FATHER_OF,"BROTHER_OF(José,Samuel) ∧ FATHER_OF(Jotham,Samuel)"
35433,19735,FATHER_OF,"BROTHER_OF(José,Samuel) ∧ FATHER_OF(Jehoram,Samuel)"
3504,19735,FATHER_OF,"BROTHER_OF(José,Samuel) ∧ FATHER_OF(Asa,Samuel)"
36576,19735,FATHER_OF,"BROTHER_OF(José,Samuel) ∧ FATHER_OF(Jahdai,Samuel)"
36557,19735,FATHER_OF,"BROTHER_OF(José,Samuel) ∧ FATHER_OF(Azariah,Samuel)"
36542,19735,FATHER_OF,"BROTHER_OF(José,Samuel) ∧ FATHER_OF(Appaim,Samuel)"
36724,19735,FATHER_OF,"BROTHER_OF(José,Samuel) ∧ FATHER_OF(Jehohanan,Samuel)"
18906,19735,FATHER_OF,"BROTHER_OF(José,Samuel) ∧ FATHER_OF(Hezekiah,Samuel)"
36563,19735,FATHER_OF,"BROTHER_OF(José,Samuel) ∧ FATHER_OF(Jekamiah,Samuel)"
402110,19735,FATHER_OF,"BROTHER_OF(José,Samuel) ∧ FATHER_OF(Hassenuah,Samuel)"
36905,19735,FATHER_OF,"BROTHER_OF(José,Samuel) ∧ FATHER_OF(Meonothai,Samuel)"
36898,19735,FATHER_OF,"BROTHER_OF(José,Samuel) ∧ FATHER_OF(Eshton,Samuel)"
37051,19735,FATHER_OF,"BROTHER_OF(José,Samuel) ∧ FATHER_OF(Adaiah,Samuel)"
24105,19735,FATHER_OF,"BROTHER_OF(José,Samuel) ∧ FATHER_OF(Uzziah,Samuel)"
36797,19735,FATHER_OF,"BROTHER_OF(José,Samuel) ∧ FATHER_OF(Chelub,Samuel)"
19210,30497,FATHER_OF,"BROTHER_OF(Hyrum,Samuel) ∧ FATHER_OF(Leah,Samuel)"
19199,30497,FATHER_OF,"BROTHER_OF(Hyrum,Samuel) ∧ FATHER_OF(Laban,Samuel)"
42086,30497,FATHER_OF,"BROTHER_OF(Hyrum,Samuel) ∧ FATHER_OF(Senuah,Samuel)"
38002,30497,FATHER_OF,"BROTHER_OF(Hyrum,Samuel) ∧ FATHER_OF(Jehoash,Samuel)"
36330,30497,FATHER_OF,"BROTHER_OF(Hyrum,Samuel) ∧ FATHER_OF(Joash,Samuel)"
19082,30497,FATHER_OF,"BROTHER_OF(Hyrum,Samuel) ∧ FATHER_OF(Jehoshaphat,Samuel)"
19540,30497,FATHER_OF,"BROTHER_OF(Hyrum,Samuel) ∧ FATHER_OF(Rehoboam,Samuel)"
36522,30497,FATHER_OF,"BROTHER_OF(Hyrum,Samuel) ∧ FATHER_OF(Uri,Samuel)"
24119,30497,FATHER_OF,"BROTHER_OF(Hyrum,Samuel) ∧ FATHER_OF(Jotham,Samuel)"
35433,30497,FATHER_OF,"BROTHER_OF(Hyrum,Samuel) ∧ FATHER_OF(Jehoram,Samuel)"
3504,30497,FATHER_OF,"BROTHER_OF(Hyrum,Samuel) ∧ FATHER_OF(Asa,Samuel)"
36576,30497,FATHER_OF,"BROTHER_OF(Hyrum,Samuel) ∧ FATHER_OF(Jahdai,Samuel)"
36557,30497,FATHER_OF,"BROTHER_OF(Hyrum,Samuel) ∧ FATHER_OF(Azariah,Samuel)"
36542,30497,FATHER_OF,"BROTHER_OF(Hyrum,Samuel) ∧ FATHER_OF(Appaim,Samuel)"
36724,30497,FATHER_OF,"BROTHER_OF(Hyrum,Samuel) ∧ FATHER_OF(Jehohanan,Samuel)"
18906,30497,FATHER_OF,"BROTHER_OF(Hyrum,Samuel) ∧ FATHER_OF(Hezekiah,Samuel)"
36563,30497,FATHER_OF,"BROTHER_OF(Hyrum,Samuel) ∧ FATHER_OF(Jekamiah,Samuel)"
402110,30497,FATHER_OF,"BROTHER_OF(Hyrum,Samuel) ∧ FATHER_OF(Hassenuah,Samuel)"
36905,30497,FATHER_OF,"BROTHER_OF(Hyrum,Samuel) ∧ FATHER_OF(Meonothai,Samuel)"
36898,30497,FATHER_OF,"BROTHER_OF(Hyrum,Samuel) ∧ FATHER_OF(Eshton,Samuel)"
37051,30497,FATHER_OF,"BROTHER_OF(Hyrum,Samuel) ∧ FATHER_OF(Adaiah,Samuel)"
24105,30497,FATHER_OF,"BROTHER_OF(Hyrum,Samuel) ∧ FATHER_OF(Uzziah,Samuel)"
36797,30497,FATHER_OF,"BROTHER_OF(Hyrum,Samuel) ∧ FATHER_OF(Chelub,Samuel)"
19210,176512,FATHER_OF,"BROTHER_OF(WILLIAM,Samuel) ∧ FATHER_OF(Leah,Samuel)"
19199,176512,FATHER_OF,"BROTHER_OF(WILLIAM,Samuel) ∧ FATHER_OF(Laban,Samuel)"
42086,176512,FATHER_OF,"BROTHER_OF(WILLIAM,Samuel) ∧ FATHER_OF(Senuah,Samuel)"
38002,176512,FATHER_OF,"BROTHER_OF(WILLIAM,Samuel) ∧ FATHER_OF(Jehoash,Samuel)"
36330,176512,FATHER_OF,"BROTHER_OF(WILLIAM,Samuel) ∧ FATHER_OF(Joash,Samuel)"
19082,176512,FATHER_OF,"BROTHER_OF(WILLIAM,Samuel) ∧ FATHER_OF(Jehoshaphat,Samuel)"
19540,176512,FATHER_OF,"BROTHER_OF(WILLIAM,Samuel) ∧ FATHER_OF(Rehoboam,Samuel)"
36522,176512,FATHER_OF,"BROTHER_OF(WILLIAM,Samuel) ∧ FATHER_OF(Uri,Samuel)"
24119,176512,FATHER_OF,"BROTHER_OF(WILLIAM,Samuel) ∧ FATHER_OF(Jotham,Samuel)"
35433,176512,FATHER_OF,"BROTHER_OF(WILLIAM,Samuel) ∧ FATHER_OF(Jehoram,Samuel)"
3504,176512,FATHER_OF,"BROTHER_OF(WILLIAM,Samuel) ∧ FATHER_OF(Asa,Samuel)"
36576,176512,FATHER_OF,"BROTHER_OF(WILLIAM,Samuel) ∧ FATHER_OF(Jahdai,Samuel)"
36557,176512,FATHER_OF,"BROTHER_OF(WILLIAM,Samuel) ∧ FATHER_OF(Azariah,Samuel)"
36542,176512,FATHER_OF,"BROTHER_OF(WILLIAM,Samuel) ∧ FATHER_OF(Appaim,Samuel)"
36724,176512,FATHER_OF,"BROTHER_OF(WILLIAM,Samuel) ∧ FATHER_OF(Jehohanan,Samuel)"
18906,176512,FATHER_OF,"BROTHER_OF(WILLIAM,Samuel) ∧ FATHER_OF(Hezekiah,Samuel)"
36563,176512,FATHER_OF,"BROTHER_OF(WILLIAM,Samuel) ∧ FATHER_OF(Jekamiah,Samuel)"
402110,176512,FATHER_OF,"BROTHER_OF(WILLIAM,Samuel) ∧ FATHER_OF(Hassenuah,Samuel)"
36905,176512,FATHER_OF,"BROTHER_OF(WILLIAM,Samuel) ∧ FATHER_OF(Meonothai,Samuel)"
36898,176512,FATHER_OF,"BROTHER_OF(WILLIAM,Samuel) ∧ FATHER_OF(Eshton,Samuel)"
37051,176512,FATHER_OF,"BROTHER_OF(WILLIAM,Samuel) ∧ FATHER_OF(Adaiah,Samuel)"
24105,176512,FATHER_OF,"BROTHER_OF(WILLIAM,Samuel) ∧ FATHER_OF(Uzziah,Samuel)"
36797,176512,FATHER_OF,"BROTHER_OF(WILLIAM,Samuel) ∧ FATHER_OF(Chelub,Samuel)"
19210,67829,FATHER_OF,"BROTHER_OF(Samuel Harrison Smith,José) ∧ FATHER_OF(Leah,José)"
19199,67829,FATHER_OF,"BROTHER_OF(Samuel Harrison Smith,José) ∧ FATHER_OF(Laban,José)"
42086,67829,FATHER_OF,"BROTHER_OF(Samuel Harrison Smith,José) ∧ FATHER_OF(Senuah,José)"
38002,67829,FATHER_OF,"BROTHER_OF(Samuel Harrison Smith,José) ∧ FATHER_OF(Jehoash,José)"
36330,67829,FATHER_OF,"BROTHER_OF(Samuel Harrison Smith,José) ∧ FATHER_OF(Joash,José)"
19082,67829,FATHER_OF,"BROTHER_OF(Samuel Harrison Smith,José) ∧ FATHER_OF(Jehoshaphat,José)"
19540,67829,FATHER_OF,"BROTHER_OF(Samuel Harrison Smith,José) ∧ FATHER_OF(Rehoboam,José)"
36522,67829,FATHER_OF,"BROTHER_OF(Samuel Harrison Smith,José) ∧ FATHER_OF(Uri,José)"
24119,67829,FATHER_OF,"BROTHER_OF(Samuel Harrison Smith,José) ∧ FATHER_OF(Jotham,José)"
35433,67829,FATHER_OF,"BROTHER_OF(Samuel Harrison Smith,José) ∧ FATHER_OF(Jehoram,José)"
3504,67829,FATHER_OF,"BROTHER_OF(Samuel Harrison Smith,José) ∧ FATHER_OF(Asa,José)"
36576,67829,FATHER_OF,"BROTHER_OF(Samuel Harrison Smith,José) ∧ FATHER_OF(Jahdai,José)"
36557,67829,FATHER_OF,"BROTHER_OF(Samuel Harrison Smith,José) ∧ FATHER_OF(Azariah,José)"
36542,67829,FATHER_OF,"BROTHER_OF(Samuel Harrison Smith,José) ∧ FATHER_OF(Appaim,José)"
36724,67829,FATHER_OF,"BROTHER_OF(Samuel Harrison Smith,José) ∧ FATHER_OF(Jehohanan,José)"
18906,67829,FATHER_OF,"BROTHER_OF(Samuel Harrison Smith,José) ∧ FATHER_OF(Hezekiah,José)"
36563,67829,FATHER_OF,"BROTHER_OF(Samuel Harrison Smith,José) ∧ FATHER_OF(Jekamiah,José)"
402110,67829,FATHER_OF,"BROTHER_OF(Samuel Harrison Smith,José) ∧ FATHER_OF(Hassenuah,José)"
36905,67829,FATHER_OF,"BROTHER_OF(Samuel Harrison Smith,José) ∧ FATHER_OF(Meonothai,José)"
36898,67829,FATHER_OF,"BROTHER_OF(Samuel Harrison Smith,José) ∧ FATHER_OF(Eshton,José)"
37051,67829,FATHER_OF,"BROTHER_OF(Samuel Harrison Smith,José) ∧ FATHER_OF(Adaiah,José)"
24105,67829,FATHER_OF,"BROTHER_OF(Samuel Harrison Smith,José) ∧ FATHER_OF(Uzziah,José)"
36797,67829,FATHER_OF,"BROTHER_OF(Samuel Harrison Smith,José) ∧ FATHER_OF(Chelub,José)"
19210,209992,FATHER_OF,"SISTER_OF(Sophronia,José) ∧ FATHER_OF(Leah,José)"
19199,209992,FATHER_OF,"SISTER_OF(Sophronia,José) ∧ FATHER_OF(Laban,José)"
42086,209992,FATHER_OF,"SISTER_OF(Sophronia,José) ∧ FATHER_OF(Senuah,José)"
38002,209992,FATHER_OF,"SISTER_OF(Sophronia,José) ∧ FATHER_OF(Jehoash,José)"
36330,209992,FATHER_OF,"SISTER_OF(Sophronia,José) ∧ FATHER_OF(Joash,José)"
19082,209992,FATHER_OF,"SISTER_OF(Sophronia,José) ∧ FATHER_OF(Jehoshaphat,José)"
19540,209992,FATHER_OF,"SISTER_OF(Sophronia,José) ∧ FATHER_OF(Rehoboam,José)"
36522,209992,FATHER_OF,"SISTER_OF(Sophronia,José) ∧ FATHER_OF(Uri,José)"
24119,209992,FATHER_OF,"SISTER_OF(Sophronia,José) ∧ FATHER_OF(Jotham,José)"
35433,209992,FATHER_OF,"SISTER_OF(Sophronia,José) ∧ FATHER_OF(Jehoram,José)"
3504,209992,FATHER_OF,"SISTER_OF(Sophronia,José) ∧ FATHER_OF(Asa,José)"
36576,209992,FATHER_OF,"SISTER_OF(Sophronia,José) ∧ FATHER_OF(Jahdai,José)"
36557,209992,FATHER_OF,"SISTER_OF(Sophronia,José) ∧ FATHER_OF(Azariah,José)"
36542,209992,FATHER_OF,"SISTER_OF(Sophronia,José) ∧ FATHER_OF(Appaim,José)"
36724,209992,FATHER_OF,"SISTER_OF(Sophronia,José) ∧ FATHER_OF(Jehohanan,José)"
18906,209992,FATHER_OF,"SISTER_OF(Sophronia,José) ∧ FATHER_OF(Hezekiah,José)"
36563,209992,FATHER_OF,"SISTER_OF(Sophronia,José) ∧ FATHER_OF(Jekamiah,José)"
402110,209992,FATHER_OF,"SISTER_OF(Sophronia,José) ∧ FATHER_OF(Hassenuah,José)"
36905,209992,FATHER_OF,"SISTER_OF(Sophronia,José) ∧ FATHER_OF(Meonothai,José)"
36898,209992,FATHER_OF,"SISTER_OF(Sophronia,José) ∧ FATHER_OF(Eshton,José)"
37051,209992,FATHER_OF,"SISTER_OF(Sophronia,José) ∧ FATHER_OF(Adaiah,José)"
24105,209992,FATHER_OF,"SISTER_OF(Sophronia,José) ∧ FATHER_OF(Uzziah,José)"
36797,209992,FATHER_OF,"SISTER_OF(Sophronia,José) ∧ FATHER_OF(Chelub,José)"
