src_id,dst_id,rel_type,reason
3616,27730,BROTHER_OF,symmetry of BROTHER_OF
19079,19078,BROTHER_OF,symmetry of BROTHER_OF
19102,19583,BROTHER_OF,symmetry of BROTHER_OF
29824,30156,BROTHER_OF,symmetry of BROTHER_OF
390565,3404,BROTHER_OF,symmetry of BROTHER_OF
42064,19265,BROTHER_OF,symmetry of BROTHER_OF
19200,3278,BROTHER_OF,symmetry of BROTHER_OF
28149,306863,BROTHER_OF,symmetry of BROTHER_OF
19078,306863,BROTHER_OF,symmetry of BROTHER_OF
8569,171400,BROTHER_OF,symmetry of BROTHER_OF
19073,19108,BROTHER_OF,symmetry of BROTHER_OF
18886,36609,BROTHER_OF,symmetry of BROTHER_OF
36233,36245,BROTHER_OF,symmetry of BROTHER_OF
36233,36250,BROTHER_OF,symmetry of BROTHER_OF
19330,19091,BROTHER_OF,symmetry of BROTHER_OF
36535,36536,BROTHER_OF,symmetry of BROTHER_OF
36505,3580,BROTHER_OF,symmetry of BROTHER_OF
36141,36797,BROTHER_OF,symmetry of BROTHER_OF
3580,36158,BROTHER_OF,symmetry of BROTHER_OF
18663,36610,BROTHER_OF,symmetry of BROTHER_OF
19077,29822,BROTHER_OF,symmetry of BROTHER_OF
38623,36083,BROTHER_OF,symmetry of BROTHER_OF
19200,444789,BROTHER_OF,symmetry of BROTHER_OF
19484,669376,BROTHER_OF,symmetry of BROTHER_OF
13546,440773,BROTHER_OF,symmetry of BROTHER_OF
36233,13666,BROTHER_OF,symmetry of BROTHER_OF
18663,12763,BROTHER_OF,symmetry of BROTHER_OF
36233,12537,BROTHER_OF,symmetry of BROTHER_OF
12714,36536,BROTHER_OF,symmetry of BROTHER_OF
12708,3580,BROTHER_OF,symmetry of BROTHER_OF
15495,12902,BROTHER_OF,symmetry of BROTHER_OF
3580,12515,BROTHER_OF,symmetry of BROTHER_OF
19200,19199,BROTHER_OF,symmetry of BROTHER_OF
19078,18680,BROTHER_OF,symmetry of BROTHER_OF
19073,19109,BROTHER_OF,symmetry of BROTHER_OF
19078,3399,BROTHER_OF,symmetry of BROTHER_OF
19078,294247,BROTHER_OF,symmetry of BROTHER_OF
19078,18918,BROTHER_OF,symmetry of BROTHER_OF
19735,30497,BROTHER_OF,symmetry of BROTHER_OF
19078,5655,BROTHER_OF,symmetry of BROTHER_OF
29678,29679,BROTHER_OF,symmetry of BROTHER_OF
3416,26061,BROTHER_OF,symmetry of BROTHER_OF
19078,381023,BROTHER_OF,symmetry of BROTHER_OF
18645,19073,BROTHER_OF,symmetry of BROTHER_OF
19870,30781,BROTHER_OF,symmetry of BROTHER_OF
19870,207619,BROTHER_OF,symmetry of BROTHER_OF
792244,83519,BROTHER_OF,symmetry of BROTHER_OF
418627,256249,BROTHER_OF,symmetry of BROTHER_OF
19078,633893,BROTHER_OF,symmetry of BROTHER_OF
19078,5852,BROTHER_OF,symmetry of BROTHER_OF
19870,289383,BROTHER_OF,symmetry of BROTHER_OF
19735,18897,BROTHER_OF,symmetry of BROTHER_OF
3448,220677,BROTHER_OF,symmetry of BROTHER_OF
19078,83519,BROTHER_OF,symmetry of BROTHER_OF
221135,66298,BROTHER_OF,symmetry of BROTHER_OF
19735,176512,BROTHER_OF,symmetry of BROTHER_OF
380753,146012,BROTHER_OF,symmetry of BROTHER_OF
19870,291220,BROTHER_OF,symmetry of BROTHER_OF
19735,67829,BROTHER_OF,symmetry of BROTHER_OF
176512,18897,BROTHER_OF,symmetry of BROTHER_OF
104442,19073,BROTHER_OF,symmetry of BROTHER_OF
221027,384952,BROTHER_OF,symmetry of BROTHER_OF
386106,375255,BROTHER_OF,symmetry of BROTHER_OF
104121,59860,BROTHER_OF,symmetry of BROTHER_OF
19879,36788,BROTHER_OF,symmetry of BROTHER_OF
30848,33691,BROTHER_OF,symmetry of BROTHER_OF
3580,36498,BROTHER_OF,symmetry of BROTHER_OF
3278,35071,BROTHER_OF,symmetry of BROTHER_OF
18645,19581,BROTHER_OF,symmetry of BROTHER_OF
446094,406199,BROTHER_OF,symmetry of BROTHER_OF
19200,36950,BROTHER_OF,symmetry of BROTHER_OF
19299,3556,BROTHER_OF,symmetry of BROTHER_OF
36121,36573,BROTHER_OF,symmetry of BROTHER_OF
18663,36162,BROTHER_OF,symmetry of BROTHER_OF
19108,19581,BROTHER_OF,symmetry of BROTHER_OF
421456,431967,BROTHER_OF,symmetry of BROTHER_OF
18904,465604,BROTHER_OF,symmetry of BROTHER_OF
3580,36783,BROTHER_OF,symmetry of BROTHER_OF
3278,36573,BROTHER_OF,symmetry of BROTHER_OF
418627,485127,BROTHER_OF,symmetry of BROTHER_OF
27544,45528,BROTHER_OF,symmetry of BROTHER_OF
33499,432971,BROTHER_OF,symmetry of BROTHER_OF
19097,29699,BROTHER_OF,symmetry of BROTHER_OF
19097,29832,BROTHER_OF,symmetry of BROTHER_OF
19583,209474,BROTHER_OF,symmetry of BROTHER_OF
48817,561142,BROTHER_OF,symmetry of BROTHER_OF
48817,561159,BROTHER_OF,symmetry of BROTHER_OF
3278,35072,BROTHER_OF,symmetry of BROTHER_OF
3549,19092,BROTHER_OF,symmetry of BROTHER_OF
81462,534315,BROTHER_OF,symmetry of BROTHER_OF
18663,387738,BROTHER_OF,symmetry of BROTHER_OF
665532,665531,BROTHER_OF,symmetry of BROTHER_OF
18645,19106,BROTHER_OF,symmetry of BROTHER_OF
19097,55772,BROTHER_OF,symmetry of BROTHER_OF
19097,515909,BROTHER_OF,symmetry of BROTHER_OF
19078,3249,BROTHER_OF,symmetry of BROTHER_OF
19102,150532,BROTHER_OF,symmetry of BROTHER_OF
19870,146012,BROTHER_OF,symmetry of BROTHER_OF
19583,29832,BROTHER_OF,symmetry of BROTHER_OF
19097,31138,BROTHER_OF,symmetry of BROTHER_OF
351244,63071,BROTHER_OF,symmetry of BROTHER_OF
19078,527465,BROTHER_OF,symmetry of BROTHER_OF
102714,531953,BROTHER_OF,symmetry of BROTHER_OF
291725,30781,BROTHER_OF,symmetry of BROTHER_OF
19078,28282,BROTHER_OF,symmetry of BROTHER_OF
18663,55957,BROTHER_OF,symmetry of BROTHER_OF
19299,19209,BROTHER_OF,symmetry of BROTHER_OF
67752,208921,BROTHER_OF,symmetry of BROTHER_OF
19078,647867,BROTHER_OF,symmetry of BROTHER_OF
19078,19324,BROTHER_OF,symmetry of BROTHER_OF
19078,39795,BROTHER_OF,symmetry of BROTHER_OF
19078,158076,BROTHER_OF,symmetry of BROTHER_OF
639368,639367,BROTHER_OF,symmetry of BROTHER_OF
19078,453097,BROTHER_OF,symmetry of BROTHER_OF
19078,3332,BROTHER_OF,symmetry of BROTHER_OF
19078,304044,BROTHER_OF,symmetry of BROTHER_OF
19078,18866,BROTHER_OF,symmetry of BROTHER_OF
19078,639260,BROTHER_OF,symmetry of BROTHER_OF
732764,728768,BROTHER_OF,symmetry of BROTHER_OF
19870,64042,BROTHER_OF,symmetry of BROTHER_OF
737597,704999,BROTHER_OF,symmetry of BROTHER_OF
67910,55549,BROTHER_OF,symmetry of BROTHER_OF
18897,19583,BROTHER_OF,symmetry of BROTHER_OF
73734,5852,BROTHER_OF,symmetry of BROTHER_OF
35552,30156,BROTHER_OF,symmetry of BROTHER_OF
19078,306734,BROTHER_OF,symmetry of BROTHER_OF
19078,764231,BROTHER_OF,symmetry of BROTHER_OF
19078,7501,BROTHER_OF,symmetry of BROTHER_OF
18662,417823,BROTHER_OF,symmetry of BROTHER_OF
35452,418947,BROTHER_OF,symmetry of BROTHER_OF
19077,19579,BROTHER_OF,symmetry of BROTHER_OF
465526,33667,BROTHER_OF,symmetry of BROTHER_OF
19757,19262,BROTHER_OF,symmetry of BROTHER_OF
45512,35975,BROTHER_OF,symmetry of BROTHER_OF
35568,33717,BROTHER_OF,symmetry of BROTHER_OF
444083,444082,BROTHER_OF,symmetry of BROTHER_OF
19095,19092,BROTHER_OF,symmetry of BROTHER_OF
36505,36498,BROTHER_OF,symmetry of BROTHER_OF
36233,36234,BROTHER_OF,symmetry of BROTHER_OF
465956,465958,BROTHER_OF,symmetry of BROTHER_OF
396808,589966,BROTHER_OF,symmetry of BROTHER_OF
203561,19581,BROTHER_OF,symmetry of BROTHER_OF
18645,19108,BROTHER_OF,symmetry of BROTHER_OF
19095,19581,BROTHER_OF,symmetry of BROTHER_OF
19413,36709,BROTHER_OF,symmetry of BROTHER_OF
38649,451326,BROTHER_OF,symmetry of BROTHER_OF
30848,476073,BROTHER_OF,symmetry of BROTHER_OF
441241,19095,BROTHER_OF,symmetry of BROTHER_OF
481841,36083,BROTHER_OF,symmetry of BROTHER_OF
30497,18897,BROTHER_OF,symmetry of BROTHER_OF
19206,26766,BROTHER_OF,symmetry of BROTHER_OF
19078,19268,BROTHER_OF,symmetry of BROTHER_OF
19078,106852,BROTHER_OF,symmetry of BROTHER_OF
19102,31138,BROTHER_OF,symmetry of BROTHER_OF
19078,168591,BROTHER_OF,symmetry of BROTHER_OF
795374,806155,BROTHER_OF,symmetry of BROTHER_OF
86724,111786,BROTHER_OF,symmetry of BROTHER_OF
19078,779306,BROTHER_OF,symmetry of BROTHER_OF
208940,513464,BROTHER_OF,symmetry of BROTHER_OF
19078,355075,BROTHER_OF,symmetry of BROTHER_OF
19078,155782,BROTHER_OF,symmetry of BROTHER_OF
33318,33479,SISTER_OF,symmetry of SISTER_OF
23350,36924,SISTER_OF,symmetry of SISTER_OF
36842,35434,SISTER_OF,symmetry of SISTER_OF
37311,306863,SISTER_OF,symmetry of SISTER_OF
43432,306863,SISTER_OF,symmetry of SISTER_OF
19735,209992,SISTER_OF,symmetry of SISTER_OF
13666,12670,SISTER_OF,symmetry of SISTER_OF
12460,3278,SISTER_OF,symmetry of SISTER_OF
231516,697991,SISTER_OF,symmetry of SISTER_OF
742556,697991,SISTER_OF,symmetry of SISTER_OF
12332,697991,SISTER_OF,symmetry of SISTER_OF
103749,61398,SISTER_OF,symmetry of SISTER_OF
14427,697991,SISTER_OF,symmetry of SISTER_OF
19870,55773,SISTER_OF,symmetry of SISTER_OF
35964,19563,SISTER_OF,symmetry of SISTER_OF
3289,33637,SISTER_OF,symmetry of SISTER_OF
55549,211533,SISTER_OF,symmetry of SISTER_OF
112984,57205,SISTER_OF,symmetry of SISTER_OF
18663,141755,SISTER_OF,symmetry of SISTER_OF
19494,221717,SISTER_OF,symmetry of SISTER_OF
19097,117822,SISTER_OF,symmetry of SISTER_OF
87446,351392,SISTER_OF,symmetry of SISTER_OF
74193,65579,SISTER_OF,symmetry of SISTER_OF
48813,345633,SISTER_OF,symmetry of SISTER_OF
363404,697991,SISTER_OF,symmetry of SISTER_OF
129013,697991,SISTER_OF,symmetry of SISTER_OF
211613,348206,SISTER_OF,symmetry of SISTER_OF
152911,7501,SISTER_OF,symmetry of SISTER_OF
129057,697991,SISTER_OF,symmetry of SISTER_OF
58934,86575,SISTER_OF,symmetry of SISTER_OF
3519,37122,SISTER_OF,symmetry of SISTER_OF
19209,400841,SISTER_OF,symmetry of SISTER_OF
18917,37775,SISTER_OF,symmetry of SISTER_OF
3299,18905,SISTER_OF,symmetry of SISTER_OF
400216,33852,SISTER_OF,symmetry of SISTER_OF
36527,464348,SISTER_OF,symmetry of SISTER_OF
445965,19725,SISTER_OF,symmetry of SISTER_OF
19580,40163,SISTER_OF,symmetry of SISTER_OF
55494,378120,SISTER_OF,symmetry of SISTER_OF
55494,10022,SISTER_OF,symmetry of SISTER_OF
19097,561682,SISTER_OF,symmetry of SISTER_OF
9567,76707,SISTER_OF,symmetry of SISTER_OF
522118,208801,SISTER_OF,symmetry of SISTER_OF
19870,612459,SISTER_OF,symmetry of SISTER_OF
30909,523854,SISTER_OF,symmetry of SISTER_OF
48817,211343,SISTER_OF,symmetry of SISTER_OF
3249,19321,SISTER_OF,symmetry of SISTER_OF
3299,33862,SISTER_OF,symmetry of SISTER_OF
520509,19331,SISTER_OF,symmetry of SISTER_OF
65011,595951,SISTER_OF,symmetry of SISTER_OF
592351,592350,SISTER_OF,symmetry of SISTER_OF
19209,19299,SISTER_OF,symmetry of SISTER_OF
35172,715582,SISTER_OF,symmetry of SISTER_OF
737803,5852,SISTER_OF,symmetry of SISTER_OF
84626,63024,SISTER_OF,symmetry of SISTER_OF
748982,748981,SISTER_OF,symmetry of SISTER_OF
721022,721023,SISTER_OF,symmetry of SISTER_OF
19199,19200,SISTER_OF,symmetry of SISTER_OF
19259,39823,SISTER_OF,symmetry of SISTER_OF
36234,36515,SISTER_OF,symmetry of SISTER_OF
18904,35300,SISTER_OF,symmetry of SISTER_OF
19199,39823,SISTER_OF,symmetry of SISTER_OF
3249,19883,SPOUSE_OF,symmetry of SPOUSE_OF
18663,36515,SPOUSE_OF,symmetry of SPOUSE_OF
18663,36448,SPOUSE_OF,symmetry of SPOUSE_OF
18666,19560,SPOUSE_OF,symmetry of SPOUSE_OF
19089,19086,SPOUSE_OF,symmetry of SPOUSE_OF
19100,19097,SPOUSE_OF,symmetry of SPOUSE_OF
19200,18917,SPOUSE_OF,symmetry of SPOUSE_OF
33132,33133,SPOUSE_OF,symmetry of SPOUSE_OF
35433,36247,SPOUSE_OF,symmetry of SPOUSE_OF
36061,18910,SPOUSE_OF,symmetry of SPOUSE_OF
36729,24143,SPOUSE_OF,symmetry of SPOUSE_OF
38600,18684,SPOUSE_OF,symmetry of SPOUSE_OF
39823,35072,SPOUSE_OF,symmetry of SPOUSE_OF
40101,18683,SPOUSE_OF,symmetry of SPOUSE_OF
40238,30365,SPOUSE_OF,symmetry of SPOUSE_OF
40317,30365,SPOUSE_OF,symmetry of SPOUSE_OF
3332,19072,SPOUSE_OF,symmetry of SPOUSE_OF
33852,33818,SPOUSE_OF,symmetry of SPOUSE_OF
12558,12701,SPOUSE_OF,symmetry of SPOUSE_OF
13315,19086,SPOUSE_OF,symmetry of SPOUSE_OF
32151,31372,SPOUSE_OF,symmetry of SPOUSE_OF
94918,56082,SPOUSE_OF,symmetry of SPOUSE_OF
62544,71589,SPOUSE_OF,symmetry of SPOUSE_OF
88835,56082,SPOUSE_OF,symmetry of SPOUSE_OF
84696,101390,SPOUSE_OF,symmetry of SPOUSE_OF
143683,24674,SPOUSE_OF,symmetry of SPOUSE_OF
339532,19073,SPOUSE_OF,symmetry of SPOUSE_OF
48817,19583,SPOUSE_OF,symmetry of SPOUSE_OF
100730,56082,SPOUSE_OF,symmetry of SPOUSE_OF
365098,121822,SPOUSE_OF,symmetry of SPOUSE_OF
112576,521579,SPOUSE_OF,symmetry of SPOUSE_OF
86307,123058,SPOUSE_OF,symmetry of SPOUSE_OF
71619,123872,SPOUSE_OF,symmetry of SPOUSE_OF
84133,84134,SPOUSE_OF,symmetry of SPOUSE_OF
75168,75169,SPOUSE_OF,symmetry of SPOUSE_OF
81210,81211,SPOUSE_OF,symmetry of SPOUSE_OF
109226,178637,SPOUSE_OF,symmetry of SPOUSE_OF
66221,66220,SPOUSE_OF,symmetry of SPOUSE_OF
48813,19735,SPOUSE_OF,symmetry of SPOUSE_OF
19071,19268,SPOUSE_OF,symmetry of SPOUSE_OF
73078,178637,SPOUSE_OF,symmetry of SPOUSE_OF
64768,31362,SPOUSE_OF,symmetry of SPOUSE_OF
55877,186973,SPOUSE_OF,symmetry of SPOUSE_OF
105667,207304,SPOUSE_OF,symmetry of SPOUSE_OF
212345,212346,SPOUSE_OF,symmetry of SPOUSE_OF
129298,29722,SPOUSE_OF,symmetry of SPOUSE_OF
133621,155142,SPOUSE_OF,symmetry of SPOUSE_OF
64768,387740,SPOUSE_OF,symmetry of SPOUSE_OF
43297,18987,SPOUSE_OF,symmetry of SPOUSE_OF
58578,19092,SPOUSE_OF,symmetry of SPOUSE_OF
209514,35552,SPOUSE_OF,symmetry of SPOUSE_OF
211673,211674,SPOUSE_OF,symmetry of SPOUSE_OF
3549,47141,SPOUSE_OF,symmetry of SPOUSE_OF
20724,109020,SPOUSE_OF,symmetry of SPOUSE_OF
221563,84120,SPOUSE_OF,symmetry of SPOUSE_OF
60944,19092,SPOUSE_OF,symmetry of SPOUSE_OF
48817,30497,SPOUSE_OF,symmetry of SPOUSE_OF
18171,18896,SPOUSE_OF,symmetry of SPOUSE_OF
196868,30740,SPOUSE_OF,symmetry of SPOUSE_OF
31138,60961,SPOUSE_OF,symmetry of SPOUSE_OF
357147,357148,SPOUSE_OF,symmetry of SPOUSE_OF
56945,737001,SPOUSE_OF,symmetry of SPOUSE_OF
6870,61271,SPOUSE_OF,symmetry of SPOUSE_OF
595920,19870,SPOUSE_OF,symmetry of SPOUSE_OF
30909,19735,SPOUSE_OF,symmetry of SPOUSE_OF
261230,636198,SPOUSE_OF,symmetry of SPOUSE_OF
19268,65223,SPOUSE_OF,symmetry of SPOUSE_OF
367916,19494,SPOUSE_OF,symmetry of SPOUSE_OF
385622,19735,SPOUSE_OF,symmetry of SPOUSE_OF
374236,385692,SPOUSE_OF,symmetry of SPOUSE_OF
375295,18663,SPOUSE_OF,symmetry of SPOUSE_OF
40238,18683,SPOUSE_OF,symmetry of SPOUSE_OF
35009,35171,SPOUSE_OF,symmetry of SPOUSE_OF
3278,18896,SPOUSE_OF,symmetry of SPOUSE_OF
33943,3419,SPOUSE_OF,symmetry of SPOUSE_OF
387278,387279,SPOUSE_OF,symmetry of SPOUSE_OF
36741,36527,SPOUSE_OF,symmetry of SPOUSE_OF
392128,3419,SPOUSE_OF,symmetry of SPOUSE_OF
18905,395372,SPOUSE_OF,symmetry of SPOUSE_OF
485260,19097,SPOUSE_OF,symmetry of SPOUSE_OF
443454,497297,SPOUSE_OF,symmetry of SPOUSE_OF
442679,3532,SPOUSE_OF,symmetry of SPOUSE_OF
19083,396624,SPOUSE_OF,symmetry of SPOUSE_OF
397605,19105,SPOUSE_OF,symmetry of SPOUSE_OF
372384,38983,SPOUSE_OF,symmetry of SPOUSE_OF
37337,37023,SPOUSE_OF,symmetry of SPOUSE_OF
33479,47348,SPOUSE_OF,symmetry of SPOUSE_OF
400239,33863,SPOUSE_OF,symmetry of SPOUSE_OF
401002,19265,SPOUSE_OF,symmetry of SPOUSE_OF
36203,36131,SPOUSE_OF,symmetry of SPOUSE_OF
479772,19549,SPOUSE_OF,symmetry of SPOUSE_OF
19499,296833,SPOUSE_OF,symmetry of SPOUSE_OF
3436,33943,SPOUSE_OF,symmetry of SPOUSE_OF
19199,3549,SPOUSE_OF,symmetry of SPOUSE_OF
37839,36247,SPOUSE_OF,symmetry of SPOUSE_OF
37868,46022,SPOUSE_OF,symmetry of SPOUSE_OF
24294,3249,SPOUSE_OF,symmetry of SPOUSE_OF
413022,18690,SPOUSE_OF,symmetry of SPOUSE_OF
3436,35062,SPOUSE_OF,symmetry of SPOUSE_OF
411002,19265,SPOUSE_OF,symmetry of SPOUSE_OF
460071,19540,SPOUSE_OF,symmetry of SPOUSE_OF
37631,36447,SPOUSE_OF,symmetry of SPOUSE_OF
19563,43811,SPOUSE_OF,symmetry of SPOUSE_OF
19092,35300,SPOUSE_OF,symmetry of SPOUSE_OF
464107,37560,SPOUSE_OF,symmetry of SPOUSE_OF
36831,18663,SPOUSE_OF,symmetry of SPOUSE_OF
510370,18904,SPOUSE_OF,symmetry of SPOUSE_OF
794512,250485,SPOUSE_OF,symmetry of SPOUSE_OF
345669,31362,SPOUSE_OF,symmetry of SPOUSE_OF
560282,344086,SPOUSE_OF,symmetry of SPOUSE_OF
560213,213224,SPOUSE_OF,symmetry of SPOUSE_OF
560545,560191,SPOUSE_OF,symmetry of SPOUSE_OF
560699,534315,SPOUSE_OF,symmetry of SPOUSE_OF
214296,19097,SPOUSE_OF,symmetry of SPOUSE_OF
561083,113709,SPOUSE_OF,symmetry of SPOUSE_OF
213655,563244,SPOUSE_OF,symmetry of SPOUSE_OF
562174,19097,SPOUSE_OF,symmetry of SPOUSE_OF
562732,19299,SPOUSE_OF,symmetry of SPOUSE_OF
212870,58864,SPOUSE_OF,symmetry of SPOUSE_OF
562198,212947,SPOUSE_OF,symmetry of SPOUSE_OF
560121,560181,SPOUSE_OF,symmetry of SPOUSE_OF
515607,560891,SPOUSE_OF,symmetry of SPOUSE_OF
561182,561184,SPOUSE_OF,symmetry of SPOUSE_OF
562178,561597,SPOUSE_OF,symmetry of SPOUSE_OF
562031,563935,SPOUSE_OF,symmetry of SPOUSE_OF
562247,560800,SPOUSE_OF,symmetry of SPOUSE_OF
564276,19092,SPOUSE_OF,symmetry of SPOUSE_OF
560588,560870,SPOUSE_OF,symmetry of SPOUSE_OF
561475,562428,SPOUSE_OF,symmetry of SPOUSE_OF
560602,176512,SPOUSE_OF,symmetry of SPOUSE_OF
561822,417838,SPOUSE_OF,symmetry of SPOUSE_OF
561920,517021,SPOUSE_OF,symmetry of SPOUSE_OF
560846,561057,SPOUSE_OF,symmetry of SPOUSE_OF
560125,352921,SPOUSE_OF,symmetry of SPOUSE_OF
354231,30740,SPOUSE_OF,symmetry of SPOUSE_OF
290327,30740,SPOUSE_OF,symmetry of SPOUSE_OF
354784,19870,SPOUSE_OF,symmetry of SPOUSE_OF
613930,33867,SPOUSE_OF,symmetry of SPOUSE_OF
614905,516489,SPOUSE_OF,symmetry of SPOUSE_OF
615122,33867,SPOUSE_OF,symmetry of SPOUSE_OF
252230,735630,SPOUSE_OF,symmetry of SPOUSE_OF
102666,75868,SPOUSE_OF,symmetry of SPOUSE_OF
44232,211674,SPOUSE_OF,symmetry of SPOUSE_OF
44268,19870,SPOUSE_OF,symmetry of SPOUSE_OF
48813,19102,SPOUSE_OF,symmetry of SPOUSE_OF
31138,209474,SPOUSE_OF,symmetry of SPOUSE_OF
246843,176519,SPOUSE_OF,symmetry of SPOUSE_OF
528365,528360,SPOUSE_OF,symmetry of SPOUSE_OF
528382,701603,SPOUSE_OF,symmetry of SPOUSE_OF
249283,292531,SPOUSE_OF,symmetry of SPOUSE_OF
354344,391251,SPOUSE_OF,symmetry of SPOUSE_OF
195465,186372,SPOUSE_OF,symmetry of SPOUSE_OF
3549,19201,SPOUSE_OF,symmetry of SPOUSE_OF
513746,9567,SPOUSE_OF,symmetry of SPOUSE_OF
513811,636198,SPOUSE_OF,symmetry of SPOUSE_OF
33637,261358,SPOUSE_OF,symmetry of SPOUSE_OF
343488,106978,SPOUSE_OF,symmetry of SPOUSE_OF
596601,218906,SPOUSE_OF,symmetry of SPOUSE_OF
595886,85116,SPOUSE_OF,symmetry of SPOUSE_OF
143659,88637,SPOUSE_OF,symmetry of SPOUSE_OF
246760,591361,SPOUSE_OF,symmetry of SPOUSE_OF
596012,588865,SPOUSE_OF,symmetry of SPOUSE_OF
596345,522536,SPOUSE_OF,symmetry of SPOUSE_OF
596357,524763,SPOUSE_OF,symmetry of SPOUSE_OF
596404,596405,SPOUSE_OF,symmetry of SPOUSE_OF
9991,35552,SPOUSE_OF,symmetry of SPOUSE_OF
1609,156486,SPOUSE_OF,symmetry of SPOUSE_OF
58578,534719,SPOUSE_OF,symmetry of SPOUSE_OF
596675,339306,SPOUSE_OF,symmetry of SPOUSE_OF
79805,455237,SPOUSE_OF,symmetry of SPOUSE_OF
55548,155142,SPOUSE_OF,symmetry of SPOUSE_OF
641872,218287,SPOUSE_OF,symmetry of SPOUSE_OF
393665,584821,SPOUSE_OF,symmetry of SPOUSE_OF
434836,340918,SPOUSE_OF,symmetry of SPOUSE_OF
673987,673988,SPOUSE_OF,symmetry of SPOUSE_OF
116479,116480,SPOUSE_OF,symmetry of SPOUSE_OF
211811,261358,SPOUSE_OF,symmetry of SPOUSE_OF
35009,430822,SPOUSE_OF,symmetry of SPOUSE_OF
477586,40101,SPOUSE_OF,symmetry of SPOUSE_OF
85544,19092,SPOUSE_OF,symmetry of SPOUSE_OF
108726,77622,SPOUSE_OF,symmetry of SPOUSE_OF
735464,701398,SPOUSE_OF,symmetry of SPOUSE_OF
708970,739754,SPOUSE_OF,symmetry of SPOUSE_OF
724373,79341,SPOUSE_OF,symmetry of SPOUSE_OF
212485,59488,SPOUSE_OF,symmetry of SPOUSE_OF
725861,88664,SPOUSE_OF,symmetry of SPOUSE_OF
452141,651799,SPOUSE_OF,symmetry of SPOUSE_OF
444030,444031,SPOUSE_OF,symmetry of SPOUSE_OF
445886,13058,SPOUSE_OF,symmetry of SPOUSE_OF
43814,130029,SPOUSE_OF,symmetry of SPOUSE_OF
19199,18915,SPOUSE_OF,symmetry of SPOUSE_OF
33030,33863,SPOUSE_OF,symmetry of SPOUSE_OF
35300,19076,SPOUSE_OF,symmetry of SPOUSE_OF
502970,387459,SPOUSE_OF,symmetry of SPOUSE_OF
392037,3247,SPOUSE_OF,symmetry of SPOUSE_OF
472809,445885,SPOUSE_OF,symmetry of SPOUSE_OF
477401,445965,SPOUSE_OF,symmetry of SPOUSE_OF
35009,423059,SPOUSE_OF,symmetry of SPOUSE_OF
36573,35072,SPOUSE_OF,symmetry of SPOUSE_OF
36136,3278,SPOUSE_OF,symmetry of SPOUSE_OF
31138,30740,SPOUSE_OF,symmetry of SPOUSE_OF
768330,566293,SPOUSE_OF,symmetry of SPOUSE_OF
55494,19583,SPOUSE_OF,symmetry of SPOUSE_OF
796897,19750,SPOUSE_OF,symmetry of SPOUSE_OF
18676,18654,SPOUSE_OF,symmetry of SPOUSE_OF
40163,18680,SPOUSE_OF,symmetry of SPOUSE_OF
3251,3249,FATHER_OF,"BROTHER_OF(Moses,Aaron) ∧ FATHER_OF(Mosiah,Aaron)"
28095,3249,FATHER_OF,"BROTHER_OF(Moses,Aaron) ∧ FATHER_OF(Heth,Aaron)"
387410,3247,FATHER_OF,"BROTHER_OF(Aaron,Moses) ∧ FATHER_OF(Bathia,Moses)"
19088,3247,FATHER_OF,"BROTHER_OF(Aaron,Moses) ∧ FATHER_OF(Jethro,Moses)"
459345,3247,FATHER_OF,"BROTHER_OF(Aaron,Moses) ∧ FATHER_OF(Amaram,Moses)"
45834,19498,FATHER_OF,"BROTHER_OF(Peter,Andrew) ∧ FATHER_OF(Jona,Andrew)"
18915,18918,FATHER_OF,"BROTHER_OF(Nephi,Jacob) ∧ FATHER_OF(Isaac,Jacob)"
35453,18918,FATHER_OF,"BROTHER_OF(Nephi,Jacob) ∧ FATHER_OF(Matthan,Jacob)"
12037,18918,FATHER_OF,"BROTHER_OF(Nephi,Jacob) ∧ FATHER_OF(Matán,Jacob)"
19076,18918,FATHER_OF,"BROTHER_OF(Nephi,Jacob) ∧ FATHER_OF(Zebedee,Jacob)"
19075,18918,FATHER_OF,"BROTHER_OF(Nephi,Jacob) ∧ FATHER_OF(Alphaeus,Jacob)"
19072,18683,FATHER_OF,"BROTHER_OF(Esau,Jacob) ∧ FATHER_OF(Lehi,Jacob)"
35453,18683,FATHER_OF,"BROTHER_OF(Esau,Jacob) ∧ FATHER_OF(Matthan,Jacob)"
12037,18683,FATHER_OF,"BROTHER_OF(Esau,Jacob) ∧ FATHER_OF(Matán,Jacob)"
19076,18683,FATHER_OF,"BROTHER_OF(Esau,Jacob) ∧ FATHER_OF(Zebedee,Jacob)"
19075,18683,FATHER_OF,"BROTHER_OF(Esau,Jacob) ∧ FATHER_OF(Alphaeus,Jacob)"
36215,3549,FATHER_OF,"BROTHER_OF(Jacob,Esau) ∧ FATHER_OF(Aholibamah,Esau)"
40102,3549,FATHER_OF,"BROTHER_OF(Jacob,Esau) ∧ FATHER_OF(Beeri,Esau)"
37465,3549,FATHER_OF,"BROTHER_OF(Jacob,Esau) ∧ FATHER_OF(Elon,Esau)"
18917,3549,FATHER_OF,"BROTHER_OF(Jacob,Esau) ∧ FATHER_OF(Ishmael,Esau)"
18900,19202,FATHER_OF,"BROTHER_OF(Laman,Nephi) ∧ FATHER_OF(Helaman,Nephi)"
765216,19202,FATHER_OF,"BROTHER_OF(Laman,Nephi) ∧ FATHER_OF(Lehi Nephi,Nephi)"
18900,19097,FATHER_OF,"BROTHER_OF(Joseph,Nephi) ∧ FATHER_OF(Helaman,Nephi)"
765216,19097,FATHER_OF,"BROTHER_OF(Joseph,Nephi) ∧ FATHER_OF(Lehi Nephi,Nephi)"
18900,19557,FATHER_OF,"BROTHER_OF(Sam,Nephi) ∧ FATHER_OF(Helaman,Nephi)"
765216,19557,FATHER_OF,"BROTHER_OF(Sam,Nephi) ∧ FATHER_OF(Lehi Nephi,Nephi)"
18900,19211,FATHER_OF,"BROTHER_OF(Lemuel,Nephi) ∧ FATHER_OF(Helaman,Nephi)"
765216,19211,FATHER_OF,"BROTHER_OF(Lemuel,Nephi) ∧ FATHER_OF(Lehi Nephi,Nephi)"
18900,3549,FATHER_OF,"BROTHER_OF(Jacob,Nephi) ∧ FATHER_OF(Helaman,Nephi)"
765216,3549,FATHER_OF,"BROTHER_OF(Jacob,Nephi) ∧ FATHER_OF(Lehi Nephi,Nephi)"
19075,19092,FATHER_OF,"BROTHER_OF(John,James) ∧ FATHER_OF(Alphaeus,James)"
204448,19092,FATHER_OF,"BROTHER_OF(John,James) ∧ FATHER_OF(Alpheus,James)"
499765,19092,FATHER_OF,"BROTHER_OF(John,James) ∧ FATHER_OF(Zehedee,James)"
621613,19092,FATHER_OF,"BROTHER_OF(John,James) ∧ FATHER_OF(Zebedee Salome,James)"
19871,19073,FATHER_OF,"BROTHER_OF(James,John) ∧ FATHER_OF(Zacharias,John)"
19870,19073,FATHER_OF,"BROTHER_OF(James,John) ∧ FATHER_OF(Brigham Young,John)"
397883,19073,FATHER_OF,"BROTHER_OF(James,John) ∧ FATHER_OF(Mathew Woodruff,John)"
494839,19073,FATHER_OF,"BROTHER_OF(James,John) ∧ FATHER_OF(Accos,John)"
35041,19073,FATHER_OF,"BROTHER_OF(James,John) ∧ FATHER_OF(Mattathias,John)"
19872,19073,FATHER_OF,"BROTHER_OF(James,John) ∧ FATHER_OF(Zechariah,John)"
19536,18918,FATHER_OF,"BROTHER_OF(Nephi,Joseph) ∧ FATHER_OF(Rachel,Joseph)"
35060,18918,FATHER_OF,"BROTHER_OF(Nephi,Joseph) ∧ FATHER_OF(Jonan,Joseph)"
35037,18918,FATHER_OF,"BROTHER_OF(Nephi,Joseph) ∧ FATHER_OF(Heli,Joseph)"
3416,18918,FATHER_OF,"BROTHER_OF(Nephi,Joseph) ∧ FATHER_OF(Amos,Joseph)"
19109,18918,FATHER_OF,"BROTHER_OF(Nephi,Joseph) ∧ FATHER_OF(Jude,Joseph)"
3553,18918,FATHER_OF,"BROTHER_OF(Nephi,Joseph) ∧ FATHER_OF(Jacob (patriarch),Joseph)"
3549,18918,FATHER_OF,"BROTHER_OF(Nephi,Joseph) ∧ FATHER_OF(Jacob,Joseph)"
19870,18918,FATHER_OF,"BROTHER_OF(Nephi,Joseph) ∧ FATHER_OF(Brigham Young,Joseph)"
18670,18918,FATHER_OF,"BROTHER_OF(Nephi,Joseph) ∧ FATHER_OF(Eli,Joseph)"
409594,18918,FATHER_OF,"BROTHER_OF(Nephi,Joseph) ∧ FATHER_OF(Jonam,Joseph)"
18663,18918,FATHER_OF,"BROTHER_OF(Nephi,Joseph) ∧ FATHER_OF(David,Joseph)"
15527,18918,FATHER_OF,"BROTHER_OF(Nephi,Joseph) ∧ FATHER_OF(Potiphera,Joseph)"
30497,18918,FATHER_OF,"BROTHER_OF(Nephi,Joseph) ∧ FATHER_OF(Hyrum,Joseph)"
5852,18918,FATHER_OF,"BROTHER_OF(Nephi,Joseph) ∧ FATHER_OF(Cuando,Joseph)"
19583,18918,FATHER_OF,"BROTHER_OF(Nephi,Joseph) ∧ FATHER_OF(Hyrum Smith,Joseph)"
391257,18918,FATHER_OF,"BROTHER_OF(Nephi,Joseph) ∧ FATHER_OF(Patriarch,Joseph)"
19097,19583,FATHER_OF,"BROTHER_OF(Hyrum Smith,Joseph Smith) ∧ FATHER_OF(Joseph,Joseph Smith)"
106978,19583,FATHER_OF,"BROTHER_OF(Hyrum Smith,Joseph Smith) ∧ FATHER_OF(Asael Smith,Joseph Smith)"
25524,3446,FATHER_OF,"BROTHER_OF(Andrew,Peter) ∧ FATHER_OF(Jonas,Peter)"
19095,19265,FATHER_OF,"BROTHER_OF(Manasseh,Jaddua) ∧ FATHER_OF(Jonathan,Jaddua)"
36338,19265,FATHER_OF,"BROTHER_OF(Manasseh,Jaddua) ∧ FATHER_OF(Johanan,Jaddua)"
36950,3278,FATHER_OF,"BROTHER_OF(Abraham,Rebekah) ∧ FATHER_OF(Bethuel,Rebekah)"
35072,3278,FATHER_OF,"BROTHER_OF(Abraham,Rebekah) ∧ FATHER_OF(Nahor,Rebekah)"
30358,306863,FATHER_OF,"BROTHER_OF(And,Jared) ∧ FATHER_OF(Mahalaleel,Jared)"
8513,306863,FATHER_OF,"BROTHER_OF(And,Jared) ∧ FATHER_OF(Omer,Jared)"
609199,306863,FATHER_OF,"BROTHER_OF(And,Jared) ∧ FATHER_OF(Mahaleel,Jared)"
19076,19108,FATHER_OF,"BROTHER_OF(Judas,James) ∧ FATHER_OF(Zebedee,James)"
19075,19108,FATHER_OF,"BROTHER_OF(Judas,James) ∧ FATHER_OF(Alphaeus,James)"
204448,19108,FATHER_OF,"BROTHER_OF(Judas,James) ∧ FATHER_OF(Alpheus,James)"
499765,19108,FATHER_OF,"BROTHER_OF(Judas,James) ∧ FATHER_OF(Zehedee,James)"
621613,19108,FATHER_OF,"BROTHER_OF(Judas,James) ∧ FATHER_OF(Zebedee Salome,James)"
36904,36245,FATHER_OF,"BROTHER_OF(Abishai,Joab) ∧ FATHER_OF(Seraiah,Joab)"
13666,36245,FATHER_OF,"BROTHER_OF(Abishai,Joab) ∧ FATHER_OF(Sarvia,Joab)"
36904,36250,FATHER_OF,"BROTHER_OF(Asahel,Joab) ∧ FATHER_OF(Seraiah,Joab)"
13666,36250,FATHER_OF,"BROTHER_OF(Asahel,Joab) ∧ FATHER_OF(Sarvia,Joab)"
36363,19091,FATHER_OF,"BROTHER_OF(Joel,Nathan) ∧ FATHER_OF(Attai,Nathan)"
18663,19091,FATHER_OF,"BROTHER_OF(Joel,Nathan) ∧ FATHER_OF(David,Nathan)"
18690,36536,FATHER_OF,"BROTHER_OF(Jada,Shammai) ∧ FATHER_OF(Ezra,Shammai)"
36569,36536,FATHER_OF,"BROTHER_OF(Jada,Shammai) ∧ FATHER_OF(Rekem,Shammai)"
41089,3580,FATHER_OF,"BROTHER_OF(Caleb,Jerahmeel) ∧ FATHER_OF(Hammelech,Jerahmeel)"
36136,36797,FATHER_OF,"BROTHER_OF(Chelub,Shuah) ∧ FATHER_OF(Keturah,Shuah)"
36498,36158,FATHER_OF,"BROTHER_OF(Kenaz,Caleb) ∧ FATHER_OF(Hezron,Caleb)"
36907,36158,FATHER_OF,"BROTHER_OF(Kenaz,Caleb) ∧ FATHER_OF(Jephunneh,Caleb)"
36521,36158,FATHER_OF,"BROTHER_OF(Kenaz,Caleb) ∧ FATHER_OF(Hur,Caleb)"
41437,36158,FATHER_OF,"BROTHER_OF(Kenaz,Caleb) ∧ FATHER_OF(Jephunneh Hebron,Caleb)"
12974,36158,FATHER_OF,"BROTHER_OF(Kenaz,Caleb) ∧ FATHER_OF(Jefone,Caleb)"
12693,36158,FATHER_OF,"BROTHER_OF(Kenaz,Caleb) ∧ FATHER_OF(Hezrón,Caleb)"
411600,36158,FATHER_OF,"BROTHER_OF(Kenaz,Caleb) ∧ FATHER_OF(Jephuneh,Caleb)"
19087,36610,FATHER_OF,"BROTHER_OF(Shimea,David) ∧ FATHER_OF(Jesse,David)"
19422,36610,FATHER_OF,"BROTHER_OF(Shimea,David) ∧ FATHER_OF(Obed,David)"
3278,36610,FATHER_OF,"BROTHER_OF(Shimea,David) ∧ FATHER_OF(Abraham,David)"
314734,36610,FATHER_OF,"BROTHER_OF(Shimea,David) ∧ FATHER_OF(Esaí,David)"
36310,36610,FATHER_OF,"BROTHER_OF(Shimea,David) ∧ FATHER_OF(Jehiel,David)"
420175,36610,FATHER_OF,"BROTHER_OF(Shimea,David) ∧ FATHER_OF(Nethanel,David)"
387740,36610,FATHER_OF,"BROTHER_OF(Shimea,David) ∧ FATHER_OF(PETER WHITMER,David)"
18866,29822,FATHER_OF,"BROTHER_OF(Eber,Japheth) ∧ FATHER_OF(Noah,Japheth)"
18896,29822,FATHER_OF,"BROTHER_OF(Eber,Japheth) ∧ FATHER_OF(Ham,Japheth)"
36950,444789,FATHER_OF,"BROTHER_OF(SYRIAN,Rebekah) ∧ FATHER_OF(Bethuel,Rebekah)"
35072,444789,FATHER_OF,"BROTHER_OF(SYRIAN,Rebekah) ∧ FATHER_OF(Nahor,Rebekah)"
36234,13666,FATHER_OF,"BROTHER_OF(Sarvia,Joab) ∧ FATHER_OF(Zeruiah,Joab)"
36904,13666,FATHER_OF,"BROTHER_OF(Sarvia,Joab) ∧ FATHER_OF(Seraiah,Joab)"
13666,13666,FATHER_OF,"BROTHER_OF(Sarvia,Joab) ∧ FATHER_OF(Sarvia,Joab)"
19087,12763,FATHER_OF,"BROTHER_OF(Simea,David) ∧ FATHER_OF(Jesse,David)"
19422,12763,FATHER_OF,"BROTHER_OF(Simea,David) ∧ FATHER_OF(Obed,David)"
3278,12763,FATHER_OF,"BROTHER_OF(Simea,David) ∧ FATHER_OF(Abraham,David)"
314734,12763,FATHER_OF,"BROTHER_OF(Simea,David) ∧ FATHER_OF(Esaí,David)"
36310,12763,FATHER_OF,"BROTHER_OF(Simea,David) ∧ FATHER_OF(Jehiel,David)"
420175,12763,FATHER_OF,"BROTHER_OF(Simea,David) ∧ FATHER_OF(Nethanel,David)"
387740,12763,FATHER_OF,"BROTHER_OF(Simea,David) ∧ FATHER_OF(PETER WHITMER,David)"
36234,12537,FATHER_OF,"BROTHER_OF(Asael,Joab) ∧ FATHER_OF(Zeruiah,Joab)"
36904,12537,FATHER_OF,"BROTHER_OF(Asael,Joab) ∧ FATHER_OF(Seraiah,Joab)"
13666,12537,FATHER_OF,"BROTHER_OF(Asael,Joab) ∧ FATHER_OF(Sarvia,Joab)"
16086,3580,FATHER_OF,"BROTHER_OF(Caleb,Jerameel) ∧ FATHER_OF(Hamelec,Jerameel)"
36498,12515,FATHER_OF,"BROTHER_OF(Cenaz,Caleb) ∧ FATHER_OF(Hezron,Caleb)"
36907,12515,FATHER_OF,"BROTHER_OF(Cenaz,Caleb) ∧ FATHER_OF(Jephunneh,Caleb)"
36521,12515,FATHER_OF,"BROTHER_OF(Cenaz,Caleb) ∧ FATHER_OF(Hur,Caleb)"
41437,12515,FATHER_OF,"BROTHER_OF(Cenaz,Caleb) ∧ FATHER_OF(Jephunneh Hebron,Caleb)"
12974,12515,FATHER_OF,"BROTHER_OF(Cenaz,Caleb) ∧ FATHER_OF(Jefone,Caleb)"
12693,12515,FATHER_OF,"BROTHER_OF(Cenaz,Caleb) ∧ FATHER_OF(Hezrón,Caleb)"
411600,12515,FATHER_OF,"BROTHER_OF(Cenaz,Caleb) ∧ FATHER_OF(Jephuneh,Caleb)"
30358,18680,FATHER_OF,"BROTHER_OF(Enoch,Jared) ∧ FATHER_OF(Mahalaleel,Jared)"
8513,18680,FATHER_OF,"BROTHER_OF(Enoch,Jared) ∧ FATHER_OF(Omer,Jared)"
609199,18680,FATHER_OF,"BROTHER_OF(Enoch,Jared) ∧ FATHER_OF(Mahaleel,Jared)"
19076,19109,FATHER_OF,"BROTHER_OF(Jude,James) ∧ FATHER_OF(Zebedee,James)"
19075,19109,FATHER_OF,"BROTHER_OF(Jude,James) ∧ FATHER_OF(Alphaeus,James)"
204448,19109,FATHER_OF,"BROTHER_OF(Jude,James) ∧ FATHER_OF(Alpheus,James)"
499765,19109,FATHER_OF,"BROTHER_OF(Jude,James) ∧ FATHER_OF(Zehedee,James)"
621613,19109,FATHER_OF,"BROTHER_OF(Jude,James) ∧ FATHER_OF(Zebedee Salome,James)"
30358,3399,FATHER_OF,"BROTHER_OF(Ammon,Jared) ∧ FATHER_OF(Mahalaleel,Jared)"
8513,3399,FATHER_OF,"BROTHER_OF(Ammon,Jared) ∧ FATHER_OF(Omer,Jared)"
609199,3399,FATHER_OF,"BROTHER_OF(Ammon,Jared) ∧ FATHER_OF(Mahaleel,Jared)"
30358,294247,FATHER_OF,"BROTHER_OF(Mientras,Jared) ∧ FATHER_OF(Mahalaleel,Jared)"
8513,294247,FATHER_OF,"BROTHER_OF(Mientras,Jared) ∧ FATHER_OF(Omer,Jared)"
609199,294247,FATHER_OF,"BROTHER_OF(Mientras,Jared) ∧ FATHER_OF(Mahaleel,Jared)"
30358,18918,FATHER_OF,"BROTHER_OF(Nephi,Jared) ∧ FATHER_OF(Mahalaleel,Jared)"
8513,18918,FATHER_OF,"BROTHER_OF(Nephi,Jared) ∧ FATHER_OF(Omer,Jared)"
609199,18918,FATHER_OF,"BROTHER_OF(Nephi,Jared) ∧ FATHER_OF(Mahaleel,Jared)"
3549,30497,FATHER_OF,"BROTHER_OF(Hyrum,José) ∧ FATHER_OF(Jacob,José)"
18663,30497,FATHER_OF,"BROTHER_OF(Hyrum,José) ∧ FATHER_OF(David,José)"
30358,5655,FATHER_OF,"BROTHER_OF(Luego,Jared) ∧ FATHER_OF(Mahalaleel,Jared)"
8513,5655,FATHER_OF,"BROTHER_OF(Luego,Jared) ∧ FATHER_OF(Omer,Jared)"
609199,5655,FATHER_OF,"BROTHER_OF(Luego,Jared) ∧ FATHER_OF(Mahaleel,Jared)"
19426,29679,FATHER_OF,"BROTHER_OF(Chemish,Amaron) ∧ FATHER_OF(Omni,Amaron)"
35042,26061,FATHER_OF,"BROTHER_OF(Ammaron,Amos) ∧ FATHER_OF(Naum,Amos)"
18918,26061,FATHER_OF,"BROTHER_OF(Ammaron,Amos) ∧ FATHER_OF(Nephi,Amos)"
3549,26061,FATHER_OF,"BROTHER_OF(Ammaron,Amos) ∧ FATHER_OF(Jacob,Amos)"
30358,381023,FATHER_OF,"BROTHER_OF(When,Jared) ∧ FATHER_OF(Mahalaleel,Jared)"
8513,381023,FATHER_OF,"BROTHER_OF(When,Jared) ∧ FATHER_OF(Omer,Jared)"
609199,381023,FATHER_OF,"BROTHER_OF(When,Jared) ∧ FATHER_OF(Mahaleel,Jared)"
19097,19073,FATHER_OF,"BROTHER_OF(James,Jesus) ∧ FATHER_OF(Joseph,Jesus)"
19108,19073,FATHER_OF,"BROTHER_OF(James,Jesus) ∧ FATHER_OF(Judas,Jesus)"
494653,19073,FATHER_OF,"BROTHER_OF(James,Jesus) ∧ FATHER_OF(Sirach,Jesus)"
516157,19073,FATHER_OF,"BROTHER_OF(James,Jesus) ∧ FATHER_OF(SIR,Jesus)"
398435,19073,FATHER_OF,"BROTHER_OF(James,Jesus) ∧ FATHER_OF(Josedek,Jesus)"
18663,19073,FATHER_OF,"BROTHER_OF(James,Jesus) ∧ FATHER_OF(David,Jesus)"
416791,19073,FATHER_OF,"BROTHER_OF(James,Jesus) ∧ FATHER_OF(Ananus,Jesus)"
19581,19073,FATHER_OF,"BROTHER_OF(James,Jesus) ∧ FATHER_OF(Simon,Jesus)"
35452,19073,FATHER_OF,"BROTHER_OF(James,Jesus) ∧ FATHER_OF(Eleazar,Jesus)"
207621,207619,FATHER_OF,"BROTHER_OF(Phinehas Young,Brigham Young) ∧ FATHER_OF(John Young,Brigham Young)"
30358,633893,FATHER_OF,"BROTHER_OF(Shelem,Jared) ∧ FATHER_OF(Mahalaleel,Jared)"
8513,633893,FATHER_OF,"BROTHER_OF(Shelem,Jared) ∧ FATHER_OF(Omer,Jared)"
609199,633893,FATHER_OF,"BROTHER_OF(Shelem,Jared) ∧ FATHER_OF(Mahaleel,Jared)"
30358,5852,FATHER_OF,"BROTHER_OF(Cuando,Jared) ∧ FATHER_OF(Mahalaleel,Jared)"
8513,5852,FATHER_OF,"BROTHER_OF(Cuando,Jared) ∧ FATHER_OF(Omer,Jared)"
609199,5852,FATHER_OF,"BROTHER_OF(Cuando,Jared) ∧ FATHER_OF(Mahaleel,Jared)"
207621,289383,FATHER_OF,"BROTHER_OF(Phinheas Young,Brigham Young) ∧ FATHER_OF(John Young,Brigham Young)"
3549,18897,FATHER_OF,"BROTHER_OF(Samuel,José) ∧ FATHER_OF(Jacob,José)"
18663,18897,FATHER_OF,"BROTHER_OF(Samuel,José) ∧ FATHER_OF(David,José)"
30358,83519,FATHER_OF,"BROTHER_OF(Arnold Friberg,Jared) ∧ FATHER_OF(Mahalaleel,Jared)"
8513,83519,FATHER_OF,"BROTHER_OF(Arnold Friberg,Jared) ∧ FATHER_OF(Omer,Jared)"
609199,83519,FATHER_OF,"BROTHER_OF(Arnold Friberg,Jared) ∧ FATHER_OF(Mahaleel,Jared)"
3549,176512,FATHER_OF,"BROTHER_OF(WILLIAM,José) ∧ FATHER_OF(Jacob,José)"
18663,176512,FATHER_OF,"BROTHER_OF(WILLIAM,José) ∧ FATHER_OF(David,José)"
207621,291220,FATHER_OF,"BROTHER_OF(Lorenzo Dow Young,Brigham Young) ∧ FATHER_OF(John Young,Brigham Young)"
3549,67829,FATHER_OF,"BROTHER_OF(Samuel Harrison Smith,José) ∧ FATHER_OF(Jacob,José)"
18663,67829,FATHER_OF,"BROTHER_OF(Samuel Harrison Smith,José) ∧ FATHER_OF(David,José)"
35051,36788,FATHER_OF,"BROTHER_OF(Pedaiah,Zerubbabel) ∧ FATHER_OF(Shealtiel,Zerubbabel)"
36788,36788,FATHER_OF,"BROTHER_OF(Pedaiah,Zerubbabel) ∧ FATHER_OF(Pedaiah,Zerubbabel)"
609196,36788,FATHER_OF,"BROTHER_OF(Pedaiah,Zerubbabel) ∧ FATHER_OF(Shealthiel,Zerubbabel)"
36498,36498,FATHER_OF,"BROTHER_OF(Hezron,Caleb) ∧ FATHER_OF(Hezron,Caleb)"
36907,36498,FATHER_OF,"BROTHER_OF(Hezron,Caleb) ∧ FATHER_OF(Jephunneh,Caleb)"
36521,36498,FATHER_OF,"BROTHER_OF(Hezron,Caleb) ∧ FATHER_OF(Hur,Caleb)"
41437,36498,FATHER_OF,"BROTHER_OF(Hezron,Caleb) ∧ FATHER_OF(Jephunneh Hebron,Caleb)"
12974,36498,FATHER_OF,"BROTHER_OF(Hezron,Caleb) ∧ FATHER_OF(Jefone,Caleb)"
12693,36498,FATHER_OF,"BROTHER_OF(Hezron,Caleb) ∧ FATHER_OF(Hezrón,Caleb)"
411600,36498,FATHER_OF,"BROTHER_OF(Hezron,Caleb) ∧ FATHER_OF(Jephuneh,Caleb)"
35071,35071,FATHER_OF,"BROTHER_OF(Terah,Abraham) ∧ FATHER_OF(Terah,Abraham)"
36136,35071,FATHER_OF,"BROTHER_OF(Terah,Abraham) ∧ FATHER_OF(Keturah,Abraham)"
412558,35071,FATHER_OF,"BROTHER_OF(Terah,Abraham) ∧ FATHER_OF(Thara Terah,Abraham)"
19097,19581,FATHER_OF,"BROTHER_OF(Simon,Jesus) ∧ FATHER_OF(Joseph,Jesus)"
19108,19581,FATHER_OF,"BROTHER_OF(Simon,Jesus) ∧ FATHER_OF(Judas,Jesus)"
494653,19581,FATHER_OF,"BROTHER_OF(Simon,Jesus) ∧ FATHER_OF(Sirach,Jesus)"
516157,19581,FATHER_OF,"BROTHER_OF(Simon,Jesus) ∧ FATHER_OF(SIR,Jesus)"
398435,19581,FATHER_OF,"BROTHER_OF(Simon,Jesus) ∧ FATHER_OF(Josedek,Jesus)"
18663,19581,FATHER_OF,"BROTHER_OF(Simon,Jesus) ∧ FATHER_OF(David,Jesus)"
416791,19581,FATHER_OF,"BROTHER_OF(Simon,Jesus) ∧ FATHER_OF(Ananus,Jesus)"
19581,19581,FATHER_OF,"BROTHER_OF(Simon,Jesus) ∧ FATHER_OF(Simon,Jesus)"
35452,19581,FATHER_OF,"BROTHER_OF(Simon,Jesus) ∧ FATHER_OF(Eleazar,Jesus)"
36950,36950,FATHER_OF,"BROTHER_OF(Bethuel,Rebekah) ∧ FATHER_OF(Bethuel,Rebekah)"
35072,36950,FATHER_OF,"BROTHER_OF(Bethuel,Rebekah) ∧ FATHER_OF(Nahor,Rebekah)"
19087,36162,FATHER_OF,"BROTHER_OF(Shammah,David) ∧ FATHER_OF(Jesse,David)"
19422,36162,FATHER_OF,"BROTHER_OF(Shammah,David) ∧ FATHER_OF(Obed,David)"
3278,36162,FATHER_OF,"BROTHER_OF(Shammah,David) ∧ FATHER_OF(Abraham,David)"
314734,36162,FATHER_OF,"BROTHER_OF(Shammah,David) ∧ FATHER_OF(Esaí,David)"
36310,36162,FATHER_OF,"BROTHER_OF(Shammah,David) ∧ FATHER_OF(Jehiel,David)"
420175,36162,FATHER_OF,"BROTHER_OF(Shammah,David) ∧ FATHER_OF(Nethanel,David)"
387740,36162,FATHER_OF,"BROTHER_OF(Shammah,David) ∧ FATHER_OF(PETER WHITMER,David)"
3549,19581,FATHER_OF,"BROTHER_OF(Simon,Judas) ∧ FATHER_OF(Jacob,Judas)"
11338,19581,FATHER_OF,"BROTHER_OF(Simon,Judas) ∧ FATHER_OF(Simón Iscariote,Judas)"
19073,19581,FATHER_OF,"BROTHER_OF(Simon,Judas) ∧ FATHER_OF(James,Judas)"
35041,19581,FATHER_OF,"BROTHER_OF(Simon,Judas) ∧ FATHER_OF(Mattathias,Judas)"
757218,19581,FATHER_OF,"BROTHER_OF(Simon,Judas) ∧ FATHER_OF(Chalphi,Judas)"
457984,19581,FATHER_OF,"BROTHER_OF(Simon,Judas) ∧ FATHER_OF(Simon Iscariot,Judas)"
465601,465604,FATHER_OF,"BROTHER_OF(Pheroras,Herod) ∧ FATHER_OF(Antipater,Herod)"
45512,465604,FATHER_OF,"BROTHER_OF(Pheroras,Herod) ∧ FATHER_OF(Mariamne,Herod)"
36498,36783,FATHER_OF,"BROTHER_OF(Othniel,Caleb) ∧ FATHER_OF(Hezron,Caleb)"
36907,36783,FATHER_OF,"BROTHER_OF(Othniel,Caleb) ∧ FATHER_OF(Jephunneh,Caleb)"
36521,36783,FATHER_OF,"BROTHER_OF(Othniel,Caleb) ∧ FATHER_OF(Hur,Caleb)"
41437,36783,FATHER_OF,"BROTHER_OF(Othniel,Caleb) ∧ FATHER_OF(Jephunneh Hebron,Caleb)"
12974,36783,FATHER_OF,"BROTHER_OF(Othniel,Caleb) ∧ FATHER_OF(Jefone,Caleb)"
12693,36783,FATHER_OF,"BROTHER_OF(Othniel,Caleb) ∧ FATHER_OF(Hezrón,Caleb)"
411600,36783,FATHER_OF,"BROTHER_OF(Othniel,Caleb) ∧ FATHER_OF(Jephuneh,Caleb)"
36136,36573,FATHER_OF,"BROTHER_OF(Haran,Abraham) ∧ FATHER_OF(Keturah,Abraham)"
412558,36573,FATHER_OF,"BROTHER_OF(Haran,Abraham) ∧ FATHER_OF(Thara Terah,Abraham)"
33365,45528,FATHER_OF,"BROTHER_OF(Herod Philip,Antipas) ∧ FATHER_OF(Aretas,Antipas)"
434003,432971,FATHER_OF,"BROTHER_OF(Antiochus Sidetes,Demetrius) ∧ FATHER_OF(Antigonus,Demetrius)"
402966,432971,FATHER_OF,"BROTHER_OF(Antiochus Sidetes,Demetrius) ∧ FATHER_OF(Seleucus Philopator,Demetrius)"
418627,432971,FATHER_OF,"BROTHER_OF(Antiochus Sidetes,Demetrius) ∧ FATHER_OF(SELEUCUS,Demetrius)"
19072,29699,FATHER_OF,"BROTHER_OF(Hiram,Joseph) ∧ FATHER_OF(Lehi,Joseph)"
19536,29699,FATHER_OF,"BROTHER_OF(Hiram,Joseph) ∧ FATHER_OF(Rachel,Joseph)"
35060,29699,FATHER_OF,"BROTHER_OF(Hiram,Joseph) ∧ FATHER_OF(Jonan,Joseph)"
35037,29699,FATHER_OF,"BROTHER_OF(Hiram,Joseph) ∧ FATHER_OF(Heli,Joseph)"
3416,29699,FATHER_OF,"BROTHER_OF(Hiram,Joseph) ∧ FATHER_OF(Amos,Joseph)"
19109,29699,FATHER_OF,"BROTHER_OF(Hiram,Joseph) ∧ FATHER_OF(Jude,Joseph)"
3553,29699,FATHER_OF,"BROTHER_OF(Hiram,Joseph) ∧ FATHER_OF(Jacob (patriarch),Joseph)"
3549,29699,FATHER_OF,"BROTHER_OF(Hiram,Joseph) ∧ FATHER_OF(Jacob,Joseph)"
19870,29699,FATHER_OF,"BROTHER_OF(Hiram,Joseph) ∧ FATHER_OF(Brigham Young,Joseph)"
18670,29699,FATHER_OF,"BROTHER_OF(Hiram,Joseph) ∧ FATHER_OF(Eli,Joseph)"
409594,29699,FATHER_OF,"BROTHER_OF(Hiram,Joseph) ∧ FATHER_OF(Jonam,Joseph)"
18663,29699,FATHER_OF,"BROTHER_OF(Hiram,Joseph) ∧ FATHER_OF(David,Joseph)"
15527,29699,FATHER_OF,"BROTHER_OF(Hiram,Joseph) ∧ FATHER_OF(Potiphera,Joseph)"
30497,29699,FATHER_OF,"BROTHER_OF(Hiram,Joseph) ∧ FATHER_OF(Hyrum,Joseph)"
5852,29699,FATHER_OF,"BROTHER_OF(Hiram,Joseph) ∧ FATHER_OF(Cuando,Joseph)"
19583,29699,FATHER_OF,"BROTHER_OF(Hiram,Joseph) ∧ FATHER_OF(Hyrum Smith,Joseph)"
391257,29699,FATHER_OF,"BROTHER_OF(Hiram,Joseph) ∧ FATHER_OF(Patriarch,Joseph)"
19072,29832,FATHER_OF,"BROTHER_OF(William Smith,Joseph) ∧ FATHER_OF(Lehi,Joseph)"
19536,29832,FATHER_OF,"BROTHER_OF(William Smith,Joseph) ∧ FATHER_OF(Rachel,Joseph)"
35060,29832,FATHER_OF,"BROTHER_OF(William Smith,Joseph) ∧ FATHER_OF(Jonan,Joseph)"
35037,29832,FATHER_OF,"BROTHER_OF(William Smith,Joseph) ∧ FATHER_OF(Heli,Joseph)"
3416,29832,FATHER_OF,"BROTHER_OF(William Smith,Joseph) ∧ FATHER_OF(Amos,Joseph)"
19109,29832,FATHER_OF,"BROTHER_OF(William Smith,Joseph) ∧ FATHER_OF(Jude,Joseph)"
3553,29832,FATHER_OF,"BROTHER_OF(William Smith,Joseph) ∧ FATHER_OF(Jacob (patriarch),Joseph)"
3549,29832,FATHER_OF,"BROTHER_OF(William Smith,Joseph) ∧ FATHER_OF(Jacob,Joseph)"
19870,29832,FATHER_OF,"BROTHER_OF(William Smith,Joseph) ∧ FATHER_OF(Brigham Young,Joseph)"
18670,29832,FATHER_OF,"BROTHER_OF(William Smith,Joseph) ∧ FATHER_OF(Eli,Joseph)"
409594,29832,FATHER_OF,"BROTHER_OF(William Smith,Joseph) ∧ FATHER_OF(Jonam,Joseph)"
18663,29832,FATHER_OF,"BROTHER_OF(William Smith,Joseph) ∧ FATHER_OF(David,Joseph)"
15527,29832,FATHER_OF,"BROTHER_OF(William Smith,Joseph) ∧ FATHER_OF(Potiphera,Joseph)"
30497,29832,FATHER_OF,"BROTHER_OF(William Smith,Joseph) ∧ FATHER_OF(Hyrum,Joseph)"
5852,29832,FATHER_OF,"BROTHER_OF(William Smith,Joseph) ∧ FATHER_OF(Cuando,Joseph)"
19583,29832,FATHER_OF,"BROTHER_OF(William Smith,Joseph) ∧ FATHER_OF(Hyrum Smith,Joseph)"
391257,29832,FATHER_OF,"BROTHER_OF(William Smith,Joseph) ∧ FATHER_OF(Patriarch,Joseph)"
30664,209474,FATHER_OF,"BROTHER_OF(Don Carlos Smith,Hyrum Smith) ∧ FATHER_OF(Joseph Smith Sr.,Hyrum Smith)"
30497,209474,FATHER_OF,"BROTHER_OF(Don Carlos Smith,Hyrum Smith) ∧ FATHER_OF(Hyrum,Hyrum Smith)"
36136,35072,FATHER_OF,"BROTHER_OF(Nahor,Abraham) ∧ FATHER_OF(Keturah,Abraham)"
412558,35072,FATHER_OF,"BROTHER_OF(Nahor,Abraham) ∧ FATHER_OF(Thara Terah,Abraham)"
18915,19092,FATHER_OF,"BROTHER_OF(John,Jacob) ∧ FATHER_OF(Isaac,Jacob)"
19072,19092,FATHER_OF,"BROTHER_OF(John,Jacob) ∧ FATHER_OF(Lehi,Jacob)"
35453,19092,FATHER_OF,"BROTHER_OF(John,Jacob) ∧ FATHER_OF(Matthan,Jacob)"
12037,19092,FATHER_OF,"BROTHER_OF(John,Jacob) ∧ FATHER_OF(Matán,Jacob)"
19087,387738,FATHER_OF,"BROTHER_OF(CHRISTIAN WHITMER,David) ∧ FATHER_OF(Jesse,David)"
19422,387738,FATHER_OF,"BROTHER_OF(CHRISTIAN WHITMER,David) ∧ FATHER_OF(Obed,David)"
3278,387738,FATHER_OF,"BROTHER_OF(CHRISTIAN WHITMER,David) ∧ FATHER_OF(Abraham,David)"
314734,387738,FATHER_OF,"BROTHER_OF(CHRISTIAN WHITMER,David) ∧ FATHER_OF(Esaí,David)"
36310,387738,FATHER_OF,"BROTHER_OF(CHRISTIAN WHITMER,David) ∧ FATHER_OF(Jehiel,David)"
420175,387738,FATHER_OF,"BROTHER_OF(CHRISTIAN WHITMER,David) ∧ FATHER_OF(Nethanel,David)"
387740,387738,FATHER_OF,"BROTHER_OF(CHRISTIAN WHITMER,David) ∧ FATHER_OF(PETER WHITMER,David)"
19097,19106,FATHER_OF,"BROTHER_OF(Judah,Jesus) ∧ FATHER_OF(Joseph,Jesus)"
19108,19106,FATHER_OF,"BROTHER_OF(Judah,Jesus) ∧ FATHER_OF(Judas,Jesus)"
494653,19106,FATHER_OF,"BROTHER_OF(Judah,Jesus) ∧ FATHER_OF(Sirach,Jesus)"
516157,19106,FATHER_OF,"BROTHER_OF(Judah,Jesus) ∧ FATHER_OF(SIR,Jesus)"
398435,19106,FATHER_OF,"BROTHER_OF(Judah,Jesus) ∧ FATHER_OF(Josedek,Jesus)"
18663,19106,FATHER_OF,"BROTHER_OF(Judah,Jesus) ∧ FATHER_OF(David,Jesus)"
416791,19106,FATHER_OF,"BROTHER_OF(Judah,Jesus) ∧ FATHER_OF(Ananus,Jesus)"
19581,19106,FATHER_OF,"BROTHER_OF(Judah,Jesus) ∧ FATHER_OF(Simon,Jesus)"
35452,19106,FATHER_OF,"BROTHER_OF(Judah,Jesus) ∧ FATHER_OF(Eleazar,Jesus)"
19072,55772,FATHER_OF,"BROTHER_OF(Samuel Smith,Joseph) ∧ FATHER_OF(Lehi,Joseph)"
19536,55772,FATHER_OF,"BROTHER_OF(Samuel Smith,Joseph) ∧ FATHER_OF(Rachel,Joseph)"
35060,55772,FATHER_OF,"BROTHER_OF(Samuel Smith,Joseph) ∧ FATHER_OF(Jonan,Joseph)"
35037,55772,FATHER_OF,"BROTHER_OF(Samuel Smith,Joseph) ∧ FATHER_OF(Heli,Joseph)"
3416,55772,FATHER_OF,"BROTHER_OF(Samuel Smith,Joseph) ∧ FATHER_OF(Amos,Joseph)"
19109,55772,FATHER_OF,"BROTHER_OF(Samuel Smith,Joseph) ∧ FATHER_OF(Jude,Joseph)"
3553,55772,FATHER_OF,"BROTHER_OF(Samuel Smith,Joseph) ∧ FATHER_OF(Jacob (patriarch),Joseph)"
3549,55772,FATHER_OF,"BROTHER_OF(Samuel Smith,Joseph) ∧ FATHER_OF(Jacob,Joseph)"
19870,55772,FATHER_OF,"BROTHER_OF(Samuel Smith,Joseph) ∧ FATHER_OF(Brigham Young,Joseph)"
18670,55772,FATHER_OF,"BROTHER_OF(Samuel Smith,Joseph) ∧ FATHER_OF(Eli,Joseph)"
409594,55772,FATHER_OF,"BROTHER_OF(Samuel Smith,Joseph) ∧ FATHER_OF(Jonam,Joseph)"
18663,55772,FATHER_OF,"BROTHER_OF(Samuel Smith,Joseph) ∧ FATHER_OF(David,Joseph)"
15527,55772,FATHER_OF,"BROTHER_OF(Samuel Smith,Joseph) ∧ FATHER_OF(Potiphera,Joseph)"
30497,55772,FATHER_OF,"BROTHER_OF(Samuel Smith,Joseph) ∧ FATHER_OF(Hyrum,Joseph)"
5852,55772,FATHER_OF,"BROTHER_OF(Samuel Smith,Joseph) ∧ FATHER_OF(Cuando,Joseph)"
19583,55772,FATHER_OF,"BROTHER_OF(Samuel Smith,Joseph) ∧ FATHER_OF(Hyrum Smith,Joseph)"
391257,55772,FATHER_OF,"BROTHER_OF(Samuel Smith,Joseph) ∧ FATHER_OF(Patriarch,Joseph)"
19072,515909,FATHER_OF,"BROTHER_OF(Elder Hyrum Smith,Joseph) ∧ FATHER_OF(Lehi,Joseph)"
19536,515909,FATHER_OF,"BROTHER_OF(Elder Hyrum Smith,Joseph) ∧ FATHER_OF(Rachel,Joseph)"
35060,515909,FATHER_OF,"BROTHER_OF(Elder Hyrum Smith,Joseph) ∧ FATHER_OF(Jonan,Joseph)"
35037,515909,FATHER_OF,"BROTHER_OF(Elder Hyrum Smith,Joseph) ∧ FATHER_OF(Heli,Joseph)"
3416,515909,FATHER_OF,"BROTHER_OF(Elder Hyrum Smith,Joseph) ∧ FATHER_OF(Amos,Joseph)"
19109,515909,FATHER_OF,"BROTHER_OF(Elder Hyrum Smith,Joseph) ∧ FATHER_OF(Jude,Joseph)"
3553,515909,FATHER_OF,"BROTHER_OF(Elder Hyrum Smith,Joseph) ∧ FATHER_OF(Jacob (patriarch),Joseph)"
3549,515909,FATHER_OF,"BROTHER_OF(Elder Hyrum Smith,Joseph) ∧ FATHER_OF(Jacob,Joseph)"
19870,515909,FATHER_OF,"BROTHER_OF(Elder Hyrum Smith,Joseph) ∧ FATHER_OF(Brigham Young,Joseph)"
18670,515909,FATHER_OF,"BROTHER_OF(Elder Hyrum Smith,Joseph) ∧ FATHER_OF(Eli,Joseph)"
409594,515909,FATHER_OF,"BROTHER_OF(Elder Hyrum Smith,Joseph) ∧ FATHER_OF(Jonam,Joseph)"
18663,515909,FATHER_OF,"BROTHER_OF(Elder Hyrum Smith,Joseph) ∧ FATHER_OF(David,Joseph)"
15527,515909,FATHER_OF,"BROTHER_OF(Elder Hyrum Smith,Joseph) ∧ FATHER_OF(Potiphera,Joseph)"
30497,515909,FATHER_OF,"BROTHER_OF(Elder Hyrum Smith,Joseph) ∧ FATHER_OF(Hyrum,Joseph)"
5852,515909,FATHER_OF,"BROTHER_OF(Elder Hyrum Smith,Joseph) ∧ FATHER_OF(Cuando,Joseph)"
19583,515909,FATHER_OF,"BROTHER_OF(Elder Hyrum Smith,Joseph) ∧ FATHER_OF(Hyrum Smith,Joseph)"
391257,515909,FATHER_OF,"BROTHER_OF(Elder Hyrum Smith,Joseph) ∧ FATHER_OF(Patriarch,Joseph)"
30358,3249,FATHER_OF,"BROTHER_OF(Moses,Jared) ∧ FATHER_OF(Mahalaleel,Jared)"
8513,3249,FATHER_OF,"BROTHER_OF(Moses,Jared) ∧ FATHER_OF(Omer,Jared)"
609199,3249,FATHER_OF,"BROTHER_OF(Moses,Jared) ∧ FATHER_OF(Mahaleel,Jared)"
30664,150532,FATHER_OF,"BROTHER_OF(Alvin Smith,Joseph Smith) ∧ FATHER_OF(Joseph Smith Sr.,Joseph Smith)"
19097,150532,FATHER_OF,"BROTHER_OF(Alvin Smith,Joseph Smith) ∧ FATHER_OF(Joseph,Joseph Smith)"
106978,150532,FATHER_OF,"BROTHER_OF(Alvin Smith,Joseph Smith) ∧ FATHER_OF(Asael Smith,Joseph Smith)"
207621,146012,FATHER_OF,"BROTHER_OF(Phineas Young,Brigham Young) ∧ FATHER_OF(John Young,Brigham Young)"
30664,29832,FATHER_OF,"BROTHER_OF(William Smith,Hyrum Smith) ∧ FATHER_OF(Joseph Smith Sr.,Hyrum Smith)"
19072,31138,FATHER_OF,"BROTHER_OF(Smith,Joseph) ∧ FATHER_OF(Lehi,Joseph)"
19536,31138,FATHER_OF,"BROTHER_OF(Smith,Joseph) ∧ FATHER_OF(Rachel,Joseph)"
35060,31138,FATHER_OF,"BROTHER_OF(Smith,Joseph) ∧ FATHER_OF(Jonan,Joseph)"
35037,31138,FATHER_OF,"BROTHER_OF(Smith,Joseph) ∧ FATHER_OF(Heli,Joseph)"
3416,31138,FATHER_OF,"BROTHER_OF(Smith,Joseph) ∧ FATHER_OF(Amos,Joseph)"
19109,31138,FATHER_OF,"BROTHER_OF(Smith,Joseph) ∧ FATHER_OF(Jude,Joseph)"
3553,31138,FATHER_OF,"BROTHER_OF(Smith,Joseph) ∧ FATHER_OF(Jacob (patriarch),Joseph)"
3549,31138,FATHER_OF,"BROTHER_OF(Smith,Joseph) ∧ FATHER_OF(Jacob,Joseph)"
19870,31138,FATHER_OF,"BROTHER_OF(Smith,Joseph) ∧ FATHER_OF(Brigham Young,Joseph)"
18670,31138,FATHER_OF,"BROTHER_OF(Smith,Joseph) ∧ FATHER_OF(Eli,Joseph)"
409594,31138,FATHER_OF,"BROTHER_OF(Smith,Joseph) ∧ FATHER_OF(Jonam,Joseph)"
18663,31138,FATHER_OF,"BROTHER_OF(Smith,Joseph) ∧ FATHER_OF(David,Joseph)"
15527,31138,FATHER_OF,"BROTHER_OF(Smith,Joseph) ∧ FATHER_OF(Potiphera,Joseph)"
30497,31138,FATHER_OF,"BROTHER_OF(Smith,Joseph) ∧ FATHER_OF(Hyrum,Joseph)"
5852,31138,FATHER_OF,"BROTHER_OF(Smith,Joseph) ∧ FATHER_OF(Cuando,Joseph)"
391257,31138,FATHER_OF,"BROTHER_OF(Smith,Joseph) ∧ FATHER_OF(Patriarch,Joseph)"
30358,527465,FATHER_OF,"BROTHER_OF(Moriancumr,Jared) ∧ FATHER_OF(Mahalaleel,Jared)"
8513,527465,FATHER_OF,"BROTHER_OF(Moriancumr,Jared) ∧ FATHER_OF(Omer,Jared)"
609199,527465,FATHER_OF,"BROTHER_OF(Moriancumr,Jared) ∧ FATHER_OF(Mahaleel,Jared)"
30358,28282,FATHER_OF,"BROTHER_OF(Moriancumer,Jared) ∧ FATHER_OF(Mahalaleel,Jared)"
8513,28282,FATHER_OF,"BROTHER_OF(Moriancumer,Jared) ∧ FATHER_OF(Omer,Jared)"
609199,28282,FATHER_OF,"BROTHER_OF(Moriancumer,Jared) ∧ FATHER_OF(Mahaleel,Jared)"
19087,55957,FATHER_OF,"BROTHER_OF(Kimball,David) ∧ FATHER_OF(Jesse,David)"
19422,55957,FATHER_OF,"BROTHER_OF(Kimball,David) ∧ FATHER_OF(Obed,David)"
3278,55957,FATHER_OF,"BROTHER_OF(Kimball,David) ∧ FATHER_OF(Abraham,David)"
314734,55957,FATHER_OF,"BROTHER_OF(Kimball,David) ∧ FATHER_OF(Esaí,David)"
36310,55957,FATHER_OF,"BROTHER_OF(Kimball,David) ∧ FATHER_OF(Jehiel,David)"
420175,55957,FATHER_OF,"BROTHER_OF(Kimball,David) ∧ FATHER_OF(Nethanel,David)"
387740,55957,FATHER_OF,"BROTHER_OF(Kimball,David) ∧ FATHER_OF(PETER WHITMER,David)"
30358,647867,FATHER_OF,"BROTHER_OF(First,Jared) ∧ FATHER_OF(Mahalaleel,Jared)"
8513,647867,FATHER_OF,"BROTHER_OF(First,Jared) ∧ FATHER_OF(Omer,Jared)"
609199,647867,FATHER_OF,"BROTHER_OF(First,Jared) ∧ FATHER_OF(Mahaleel,Jared)"
30358,19324,FATHER_OF,"BROTHER_OF(Moroni,Jared) ∧ FATHER_OF(Mahalaleel,Jared)"
8513,19324,FATHER_OF,"BROTHER_OF(Moroni,Jared) ∧ FATHER_OF(Omer,Jared)"
609199,19324,FATHER_OF,"BROTHER_OF(Moroni,Jared) ∧ FATHER_OF(Mahaleel,Jared)"
30358,39795,FATHER_OF,"BROTHER_OF(Babel,Jared) ∧ FATHER_OF(Mahalaleel,Jared)"
8513,39795,FATHER_OF,"BROTHER_OF(Babel,Jared) ∧ FATHER_OF(Omer,Jared)"
609199,39795,FATHER_OF,"BROTHER_OF(Babel,Jared) ∧ FATHER_OF(Mahaleel,Jared)"
30358,158076,FATHER_OF,"BROTHER_OF(Because,Jared) ∧ FATHER_OF(Mahalaleel,Jared)"
8513,158076,FATHER_OF,"BROTHER_OF(Because,Jared) ∧ FATHER_OF(Omer,Jared)"
609199,158076,FATHER_OF,"BROTHER_OF(Because,Jared) ∧ FATHER_OF(Mahaleel,Jared)"
30358,453097,FATHER_OF,"BROTHER_OF(WELL,Jared) ∧ FATHER_OF(Mahalaleel,Jared)"
8513,453097,FATHER_OF,"BROTHER_OF(WELL,Jared) ∧ FATHER_OF(Omer,Jared)"
609199,453097,FATHER_OF,"BROTHER_OF(WELL,Jared) ∧ FATHER_OF(Mahaleel,Jared)"
30358,3332,FATHER_OF,"BROTHER_OF(Mormon,Jared) ∧ FATHER_OF(Mahalaleel,Jared)"
8513,3332,FATHER_OF,"BROTHER_OF(Mormon,Jared) ∧ FATHER_OF(Omer,Jared)"
609199,3332,FATHER_OF,"BROTHER_OF(Mormon,Jared) ∧ FATHER_OF(Mahaleel,Jared)"
30358,304044,FATHER_OF,"BROTHER_OF(But,Jared) ∧ FATHER_OF(Mahalaleel,Jared)"
8513,304044,FATHER_OF,"BROTHER_OF(But,Jared) ∧ FATHER_OF(Omer,Jared)"
609199,304044,FATHER_OF,"BROTHER_OF(But,Jared) ∧ FATHER_OF(Mahaleel,Jared)"
30358,18866,FATHER_OF,"BROTHER_OF(Noah,Jared) ∧ FATHER_OF(Mahalaleel,Jared)"
8513,18866,FATHER_OF,"BROTHER_OF(Noah,Jared) ∧ FATHER_OF(Omer,Jared)"
609199,18866,FATHER_OF,"BROTHER_OF(Noah,Jared) ∧ FATHER_OF(Mahaleel,Jared)"
30358,639260,FATHER_OF,"BROTHER_OF(REMEMBER,Jared) ∧ FATHER_OF(Mahalaleel,Jared)"
8513,639260,FATHER_OF,"BROTHER_OF(REMEMBER,Jared) ∧ FATHER_OF(Omer,Jared)"
609199,639260,FATHER_OF,"BROTHER_OF(REMEMBER,Jared) ∧ FATHER_OF(Mahaleel,Jared)"
207621,64042,FATHER_OF,"BROTHER_OF(Young,Brigham Young) ∧ FATHER_OF(John Young,Brigham Young)"
36345,19583,FATHER_OF,"BROTHER_OF(Hyrum Smith,Samuel) ∧ FATHER_OF(Elkanah,Samuel)"
59317,19583,FATHER_OF,"BROTHER_OF(Hyrum Smith,Samuel) ∧ FATHER_OF(Robert,Samuel)"
464107,19583,FATHER_OF,"BROTHER_OF(Hyrum Smith,Samuel) ∧ FATHER_OF(An Ephraimite,Samuel)"
30358,306734,FATHER_OF,"BROTHER_OF(Probablemente,Jared) ∧ FATHER_OF(Mahalaleel,Jared)"
8513,306734,FATHER_OF,"BROTHER_OF(Probablemente,Jared) ∧ FATHER_OF(Omer,Jared)"
609199,306734,FATHER_OF,"BROTHER_OF(Probablemente,Jared) ∧ FATHER_OF(Mahaleel,Jared)"
30358,764231,FATHER_OF,"BROTHER_OF(Del,Jared) ∧ FATHER_OF(Mahalaleel,Jared)"
8513,764231,FATHER_OF,"BROTHER_OF(Del,Jared) ∧ FATHER_OF(Omer,Jared)"
609199,764231,FATHER_OF,"BROTHER_OF(Del,Jared) ∧ FATHER_OF(Mahaleel,Jared)"
30358,7501,FATHER_OF,"BROTHER_OF(Entonces,Jared) ∧ FATHER_OF(Mahalaleel,Jared)"
8513,7501,FATHER_OF,"BROTHER_OF(Entonces,Jared) ∧ FATHER_OF(Omer,Jared)"
609199,7501,FATHER_OF,"BROTHER_OF(Entonces,Jared) ∧ FATHER_OF(Mahaleel,Jared)"
38600,417823,FATHER_OF,"BROTHER_OF(Artaphernes,Darius) ∧ FATHER_OF(Ahasuerus,Darius)"
415201,417823,FATHER_OF,"BROTHER_OF(Artaphernes,Darius) ∧ FATHER_OF(Hystaspes,Darius)"
35451,418947,FATHER_OF,"BROTHER_OF(Onias Simon,Eleazar) ∧ FATHER_OF(Eliud,Eleazar)"
3247,418947,FATHER_OF,"BROTHER_OF(Onias Simon,Eleazar) ∧ FATHER_OF(Aaron,Eleazar)"
36239,418947,FATHER_OF,"BROTHER_OF(Onias Simon,Eleazar) ∧ FATHER_OF(Dodo,Eleazar)"
37023,418947,FATHER_OF,"BROTHER_OF(Onias Simon,Eleazar) ∧ FATHER_OF(Phinehas,Eleazar)"
435790,418947,FATHER_OF,"BROTHER_OF(Onias Simon,Eleazar) ∧ FATHER_OF(Aharun,Eleazar)"
36764,418947,FATHER_OF,"BROTHER_OF(Onias Simon,Eleazar) ∧ FATHER_OF(Dodai,Eleazar)"
415385,418947,FATHER_OF,"BROTHER_OF(Onias Simon,Eleazar) ∧ FATHER_OF(DODO THE Ahohite,Eleazar)"
51012,418947,FATHER_OF,"BROTHER_OF(Onias Simon,Eleazar) ∧ FATHER_OF(Levite,Eleazar)"
18896,19579,FATHER_OF,"BROTHER_OF(Shem,Japheth) ∧ FATHER_OF(Ham,Japheth)"
205268,19262,FATHER_OF,"BROTHER_OF(Luke,Titus) ∧ FATHER_OF(Vespasian,Titus)"
19581,35975,FATHER_OF,"BROTHER_OF(Aristobulus,Mariamne) ∧ FATHER_OF(Simon,Mariamne)"
465606,35975,FATHER_OF,"BROTHER_OF(Aristobulus,Mariamne) ∧ FATHER_OF(Hyrcanus,Mariamne)"
18904,33717,FATHER_OF,"BROTHER_OF(Great,Archelaus) ∧ FATHER_OF(Herod,Archelaus)"
42109,19092,FATHER_OF,"BROTHER_OF(John,Jonathan) ∧ FATHER_OF(Joiada,Jonathan)"
19566,19092,FATHER_OF,"BROTHER_OF(John,Jonathan) ∧ FATHER_OF(Shaul,Jonathan)"
19494,19092,FATHER_OF,"BROTHER_OF(John,Jonathan) ∧ FATHER_OF(Paul,Jonathan)"
36417,19092,FATHER_OF,"BROTHER_OF(John,Jonathan) ∧ FATHER_OF(Shemaiah,Jonathan)"
36161,19092,FATHER_OF,"BROTHER_OF(John,Jonathan) ∧ FATHER_OF(Shage,Jonathan)"
36610,19092,FATHER_OF,"BROTHER_OF(John,Jonathan) ∧ FATHER_OF(Shimea,Jonathan)"
35320,19092,FATHER_OF,"BROTHER_OF(John,Jonathan) ∧ FATHER_OF(Abiathar,Jonathan)"
36418,19092,FATHER_OF,"BROTHER_OF(John,Jonathan) ∧ FATHER_OF(Uzziel,Jonathan)"
36162,19092,FATHER_OF,"BROTHER_OF(John,Jonathan) ∧ FATHER_OF(Shammah,Jonathan)"
419644,19092,FATHER_OF,"BROTHER_OF(John,Jonathan) ∧ FATHER_OF(Shagee,Jonathan)"
36830,19092,FATHER_OF,"BROTHER_OF(John,Jonathan) ∧ FATHER_OF(Absalom,Jonathan)"
36627,19092,FATHER_OF,"BROTHER_OF(John,Jonathan) ∧ FATHER_OF(Shimei,Jonathan)"
41089,36498,FATHER_OF,"BROTHER_OF(Hezron,Jerahmeel) ∧ FATHER_OF(Hammelech,Jerahmeel)"
36234,36234,FATHER_OF,"BROTHER_OF(Zeruiah,Joab) ∧ FATHER_OF(Zeruiah,Joab)"
36904,36234,FATHER_OF,"BROTHER_OF(Zeruiah,Joab) ∧ FATHER_OF(Seraiah,Joab)"
13666,36234,FATHER_OF,"BROTHER_OF(Zeruiah,Joab) ∧ FATHER_OF(Sarvia,Joab)"
465601,19529,FATHER_OF,"BROTHER_OF(Philip,Herod) ∧ FATHER_OF(Antipater,Herod)"
45512,19529,FATHER_OF,"BROTHER_OF(Philip,Herod) ∧ FATHER_OF(Mariamne,Herod)"
19097,19108,FATHER_OF,"BROTHER_OF(Judas,Jesus) ∧ FATHER_OF(Joseph,Jesus)"
19108,19108,FATHER_OF,"BROTHER_OF(Judas,Jesus) ∧ FATHER_OF(Judas,Jesus)"
494653,19108,FATHER_OF,"BROTHER_OF(Judas,Jesus) ∧ FATHER_OF(Sirach,Jesus)"
516157,19108,FATHER_OF,"BROTHER_OF(Judas,Jesus) ∧ FATHER_OF(SIR,Jesus)"
398435,19108,FATHER_OF,"BROTHER_OF(Judas,Jesus) ∧ FATHER_OF(Josedek,Jesus)"
18663,19108,FATHER_OF,"BROTHER_OF(Judas,Jesus) ∧ FATHER_OF(David,Jesus)"
416791,19108,FATHER_OF,"BROTHER_OF(Judas,Jesus) ∧ FATHER_OF(Ananus,Jesus)"
19581,19108,FATHER_OF,"BROTHER_OF(Judas,Jesus) ∧ FATHER_OF(Simon,Jesus)"
35452,19108,FATHER_OF,"BROTHER_OF(Judas,Jesus) ∧ FATHER_OF(Eleazar,Jesus)"
42109,19581,FATHER_OF,"BROTHER_OF(Simon,Jonathan) ∧ FATHER_OF(Joiada,Jonathan)"
19566,19581,FATHER_OF,"BROTHER_OF(Simon,Jonathan) ∧ FATHER_OF(Shaul,Jonathan)"
19494,19581,FATHER_OF,"BROTHER_OF(Simon,Jonathan) ∧ FATHER_OF(Paul,Jonathan)"
36417,19581,FATHER_OF,"BROTHER_OF(Simon,Jonathan) ∧ FATHER_OF(Shemaiah,Jonathan)"
36161,19581,FATHER_OF,"BROTHER_OF(Simon,Jonathan) ∧ FATHER_OF(Shage,Jonathan)"
36610,19581,FATHER_OF,"BROTHER_OF(Simon,Jonathan) ∧ FATHER_OF(Shimea,Jonathan)"
35320,19581,FATHER_OF,"BROTHER_OF(Simon,Jonathan) ∧ FATHER_OF(Abiathar,Jonathan)"
36418,19581,FATHER_OF,"BROTHER_OF(Simon,Jonathan) ∧ FATHER_OF(Uzziel,Jonathan)"
36162,19581,FATHER_OF,"BROTHER_OF(Simon,Jonathan) ∧ FATHER_OF(Shammah,Jonathan)"
419644,19581,FATHER_OF,"BROTHER_OF(Simon,Jonathan) ∧ FATHER_OF(Shagee,Jonathan)"
36830,19581,FATHER_OF,"BROTHER_OF(Simon,Jonathan) ∧ FATHER_OF(Absalom,Jonathan)"
36627,19581,FATHER_OF,"BROTHER_OF(Simon,Jonathan) ∧ FATHER_OF(Shimei,Jonathan)"
42157,36709,FATHER_OF,"BROTHER_OF(Hanani,Nehemiah) ∧ FATHER_OF(Azbuk,Nehemiah)"
42043,36709,FATHER_OF,"BROTHER_OF(Hanani,Nehemiah) ∧ FATHER_OF(Hachaliah,Nehemiah)"
32741,451326,FATHER_OF,"BROTHER_OF(Reubenite,Dathan) ∧ FATHER_OF(Elihu,Dathan)"
451326,451326,FATHER_OF,"BROTHER_OF(Reubenite,Dathan) ∧ FATHER_OF(Reubenite,Dathan)"
139152,26766,FATHER_OF,"BROTHER_OF(Anti-Nephi-Lehi,Lamoni) ∧ FATHER_OF(King Lamoni's Father,Lamoni)"
171400,26766,FATHER_OF,"BROTHER_OF(Anti-Nephi-Lehi,Lamoni) ∧ FATHER_OF(Now,Lamoni)"
5655,26766,FATHER_OF,"BROTHER_OF(Anti-Nephi-Lehi,Lamoni) ∧ FATHER_OF(Luego,Lamoni)"
134208,26766,FATHER_OF,"BROTHER_OF(Anti-Nephi-Lehi,Lamoni) ∧ FATHER_OF(Anteriormente,Lamoni)"
30358,19268,FATHER_OF,"BROTHER_OF(Thomas,Jared) ∧ FATHER_OF(Mahalaleel,Jared)"
8513,19268,FATHER_OF,"BROTHER_OF(Thomas,Jared) ∧ FATHER_OF(Omer,Jared)"
609199,19268,FATHER_OF,"BROTHER_OF(Thomas,Jared) ∧ FATHER_OF(Mahaleel,Jared)"
30358,106852,FATHER_OF,"BROTHER_OF(Mount Shelem,Jared) ∧ FATHER_OF(Mahalaleel,Jared)"
8513,106852,FATHER_OF,"BROTHER_OF(Mount Shelem,Jared) ∧ FATHER_OF(Omer,Jared)"
609199,106852,FATHER_OF,"BROTHER_OF(Mount Shelem,Jared) ∧ FATHER_OF(Mahaleel,Jared)"
30664,31138,FATHER_OF,"BROTHER_OF(Smith,Joseph Smith) ∧ FATHER_OF(Joseph Smith Sr.,Joseph Smith)"
19097,31138,FATHER_OF,"BROTHER_OF(Smith,Joseph Smith) ∧ FATHER_OF(Joseph,Joseph Smith)"
106978,31138,FATHER_OF,"BROTHER_OF(Smith,Joseph Smith) ∧ FATHER_OF(Asael Smith,Joseph Smith)"
30358,168591,FATHER_OF,"BROTHER_OF(Likewise,Jared) ∧ FATHER_OF(Mahalaleel,Jared)"
8513,168591,FATHER_OF,"BROTHER_OF(Likewise,Jared) ∧ FATHER_OF(Omer,Jared)"
609199,168591,FATHER_OF,"BROTHER_OF(Likewise,Jared) ∧ FATHER_OF(Mahaleel,Jared)"
30358,779306,FATHER_OF,"BROTHER_OF(INTERESTINGLY,Jared) ∧ FATHER_OF(Mahalaleel,Jared)"
8513,779306,FATHER_OF,"BROTHER_OF(INTERESTINGLY,Jared) ∧ FATHER_OF(Omer,Jared)"
609199,779306,FATHER_OF,"BROTHER_OF(INTERESTINGLY,Jared) ∧ FATHER_OF(Mahaleel,Jared)"
30358,355075,FATHER_OF,"BROTHER_OF(Ultimately,Jared) ∧ FATHER_OF(Mahalaleel,Jared)"
8513,355075,FATHER_OF,"BROTHER_OF(Ultimately,Jared) ∧ FATHER_OF(Omer,Jared)"
609199,355075,FATHER_OF,"BROTHER_OF(Ultimately,Jared) ∧ FATHER_OF(Mahaleel,Jared)"
30358,155782,FATHER_OF,"BROTHER_OF(Once,Jared) ∧ FATHER_OF(Mahalaleel,Jared)"
8513,155782,FATHER_OF,"BROTHER_OF(Once,Jared) ∧ FATHER_OF(Omer,Jared)"
609199,155782,FATHER_OF,"BROTHER_OF(Once,Jared) ∧ FATHER_OF(Mahaleel,Jared)"
35975,33479,FATHER_OF,"SISTER_OF(Thessalonica,Alexander) ∧ FATHER_OF(Aristobulus,Alexander)"
19581,33479,FATHER_OF,"SISTER_OF(Thessalonica,Alexander) ∧ FATHER_OF(Simon,Alexander)"
600279,33479,FATHER_OF,"SISTER_OF(Thessalonica,Alexander) ∧ FATHER_OF(Aristobulus II,Alexander)"
19529,33479,FATHER_OF,"SISTER_OF(Thessalonica,Alexander) ∧ FATHER_OF(Philip,Alexander)"
474063,33479,FATHER_OF,"SISTER_OF(Thessalonica,Alexander) ∧ FATHER_OF(Macedon,Alexander)"
35433,35434,FATHER_OF,"SISTER_OF(Joram,Ahaziah) ∧ FATHER_OF(Jehoram,Ahaziah)"
3549,209992,FATHER_OF,"SISTER_OF(Sophronia,José) ∧ FATHER_OF(Jacob,José)"
18663,209992,FATHER_OF,"SISTER_OF(Sophronia,José) ∧ FATHER_OF(David,José)"
19735,61398,FATHER_OF,"SISTER_OF(Lisa,Carmen) ∧ FATHER_OF(José,Carmen)"
207621,55773,FATHER_OF,"SISTER_OF(Rhoda Young,Brigham Young) ∧ FATHER_OF(John Young,Brigham Young)"
252544,211533,FATHER_OF,"SISTER_OF(Dwight Webster,Wilford) ∧ FATHER_OF(Aphek Woodruff,Wilford)"
19087,141755,FATHER_OF,"SISTER_OF(Eliza,David) ∧ FATHER_OF(Jesse,David)"
19422,141755,FATHER_OF,"SISTER_OF(Eliza,David) ∧ FATHER_OF(Obed,David)"
3278,141755,FATHER_OF,"SISTER_OF(Eliza,David) ∧ FATHER_OF(Abraham,David)"
314734,141755,FATHER_OF,"SISTER_OF(Eliza,David) ∧ FATHER_OF(Esaí,David)"
36310,141755,FATHER_OF,"SISTER_OF(Eliza,David) ∧ FATHER_OF(Jehiel,David)"
420175,141755,FATHER_OF,"SISTER_OF(Eliza,David) ∧ FATHER_OF(Nethanel,David)"
387740,141755,FATHER_OF,"SISTER_OF(Eliza,David) ∧ FATHER_OF(PETER WHITMER,David)"
19072,117822,FATHER_OF,"SISTER_OF(Patrick,Joseph) ∧ FATHER_OF(Lehi,Joseph)"
19536,117822,FATHER_OF,"SISTER_OF(Patrick,Joseph) ∧ FATHER_OF(Rachel,Joseph)"
35060,117822,FATHER_OF,"SISTER_OF(Patrick,Joseph) ∧ FATHER_OF(Jonan,Joseph)"
35037,117822,FATHER_OF,"SISTER_OF(Patrick,Joseph) ∧ FATHER_OF(Heli,Joseph)"
3416,117822,FATHER_OF,"SISTER_OF(Patrick,Joseph) ∧ FATHER_OF(Amos,Joseph)"
19109,117822,FATHER_OF,"SISTER_OF(Patrick,Joseph) ∧ FATHER_OF(Jude,Joseph)"
3553,117822,FATHER_OF,"SISTER_OF(Patrick,Joseph) ∧ FATHER_OF(Jacob (patriarch),Joseph)"
3549,117822,FATHER_OF,"SISTER_OF(Patrick,Joseph) ∧ FATHER_OF(Jacob,Joseph)"
19870,117822,FATHER_OF,"SISTER_OF(Patrick,Joseph) ∧ FATHER_OF(Brigham Young,Joseph)"
18670,117822,FATHER_OF,"SISTER_OF(Patrick,Joseph) ∧ FATHER_OF(Eli,Joseph)"
409594,117822,FATHER_OF,"SISTER_OF(Patrick,Joseph) ∧ FATHER_OF(Jonam,Joseph)"
18663,117822,FATHER_OF,"SISTER_OF(Patrick,Joseph) ∧ FATHER_OF(David,Joseph)"
15527,117822,FATHER_OF,"SISTER_OF(Patrick,Joseph) ∧ FATHER_OF(Potiphera,Joseph)"
30497,117822,FATHER_OF,"SISTER_OF(Patrick,Joseph) ∧ FATHER_OF(Hyrum,Joseph)"
5852,117822,FATHER_OF,"SISTER_OF(Patrick,Joseph) ∧ FATHER_OF(Cuando,Joseph)"
19583,117822,FATHER_OF,"SISTER_OF(Patrick,Joseph) ∧ FATHER_OF(Hyrum Smith,Joseph)"
391257,117822,FATHER_OF,"SISTER_OF(Patrick,Joseph) ∧ FATHER_OF(Patriarch,Joseph)"
381023,65579,FATHER_OF,"SISTER_OF(Caroline,Louisa) ∧ FATHER_OF(When,Louisa)"
43320,345633,FATHER_OF,"SISTER_OF(Elizabeth Hale Wasson,Emma) ∧ FATHER_OF(Isaac Hale,Emma)"
457998,345633,FATHER_OF,"SISTER_OF(Elizabeth Hale Wasson,Emma) ∧ FATHER_OF(Con,Emma)"
36527,37122,FATHER_OF,"SISTER_OF(Hammoleketh,Gilead) ∧ FATHER_OF(Machir,Gilead)"
19317,37122,FATHER_OF,"SISTER_OF(Hammoleketh,Gilead) ∧ FATHER_OF(Michael,Gilead)"
19265,37122,FATHER_OF,"SISTER_OF(Hammoleketh,Gilead) ∧ FATHER_OF(Manasseh,Gilead)"
3278,37775,FATHER_OF,"SISTER_OF(Bashemath,Ishmael) ∧ FATHER_OF(Abraham,Ishmael)"
36700,37775,FATHER_OF,"SISTER_OF(Bashemath,Ishmael) ∧ FATHER_OF(Nethaniah,Ishmael)"
36724,37775,FATHER_OF,"SISTER_OF(Bashemath,Ishmael) ∧ FATHER_OF(Jehohanan,Ishmael)"
483628,37775,FATHER_OF,"SISTER_OF(Bashemath,Ishmael) ∧ FATHER_OF(Nathaiah,Ishmael)"
19265,464348,FATHER_OF,"SISTER_OF(Hammolecheth,Machir) ∧ FATHER_OF(Manasseh,Machir)"
44116,464348,FATHER_OF,"SISTER_OF(Hammolecheth,Machir) ∧ FATHER_OF(Benjamite,Machir)"
19199,40163,FATHER_OF,"SISTER_OF(Dinah,Simeon) ∧ FATHER_OF(Laban,Simeon)"
18873,40163,FATHER_OF,"SISTER_OF(Dinah,Simeon) ∧ FATHER_OF(Gamaliel,Simeon)"
19106,40163,FATHER_OF,"SISTER_OF(Dinah,Simeon) ∧ FATHER_OF(Judah,Simeon)"
35011,40163,FATHER_OF,"SISTER_OF(Dinah,Simeon) ∧ FATHER_OF(Cleophas,Simeon)"
19566,40163,FATHER_OF,"SISTER_OF(Dinah,Simeon) ∧ FATHER_OF(Shaul,Simeon)"
19072,561682,FATHER_OF,"SISTER_OF(Rhoda Ann Jennetta Richards,Joseph) ∧ FATHER_OF(Lehi,Joseph)"
19536,561682,FATHER_OF,"SISTER_OF(Rhoda Ann Jennetta Richards,Joseph) ∧ FATHER_OF(Rachel,Joseph)"
35060,561682,FATHER_OF,"SISTER_OF(Rhoda Ann Jennetta Richards,Joseph) ∧ FATHER_OF(Jonan,Joseph)"
35037,561682,FATHER_OF,"SISTER_OF(Rhoda Ann Jennetta Richards,Joseph) ∧ FATHER_OF(Heli,Joseph)"
3416,561682,FATHER_OF,"SISTER_OF(Rhoda Ann Jennetta Richards,Joseph) ∧ FATHER_OF(Amos,Joseph)"
19109,561682,FATHER_OF,"SISTER_OF(Rhoda Ann Jennetta Richards,Joseph) ∧ FATHER_OF(Jude,Joseph)"
3553,561682,FATHER_OF,"SISTER_OF(Rhoda Ann Jennetta Richards,Joseph) ∧ FATHER_OF(Jacob (patriarch),Joseph)"
3549,561682,FATHER_OF,"SISTER_OF(Rhoda Ann Jennetta Richards,Joseph) ∧ FATHER_OF(Jacob,Joseph)"
19870,561682,FATHER_OF,"SISTER_OF(Rhoda Ann Jennetta Richards,Joseph) ∧ FATHER_OF(Brigham Young,Joseph)"
18670,561682,FATHER_OF,"SISTER_OF(Rhoda Ann Jennetta Richards,Joseph) ∧ FATHER_OF(Eli,Joseph)"
409594,561682,FATHER_OF,"SISTER_OF(Rhoda Ann Jennetta Richards,Joseph) ∧ FATHER_OF(Jonam,Joseph)"
18663,561682,FATHER_OF,"SISTER_OF(Rhoda Ann Jennetta Richards,Joseph) ∧ FATHER_OF(David,Joseph)"
15527,561682,FATHER_OF,"SISTER_OF(Rhoda Ann Jennetta Richards,Joseph) ∧ FATHER_OF(Potiphera,Joseph)"
30497,561682,FATHER_OF,"SISTER_OF(Rhoda Ann Jennetta Richards,Joseph) ∧ FATHER_OF(Hyrum,Joseph)"
5852,561682,FATHER_OF,"SISTER_OF(Rhoda Ann Jennetta Richards,Joseph) ∧ FATHER_OF(Cuando,Joseph)"
19583,561682,FATHER_OF,"SISTER_OF(Rhoda Ann Jennetta Richards,Joseph) ∧ FATHER_OF(Hyrum Smith,Joseph)"
391257,561682,FATHER_OF,"SISTER_OF(Rhoda Ann Jennetta Richards,Joseph) ∧ FATHER_OF(Patriarch,Joseph)"
636198,76707,FATHER_OF,"SISTER_OF(Austin,Newel Knight) ∧ FATHER_OF(JOSEPH KNIGHT,Newel Knight)"
207621,612459,FATHER_OF,"SISTER_OF(Nancy Young Kent,Brigham Young) ∧ FATHER_OF(John Young,Brigham Young)"
19097,523854,FATHER_OF,"SISTER_OF(Wasson,Emma Smith) ∧ FATHER_OF(Joseph,Emma Smith)"
387410,19321,FATHER_OF,"SISTER_OF(Miriam,Moses) ∧ FATHER_OF(Bathia,Moses)"
19088,19321,FATHER_OF,"SISTER_OF(Miriam,Moses) ∧ FATHER_OF(Jethro,Moses)"
459345,19321,FATHER_OF,"SISTER_OF(Miriam,Moses) ∧ FATHER_OF(Amaram,Moses)"
12743,39823,FATHER_OF,"SISTER_OF(Milcah,Lot) ∧ FATHER_OF(Harán,Lot)"
465601,35300,FATHER_OF,"SISTER_OF(Salome,Herod) ∧ FATHER_OF(Antipater,Herod)"
45512,35300,FATHER_OF,"SISTER_OF(Salome,Herod) ∧ FATHER_OF(Mariamne,Herod)"
35072,39823,FATHER_OF,"SISTER_OF(Milcah,Laban) ∧ FATHER_OF(Nahor,Laban)"
36950,39823,FATHER_OF,"SISTER_OF(Milcah,Laban) ∧ FATHER_OF(Bethuel,Laban)"
30358,3247,FATHER_OF,"BROTHER_OF(Aaron,Moses) ∧ FATHER_OF(Mahalaleel,Moses)"
8513,3247,FATHER_OF,"BROTHER_OF(Aaron,Moses) ∧ FATHER_OF(Omer,Moses)"
609199,3247,FATHER_OF,"BROTHER_OF(Aaron,Moses) ∧ FATHER_OF(Mahaleel,Moses)"
36215,18918,FATHER_OF,"BROTHER_OF(Nephi,Jacob) ∧ FATHER_OF(Aholibamah,Jacob)"
40102,18918,FATHER_OF,"BROTHER_OF(Nephi,Jacob) ∧ FATHER_OF(Beeri,Jacob)"
37465,18918,FATHER_OF,"BROTHER_OF(Nephi,Jacob) ∧ FATHER_OF(Elon,Jacob)"
18917,18918,FATHER_OF,"BROTHER_OF(Nephi,Jacob) ∧ FATHER_OF(Ishmael,Jacob)"
18900,18683,FATHER_OF,"BROTHER_OF(Esau,Jacob) ∧ FATHER_OF(Helaman,Jacob)"
765216,18683,FATHER_OF,"BROTHER_OF(Esau,Jacob) ∧ FATHER_OF(Lehi Nephi,Jacob)"
18915,19202,FATHER_OF,"BROTHER_OF(Laman,Nephi) ∧ FATHER_OF(Isaac,Nephi)"
35453,19202,FATHER_OF,"BROTHER_OF(Laman,Nephi) ∧ FATHER_OF(Matthan,Nephi)"
12037,19202,FATHER_OF,"BROTHER_OF(Laman,Nephi) ∧ FATHER_OF(Matán,Nephi)"
19076,19202,FATHER_OF,"BROTHER_OF(Laman,Nephi) ∧ FATHER_OF(Zebedee,Nephi)"
19075,19202,FATHER_OF,"BROTHER_OF(Laman,Nephi) ∧ FATHER_OF(Alphaeus,Nephi)"
19536,19202,FATHER_OF,"BROTHER_OF(Laman,Nephi) ∧ FATHER_OF(Rachel,Nephi)"
35060,19202,FATHER_OF,"BROTHER_OF(Laman,Nephi) ∧ FATHER_OF(Jonan,Nephi)"
35037,19202,FATHER_OF,"BROTHER_OF(Laman,Nephi) ∧ FATHER_OF(Heli,Nephi)"
3416,19202,FATHER_OF,"BROTHER_OF(Laman,Nephi) ∧ FATHER_OF(Amos,Nephi)"
19109,19202,FATHER_OF,"BROTHER_OF(Laman,Nephi) ∧ FATHER_OF(Jude,Nephi)"
3553,19202,FATHER_OF,"BROTHER_OF(Laman,Nephi) ∧ FATHER_OF(Jacob (patriarch),Nephi)"
3549,19202,FATHER_OF,"BROTHER_OF(Laman,Nephi) ∧ FATHER_OF(Jacob,Nephi)"
19870,19202,FATHER_OF,"BROTHER_OF(Laman,Nephi) ∧ FATHER_OF(Brigham Young,Nephi)"
18670,19202,FATHER_OF,"BROTHER_OF(Laman,Nephi) ∧ FATHER_OF(Eli,Nephi)"
409594,19202,FATHER_OF,"BROTHER_OF(Laman,Nephi) ∧ FATHER_OF(Jonam,Nephi)"
18663,19202,FATHER_OF,"BROTHER_OF(Laman,Nephi) ∧ FATHER_OF(David,Nephi)"
15527,19202,FATHER_OF,"BROTHER_OF(Laman,Nephi) ∧ FATHER_OF(Potiphera,Nephi)"
30497,19202,FATHER_OF,"BROTHER_OF(Laman,Nephi) ∧ FATHER_OF(Hyrum,Nephi)"
5852,19202,FATHER_OF,"BROTHER_OF(Laman,Nephi) ∧ FATHER_OF(Cuando,Nephi)"
19583,19202,FATHER_OF,"BROTHER_OF(Laman,Nephi) ∧ FATHER_OF(Hyrum Smith,Nephi)"
391257,19202,FATHER_OF,"BROTHER_OF(Laman,Nephi) ∧ FATHER_OF(Patriarch,Nephi)"
30358,19202,FATHER_OF,"BROTHER_OF(Laman,Nephi) ∧ FATHER_OF(Mahalaleel,Nephi)"
8513,19202,FATHER_OF,"BROTHER_OF(Laman,Nephi) ∧ FATHER_OF(Omer,Nephi)"
609199,19202,FATHER_OF,"BROTHER_OF(Laman,Nephi) ∧ FATHER_OF(Mahaleel,Nephi)"
18915,19097,FATHER_OF,"BROTHER_OF(Joseph,Nephi) ∧ FATHER_OF(Isaac,Nephi)"
35453,19097,FATHER_OF,"BROTHER_OF(Joseph,Nephi) ∧ FATHER_OF(Matthan,Nephi)"
12037,19097,FATHER_OF,"BROTHER_OF(Joseph,Nephi) ∧ FATHER_OF(Matán,Nephi)"
19076,19097,FATHER_OF,"BROTHER_OF(Joseph,Nephi) ∧ FATHER_OF(Zebedee,Nephi)"
19075,19097,FATHER_OF,"BROTHER_OF(Joseph,Nephi) ∧ FATHER_OF(Alphaeus,Nephi)"
30358,19097,FATHER_OF,"BROTHER_OF(Joseph,Nephi) ∧ FATHER_OF(Mahalaleel,Nephi)"
8513,19097,FATHER_OF,"BROTHER_OF(Joseph,Nephi) ∧ FATHER_OF(Omer,Nephi)"
609199,19097,FATHER_OF,"BROTHER_OF(Joseph,Nephi) ∧ FATHER_OF(Mahaleel,Nephi)"
18915,19557,FATHER_OF,"BROTHER_OF(Sam,Nephi) ∧ FATHER_OF(Isaac,Nephi)"
35453,19557,FATHER_OF,"BROTHER_OF(Sam,Nephi) ∧ FATHER_OF(Matthan,Nephi)"
12037,19557,FATHER_OF,"BROTHER_OF(Sam,Nephi) ∧ FATHER_OF(Matán,Nephi)"
19076,19557,FATHER_OF,"BROTHER_OF(Sam,Nephi) ∧ FATHER_OF(Zebedee,Nephi)"
19075,19557,FATHER_OF,"BROTHER_OF(Sam,Nephi) ∧ FATHER_OF(Alphaeus,Nephi)"
19536,19557,FATHER_OF,"BROTHER_OF(Sam,Nephi) ∧ FATHER_OF(Rachel,Nephi)"
35060,19557,FATHER_OF,"BROTHER_OF(Sam,Nephi) ∧ FATHER_OF(Jonan,Nephi)"
35037,19557,FATHER_OF,"BROTHER_OF(Sam,Nephi) ∧ FATHER_OF(Heli,Nephi)"
3416,19557,FATHER_OF,"BROTHER_OF(Sam,Nephi) ∧ FATHER_OF(Amos,Nephi)"
19109,19557,FATHER_OF,"BROTHER_OF(Sam,Nephi) ∧ FATHER_OF(Jude,Nephi)"
3553,19557,FATHER_OF,"BROTHER_OF(Sam,Nephi) ∧ FATHER_OF(Jacob (patriarch),Nephi)"
3549,19557,FATHER_OF,"BROTHER_OF(Sam,Nephi) ∧ FATHER_OF(Jacob,Nephi)"
19870,19557,FATHER_OF,"BROTHER_OF(Sam,Nephi) ∧ FATHER_OF(Brigham Young,Nephi)"
18670,19557,FATHER_OF,"BROTHER_OF(Sam,Nephi) ∧ FATHER_OF(Eli,Nephi)"
409594,19557,FATHER_OF,"BROTHER_OF(Sam,Nephi) ∧ FATHER_OF(Jonam,Nephi)"
18663,19557,FATHER_OF,"BROTHER_OF(Sam,Nephi) ∧ FATHER_OF(David,Nephi)"
15527,19557,FATHER_OF,"BROTHER_OF(Sam,Nephi) ∧ FATHER_OF(Potiphera,Nephi)"
30497,19557,FATHER_OF,"BROTHER_OF(Sam,Nephi) ∧ FATHER_OF(Hyrum,Nephi)"
5852,19557,FATHER_OF,"BROTHER_OF(Sam,Nephi) ∧ FATHER_OF(Cuando,Nephi)"
19583,19557,FATHER_OF,"BROTHER_OF(Sam,Nephi) ∧ FATHER_OF(Hyrum Smith,Nephi)"
391257,19557,FATHER_OF,"BROTHER_OF(Sam,Nephi) ∧ FATHER_OF(Patriarch,Nephi)"
30358,19557,FATHER_OF,"BROTHER_OF(Sam,Nephi) ∧ FATHER_OF(Mahalaleel,Nephi)"
8513,19557,FATHER_OF,"BROTHER_OF(Sam,Nephi) ∧ FATHER_OF(Omer,Nephi)"
609199,19557,FATHER_OF,"BROTHER_OF(Sam,Nephi) ∧ FATHER_OF(Mahaleel,Nephi)"
18915,19211,FATHER_OF,"BROTHER_OF(Lemuel,Nephi) ∧ FATHER_OF(Isaac,Nephi)"
35453,19211,FATHER_OF,"BROTHER_OF(Lemuel,Nephi) ∧ FATHER_OF(Matthan,Nephi)"
12037,19211,FATHER_OF,"BROTHER_OF(Lemuel,Nephi) ∧ FATHER_OF(Matán,Nephi)"
19076,19211,FATHER_OF,"BROTHER_OF(Lemuel,Nephi) ∧ FATHER_OF(Zebedee,Nephi)"
19075,19211,FATHER_OF,"BROTHER_OF(Lemuel,Nephi) ∧ FATHER_OF(Alphaeus,Nephi)"
19536,19211,FATHER_OF,"BROTHER_OF(Lemuel,Nephi) ∧ FATHER_OF(Rachel,Nephi)"
35060,19211,FATHER_OF,"BROTHER_OF(Lemuel,Nephi) ∧ FATHER_OF(Jonan,Nephi)"
35037,19211,FATHER_OF,"BROTHER_OF(Lemuel,Nephi) ∧ FATHER_OF(Heli,Nephi)"
3416,19211,FATHER_OF,"BROTHER_OF(Lemuel,Nephi) ∧ FATHER_OF(Amos,Nephi)"
19109,19211,FATHER_OF,"BROTHER_OF(Lemuel,Nephi) ∧ FATHER_OF(Jude,Nephi)"
3553,19211,FATHER_OF,"BROTHER_OF(Lemuel,Nephi) ∧ FATHER_OF(Jacob (patriarch),Nephi)"
3549,19211,FATHER_OF,"BROTHER_OF(Lemuel,Nephi) ∧ FATHER_OF(Jacob,Nephi)"
19870,19211,FATHER_OF,"BROTHER_OF(Lemuel,Nephi) ∧ FATHER_OF(Brigham Young,Nephi)"
18670,19211,FATHER_OF,"BROTHER_OF(Lemuel,Nephi) ∧ FATHER_OF(Eli,Nephi)"
409594,19211,FATHER_OF,"BROTHER_OF(Lemuel,Nephi) ∧ FATHER_OF(Jonam,Nephi)"
18663,19211,FATHER_OF,"BROTHER_OF(Lemuel,Nephi) ∧ FATHER_OF(David,Nephi)"
15527,19211,FATHER_OF,"BROTHER_OF(Lemuel,Nephi) ∧ FATHER_OF(Potiphera,Nephi)"
30497,19211,FATHER_OF,"BROTHER_OF(Lemuel,Nephi) ∧ FATHER_OF(Hyrum,Nephi)"
5852,19211,FATHER_OF,"BROTHER_OF(Lemuel,Nephi) ∧ FATHER_OF(Cuando,Nephi)"
19583,19211,FATHER_OF,"BROTHER_OF(Lemuel,Nephi) ∧ FATHER_OF(Hyrum Smith,Nephi)"
391257,19211,FATHER_OF,"BROTHER_OF(Lemuel,Nephi) ∧ FATHER_OF(Patriarch,Nephi)"
30358,19211,FATHER_OF,"BROTHER_OF(Lemuel,Nephi) ∧ FATHER_OF(Mahalaleel,Nephi)"
8513,19211,FATHER_OF,"BROTHER_OF(Lemuel,Nephi) ∧ FATHER_OF(Omer,Nephi)"
609199,19211,FATHER_OF,"BROTHER_OF(Lemuel,Nephi) ∧ FATHER_OF(Mahaleel,Nephi)"
19536,3549,FATHER_OF,"BROTHER_OF(Jacob,Nephi) ∧ FATHER_OF(Rachel,Nephi)"
35060,3549,FATHER_OF,"BROTHER_OF(Jacob,Nephi) ∧ FATHER_OF(Jonan,Nephi)"
35037,3549,FATHER_OF,"BROTHER_OF(Jacob,Nephi) ∧ FATHER_OF(Heli,Nephi)"
3416,3549,FATHER_OF,"BROTHER_OF(Jacob,Nephi) ∧ FATHER_OF(Amos,Nephi)"
19109,3549,FATHER_OF,"BROTHER_OF(Jacob,Nephi) ∧ FATHER_OF(Jude,Nephi)"
3553,3549,FATHER_OF,"BROTHER_OF(Jacob,Nephi) ∧ FATHER_OF(Jacob (patriarch),Nephi)"
3549,3549,FATHER_OF,"BROTHER_OF(Jacob,Nephi) ∧ FATHER_OF(Jacob,Nephi)"
19870,3549,FATHER_OF,"BROTHER_OF(Jacob,Nephi) ∧ FATHER_OF(Brigham Young,Nephi)"
18670,3549,FATHER_OF,"BROTHER_OF(Jacob,Nephi) ∧ FATHER_OF(Eli,Nephi)"
409594,3549,FATHER_OF,"BROTHER_OF(Jacob,Nephi) ∧ FATHER_OF(Jonam,Nephi)"
18663,3549,FATHER_OF,"BROTHER_OF(Jacob,Nephi) ∧ FATHER_OF(David,Nephi)"
15527,3549,FATHER_OF,"BROTHER_OF(Jacob,Nephi) ∧ FATHER_OF(Potiphera,Nephi)"
30497,3549,FATHER_OF,"BROTHER_OF(Jacob,Nephi) ∧ FATHER_OF(Hyrum,Nephi)"
5852,3549,FATHER_OF,"BROTHER_OF(Jacob,Nephi) ∧ FATHER_OF(Cuando,Nephi)"
19583,3549,FATHER_OF,"BROTHER_OF(Jacob,Nephi) ∧ FATHER_OF(Hyrum Smith,Nephi)"
391257,3549,FATHER_OF,"BROTHER_OF(Jacob,Nephi) ∧ FATHER_OF(Patriarch,Nephi)"
30358,3549,FATHER_OF,"BROTHER_OF(Jacob,Nephi) ∧ FATHER_OF(Mahalaleel,Nephi)"
8513,3549,FATHER_OF,"BROTHER_OF(Jacob,Nephi) ∧ FATHER_OF(Omer,Nephi)"
609199,3549,FATHER_OF,"BROTHER_OF(Jacob,Nephi) ∧ FATHER_OF(Mahaleel,Nephi)"
19097,19092,FATHER_OF,"BROTHER_OF(John,James) ∧ FATHER_OF(Joseph,James)"
19108,19092,FATHER_OF,"BROTHER_OF(John,James) ∧ FATHER_OF(Judas,James)"
494653,19092,FATHER_OF,"BROTHER_OF(John,James) ∧ FATHER_OF(Sirach,James)"
516157,19092,FATHER_OF,"BROTHER_OF(John,James) ∧ FATHER_OF(SIR,James)"
398435,19092,FATHER_OF,"BROTHER_OF(John,James) ∧ FATHER_OF(Josedek,James)"
18663,19092,FATHER_OF,"BROTHER_OF(John,James) ∧ FATHER_OF(David,James)"
416791,19092,FATHER_OF,"BROTHER_OF(John,James) ∧ FATHER_OF(Ananus,James)"
19581,19092,FATHER_OF,"BROTHER_OF(John,James) ∧ FATHER_OF(Simon,James)"
35452,19092,FATHER_OF,"BROTHER_OF(John,James) ∧ FATHER_OF(Eleazar,James)"
18915,19073,FATHER_OF,"BROTHER_OF(James,John) ∧ FATHER_OF(Isaac,John)"
19072,19073,FATHER_OF,"BROTHER_OF(James,John) ∧ FATHER_OF(Lehi,John)"
35453,19073,FATHER_OF,"BROTHER_OF(James,John) ∧ FATHER_OF(Matthan,John)"
12037,19073,FATHER_OF,"BROTHER_OF(James,John) ∧ FATHER_OF(Matán,John)"
42109,19073,FATHER_OF,"BROTHER_OF(James,John) ∧ FATHER_OF(Joiada,John)"
19566,19073,FATHER_OF,"BROTHER_OF(James,John) ∧ FATHER_OF(Shaul,John)"
19494,19073,FATHER_OF,"BROTHER_OF(James,John) ∧ FATHER_OF(Paul,John)"
36417,19073,FATHER_OF,"BROTHER_OF(James,John) ∧ FATHER_OF(Shemaiah,John)"
36161,19073,FATHER_OF,"BROTHER_OF(James,John) ∧ FATHER_OF(Shage,John)"
36610,19073,FATHER_OF,"BROTHER_OF(James,John) ∧ FATHER_OF(Shimea,John)"
35320,19073,FATHER_OF,"BROTHER_OF(James,John) ∧ FATHER_OF(Abiathar,John)"
36418,19073,FATHER_OF,"BROTHER_OF(James,John) ∧ FATHER_OF(Uzziel,John)"
36162,19073,FATHER_OF,"BROTHER_OF(James,John) ∧ FATHER_OF(Shammah,John)"
419644,19073,FATHER_OF,"BROTHER_OF(James,John) ∧ FATHER_OF(Shagee,John)"
36830,19073,FATHER_OF,"BROTHER_OF(James,John) ∧ FATHER_OF(Absalom,John)"
36627,19073,FATHER_OF,"BROTHER_OF(James,John) ∧ FATHER_OF(Shimei,John)"
19871,19108,FATHER_OF,"BROTHER_OF(Judas,James) ∧ FATHER_OF(Zacharias,James)"
19870,19108,FATHER_OF,"BROTHER_OF(Judas,James) ∧ FATHER_OF(Brigham Young,James)"
397883,19108,FATHER_OF,"BROTHER_OF(Judas,James) ∧ FATHER_OF(Mathew Woodruff,James)"
494839,19108,FATHER_OF,"BROTHER_OF(Judas,James) ∧ FATHER_OF(Accos,James)"
19872,19108,FATHER_OF,"BROTHER_OF(Judas,James) ∧ FATHER_OF(Zechariah,James)"
41089,36158,FATHER_OF,"BROTHER_OF(Kenaz,Caleb) ∧ FATHER_OF(Hammelech,Caleb)"
16086,36158,FATHER_OF,"BROTHER_OF(Kenaz,Caleb) ∧ FATHER_OF(Hamelec,Caleb)"
41089,12515,FATHER_OF,"BROTHER_OF(Cenaz,Caleb) ∧ FATHER_OF(Hammelech,Caleb)"
16086,12515,FATHER_OF,"BROTHER_OF(Cenaz,Caleb) ∧ FATHER_OF(Hamelec,Caleb)"
19871,19109,FATHER_OF,"BROTHER_OF(Jude,James) ∧ FATHER_OF(Zacharias,James)"
19870,19109,FATHER_OF,"BROTHER_OF(Jude,James) ∧ FATHER_OF(Brigham Young,James)"
397883,19109,FATHER_OF,"BROTHER_OF(Jude,James) ∧ FATHER_OF(Mathew Woodruff,James)"
494839,19109,FATHER_OF,"BROTHER_OF(Jude,James) ∧ FATHER_OF(Accos,James)"
35041,19109,FATHER_OF,"BROTHER_OF(Jude,James) ∧ FATHER_OF(Mattathias,James)"
19872,19109,FATHER_OF,"BROTHER_OF(Jude,James) ∧ FATHER_OF(Zechariah,James)"
19108,19109,FATHER_OF,"BROTHER_OF(Jude,James) ∧ FATHER_OF(Judas,James)"
494653,19109,FATHER_OF,"BROTHER_OF(Jude,James) ∧ FATHER_OF(Sirach,James)"
516157,19109,FATHER_OF,"BROTHER_OF(Jude,James) ∧ FATHER_OF(SIR,James)"
398435,19109,FATHER_OF,"BROTHER_OF(Jude,James) ∧ FATHER_OF(Josedek,James)"
18663,19109,FATHER_OF,"BROTHER_OF(Jude,James) ∧ FATHER_OF(David,James)"
416791,19109,FATHER_OF,"BROTHER_OF(Jude,James) ∧ FATHER_OF(Ananus,James)"
19581,19109,FATHER_OF,"BROTHER_OF(Jude,James) ∧ FATHER_OF(Simon,James)"
35452,19109,FATHER_OF,"BROTHER_OF(Jude,James) ∧ FATHER_OF(Eleazar,James)"
16086,36498,FATHER_OF,"BROTHER_OF(Hezron,Caleb) ∧ FATHER_OF(Hamelec,Caleb)"
36950,35071,FATHER_OF,"BROTHER_OF(Terah,Abraham) ∧ FATHER_OF(Bethuel,Abraham)"
19076,19581,FATHER_OF,"BROTHER_OF(Simon,Judas) ∧ FATHER_OF(Zebedee,Judas)"
19075,19581,FATHER_OF,"BROTHER_OF(Simon,Judas) ∧ FATHER_OF(Alphaeus,Judas)"
204448,19581,FATHER_OF,"BROTHER_OF(Simon,Judas) ∧ FATHER_OF(Alpheus,Judas)"
499765,19581,FATHER_OF,"BROTHER_OF(Simon,Judas) ∧ FATHER_OF(Zehedee,Judas)"
621613,19581,FATHER_OF,"BROTHER_OF(Simon,Judas) ∧ FATHER_OF(Zebedee Salome,Judas)"
41089,36783,FATHER_OF,"BROTHER_OF(Othniel,Caleb) ∧ FATHER_OF(Hammelech,Caleb)"
16086,36783,FATHER_OF,"BROTHER_OF(Othniel,Caleb) ∧ FATHER_OF(Hamelec,Caleb)"
36950,36573,FATHER_OF,"BROTHER_OF(Haran,Abraham) ∧ FATHER_OF(Bethuel,Abraham)"
35072,36573,FATHER_OF,"BROTHER_OF(Haran,Abraham) ∧ FATHER_OF(Nahor,Abraham)"
18900,29699,FATHER_OF,"BROTHER_OF(Hiram,Joseph) ∧ FATHER_OF(Helaman,Joseph)"
765216,29699,FATHER_OF,"BROTHER_OF(Hiram,Joseph) ∧ FATHER_OF(Lehi Nephi,Joseph)"
18900,29832,FATHER_OF,"BROTHER_OF(William Smith,Joseph) ∧ FATHER_OF(Helaman,Joseph)"
765216,29832,FATHER_OF,"BROTHER_OF(William Smith,Joseph) ∧ FATHER_OF(Lehi Nephi,Joseph)"
19097,209474,FATHER_OF,"BROTHER_OF(Don Carlos Smith,Hyrum Smith) ∧ FATHER_OF(Joseph,Hyrum Smith)"
106978,209474,FATHER_OF,"BROTHER_OF(Don Carlos Smith,Hyrum Smith) ∧ FATHER_OF(Asael Smith,Hyrum Smith)"
36345,209474,FATHER_OF,"BROTHER_OF(Don Carlos Smith,Hyrum Smith) ∧ FATHER_OF(Elkanah,Hyrum Smith)"
59317,209474,FATHER_OF,"BROTHER_OF(Don Carlos Smith,Hyrum Smith) ∧ FATHER_OF(Robert,Hyrum Smith)"
464107,209474,FATHER_OF,"BROTHER_OF(Don Carlos Smith,Hyrum Smith) ∧ FATHER_OF(An Ephraimite,Hyrum Smith)"
36950,35072,FATHER_OF,"BROTHER_OF(Nahor,Abraham) ∧ FATHER_OF(Bethuel,Abraham)"
35072,35072,FATHER_OF,"BROTHER_OF(Nahor,Abraham) ∧ FATHER_OF(Nahor,Abraham)"
36215,19092,FATHER_OF,"BROTHER_OF(John,Jacob) ∧ FATHER_OF(Aholibamah,Jacob)"
40102,19092,FATHER_OF,"BROTHER_OF(John,Jacob) ∧ FATHER_OF(Beeri,Jacob)"
37465,19092,FATHER_OF,"BROTHER_OF(John,Jacob) ∧ FATHER_OF(Elon,Jacob)"
18917,19092,FATHER_OF,"BROTHER_OF(John,Jacob) ∧ FATHER_OF(Ishmael,Jacob)"
18900,19092,FATHER_OF,"BROTHER_OF(John,Jacob) ∧ FATHER_OF(Helaman,Jacob)"
765216,19092,FATHER_OF,"BROTHER_OF(John,Jacob) ∧ FATHER_OF(Lehi Nephi,Jacob)"
18900,55772,FATHER_OF,"BROTHER_OF(Samuel Smith,Joseph) ∧ FATHER_OF(Helaman,Joseph)"
765216,55772,FATHER_OF,"BROTHER_OF(Samuel Smith,Joseph) ∧ FATHER_OF(Lehi Nephi,Joseph)"
18900,515909,FATHER_OF,"BROTHER_OF(Elder Hyrum Smith,Joseph) ∧ FATHER_OF(Helaman,Joseph)"
765216,515909,FATHER_OF,"BROTHER_OF(Elder Hyrum Smith,Joseph) ∧ FATHER_OF(Lehi Nephi,Joseph)"
19097,29832,FATHER_OF,"BROTHER_OF(William Smith,Hyrum Smith) ∧ FATHER_OF(Joseph,Hyrum Smith)"
106978,29832,FATHER_OF,"BROTHER_OF(William Smith,Hyrum Smith) ∧ FATHER_OF(Asael Smith,Hyrum Smith)"
36345,29832,FATHER_OF,"BROTHER_OF(William Smith,Hyrum Smith) ∧ FATHER_OF(Elkanah,Hyrum Smith)"
59317,29832,FATHER_OF,"BROTHER_OF(William Smith,Hyrum Smith) ∧ FATHER_OF(Robert,Hyrum Smith)"
464107,29832,FATHER_OF,"BROTHER_OF(William Smith,Hyrum Smith) ∧ FATHER_OF(An Ephraimite,Hyrum Smith)"
18900,31138,FATHER_OF,"BROTHER_OF(Smith,Joseph) ∧ FATHER_OF(Helaman,Joseph)"
765216,31138,FATHER_OF,"BROTHER_OF(Smith,Joseph) ∧ FATHER_OF(Lehi Nephi,Joseph)"
3549,19583,FATHER_OF,"BROTHER_OF(Hyrum Smith,Samuel) ∧ FATHER_OF(Jacob,Samuel)"
18663,19583,FATHER_OF,"BROTHER_OF(Hyrum Smith,Samuel) ∧ FATHER_OF(David,Samuel)"
36234,12670,FATHER_OF,"SISTER_OF(Nahas,Sarvia) ∧ FATHER_OF(Zeruiah,Sarvia)"
36904,12670,FATHER_OF,"SISTER_OF(Nahas,Sarvia) ∧ FATHER_OF(Seraiah,Sarvia)"
13666,12670,FATHER_OF,"SISTER_OF(Nahas,Sarvia) ∧ FATHER_OF(Sarvia,Sarvia)"
18900,117822,FATHER_OF,"SISTER_OF(Patrick,Joseph) ∧ FATHER_OF(Helaman,Joseph)"
765216,117822,FATHER_OF,"SISTER_OF(Patrick,Joseph) ∧ FATHER_OF(Lehi Nephi,Joseph)"
18900,561682,FATHER_OF,"SISTER_OF(Rhoda Ann Jennetta Richards,Joseph) ∧ FATHER_OF(Helaman,Joseph)"
765216,561682,FATHER_OF,"SISTER_OF(Rhoda Ann Jennetta Richards,Joseph) ∧ FATHER_OF(Lehi Nephi,Joseph)"
3251,19321,FATHER_OF,"SISTER_OF(Miriam,Moses) ∧ FATHER_OF(Mosiah,Moses)"
28095,19321,FATHER_OF,"SISTER_OF(Miriam,Moses) ∧ FATHER_OF(Heth,Moses)"
30358,19321,FATHER_OF,"SISTER_OF(Miriam,Moses) ∧ FATHER_OF(Mahalaleel,Moses)"
8513,19321,FATHER_OF,"SISTER_OF(Miriam,Moses) ∧ FATHER_OF(Omer,Moses)"
609199,19321,FATHER_OF,"SISTER_OF(Miriam,Moses) ∧ FATHER_OF(Mahaleel,Moses)"
36234,36515,FATHER_OF,"SISTER_OF(Abigail,Zeruiah) ∧ FATHER_OF(Zeruiah,Zeruiah)"
36904,36515,FATHER_OF,"SISTER_OF(Abigail,Zeruiah) ∧ FATHER_OF(Seraiah,Zeruiah)"
13666,36515,FATHER_OF,"SISTER_OF(Abigail,Zeruiah) ∧ FATHER_OF(Sarvia,Zeruiah)"
30358,19079,FATHER_OF,"BROTHER_OF(Brother of Jared,Jared) ∧ FATHER_OF(Mahalaleel,Jared)"
8513,19079,FATHER_OF,"BROTHER_OF(Brother of Jared,Jared) ∧ FATHER_OF(Omer,Jared)"
609199,19079,FATHER_OF,"BROTHER_OF(Brother of Jared,Jared) ∧ FATHER_OF(Mahaleel,Jared)"
30497,19102,FATHER_OF,"BROTHER_OF(Joseph Smith,Hyrum Smith) ∧ FATHER_OF(Hyrum,Hyrum Smith)"
36345,19102,FATHER_OF,"BROTHER_OF(Joseph Smith,Hyrum Smith) ∧ FATHER_OF(Elkanah,Hyrum Smith)"
59317,19102,FATHER_OF,"BROTHER_OF(Joseph Smith,Hyrum Smith) ∧ FATHER_OF(Robert,Hyrum Smith)"
464107,19102,FATHER_OF,"BROTHER_OF(Joseph Smith,Hyrum Smith) ∧ FATHER_OF(An Ephraimite,Hyrum Smith)"
19097,42064,FATHER_OF,"BROTHER_OF(Jaddua,Manasseh) ∧ FATHER_OF(Joseph,Manasseh)"
19106,42064,FATHER_OF,"BROTHER_OF(Jaddua,Manasseh) ∧ FATHER_OF(Judah,Manasseh)"
18906,42064,FATHER_OF,"BROTHER_OF(Jaddua,Manasseh) ∧ FATHER_OF(Hezekiah,Manasseh)"
35071,19200,FATHER_OF,"BROTHER_OF(Rebekah,Abraham) ∧ FATHER_OF(Terah,Abraham)"
36136,19200,FATHER_OF,"BROTHER_OF(Rebekah,Abraham) ∧ FATHER_OF(Keturah,Abraham)"
412558,19200,FATHER_OF,"BROTHER_OF(Rebekah,Abraham) ∧ FATHER_OF(Thara Terah,Abraham)"
36535,28149,FATHER_OF,"BROTHER_OF(Shiblom,And) ∧ FATHER_OF(Shammai,And)"
19095,28149,FATHER_OF,"BROTHER_OF(Shiblom,And) ∧ FATHER_OF(Jonathan,And)"
33560,28149,FATHER_OF,"BROTHER_OF(Shiblom,And) ∧ FATHER_OF(Tyre,And)"
19499,28149,FATHER_OF,"BROTHER_OF(Shiblom,And) ∧ FATHER_OF(Pharaoh,And)"
30358,28149,FATHER_OF,"BROTHER_OF(Shiblom,And) ∧ FATHER_OF(Mahalaleel,And)"
8513,28149,FATHER_OF,"BROTHER_OF(Shiblom,And) ∧ FATHER_OF(Omer,And)"
609199,28149,FATHER_OF,"BROTHER_OF(Shiblom,And) ∧ FATHER_OF(Mahaleel,And)"
36535,19078,FATHER_OF,"BROTHER_OF(Jared,And) ∧ FATHER_OF(Shammai,And)"
19095,19078,FATHER_OF,"BROTHER_OF(Jared,And) ∧ FATHER_OF(Jonathan,And)"
33560,19078,FATHER_OF,"BROTHER_OF(Jared,And) ∧ FATHER_OF(Tyre,And)"
19499,19078,FATHER_OF,"BROTHER_OF(Jared,And) ∧ FATHER_OF(Pharaoh,And)"
19078,8569,FATHER_OF,"BROTHER_OF(Shared,Now) ∧ FATHER_OF(Jared,Now)"
3549,19073,FATHER_OF,"BROTHER_OF(James,Judas) ∧ FATHER_OF(Jacob,Judas)"
11338,19073,FATHER_OF,"BROTHER_OF(James,Judas) ∧ FATHER_OF(Simón Iscariote,Judas)"
19073,19073,FATHER_OF,"BROTHER_OF(James,Judas) ∧ FATHER_OF(James,Judas)"
757218,19073,FATHER_OF,"BROTHER_OF(James,Judas) ∧ FATHER_OF(Chalphi,Judas)"
457984,19073,FATHER_OF,"BROTHER_OF(James,Judas) ∧ FATHER_OF(Simon Iscariot,Judas)"
37026,19330,FATHER_OF,"BROTHER_OF(Nathan,Joel) ∧ FATHER_OF(Uzzi,Joel)"
391963,19330,FATHER_OF,"BROTHER_OF(Nathan,Joel) ∧ FATHER_OF(Pethuel,Joel)"
36744,19330,FATHER_OF,"BROTHER_OF(Nathan,Joel) ∧ FATHER_OF(Zichri,Joel)"
37044,19330,FATHER_OF,"BROTHER_OF(Nathan,Joel) ∧ FATHER_OF(Shemuel,Joel)"
36788,19330,FATHER_OF,"BROTHER_OF(Nathan,Joel) ∧ FATHER_OF(Pedaiah,Joel)"
36557,19330,FATHER_OF,"BROTHER_OF(Nathan,Joel) ∧ FATHER_OF(Azariah,Joel)"
18897,19330,FATHER_OF,"BROTHER_OF(Nathan,Joel) ∧ FATHER_OF(Samuel,Joel)"
12889,19330,FATHER_OF,"BROTHER_OF(Nathan,Joel) ∧ FATHER_OF(Zicri,Joel)"
394718,19330,FATHER_OF,"BROTHER_OF(Nathan,Joel) ∧ FATHER_OF(Kohathite,Joel)"
36907,36505,FATHER_OF,"BROTHER_OF(Jerahmeel,Caleb) ∧ FATHER_OF(Jephunneh,Caleb)"
36521,36505,FATHER_OF,"BROTHER_OF(Jerahmeel,Caleb) ∧ FATHER_OF(Hur,Caleb)"
41437,36505,FATHER_OF,"BROTHER_OF(Jerahmeel,Caleb) ∧ FATHER_OF(Jephunneh Hebron,Caleb)"
12974,36505,FATHER_OF,"BROTHER_OF(Jerahmeel,Caleb) ∧ FATHER_OF(Jefone,Caleb)"
12693,36505,FATHER_OF,"BROTHER_OF(Jerahmeel,Caleb) ∧ FATHER_OF(Hezrón,Caleb)"
411600,36505,FATHER_OF,"BROTHER_OF(Jerahmeel,Caleb) ∧ FATHER_OF(Jephuneh,Caleb)"
16086,36505,FATHER_OF,"BROTHER_OF(Jerahmeel,Caleb) ∧ FATHER_OF(Hamelec,Caleb)"
36150,3580,FATHER_OF,"BROTHER_OF(Caleb,Kenaz) ∧ FATHER_OF(Eliphaz,Kenaz)"
18663,18663,FATHER_OF,"BROTHER_OF(David,Shimea) ∧ FATHER_OF(David,Shimea)"
36106,19077,FATHER_OF,"BROTHER_OF(Japheth,Eber) ∧ FATHER_OF(Salah,Eber)"
37201,19077,FATHER_OF,"BROTHER_OF(Japheth,Eber) ∧ FATHER_OF(Elpaal,Eber)"
36638,19077,FATHER_OF,"BROTHER_OF(Japheth,Eber) ∧ FATHER_OF(Beriah,Eber)"
36107,19077,FATHER_OF,"BROTHER_OF(Japheth,Eber) ∧ FATHER_OF(Shelah,Eber)"
394897,38623,FATHER_OF,"BROTHER_OF(Eshcol,Amorite) ∧ FATHER_OF(Abiramu,Amorite)"
12891,18663,FATHER_OF,"BROTHER_OF(David,Simea) ∧ FATHER_OF(Miclot,Simea)"
36175,12714,FATHER_OF,"BROTHER_OF(Samai,Jada) ∧ FATHER_OF(Onam,Jada)"
18690,12714,FATHER_OF,"BROTHER_OF(Samai,Jada) ∧ FATHER_OF(Ezra,Jada)"
36569,12714,FATHER_OF,"BROTHER_OF(Samai,Jada) ∧ FATHER_OF(Rekem,Jada)"
36498,12708,FATHER_OF,"BROTHER_OF(Jerameel,Caleb) ∧ FATHER_OF(Hezron,Caleb)"
36907,12708,FATHER_OF,"BROTHER_OF(Jerameel,Caleb) ∧ FATHER_OF(Jephunneh,Caleb)"
36521,12708,FATHER_OF,"BROTHER_OF(Jerameel,Caleb) ∧ FATHER_OF(Hur,Caleb)"
41437,12708,FATHER_OF,"BROTHER_OF(Jerameel,Caleb) ∧ FATHER_OF(Jephunneh Hebron,Caleb)"
12974,12708,FATHER_OF,"BROTHER_OF(Jerameel,Caleb) ∧ FATHER_OF(Jefone,Caleb)"
12693,12708,FATHER_OF,"BROTHER_OF(Jerameel,Caleb) ∧ FATHER_OF(Hezrón,Caleb)"
411600,12708,FATHER_OF,"BROTHER_OF(Jerameel,Caleb) ∧ FATHER_OF(Jephuneh,Caleb)"
41089,12708,FATHER_OF,"BROTHER_OF(Jerameel,Caleb) ∧ FATHER_OF(Hammelech,Caleb)"
19078,19078,FATHER_OF,"BROTHER_OF(Jared,Enoch) ∧ FATHER_OF(Jared,Enoch)"
3579,19078,FATHER_OF,"BROTHER_OF(Jared,Enoch) ∧ FATHER_OF(Cain,Enoch)"
24294,19078,FATHER_OF,"BROTHER_OF(Jared,Enoch) ∧ FATHER_OF(Midian,Enoch)"
35049,19073,FATHER_OF,"BROTHER_OF(James,Jude) ∧ FATHER_OF(Rhesa,Jude)"
3251,19078,FATHER_OF,"BROTHER_OF(Jared,Ammon) ∧ FATHER_OF(Mosiah,Ammon)"
19259,19078,FATHER_OF,"BROTHER_OF(Jared,Ammon) ∧ FATHER_OF(Lot,Ammon)"
19072,19078,FATHER_OF,"BROTHER_OF(Jared,Nephi) ∧ FATHER_OF(Lehi,Nephi)"
18900,19078,FATHER_OF,"BROTHER_OF(Jared,Nephi) ∧ FATHER_OF(Helaman,Nephi)"
765216,19078,FATHER_OF,"BROTHER_OF(Jared,Nephi) ∧ FATHER_OF(Lehi Nephi,Nephi)"
18915,19078,FATHER_OF,"BROTHER_OF(Jared,Nephi) ∧ FATHER_OF(Isaac,Nephi)"
35453,19078,FATHER_OF,"BROTHER_OF(Jared,Nephi) ∧ FATHER_OF(Matthan,Nephi)"
12037,19078,FATHER_OF,"BROTHER_OF(Jared,Nephi) ∧ FATHER_OF(Matán,Nephi)"
19076,19078,FATHER_OF,"BROTHER_OF(Jared,Nephi) ∧ FATHER_OF(Zebedee,Nephi)"
19075,19078,FATHER_OF,"BROTHER_OF(Jared,Nephi) ∧ FATHER_OF(Alphaeus,Nephi)"
19536,19078,FATHER_OF,"BROTHER_OF(Jared,Nephi) ∧ FATHER_OF(Rachel,Nephi)"
35060,19078,FATHER_OF,"BROTHER_OF(Jared,Nephi) ∧ FATHER_OF(Jonan,Nephi)"
35037,19078,FATHER_OF,"BROTHER_OF(Jared,Nephi) ∧ FATHER_OF(Heli,Nephi)"
3416,19078,FATHER_OF,"BROTHER_OF(Jared,Nephi) ∧ FATHER_OF(Amos,Nephi)"
19109,19078,FATHER_OF,"BROTHER_OF(Jared,Nephi) ∧ FATHER_OF(Jude,Nephi)"
3553,19078,FATHER_OF,"BROTHER_OF(Jared,Nephi) ∧ FATHER_OF(Jacob (patriarch),Nephi)"
3549,19078,FATHER_OF,"BROTHER_OF(Jared,Nephi) ∧ FATHER_OF(Jacob,Nephi)"
19870,19078,FATHER_OF,"BROTHER_OF(Jared,Nephi) ∧ FATHER_OF(Brigham Young,Nephi)"
18670,19078,FATHER_OF,"BROTHER_OF(Jared,Nephi) ∧ FATHER_OF(Eli,Nephi)"
409594,19078,FATHER_OF,"BROTHER_OF(Jared,Nephi) ∧ FATHER_OF(Jonam,Nephi)"
18663,19078,FATHER_OF,"BROTHER_OF(Jared,Nephi) ∧ FATHER_OF(David,Nephi)"
15527,19078,FATHER_OF,"BROTHER_OF(Jared,Nephi) ∧ FATHER_OF(Potiphera,Nephi)"
30497,19078,FATHER_OF,"BROTHER_OF(Jared,Nephi) ∧ FATHER_OF(Hyrum,Nephi)"
5852,19078,FATHER_OF,"BROTHER_OF(Jared,Nephi) ∧ FATHER_OF(Cuando,Nephi)"
19583,19078,FATHER_OF,"BROTHER_OF(Jared,Nephi) ∧ FATHER_OF(Hyrum Smith,Nephi)"
391257,19078,FATHER_OF,"BROTHER_OF(Jared,Nephi) ∧ FATHER_OF(Patriarch,Nephi)"
19076,18645,FATHER_OF,"BROTHER_OF(Jesus,James) ∧ FATHER_OF(Zebedee,James)"
19075,18645,FATHER_OF,"BROTHER_OF(Jesus,James) ∧ FATHER_OF(Alphaeus,James)"
204448,18645,FATHER_OF,"BROTHER_OF(Jesus,James) ∧ FATHER_OF(Alpheus,James)"
499765,18645,FATHER_OF,"BROTHER_OF(Jesus,James) ∧ FATHER_OF(Zehedee,James)"
621613,18645,FATHER_OF,"BROTHER_OF(Jesus,James) ∧ FATHER_OF(Zebedee Salome,James)"
19871,18645,FATHER_OF,"BROTHER_OF(Jesus,James) ∧ FATHER_OF(Zacharias,James)"
19870,18645,FATHER_OF,"BROTHER_OF(Jesus,James) ∧ FATHER_OF(Brigham Young,James)"
397883,18645,FATHER_OF,"BROTHER_OF(Jesus,James) ∧ FATHER_OF(Mathew Woodruff,James)"
494839,18645,FATHER_OF,"BROTHER_OF(Jesus,James) ∧ FATHER_OF(Accos,James)"
35041,18645,FATHER_OF,"BROTHER_OF(Jesus,James) ∧ FATHER_OF(Mattathias,James)"
19872,18645,FATHER_OF,"BROTHER_OF(Jesus,James) ∧ FATHER_OF(Zechariah,James)"
30358,792244,FATHER_OF,"BROTHER_OF(Jared Sees,Arnold Friberg) ∧ FATHER_OF(Mahalaleel,Arnold Friberg)"
8513,792244,FATHER_OF,"BROTHER_OF(Jared Sees,Arnold Friberg) ∧ FATHER_OF(Omer,Arnold Friberg)"
609199,792244,FATHER_OF,"BROTHER_OF(Jared Sees,Arnold Friberg) ∧ FATHER_OF(Mahaleel,Arnold Friberg)"
18661,19078,FATHER_OF,"BROTHER_OF(Jared,Cuando) ∧ FATHER_OF(Daniel,Cuando)"
36345,19735,FATHER_OF,"BROTHER_OF(José,Samuel) ∧ FATHER_OF(Elkanah,Samuel)"
59317,19735,FATHER_OF,"BROTHER_OF(José,Samuel) ∧ FATHER_OF(Robert,Samuel)"
464107,19735,FATHER_OF,"BROTHER_OF(José,Samuel) ∧ FATHER_OF(An Ephraimite,Samuel)"
207621,380753,FATHER_OF,"BROTHER_OF(Rhoda Young Greene,Phineas Young) ∧ FATHER_OF(John Young,Phineas Young)"
36345,176512,FATHER_OF,"BROTHER_OF(WILLIAM,Samuel) ∧ FATHER_OF(Elkanah,Samuel)"
59317,176512,FATHER_OF,"BROTHER_OF(WILLIAM,Samuel) ∧ FATHER_OF(Robert,Samuel)"
464107,176512,FATHER_OF,"BROTHER_OF(WILLIAM,Samuel) ∧ FATHER_OF(An Ephraimite,Samuel)"
19076,104442,FATHER_OF,"BROTHER_OF(Burnett,James) ∧ FATHER_OF(Zebedee,James)"
19075,104442,FATHER_OF,"BROTHER_OF(Burnett,James) ∧ FATHER_OF(Alphaeus,James)"
204448,104442,FATHER_OF,"BROTHER_OF(Burnett,James) ∧ FATHER_OF(Alpheus,James)"
499765,104442,FATHER_OF,"BROTHER_OF(Burnett,James) ∧ FATHER_OF(Zehedee,James)"
621613,104442,FATHER_OF,"BROTHER_OF(Burnett,James) ∧ FATHER_OF(Zebedee Salome,James)"
19871,104442,FATHER_OF,"BROTHER_OF(Burnett,James) ∧ FATHER_OF(Zacharias,James)"
19870,104442,FATHER_OF,"BROTHER_OF(Burnett,James) ∧ FATHER_OF(Brigham Young,James)"
397883,104442,FATHER_OF,"BROTHER_OF(Burnett,James) ∧ FATHER_OF(Mathew Woodruff,James)"
494839,104442,FATHER_OF,"BROTHER_OF(Burnett,James) ∧ FATHER_OF(Accos,James)"
35041,104442,FATHER_OF,"BROTHER_OF(Burnett,James) ∧ FATHER_OF(Mattathias,James)"
19872,104442,FATHER_OF,"BROTHER_OF(Burnett,James) ∧ FATHER_OF(Zechariah,James)"
19097,104442,FATHER_OF,"BROTHER_OF(Burnett,James) ∧ FATHER_OF(Joseph,James)"
19108,104442,FATHER_OF,"BROTHER_OF(Burnett,James) ∧ FATHER_OF(Judas,James)"
494653,104442,FATHER_OF,"BROTHER_OF(Burnett,James) ∧ FATHER_OF(Sirach,James)"
516157,104442,FATHER_OF,"BROTHER_OF(Burnett,James) ∧ FATHER_OF(SIR,James)"
398435,104442,FATHER_OF,"BROTHER_OF(Burnett,James) ∧ FATHER_OF(Josedek,James)"
18663,104442,FATHER_OF,"BROTHER_OF(Burnett,James) ∧ FATHER_OF(David,James)"
416791,104442,FATHER_OF,"BROTHER_OF(Burnett,James) ∧ FATHER_OF(Ananus,James)"
19581,104442,FATHER_OF,"BROTHER_OF(Burnett,James) ∧ FATHER_OF(Simon,James)"
35452,104442,FATHER_OF,"BROTHER_OF(Burnett,James) ∧ FATHER_OF(Eleazar,James)"
39574,19879,FATHER_OF,"BROTHER_OF(Zerubbabel,Pedaiah) ∧ FATHER_OF(Parosh,Pedaiah)"
41048,19879,FATHER_OF,"BROTHER_OF(Zerubbabel,Pedaiah) ∧ FATHER_OF(Kolaiah,Pedaiah)"
19544,3580,FATHER_OF,"BROTHER_OF(Caleb,Hezron) ∧ FATHER_OF(Reuben,Hezron)"
19106,3580,FATHER_OF,"BROTHER_OF(Caleb,Hezron) ∧ FATHER_OF(Judah,Hezron)"
35070,3580,FATHER_OF,"BROTHER_OF(Caleb,Hezron) ∧ FATHER_OF(Pharez,Hezron)"
25524,18645,FATHER_OF,"BROTHER_OF(Jesus,Simon) ∧ FATHER_OF(Jonas,Simon)"
45834,18645,FATHER_OF,"BROTHER_OF(Jesus,Simon) ∧ FATHER_OF(Jona,Simon)"
19092,18645,FATHER_OF,"BROTHER_OF(Jesus,Simon) ∧ FATHER_OF(John,Simon)"
19094,18645,FATHER_OF,"BROTHER_OF(Jesus,Simon) ∧ FATHER_OF(Jonah,Simon)"
650625,18645,FATHER_OF,"BROTHER_OF(Jesus,Simon) ∧ FATHER_OF(Gioras,Simon)"
55816,18645,FATHER_OF,"BROTHER_OF(Jesus,Simon) ∧ FATHER_OF(Jochai,Simon)"
465526,18645,FATHER_OF,"BROTHER_OF(Jesus,Simon) ∧ FATHER_OF(Onias,Simon)"
18873,18645,FATHER_OF,"BROTHER_OF(Jesus,Simon) ∧ FATHER_OF(Gamaliel,Simon)"
3549,18645,FATHER_OF,"BROTHER_OF(Jesus,Simon) ∧ FATHER_OF(Jacob,Simon)"
11338,18645,FATHER_OF,"BROTHER_OF(Jesus,Simon) ∧ FATHER_OF(Simón Iscariote,Simon)"
19073,18645,FATHER_OF,"BROTHER_OF(Jesus,Simon) ∧ FATHER_OF(James,Simon)"
757218,18645,FATHER_OF,"BROTHER_OF(Jesus,Simon) ∧ FATHER_OF(Chalphi,Simon)"
457984,18645,FATHER_OF,"BROTHER_OF(Jesus,Simon) ∧ FATHER_OF(Simon Iscariot,Simon)"
42109,18645,FATHER_OF,"BROTHER_OF(Jesus,Simon) ∧ FATHER_OF(Joiada,Simon)"
19566,18645,FATHER_OF,"BROTHER_OF(Jesus,Simon) ∧ FATHER_OF(Shaul,Simon)"
19494,18645,FATHER_OF,"BROTHER_OF(Jesus,Simon) ∧ FATHER_OF(Paul,Simon)"
36417,18645,FATHER_OF,"BROTHER_OF(Jesus,Simon) ∧ FATHER_OF(Shemaiah,Simon)"
36161,18645,FATHER_OF,"BROTHER_OF(Jesus,Simon) ∧ FATHER_OF(Shage,Simon)"
36610,18645,FATHER_OF,"BROTHER_OF(Jesus,Simon) ∧ FATHER_OF(Shimea,Simon)"
35320,18645,FATHER_OF,"BROTHER_OF(Jesus,Simon) ∧ FATHER_OF(Abiathar,Simon)"
36418,18645,FATHER_OF,"BROTHER_OF(Jesus,Simon) ∧ FATHER_OF(Uzziel,Simon)"
36162,18645,FATHER_OF,"BROTHER_OF(Jesus,Simon) ∧ FATHER_OF(Shammah,Simon)"
419644,18645,FATHER_OF,"BROTHER_OF(Jesus,Simon) ∧ FATHER_OF(Shagee,Simon)"
36830,18645,FATHER_OF,"BROTHER_OF(Jesus,Simon) ∧ FATHER_OF(Absalom,Simon)"
36627,18645,FATHER_OF,"BROTHER_OF(Jesus,Simon) ∧ FATHER_OF(Shimei,Simon)"
39823,19200,FATHER_OF,"BROTHER_OF(Rebekah,Bethuel) ∧ FATHER_OF(Milcah,Bethuel)"
36136,36121,FATHER_OF,"BROTHER_OF(Abram,Haran) ∧ FATHER_OF(Keturah,Haran)"
412558,36121,FATHER_OF,"BROTHER_OF(Abram,Haran) ∧ FATHER_OF(Thara Terah,Haran)"
19088,18663,FATHER_OF,"BROTHER_OF(David,Shammah) ∧ FATHER_OF(Jethro,Shammah)"
38340,18663,FATHER_OF,"BROTHER_OF(David,Shammah) ∧ FATHER_OF(Agee,Shammah)"
395045,18663,FATHER_OF,"BROTHER_OF(David,Shammah) ∧ FATHER_OF(Agee Fugitive,Shammah)"
38352,18663,FATHER_OF,"BROTHER_OF(David,Shammah) ∧ FATHER_OF(Hararite,Shammah)"
25524,19108,FATHER_OF,"BROTHER_OF(Judas,Simon) ∧ FATHER_OF(Jonas,Simon)"
45834,19108,FATHER_OF,"BROTHER_OF(Judas,Simon) ∧ FATHER_OF(Jona,Simon)"
19092,19108,FATHER_OF,"BROTHER_OF(Judas,Simon) ∧ FATHER_OF(John,Simon)"
19094,19108,FATHER_OF,"BROTHER_OF(Judas,Simon) ∧ FATHER_OF(Jonah,Simon)"
650625,19108,FATHER_OF,"BROTHER_OF(Judas,Simon) ∧ FATHER_OF(Gioras,Simon)"
55816,19108,FATHER_OF,"BROTHER_OF(Judas,Simon) ∧ FATHER_OF(Jochai,Simon)"
465526,19108,FATHER_OF,"BROTHER_OF(Judas,Simon) ∧ FATHER_OF(Onias,Simon)"
18873,19108,FATHER_OF,"BROTHER_OF(Judas,Simon) ∧ FATHER_OF(Gamaliel,Simon)"
42109,19108,FATHER_OF,"BROTHER_OF(Judas,Simon) ∧ FATHER_OF(Joiada,Simon)"
19566,19108,FATHER_OF,"BROTHER_OF(Judas,Simon) ∧ FATHER_OF(Shaul,Simon)"
19494,19108,FATHER_OF,"BROTHER_OF(Judas,Simon) ∧ FATHER_OF(Paul,Simon)"
36417,19108,FATHER_OF,"BROTHER_OF(Judas,Simon) ∧ FATHER_OF(Shemaiah,Simon)"
36161,19108,FATHER_OF,"BROTHER_OF(Judas,Simon) ∧ FATHER_OF(Shage,Simon)"
36610,19108,FATHER_OF,"BROTHER_OF(Judas,Simon) ∧ FATHER_OF(Shimea,Simon)"
35320,19108,FATHER_OF,"BROTHER_OF(Judas,Simon) ∧ FATHER_OF(Abiathar,Simon)"
36418,19108,FATHER_OF,"BROTHER_OF(Judas,Simon) ∧ FATHER_OF(Uzziel,Simon)"
36162,19108,FATHER_OF,"BROTHER_OF(Judas,Simon) ∧ FATHER_OF(Shammah,Simon)"
419644,19108,FATHER_OF,"BROTHER_OF(Judas,Simon) ∧ FATHER_OF(Shagee,Simon)"
36830,19108,FATHER_OF,"BROTHER_OF(Judas,Simon) ∧ FATHER_OF(Absalom,Simon)"
36627,19108,FATHER_OF,"BROTHER_OF(Judas,Simon) ∧ FATHER_OF(Shimei,Simon)"
45762,421456,FATHER_OF,"BROTHER_OF(Menelaus,Lysimachus) ∧ FATHER_OF(Ptolemy,Lysimachus)"
36158,3580,FATHER_OF,"BROTHER_OF(Caleb,Othniel) ∧ FATHER_OF(Kenaz,Othniel)"
92202,27544,FATHER_OF,"BROTHER_OF(Antipas,Herod Philip) ∧ FATHER_OF(Cleopatra,Herod Philip)"
30664,19097,FATHER_OF,"BROTHER_OF(Joseph,William Smith) ∧ FATHER_OF(Joseph Smith Sr.,William Smith)"
35074,3278,FATHER_OF,"BROTHER_OF(Abraham,Nahor) ∧ FATHER_OF(Reu,Nahor)"
35073,3278,FATHER_OF,"BROTHER_OF(Abraham,Nahor) ∧ FATHER_OF(Serug,Nahor)"
392321,3278,FATHER_OF,"BROTHER_OF(Abraham,Nahor) ∧ FATHER_OF(Serug Branch,Nahor)"
19871,3549,FATHER_OF,"BROTHER_OF(Jacob,John) ∧ FATHER_OF(Zacharias,John)"
397883,3549,FATHER_OF,"BROTHER_OF(Jacob,John) ∧ FATHER_OF(Mathew Woodruff,John)"
494839,3549,FATHER_OF,"BROTHER_OF(Jacob,John) ∧ FATHER_OF(Accos,John)"
35041,3549,FATHER_OF,"BROTHER_OF(Jacob,John) ∧ FATHER_OF(Mattathias,John)"
19872,3549,FATHER_OF,"BROTHER_OF(Jacob,John) ∧ FATHER_OF(Zechariah,John)"
204448,3549,FATHER_OF,"BROTHER_OF(Jacob,John) ∧ FATHER_OF(Alpheus,John)"
499765,3549,FATHER_OF,"BROTHER_OF(Jacob,John) ∧ FATHER_OF(Zehedee,John)"
621613,3549,FATHER_OF,"BROTHER_OF(Jacob,John) ∧ FATHER_OF(Zebedee Salome,John)"
42109,3549,FATHER_OF,"BROTHER_OF(Jacob,John) ∧ FATHER_OF(Joiada,John)"
19566,3549,FATHER_OF,"BROTHER_OF(Jacob,John) ∧ FATHER_OF(Shaul,John)"
19494,3549,FATHER_OF,"BROTHER_OF(Jacob,John) ∧ FATHER_OF(Paul,John)"
36417,3549,FATHER_OF,"BROTHER_OF(Jacob,John) ∧ FATHER_OF(Shemaiah,John)"
36161,3549,FATHER_OF,"BROTHER_OF(Jacob,John) ∧ FATHER_OF(Shage,John)"
36610,3549,FATHER_OF,"BROTHER_OF(Jacob,John) ∧ FATHER_OF(Shimea,John)"
35320,3549,FATHER_OF,"BROTHER_OF(Jacob,John) ∧ FATHER_OF(Abiathar,John)"
36418,3549,FATHER_OF,"BROTHER_OF(Jacob,John) ∧ FATHER_OF(Uzziel,John)"
36162,3549,FATHER_OF,"BROTHER_OF(Jacob,John) ∧ FATHER_OF(Shammah,John)"
419644,3549,FATHER_OF,"BROTHER_OF(Jacob,John) ∧ FATHER_OF(Shagee,John)"
36830,3549,FATHER_OF,"BROTHER_OF(Jacob,John) ∧ FATHER_OF(Absalom,John)"
36627,3549,FATHER_OF,"BROTHER_OF(Jacob,John) ∧ FATHER_OF(Shimei,John)"
19583,81462,FATHER_OF,"BROTHER_OF(Joseph Smith Sr,JOHN SMITH) ∧ FATHER_OF(Hyrum Smith,JOHN SMITH)"
19210,18645,FATHER_OF,"BROTHER_OF(Jesus,Judah) ∧ FATHER_OF(Leah,Judah)"
19199,18645,FATHER_OF,"BROTHER_OF(Jesus,Judah) ∧ FATHER_OF(Laban,Judah)"
3553,18645,FATHER_OF,"BROTHER_OF(Jesus,Judah) ∧ FATHER_OF(Jacob (patriarch),Judah)"
42086,18645,FATHER_OF,"BROTHER_OF(Jesus,Judah) ∧ FATHER_OF(Senuah,Judah)"
38002,18645,FATHER_OF,"BROTHER_OF(Jesus,Judah) ∧ FATHER_OF(Jehoash,Judah)"
36330,18645,FATHER_OF,"BROTHER_OF(Jesus,Judah) ∧ FATHER_OF(Joash,Judah)"
19082,18645,FATHER_OF,"BROTHER_OF(Jesus,Judah) ∧ FATHER_OF(Jehoshaphat,Judah)"
19540,18645,FATHER_OF,"BROTHER_OF(Jesus,Judah) ∧ FATHER_OF(Rehoboam,Judah)"
36522,18645,FATHER_OF,"BROTHER_OF(Jesus,Judah) ∧ FATHER_OF(Uri,Judah)"
24119,18645,FATHER_OF,"BROTHER_OF(Jesus,Judah) ∧ FATHER_OF(Jotham,Judah)"
35433,18645,FATHER_OF,"BROTHER_OF(Jesus,Judah) ∧ FATHER_OF(Jehoram,Judah)"
3504,18645,FATHER_OF,"BROTHER_OF(Jesus,Judah) ∧ FATHER_OF(Asa,Judah)"
36576,18645,FATHER_OF,"BROTHER_OF(Jesus,Judah) ∧ FATHER_OF(Jahdai,Judah)"
36557,18645,FATHER_OF,"BROTHER_OF(Jesus,Judah) ∧ FATHER_OF(Azariah,Judah)"
36542,18645,FATHER_OF,"BROTHER_OF(Jesus,Judah) ∧ FATHER_OF(Appaim,Judah)"
36724,18645,FATHER_OF,"BROTHER_OF(Jesus,Judah) ∧ FATHER_OF(Jehohanan,Judah)"
18906,18645,FATHER_OF,"BROTHER_OF(Jesus,Judah) ∧ FATHER_OF(Hezekiah,Judah)"
36563,18645,FATHER_OF,"BROTHER_OF(Jesus,Judah) ∧ FATHER_OF(Jekamiah,Judah)"
402110,18645,FATHER_OF,"BROTHER_OF(Jesus,Judah) ∧ FATHER_OF(Hassenuah,Judah)"
36905,18645,FATHER_OF,"BROTHER_OF(Jesus,Judah) ∧ FATHER_OF(Meonothai,Judah)"
36898,18645,FATHER_OF,"BROTHER_OF(Jesus,Judah) ∧ FATHER_OF(Eshton,Judah)"
37051,18645,FATHER_OF,"BROTHER_OF(Jesus,Judah) ∧ FATHER_OF(Adaiah,Judah)"
24105,18645,FATHER_OF,"BROTHER_OF(Jesus,Judah) ∧ FATHER_OF(Uzziah,Judah)"
36797,18645,FATHER_OF,"BROTHER_OF(Jesus,Judah) ∧ FATHER_OF(Chelub,Judah)"
36179,19078,FATHER_OF,"BROTHER_OF(Jared,Moses) ∧ FATHER_OF(Hemdan,Moses)"
387410,19078,FATHER_OF,"BROTHER_OF(Jared,Moses) ∧ FATHER_OF(Bathia,Moses)"
19088,19078,FATHER_OF,"BROTHER_OF(Jared,Moses) ∧ FATHER_OF(Jethro,Moses)"
459345,19078,FATHER_OF,"BROTHER_OF(Jared,Moses) ∧ FATHER_OF(Amaram,Moses)"
28095,19078,FATHER_OF,"BROTHER_OF(Jared,Moses) ∧ FATHER_OF(Heth,Moses)"
19072,19583,FATHER_OF,"BROTHER_OF(Hyrum Smith,William Smith) ∧ FATHER_OF(Lehi,William Smith)"
19536,19583,FATHER_OF,"BROTHER_OF(Hyrum Smith,William Smith) ∧ FATHER_OF(Rachel,William Smith)"
35060,19583,FATHER_OF,"BROTHER_OF(Hyrum Smith,William Smith) ∧ FATHER_OF(Jonan,William Smith)"
35037,19583,FATHER_OF,"BROTHER_OF(Hyrum Smith,William Smith) ∧ FATHER_OF(Heli,William Smith)"
3416,19583,FATHER_OF,"BROTHER_OF(Hyrum Smith,William Smith) ∧ FATHER_OF(Amos,William Smith)"
19109,19583,FATHER_OF,"BROTHER_OF(Hyrum Smith,William Smith) ∧ FATHER_OF(Jude,William Smith)"
3553,19583,FATHER_OF,"BROTHER_OF(Hyrum Smith,William Smith) ∧ FATHER_OF(Jacob (patriarch),William Smith)"
19870,19583,FATHER_OF,"BROTHER_OF(Hyrum Smith,William Smith) ∧ FATHER_OF(Brigham Young,William Smith)"
18670,19583,FATHER_OF,"BROTHER_OF(Hyrum Smith,William Smith) ∧ FATHER_OF(Eli,William Smith)"
409594,19583,FATHER_OF,"BROTHER_OF(Hyrum Smith,William Smith) ∧ FATHER_OF(Jonam,William Smith)"
15527,19583,FATHER_OF,"BROTHER_OF(Hyrum Smith,William Smith) ∧ FATHER_OF(Potiphera,William Smith)"
5852,19583,FATHER_OF,"BROTHER_OF(Hyrum Smith,William Smith) ∧ FATHER_OF(Cuando,William Smith)"
19583,19583,FATHER_OF,"BROTHER_OF(Hyrum Smith,William Smith) ∧ FATHER_OF(Hyrum Smith,William Smith)"
391257,19583,FATHER_OF,"BROTHER_OF(Hyrum Smith,William Smith) ∧ FATHER_OF(Patriarch,William Smith)"
213770,19097,FATHER_OF,"BROTHER_OF(Joseph,Smith) ∧ FATHER_OF(Alexander Hale Smith,Smith)"
520857,19097,FATHER_OF,"BROTHER_OF(Joseph,Smith) ∧ FATHER_OF(Patriarch Hyrum Smith,Smith)"
19092,19097,FATHER_OF,"BROTHER_OF(Joseph,Smith) ∧ FATHER_OF(John,Smith)"
19097,19097,FATHER_OF,"BROTHER_OF(Joseph,Smith) ∧ FATHER_OF(Joseph,Smith)"
106978,19097,FATHER_OF,"BROTHER_OF(Joseph,Smith) ∧ FATHER_OF(Asael Smith,Smith)"
523183,351244,FATHER_OF,"BROTHER_OF(Mrs,Clark) ∧ FATHER_OF(Sanford Porter,Clark)"
3332,19078,FATHER_OF,"BROTHER_OF(Jared,Moroni) ∧ FATHER_OF(Mormon,Moroni)"
660398,19078,FATHER_OF,"BROTHER_OF(Jared,Moroni) ∧ FATHER_OF(Prophet Mormon,Moroni)"
20145,19078,FATHER_OF,"BROTHER_OF(Jared,But) ∧ FATHER_OF(Righteousness,But)"
30365,19078,FATHER_OF,"BROTHER_OF(Jared,Noah) ∧ FATHER_OF(Lamech,Noah)"
19913,19078,FATHER_OF,"BROTHER_OF(Jared,Noah) ∧ FATHER_OF(Zeniff,Noah)"
252544,67910,FATHER_OF,"BROTHER_OF(Camilla,Wilford) ∧ FATHER_OF(Aphek Woodruff,Wilford)"
30664,18897,FATHER_OF,"BROTHER_OF(Samuel,Hyrum Smith) ∧ FATHER_OF(Joseph Smith Sr.,Hyrum Smith)"
30497,18897,FATHER_OF,"BROTHER_OF(Samuel,Hyrum Smith) ∧ FATHER_OF(Hyrum,Hyrum Smith)"
19097,18897,FATHER_OF,"BROTHER_OF(Samuel,Hyrum Smith) ∧ FATHER_OF(Joseph,Hyrum Smith)"
106978,18897,FATHER_OF,"BROTHER_OF(Samuel,Hyrum Smith) ∧ FATHER_OF(Asael Smith,Hyrum Smith)"
18661,73734,FATHER_OF,"BROTHER_OF(Janet,Cuando) ∧ FATHER_OF(Daniel,Cuando)"
30358,73734,FATHER_OF,"BROTHER_OF(Janet,Cuando) ∧ FATHER_OF(Mahalaleel,Cuando)"
8513,73734,FATHER_OF,"BROTHER_OF(Janet,Cuando) ∧ FATHER_OF(Omer,Cuando)"
609199,73734,FATHER_OF,"BROTHER_OF(Janet,Cuando) ∧ FATHER_OF(Mahaleel,Cuando)"
416757,45512,FATHER_OF,"BROTHER_OF(Mariamne,Aristobulus) ∧ FATHER_OF(Alexander Janneus,Aristobulus)"
18904,45512,FATHER_OF,"BROTHER_OF(Mariamne,Aristobulus) ∧ FATHER_OF(Herod,Aristobulus)"
19529,35568,FATHER_OF,"BROTHER_OF(Archelaus,Great) ∧ FATHER_OF(Philip,Great)"
36417,35568,FATHER_OF,"BROTHER_OF(Archelaus,Great) ∧ FATHER_OF(Shemaiah,Great)"
19076,19095,FATHER_OF,"BROTHER_OF(Jonathan,John) ∧ FATHER_OF(Zebedee,John)"
19871,19095,FATHER_OF,"BROTHER_OF(Jonathan,John) ∧ FATHER_OF(Zacharias,John)"
19870,19095,FATHER_OF,"BROTHER_OF(Jonathan,John) ∧ FATHER_OF(Brigham Young,John)"
397883,19095,FATHER_OF,"BROTHER_OF(Jonathan,John) ∧ FATHER_OF(Mathew Woodruff,John)"
494839,19095,FATHER_OF,"BROTHER_OF(Jonathan,John) ∧ FATHER_OF(Accos,John)"
19872,19095,FATHER_OF,"BROTHER_OF(Jonathan,John) ∧ FATHER_OF(Zechariah,John)"
19075,19095,FATHER_OF,"BROTHER_OF(Jonathan,John) ∧ FATHER_OF(Alphaeus,John)"
204448,19095,FATHER_OF,"BROTHER_OF(Jonathan,John) ∧ FATHER_OF(Alpheus,John)"
499765,19095,FATHER_OF,"BROTHER_OF(Jonathan,John) ∧ FATHER_OF(Zehedee,John)"
621613,19095,FATHER_OF,"BROTHER_OF(Jonathan,John) ∧ FATHER_OF(Zebedee Salome,John)"
18915,19095,FATHER_OF,"BROTHER_OF(Jonathan,John) ∧ FATHER_OF(Isaac,John)"
19072,19095,FATHER_OF,"BROTHER_OF(Jonathan,John) ∧ FATHER_OF(Lehi,John)"
35453,19095,FATHER_OF,"BROTHER_OF(Jonathan,John) ∧ FATHER_OF(Matthan,John)"
12037,19095,FATHER_OF,"BROTHER_OF(Jonathan,John) ∧ FATHER_OF(Matán,John)"
19544,36505,FATHER_OF,"BROTHER_OF(Jerahmeel,Hezron) ∧ FATHER_OF(Reuben,Hezron)"
19106,36505,FATHER_OF,"BROTHER_OF(Jerahmeel,Hezron) ∧ FATHER_OF(Judah,Hezron)"
35070,36505,FATHER_OF,"BROTHER_OF(Jerahmeel,Hezron) ∧ FATHER_OF(Pharez,Hezron)"
25524,203561,FATHER_OF,"BROTHER_OF(Judas Maccabeus,Simon) ∧ FATHER_OF(Jonas,Simon)"
45834,203561,FATHER_OF,"BROTHER_OF(Judas Maccabeus,Simon) ∧ FATHER_OF(Jona,Simon)"
19092,203561,FATHER_OF,"BROTHER_OF(Judas Maccabeus,Simon) ∧ FATHER_OF(John,Simon)"
19094,203561,FATHER_OF,"BROTHER_OF(Judas Maccabeus,Simon) ∧ FATHER_OF(Jonah,Simon)"
650625,203561,FATHER_OF,"BROTHER_OF(Judas Maccabeus,Simon) ∧ FATHER_OF(Gioras,Simon)"
55816,203561,FATHER_OF,"BROTHER_OF(Judas Maccabeus,Simon) ∧ FATHER_OF(Jochai,Simon)"
465526,203561,FATHER_OF,"BROTHER_OF(Judas Maccabeus,Simon) ∧ FATHER_OF(Onias,Simon)"
18873,203561,FATHER_OF,"BROTHER_OF(Judas Maccabeus,Simon) ∧ FATHER_OF(Gamaliel,Simon)"
19097,203561,FATHER_OF,"BROTHER_OF(Judas Maccabeus,Simon) ∧ FATHER_OF(Joseph,Simon)"
19108,203561,FATHER_OF,"BROTHER_OF(Judas Maccabeus,Simon) ∧ FATHER_OF(Judas,Simon)"
494653,203561,FATHER_OF,"BROTHER_OF(Judas Maccabeus,Simon) ∧ FATHER_OF(Sirach,Simon)"
516157,203561,FATHER_OF,"BROTHER_OF(Judas Maccabeus,Simon) ∧ FATHER_OF(SIR,Simon)"
398435,203561,FATHER_OF,"BROTHER_OF(Judas Maccabeus,Simon) ∧ FATHER_OF(Josedek,Simon)"
18663,203561,FATHER_OF,"BROTHER_OF(Judas Maccabeus,Simon) ∧ FATHER_OF(David,Simon)"
416791,203561,FATHER_OF,"BROTHER_OF(Judas Maccabeus,Simon) ∧ FATHER_OF(Ananus,Simon)"
19581,203561,FATHER_OF,"BROTHER_OF(Judas Maccabeus,Simon) ∧ FATHER_OF(Simon,Simon)"
35452,203561,FATHER_OF,"BROTHER_OF(Judas Maccabeus,Simon) ∧ FATHER_OF(Eleazar,Simon)"
3549,203561,FATHER_OF,"BROTHER_OF(Judas Maccabeus,Simon) ∧ FATHER_OF(Jacob,Simon)"
11338,203561,FATHER_OF,"BROTHER_OF(Judas Maccabeus,Simon) ∧ FATHER_OF(Simón Iscariote,Simon)"
19073,203561,FATHER_OF,"BROTHER_OF(Judas Maccabeus,Simon) ∧ FATHER_OF(James,Simon)"
35041,203561,FATHER_OF,"BROTHER_OF(Judas Maccabeus,Simon) ∧ FATHER_OF(Mattathias,Simon)"
757218,203561,FATHER_OF,"BROTHER_OF(Judas Maccabeus,Simon) ∧ FATHER_OF(Chalphi,Simon)"
457984,203561,FATHER_OF,"BROTHER_OF(Judas Maccabeus,Simon) ∧ FATHER_OF(Simon Iscariot,Simon)"
42109,203561,FATHER_OF,"BROTHER_OF(Judas Maccabeus,Simon) ∧ FATHER_OF(Joiada,Simon)"
19566,203561,FATHER_OF,"BROTHER_OF(Judas Maccabeus,Simon) ∧ FATHER_OF(Shaul,Simon)"
19494,203561,FATHER_OF,"BROTHER_OF(Judas Maccabeus,Simon) ∧ FATHER_OF(Paul,Simon)"
36417,203561,FATHER_OF,"BROTHER_OF(Judas Maccabeus,Simon) ∧ FATHER_OF(Shemaiah,Simon)"
36161,203561,FATHER_OF,"BROTHER_OF(Judas Maccabeus,Simon) ∧ FATHER_OF(Shage,Simon)"
36610,203561,FATHER_OF,"BROTHER_OF(Judas Maccabeus,Simon) ∧ FATHER_OF(Shimea,Simon)"
35320,203561,FATHER_OF,"BROTHER_OF(Judas Maccabeus,Simon) ∧ FATHER_OF(Abiathar,Simon)"
36418,203561,FATHER_OF,"BROTHER_OF(Judas Maccabeus,Simon) ∧ FATHER_OF(Uzziel,Simon)"
36162,203561,FATHER_OF,"BROTHER_OF(Judas Maccabeus,Simon) ∧ FATHER_OF(Shammah,Simon)"
419644,203561,FATHER_OF,"BROTHER_OF(Judas Maccabeus,Simon) ∧ FATHER_OF(Shagee,Simon)"
36830,203561,FATHER_OF,"BROTHER_OF(Judas Maccabeus,Simon) ∧ FATHER_OF(Absalom,Simon)"
36627,203561,FATHER_OF,"BROTHER_OF(Judas Maccabeus,Simon) ∧ FATHER_OF(Shimei,Simon)"
25524,19095,FATHER_OF,"BROTHER_OF(Jonathan,Simon) ∧ FATHER_OF(Jonas,Simon)"
45834,19095,FATHER_OF,"BROTHER_OF(Jonathan,Simon) ∧ FATHER_OF(Jona,Simon)"
19092,19095,FATHER_OF,"BROTHER_OF(Jonathan,Simon) ∧ FATHER_OF(John,Simon)"
19094,19095,FATHER_OF,"BROTHER_OF(Jonathan,Simon) ∧ FATHER_OF(Jonah,Simon)"
650625,19095,FATHER_OF,"BROTHER_OF(Jonathan,Simon) ∧ FATHER_OF(Gioras,Simon)"
55816,19095,FATHER_OF,"BROTHER_OF(Jonathan,Simon) ∧ FATHER_OF(Jochai,Simon)"
465526,19095,FATHER_OF,"BROTHER_OF(Jonathan,Simon) ∧ FATHER_OF(Onias,Simon)"
18873,19095,FATHER_OF,"BROTHER_OF(Jonathan,Simon) ∧ FATHER_OF(Gamaliel,Simon)"
19097,19095,FATHER_OF,"BROTHER_OF(Jonathan,Simon) ∧ FATHER_OF(Joseph,Simon)"
19108,19095,FATHER_OF,"BROTHER_OF(Jonathan,Simon) ∧ FATHER_OF(Judas,Simon)"
494653,19095,FATHER_OF,"BROTHER_OF(Jonathan,Simon) ∧ FATHER_OF(Sirach,Simon)"
516157,19095,FATHER_OF,"BROTHER_OF(Jonathan,Simon) ∧ FATHER_OF(SIR,Simon)"
398435,19095,FATHER_OF,"BROTHER_OF(Jonathan,Simon) ∧ FATHER_OF(Josedek,Simon)"
18663,19095,FATHER_OF,"BROTHER_OF(Jonathan,Simon) ∧ FATHER_OF(David,Simon)"
416791,19095,FATHER_OF,"BROTHER_OF(Jonathan,Simon) ∧ FATHER_OF(Ananus,Simon)"
19581,19095,FATHER_OF,"BROTHER_OF(Jonathan,Simon) ∧ FATHER_OF(Simon,Simon)"
35452,19095,FATHER_OF,"BROTHER_OF(Jonathan,Simon) ∧ FATHER_OF(Eleazar,Simon)"
3549,19095,FATHER_OF,"BROTHER_OF(Jonathan,Simon) ∧ FATHER_OF(Jacob,Simon)"
11338,19095,FATHER_OF,"BROTHER_OF(Jonathan,Simon) ∧ FATHER_OF(Simón Iscariote,Simon)"
19073,19095,FATHER_OF,"BROTHER_OF(Jonathan,Simon) ∧ FATHER_OF(James,Simon)"
757218,19095,FATHER_OF,"BROTHER_OF(Jonathan,Simon) ∧ FATHER_OF(Chalphi,Simon)"
457984,19095,FATHER_OF,"BROTHER_OF(Jonathan,Simon) ∧ FATHER_OF(Simon Iscariot,Simon)"
36679,19413,FATHER_OF,"BROTHER_OF(Nehemiah,Hanani) ∧ FATHER_OF(Immer,Hanani)"
36981,38649,FATHER_OF,"BROTHER_OF(Dathan,Reubenite) ∧ FATHER_OF(Pallu,Reubenite)"
36553,38649,FATHER_OF,"BROTHER_OF(Dathan,Reubenite) ∧ FATHER_OF(Peleth,Reubenite)"
42109,441241,FATHER_OF,"BROTHER_OF(Judas Maccabee,Jonathan) ∧ FATHER_OF(Joiada,Jonathan)"
19566,441241,FATHER_OF,"BROTHER_OF(Judas Maccabee,Jonathan) ∧ FATHER_OF(Shaul,Jonathan)"
19494,441241,FATHER_OF,"BROTHER_OF(Judas Maccabee,Jonathan) ∧ FATHER_OF(Paul,Jonathan)"
36417,441241,FATHER_OF,"BROTHER_OF(Judas Maccabee,Jonathan) ∧ FATHER_OF(Shemaiah,Jonathan)"
36161,441241,FATHER_OF,"BROTHER_OF(Judas Maccabee,Jonathan) ∧ FATHER_OF(Shage,Jonathan)"
36610,441241,FATHER_OF,"BROTHER_OF(Judas Maccabee,Jonathan) ∧ FATHER_OF(Shimea,Jonathan)"
35320,441241,FATHER_OF,"BROTHER_OF(Judas Maccabee,Jonathan) ∧ FATHER_OF(Abiathar,Jonathan)"
35041,441241,FATHER_OF,"BROTHER_OF(Judas Maccabee,Jonathan) ∧ FATHER_OF(Mattathias,Jonathan)"
36418,441241,FATHER_OF,"BROTHER_OF(Judas Maccabee,Jonathan) ∧ FATHER_OF(Uzziel,Jonathan)"
36162,441241,FATHER_OF,"BROTHER_OF(Judas Maccabee,Jonathan) ∧ FATHER_OF(Shammah,Jonathan)"
419644,441241,FATHER_OF,"BROTHER_OF(Judas Maccabee,Jonathan) ∧ FATHER_OF(Shagee,Jonathan)"
36830,441241,FATHER_OF,"BROTHER_OF(Judas Maccabee,Jonathan) ∧ FATHER_OF(Absalom,Jonathan)"
36627,441241,FATHER_OF,"BROTHER_OF(Judas Maccabee,Jonathan) ∧ FATHER_OF(Shimei,Jonathan)"
394897,481841,FATHER_OF,"BROTHER_OF(Eschcol,Amorite) ∧ FATHER_OF(Abiramu,Amorite)"
36345,30497,FATHER_OF,"BROTHER_OF(Hyrum,Samuel) ∧ FATHER_OF(Elkanah,Samuel)"
59317,30497,FATHER_OF,"BROTHER_OF(Hyrum,Samuel) ∧ FATHER_OF(Robert,Samuel)"
464107,30497,FATHER_OF,"BROTHER_OF(Hyrum,Samuel) ∧ FATHER_OF(An Ephraimite,Samuel)"
213770,19102,FATHER_OF,"BROTHER_OF(Joseph Smith,Smith) ∧ FATHER_OF(Alexander Hale Smith,Smith)"
520857,19102,FATHER_OF,"BROTHER_OF(Joseph Smith,Smith) ∧ FATHER_OF(Patriarch Hyrum Smith,Smith)"
19092,19102,FATHER_OF,"BROTHER_OF(Joseph Smith,Smith) ∧ FATHER_OF(John,Smith)"
19583,19102,FATHER_OF,"BROTHER_OF(Joseph Smith,Smith) ∧ FATHER_OF(Hyrum Smith,Smith)"
19072,19102,FATHER_OF,"BROTHER_OF(Joseph Smith,Smith) ∧ FATHER_OF(Lehi,Smith)"
19536,19102,FATHER_OF,"BROTHER_OF(Joseph Smith,Smith) ∧ FATHER_OF(Rachel,Smith)"
35060,19102,FATHER_OF,"BROTHER_OF(Joseph Smith,Smith) ∧ FATHER_OF(Jonan,Smith)"
35037,19102,FATHER_OF,"BROTHER_OF(Joseph Smith,Smith) ∧ FATHER_OF(Heli,Smith)"
3416,19102,FATHER_OF,"BROTHER_OF(Joseph Smith,Smith) ∧ FATHER_OF(Amos,Smith)"
19109,19102,FATHER_OF,"BROTHER_OF(Joseph Smith,Smith) ∧ FATHER_OF(Jude,Smith)"
3553,19102,FATHER_OF,"BROTHER_OF(Joseph Smith,Smith) ∧ FATHER_OF(Jacob (patriarch),Smith)"
3549,19102,FATHER_OF,"BROTHER_OF(Joseph Smith,Smith) ∧ FATHER_OF(Jacob,Smith)"
19870,19102,FATHER_OF,"BROTHER_OF(Joseph Smith,Smith) ∧ FATHER_OF(Brigham Young,Smith)"
18670,19102,FATHER_OF,"BROTHER_OF(Joseph Smith,Smith) ∧ FATHER_OF(Eli,Smith)"
409594,19102,FATHER_OF,"BROTHER_OF(Joseph Smith,Smith) ∧ FATHER_OF(Jonam,Smith)"
18663,19102,FATHER_OF,"BROTHER_OF(Joseph Smith,Smith) ∧ FATHER_OF(David,Smith)"
15527,19102,FATHER_OF,"BROTHER_OF(Joseph Smith,Smith) ∧ FATHER_OF(Potiphera,Smith)"
5852,19102,FATHER_OF,"BROTHER_OF(Joseph Smith,Smith) ∧ FATHER_OF(Cuando,Smith)"
391257,19102,FATHER_OF,"BROTHER_OF(Joseph Smith,Smith) ∧ FATHER_OF(Patriarch,Smith)"
19479,795374,FATHER_OF,"BROTHER_OF(Parhoran,Paanchi) ∧ FATHER_OF(Pahoran,Paanchi)"
437076,33318,FATHER_OF,"SISTER_OF(Alexander,Thessalonica) ∧ FATHER_OF(Philip II,Thessalonica)"
457477,36842,FATHER_OF,"SISTER_OF(Ahaziah,Joram) ∧ FATHER_OF(JOSAPHAT,Joram)"
396816,36842,FATHER_OF,"SISTER_OF(Ahaziah,Joram) ∧ FATHER_OF(Kohathite Levite,Joram)"
36535,37311,FATHER_OF,"SISTER_OF(Tahpenes,And) ∧ FATHER_OF(Shammai,And)"
19095,37311,FATHER_OF,"SISTER_OF(Tahpenes,And) ∧ FATHER_OF(Jonathan,And)"
33560,37311,FATHER_OF,"SISTER_OF(Tahpenes,And) ∧ FATHER_OF(Tyre,And)"
19499,37311,FATHER_OF,"SISTER_OF(Tahpenes,And) ∧ FATHER_OF(Pharaoh,And)"
30358,37311,FATHER_OF,"SISTER_OF(Tahpenes,And) ∧ FATHER_OF(Mahalaleel,And)"
8513,37311,FATHER_OF,"SISTER_OF(Tahpenes,And) ∧ FATHER_OF(Omer,And)"
609199,37311,FATHER_OF,"SISTER_OF(Tahpenes,And) ∧ FATHER_OF(Mahaleel,And)"
36535,43432,FATHER_OF,"SISTER_OF(Tubal Cain,And) ∧ FATHER_OF(Shammai,And)"
19095,43432,FATHER_OF,"SISTER_OF(Tubal Cain,And) ∧ FATHER_OF(Jonathan,And)"
33560,43432,FATHER_OF,"SISTER_OF(Tubal Cain,And) ∧ FATHER_OF(Tyre,And)"
19499,43432,FATHER_OF,"SISTER_OF(Tubal Cain,And) ∧ FATHER_OF(Pharaoh,And)"
30358,43432,FATHER_OF,"SISTER_OF(Tubal Cain,And) ∧ FATHER_OF(Mahalaleel,And)"
8513,43432,FATHER_OF,"SISTER_OF(Tubal Cain,And) ∧ FATHER_OF(Omer,And)"
609199,43432,FATHER_OF,"SISTER_OF(Tubal Cain,And) ∧ FATHER_OF(Mahaleel,And)"
35071,12460,FATHER_OF,"SISTER_OF(Nebaiot,Abraham) ∧ FATHER_OF(Terah,Abraham)"
36136,12460,FATHER_OF,"SISTER_OF(Nebaiot,Abraham) ∧ FATHER_OF(Keturah,Abraham)"
412558,12460,FATHER_OF,"SISTER_OF(Nebaiot,Abraham) ∧ FATHER_OF(Thara Terah,Abraham)"
36950,12460,FATHER_OF,"SISTER_OF(Nebaiot,Abraham) ∧ FATHER_OF(Bethuel,Abraham)"
35072,12460,FATHER_OF,"SISTER_OF(Nebaiot,Abraham) ∧ FATHER_OF(Nahor,Abraham)"
28095,35964,FATHER_OF,"SISTER_OF(Phebe,Sarah) ∧ FATHER_OF(Heth,Sarah)"
3512,35964,FATHER_OF,"SISTER_OF(Phebe,Sarah) ∧ FATHER_OF(Asher,Sarah)"
695884,35964,FATHER_OF,"SISTER_OF(Phebe,Sarah) ∧ FATHER_OF(Orlando,Sarah)"
130029,35964,FATHER_OF,"SISTER_OF(Phebe,Sarah) ∧ FATHER_OF(Edna,Sarah)"
19104,74193,FATHER_OF,"SISTER_OF(Louisa,Caroline) ∧ FATHER_OF(Joshua,Caroline)"
19078,152911,FATHER_OF,"SISTER_OF(Taiwán,Entonces) ∧ FATHER_OF(Jared,Entonces)"
30358,152911,FATHER_OF,"SISTER_OF(Taiwán,Entonces) ∧ FATHER_OF(Mahalaleel,Entonces)"
8513,152911,FATHER_OF,"SISTER_OF(Taiwán,Entonces) ∧ FATHER_OF(Omer,Entonces)"
609199,152911,FATHER_OF,"SISTER_OF(Taiwán,Entonces) ∧ FATHER_OF(Mahaleel,Entonces)"
18917,18917,FATHER_OF,"SISTER_OF(Ishmael,Bashemath) ∧ FATHER_OF(Ishmael,Bashemath)"
36341,18917,FATHER_OF,"SISTER_OF(Ishmael,Bashemath) ∧ FATHER_OF(Jerimoth,Bashemath)"
37465,18917,FATHER_OF,"SISTER_OF(Ishmael,Bashemath) ∧ FATHER_OF(Elon,Bashemath)"
393864,18917,FATHER_OF,"SISTER_OF(Ishmael,Bashemath) ∧ FATHER_OF(Elan,Bashemath)"
442679,18917,FATHER_OF,"SISTER_OF(Ishmael,Bashemath) ∧ FATHER_OF(Hittite,Bashemath)"
35975,3299,FATHER_OF,"SISTER_OF(Agrippa,Herodias) ∧ FATHER_OF(Aristobulus,Herodias)"
43637,400216,FATHER_OF,"SISTER_OF(Agrippa II,Drusilla) ∧ FATHER_OF(Herod Agrippa,Drusilla)"
18661,737803,FATHER_OF,"SISTER_OF(Blendina,Cuando) ∧ FATHER_OF(Daniel,Cuando)"
30358,737803,FATHER_OF,"SISTER_OF(Blendina,Cuando) ∧ FATHER_OF(Mahalaleel,Cuando)"
8513,737803,FATHER_OF,"SISTER_OF(Blendina,Cuando) ∧ FATHER_OF(Omer,Cuando)"
609199,737803,FATHER_OF,"SISTER_OF(Blendina,Cuando) ∧ FATHER_OF(Mahaleel,Cuando)"
35072,19259,FATHER_OF,"SISTER_OF(Lot,Milcah) ∧ FATHER_OF(Nahor,Milcah)"
36950,19259,FATHER_OF,"SISTER_OF(Lot,Milcah) ∧ FATHER_OF(Bethuel,Milcah)"
12670,36234,FATHER_OF,"SISTER_OF(Zeruiah,Abigail) ∧ FATHER_OF(Nahas,Abigail)"
36486,36234,FATHER_OF,"SISTER_OF(Zeruiah,Abigail) ∧ FATHER_OF(Nahash,Abigail)"
18905,18904,FATHER_OF,"SISTER_OF(Herod,Salome) ∧ FATHER_OF(Herodias,Salome)"
45528,18904,FATHER_OF,"SISTER_OF(Herod,Salome) ∧ FATHER_OF(Herod Philip,Salome)"
36573,19199,FATHER_OF,"SISTER_OF(Laban,Milcah) ∧ FATHER_OF(Haran,Milcah)"
12743,19199,FATHER_OF,"SISTER_OF(Laban,Milcah) ∧ FATHER_OF(Harán,Milcah)"
19871,18918,FATHER_OF,"BROTHER_OF(Nephi,Jacob) ∧ FATHER_OF(Zacharias,Jacob)"
397883,18918,FATHER_OF,"BROTHER_OF(Nephi,Jacob) ∧ FATHER_OF(Mathew Woodruff,Jacob)"
494839,18918,FATHER_OF,"BROTHER_OF(Nephi,Jacob) ∧ FATHER_OF(Accos,Jacob)"
35041,18918,FATHER_OF,"BROTHER_OF(Nephi,Jacob) ∧ FATHER_OF(Mattathias,Jacob)"
19872,18918,FATHER_OF,"BROTHER_OF(Nephi,Jacob) ∧ FATHER_OF(Zechariah,Jacob)"
204448,18918,FATHER_OF,"BROTHER_OF(Nephi,Jacob) ∧ FATHER_OF(Alpheus,Jacob)"
499765,18918,FATHER_OF,"BROTHER_OF(Nephi,Jacob) ∧ FATHER_OF(Zehedee,Jacob)"
621613,18918,FATHER_OF,"BROTHER_OF(Nephi,Jacob) ∧ FATHER_OF(Zebedee Salome,Jacob)"
42109,18918,FATHER_OF,"BROTHER_OF(Nephi,Jacob) ∧ FATHER_OF(Joiada,Jacob)"
19566,18918,FATHER_OF,"BROTHER_OF(Nephi,Jacob) ∧ FATHER_OF(Shaul,Jacob)"
19494,18918,FATHER_OF,"BROTHER_OF(Nephi,Jacob) ∧ FATHER_OF(Paul,Jacob)"
36417,18918,FATHER_OF,"BROTHER_OF(Nephi,Jacob) ∧ FATHER_OF(Shemaiah,Jacob)"
36161,18918,FATHER_OF,"BROTHER_OF(Nephi,Jacob) ∧ FATHER_OF(Shage,Jacob)"
36610,18918,FATHER_OF,"BROTHER_OF(Nephi,Jacob) ∧ FATHER_OF(Shimea,Jacob)"
35320,18918,FATHER_OF,"BROTHER_OF(Nephi,Jacob) ∧ FATHER_OF(Abiathar,Jacob)"
36418,18918,FATHER_OF,"BROTHER_OF(Nephi,Jacob) ∧ FATHER_OF(Uzziel,Jacob)"
36162,18918,FATHER_OF,"BROTHER_OF(Nephi,Jacob) ∧ FATHER_OF(Shammah,Jacob)"
419644,18918,FATHER_OF,"BROTHER_OF(Nephi,Jacob) ∧ FATHER_OF(Shagee,Jacob)"
36830,18918,FATHER_OF,"BROTHER_OF(Nephi,Jacob) ∧ FATHER_OF(Absalom,Jacob)"
36627,18918,FATHER_OF,"BROTHER_OF(Nephi,Jacob) ∧ FATHER_OF(Shimei,Jacob)"
19536,18683,FATHER_OF,"BROTHER_OF(Esau,Jacob) ∧ FATHER_OF(Rachel,Jacob)"
35060,18683,FATHER_OF,"BROTHER_OF(Esau,Jacob) ∧ FATHER_OF(Jonan,Jacob)"
35037,18683,FATHER_OF,"BROTHER_OF(Esau,Jacob) ∧ FATHER_OF(Heli,Jacob)"
3416,18683,FATHER_OF,"BROTHER_OF(Esau,Jacob) ∧ FATHER_OF(Amos,Jacob)"
19109,18683,FATHER_OF,"BROTHER_OF(Esau,Jacob) ∧ FATHER_OF(Jude,Jacob)"
3553,18683,FATHER_OF,"BROTHER_OF(Esau,Jacob) ∧ FATHER_OF(Jacob (patriarch),Jacob)"
3549,18683,FATHER_OF,"BROTHER_OF(Esau,Jacob) ∧ FATHER_OF(Jacob,Jacob)"
19870,18683,FATHER_OF,"BROTHER_OF(Esau,Jacob) ∧ FATHER_OF(Brigham Young,Jacob)"
18670,18683,FATHER_OF,"BROTHER_OF(Esau,Jacob) ∧ FATHER_OF(Eli,Jacob)"
409594,18683,FATHER_OF,"BROTHER_OF(Esau,Jacob) ∧ FATHER_OF(Jonam,Jacob)"
18663,18683,FATHER_OF,"BROTHER_OF(Esau,Jacob) ∧ FATHER_OF(David,Jacob)"
15527,18683,FATHER_OF,"BROTHER_OF(Esau,Jacob) ∧ FATHER_OF(Potiphera,Jacob)"
30497,18683,FATHER_OF,"BROTHER_OF(Esau,Jacob) ∧ FATHER_OF(Hyrum,Jacob)"
5852,18683,FATHER_OF,"BROTHER_OF(Esau,Jacob) ∧ FATHER_OF(Cuando,Jacob)"
19583,18683,FATHER_OF,"BROTHER_OF(Esau,Jacob) ∧ FATHER_OF(Hyrum Smith,Jacob)"
391257,18683,FATHER_OF,"BROTHER_OF(Esau,Jacob) ∧ FATHER_OF(Patriarch,Jacob)"
30358,18683,FATHER_OF,"BROTHER_OF(Esau,Jacob) ∧ FATHER_OF(Mahalaleel,Jacob)"
8513,18683,FATHER_OF,"BROTHER_OF(Esau,Jacob) ∧ FATHER_OF(Omer,Jacob)"
609199,18683,FATHER_OF,"BROTHER_OF(Esau,Jacob) ∧ FATHER_OF(Mahaleel,Jacob)"
19871,18683,FATHER_OF,"BROTHER_OF(Esau,Jacob) ∧ FATHER_OF(Zacharias,Jacob)"
397883,18683,FATHER_OF,"BROTHER_OF(Esau,Jacob) ∧ FATHER_OF(Mathew Woodruff,Jacob)"
494839,18683,FATHER_OF,"BROTHER_OF(Esau,Jacob) ∧ FATHER_OF(Accos,Jacob)"
35041,18683,FATHER_OF,"BROTHER_OF(Esau,Jacob) ∧ FATHER_OF(Mattathias,Jacob)"
19872,18683,FATHER_OF,"BROTHER_OF(Esau,Jacob) ∧ FATHER_OF(Zechariah,Jacob)"
204448,18683,FATHER_OF,"BROTHER_OF(Esau,Jacob) ∧ FATHER_OF(Alpheus,Jacob)"
499765,18683,FATHER_OF,"BROTHER_OF(Esau,Jacob) ∧ FATHER_OF(Zehedee,Jacob)"
621613,18683,FATHER_OF,"BROTHER_OF(Esau,Jacob) ∧ FATHER_OF(Zebedee Salome,Jacob)"
42109,18683,FATHER_OF,"BROTHER_OF(Esau,Jacob) ∧ FATHER_OF(Joiada,Jacob)"
19566,18683,FATHER_OF,"BROTHER_OF(Esau,Jacob) ∧ FATHER_OF(Shaul,Jacob)"
19494,18683,FATHER_OF,"BROTHER_OF(Esau,Jacob) ∧ FATHER_OF(Paul,Jacob)"
36417,18683,FATHER_OF,"BROTHER_OF(Esau,Jacob) ∧ FATHER_OF(Shemaiah,Jacob)"
36161,18683,FATHER_OF,"BROTHER_OF(Esau,Jacob) ∧ FATHER_OF(Shage,Jacob)"
36610,18683,FATHER_OF,"BROTHER_OF(Esau,Jacob) ∧ FATHER_OF(Shimea,Jacob)"
35320,18683,FATHER_OF,"BROTHER_OF(Esau,Jacob) ∧ FATHER_OF(Abiathar,Jacob)"
36418,18683,FATHER_OF,"BROTHER_OF(Esau,Jacob) ∧ FATHER_OF(Uzziel,Jacob)"
36162,18683,FATHER_OF,"BROTHER_OF(Esau,Jacob) ∧ FATHER_OF(Shammah,Jacob)"
419644,18683,FATHER_OF,"BROTHER_OF(Esau,Jacob) ∧ FATHER_OF(Shagee,Jacob)"
36830,18683,FATHER_OF,"BROTHER_OF(Esau,Jacob) ∧ FATHER_OF(Absalom,Jacob)"
36627,18683,FATHER_OF,"BROTHER_OF(Esau,Jacob) ∧ FATHER_OF(Shimei,Jacob)"
36215,19202,FATHER_OF,"BROTHER_OF(Laman,Nephi) ∧ FATHER_OF(Aholibamah,Nephi)"
40102,19202,FATHER_OF,"BROTHER_OF(Laman,Nephi) ∧ FATHER_OF(Beeri,Nephi)"
37465,19202,FATHER_OF,"BROTHER_OF(Laman,Nephi) ∧ FATHER_OF(Elon,Nephi)"
18917,19202,FATHER_OF,"BROTHER_OF(Laman,Nephi) ∧ FATHER_OF(Ishmael,Nephi)"
36215,19097,FATHER_OF,"BROTHER_OF(Joseph,Nephi) ∧ FATHER_OF(Aholibamah,Nephi)"
40102,19097,FATHER_OF,"BROTHER_OF(Joseph,Nephi) ∧ FATHER_OF(Beeri,Nephi)"
37465,19097,FATHER_OF,"BROTHER_OF(Joseph,Nephi) ∧ FATHER_OF(Elon,Nephi)"
18917,19097,FATHER_OF,"BROTHER_OF(Joseph,Nephi) ∧ FATHER_OF(Ishmael,Nephi)"
36215,19557,FATHER_OF,"BROTHER_OF(Sam,Nephi) ∧ FATHER_OF(Aholibamah,Nephi)"
40102,19557,FATHER_OF,"BROTHER_OF(Sam,Nephi) ∧ FATHER_OF(Beeri,Nephi)"
37465,19557,FATHER_OF,"BROTHER_OF(Sam,Nephi) ∧ FATHER_OF(Elon,Nephi)"
18917,19557,FATHER_OF,"BROTHER_OF(Sam,Nephi) ∧ FATHER_OF(Ishmael,Nephi)"
36215,19211,FATHER_OF,"BROTHER_OF(Lemuel,Nephi) ∧ FATHER_OF(Aholibamah,Nephi)"
40102,19211,FATHER_OF,"BROTHER_OF(Lemuel,Nephi) ∧ FATHER_OF(Beeri,Nephi)"
37465,19211,FATHER_OF,"BROTHER_OF(Lemuel,Nephi) ∧ FATHER_OF(Elon,Nephi)"
18917,19211,FATHER_OF,"BROTHER_OF(Lemuel,Nephi) ∧ FATHER_OF(Ishmael,Nephi)"
3549,19092,FATHER_OF,"BROTHER_OF(John,James) ∧ FATHER_OF(Jacob,James)"
11338,19092,FATHER_OF,"BROTHER_OF(John,James) ∧ FATHER_OF(Simón Iscariote,James)"
19073,19092,FATHER_OF,"BROTHER_OF(John,James) ∧ FATHER_OF(James,James)"
757218,19092,FATHER_OF,"BROTHER_OF(John,James) ∧ FATHER_OF(Chalphi,James)"
457984,19092,FATHER_OF,"BROTHER_OF(John,James) ∧ FATHER_OF(Simon Iscariot,James)"
35049,19092,FATHER_OF,"BROTHER_OF(John,James) ∧ FATHER_OF(Rhesa,James)"
36215,19073,FATHER_OF,"BROTHER_OF(James,John) ∧ FATHER_OF(Aholibamah,John)"
40102,19073,FATHER_OF,"BROTHER_OF(James,John) ∧ FATHER_OF(Beeri,John)"
37465,19073,FATHER_OF,"BROTHER_OF(James,John) ∧ FATHER_OF(Elon,John)"
18917,19073,FATHER_OF,"BROTHER_OF(James,John) ∧ FATHER_OF(Ishmael,John)"
18900,19073,FATHER_OF,"BROTHER_OF(James,John) ∧ FATHER_OF(Helaman,John)"
765216,19073,FATHER_OF,"BROTHER_OF(James,John) ∧ FATHER_OF(Lehi Nephi,John)"
30664,18918,FATHER_OF,"BROTHER_OF(Nephi,Joseph) ∧ FATHER_OF(Joseph Smith Sr.,Joseph)"
213770,18918,FATHER_OF,"BROTHER_OF(Nephi,Joseph) ∧ FATHER_OF(Alexander Hale Smith,Joseph)"
520857,18918,FATHER_OF,"BROTHER_OF(Nephi,Joseph) ∧ FATHER_OF(Patriarch Hyrum Smith,Joseph)"
19092,18918,FATHER_OF,"BROTHER_OF(Nephi,Joseph) ∧ FATHER_OF(John,Joseph)"
19097,18918,FATHER_OF,"BROTHER_OF(Nephi,Joseph) ∧ FATHER_OF(Joseph,Joseph)"
106978,18918,FATHER_OF,"BROTHER_OF(Nephi,Joseph) ∧ FATHER_OF(Asael Smith,Joseph)"
213770,19583,FATHER_OF,"BROTHER_OF(Hyrum Smith,Joseph Smith) ∧ FATHER_OF(Alexander Hale Smith,Joseph Smith)"
520857,19583,FATHER_OF,"BROTHER_OF(Hyrum Smith,Joseph Smith) ∧ FATHER_OF(Patriarch Hyrum Smith,Joseph Smith)"
19092,19583,FATHER_OF,"BROTHER_OF(Hyrum Smith,Joseph Smith) ∧ FATHER_OF(John,Joseph Smith)"
39823,3278,FATHER_OF,"BROTHER_OF(Abraham,Rebekah) ∧ FATHER_OF(Milcah,Rebekah)"
19078,306863,FATHER_OF,"BROTHER_OF(And,Jared) ∧ FATHER_OF(Jared,Jared)"
3579,306863,FATHER_OF,"BROTHER_OF(And,Jared) ∧ FATHER_OF(Cain,Jared)"
24294,306863,FATHER_OF,"BROTHER_OF(And,Jared) ∧ FATHER_OF(Midian,Jared)"
3251,306863,FATHER_OF,"BROTHER_OF(And,Jared) ∧ FATHER_OF(Mosiah,Jared)"
19259,306863,FATHER_OF,"BROTHER_OF(And,Jared) ∧ FATHER_OF(Lot,Jared)"
19072,306863,FATHER_OF,"BROTHER_OF(And,Jared) ∧ FATHER_OF(Lehi,Jared)"
18900,306863,FATHER_OF,"BROTHER_OF(And,Jared) ∧ FATHER_OF(Helaman,Jared)"
765216,306863,FATHER_OF,"BROTHER_OF(And,Jared) ∧ FATHER_OF(Lehi Nephi,Jared)"
18915,306863,FATHER_OF,"BROTHER_OF(And,Jared) ∧ FATHER_OF(Isaac,Jared)"
35453,306863,FATHER_OF,"BROTHER_OF(And,Jared) ∧ FATHER_OF(Matthan,Jared)"
12037,306863,FATHER_OF,"BROTHER_OF(And,Jared) ∧ FATHER_OF(Matán,Jared)"
19076,306863,FATHER_OF,"BROTHER_OF(And,Jared) ∧ FATHER_OF(Zebedee,Jared)"
19075,306863,FATHER_OF,"BROTHER_OF(And,Jared) ∧ FATHER_OF(Alphaeus,Jared)"
19536,306863,FATHER_OF,"BROTHER_OF(And,Jared) ∧ FATHER_OF(Rachel,Jared)"
35060,306863,FATHER_OF,"BROTHER_OF(And,Jared) ∧ FATHER_OF(Jonan,Jared)"
35037,306863,FATHER_OF,"BROTHER_OF(And,Jared) ∧ FATHER_OF(Heli,Jared)"
3416,306863,FATHER_OF,"BROTHER_OF(And,Jared) ∧ FATHER_OF(Amos,Jared)"
19109,306863,FATHER_OF,"BROTHER_OF(And,Jared) ∧ FATHER_OF(Jude,Jared)"
3553,306863,FATHER_OF,"BROTHER_OF(And,Jared) ∧ FATHER_OF(Jacob (patriarch),Jared)"
3549,306863,FATHER_OF,"BROTHER_OF(And,Jared) ∧ FATHER_OF(Jacob,Jared)"
19870,306863,FATHER_OF,"BROTHER_OF(And,Jared) ∧ FATHER_OF(Brigham Young,Jared)"
18670,306863,FATHER_OF,"BROTHER_OF(And,Jared) ∧ FATHER_OF(Eli,Jared)"
409594,306863,FATHER_OF,"BROTHER_OF(And,Jared) ∧ FATHER_OF(Jonam,Jared)"
18663,306863,FATHER_OF,"BROTHER_OF(And,Jared) ∧ FATHER_OF(David,Jared)"
15527,306863,FATHER_OF,"BROTHER_OF(And,Jared) ∧ FATHER_OF(Potiphera,Jared)"
30497,306863,FATHER_OF,"BROTHER_OF(And,Jared) ∧ FATHER_OF(Hyrum,Jared)"
5852,306863,FATHER_OF,"BROTHER_OF(And,Jared) ∧ FATHER_OF(Cuando,Jared)"
19583,306863,FATHER_OF,"BROTHER_OF(And,Jared) ∧ FATHER_OF(Hyrum Smith,Jared)"
391257,306863,FATHER_OF,"BROTHER_OF(And,Jared) ∧ FATHER_OF(Patriarch,Jared)"
18661,306863,FATHER_OF,"BROTHER_OF(And,Jared) ∧ FATHER_OF(Daniel,Jared)"
36179,306863,FATHER_OF,"BROTHER_OF(And,Jared) ∧ FATHER_OF(Hemdan,Jared)"
387410,306863,FATHER_OF,"BROTHER_OF(And,Jared) ∧ FATHER_OF(Bathia,Jared)"
19088,306863,FATHER_OF,"BROTHER_OF(And,Jared) ∧ FATHER_OF(Jethro,Jared)"
459345,306863,FATHER_OF,"BROTHER_OF(And,Jared) ∧ FATHER_OF(Amaram,Jared)"
28095,306863,FATHER_OF,"BROTHER_OF(And,Jared) ∧ FATHER_OF(Heth,Jared)"
3332,306863,FATHER_OF,"BROTHER_OF(And,Jared) ∧ FATHER_OF(Mormon,Jared)"
660398,306863,FATHER_OF,"BROTHER_OF(And,Jared) ∧ FATHER_OF(Prophet Mormon,Jared)"
20145,306863,FATHER_OF,"BROTHER_OF(And,Jared) ∧ FATHER_OF(Righteousness,Jared)"
30365,306863,FATHER_OF,"BROTHER_OF(And,Jared) ∧ FATHER_OF(Lamech,Jared)"
19913,306863,FATHER_OF,"BROTHER_OF(And,Jared) ∧ FATHER_OF(Zeniff,Jared)"
18915,19108,FATHER_OF,"BROTHER_OF(Judas,James) ∧ FATHER_OF(Isaac,James)"
19072,19108,FATHER_OF,"BROTHER_OF(Judas,James) ∧ FATHER_OF(Lehi,James)"
35453,19108,FATHER_OF,"BROTHER_OF(Judas,James) ∧ FATHER_OF(Matthan,James)"
12037,19108,FATHER_OF,"BROTHER_OF(Judas,James) ∧ FATHER_OF(Matán,James)"
35049,19108,FATHER_OF,"BROTHER_OF(Judas,James) ∧ FATHER_OF(Rhesa,James)"
19544,36158,FATHER_OF,"BROTHER_OF(Kenaz,Caleb) ∧ FATHER_OF(Reuben,Caleb)"
19106,36158,FATHER_OF,"BROTHER_OF(Kenaz,Caleb) ∧ FATHER_OF(Judah,Caleb)"
35070,36158,FATHER_OF,"BROTHER_OF(Kenaz,Caleb) ∧ FATHER_OF(Pharez,Caleb)"
36158,36158,FATHER_OF,"BROTHER_OF(Kenaz,Caleb) ∧ FATHER_OF(Kenaz,Caleb)"
12891,36610,FATHER_OF,"BROTHER_OF(Shimea,David) ∧ FATHER_OF(Miclot,David)"
19088,36610,FATHER_OF,"BROTHER_OF(Shimea,David) ∧ FATHER_OF(Jethro,David)"
38340,36610,FATHER_OF,"BROTHER_OF(Shimea,David) ∧ FATHER_OF(Agee,David)"
395045,36610,FATHER_OF,"BROTHER_OF(Shimea,David) ∧ FATHER_OF(Agee Fugitive,David)"
38352,36610,FATHER_OF,"BROTHER_OF(Shimea,David) ∧ FATHER_OF(Hararite,David)"
35071,444789,FATHER_OF,"BROTHER_OF(SYRIAN,Rebekah) ∧ FATHER_OF(Terah,Rebekah)"
36136,444789,FATHER_OF,"BROTHER_OF(SYRIAN,Rebekah) ∧ FATHER_OF(Keturah,Rebekah)"
412558,444789,FATHER_OF,"BROTHER_OF(SYRIAN,Rebekah) ∧ FATHER_OF(Thara Terah,Rebekah)"
39823,444789,FATHER_OF,"BROTHER_OF(SYRIAN,Rebekah) ∧ FATHER_OF(Milcah,Rebekah)"
18663,12763,FATHER_OF,"BROTHER_OF(Simea,David) ∧ FATHER_OF(David,David)"
19088,12763,FATHER_OF,"BROTHER_OF(Simea,David) ∧ FATHER_OF(Jethro,David)"
38340,12763,FATHER_OF,"BROTHER_OF(Simea,David) ∧ FATHER_OF(Agee,David)"
395045,12763,FATHER_OF,"BROTHER_OF(Simea,David) ∧ FATHER_OF(Agee Fugitive,David)"
38352,12763,FATHER_OF,"BROTHER_OF(Simea,David) ∧ FATHER_OF(Hararite,David)"
36150,12515,FATHER_OF,"BROTHER_OF(Cenaz,Caleb) ∧ FATHER_OF(Eliphaz,Caleb)"
19544,12515,FATHER_OF,"BROTHER_OF(Cenaz,Caleb) ∧ FATHER_OF(Reuben,Caleb)"
19106,12515,FATHER_OF,"BROTHER_OF(Cenaz,Caleb) ∧ FATHER_OF(Judah,Caleb)"
35070,12515,FATHER_OF,"BROTHER_OF(Cenaz,Caleb) ∧ FATHER_OF(Pharez,Caleb)"
36158,12515,FATHER_OF,"BROTHER_OF(Cenaz,Caleb) ∧ FATHER_OF(Kenaz,Caleb)"
35071,19199,FATHER_OF,"BROTHER_OF(Laban,Rebekah) ∧ FATHER_OF(Terah,Rebekah)"
36136,19199,FATHER_OF,"BROTHER_OF(Laban,Rebekah) ∧ FATHER_OF(Keturah,Rebekah)"
412558,19199,FATHER_OF,"BROTHER_OF(Laban,Rebekah) ∧ FATHER_OF(Thara Terah,Rebekah)"
39823,19199,FATHER_OF,"BROTHER_OF(Laban,Rebekah) ∧ FATHER_OF(Milcah,Rebekah)"
36535,18680,FATHER_OF,"BROTHER_OF(Enoch,Jared) ∧ FATHER_OF(Shammai,Jared)"
19095,18680,FATHER_OF,"BROTHER_OF(Enoch,Jared) ∧ FATHER_OF(Jonathan,Jared)"
33560,18680,FATHER_OF,"BROTHER_OF(Enoch,Jared) ∧ FATHER_OF(Tyre,Jared)"
19499,18680,FATHER_OF,"BROTHER_OF(Enoch,Jared) ∧ FATHER_OF(Pharaoh,Jared)"
3251,18680,FATHER_OF,"BROTHER_OF(Enoch,Jared) ∧ FATHER_OF(Mosiah,Jared)"
19259,18680,FATHER_OF,"BROTHER_OF(Enoch,Jared) ∧ FATHER_OF(Lot,Jared)"
19072,18680,FATHER_OF,"BROTHER_OF(Enoch,Jared) ∧ FATHER_OF(Lehi,Jared)"
18900,18680,FATHER_OF,"BROTHER_OF(Enoch,Jared) ∧ FATHER_OF(Helaman,Jared)"
765216,18680,FATHER_OF,"BROTHER_OF(Enoch,Jared) ∧ FATHER_OF(Lehi Nephi,Jared)"
18915,18680,FATHER_OF,"BROTHER_OF(Enoch,Jared) ∧ FATHER_OF(Isaac,Jared)"
35453,18680,FATHER_OF,"BROTHER_OF(Enoch,Jared) ∧ FATHER_OF(Matthan,Jared)"
12037,18680,FATHER_OF,"BROTHER_OF(Enoch,Jared) ∧ FATHER_OF(Matán,Jared)"
19076,18680,FATHER_OF,"BROTHER_OF(Enoch,Jared) ∧ FATHER_OF(Zebedee,Jared)"
19075,18680,FATHER_OF,"BROTHER_OF(Enoch,Jared) ∧ FATHER_OF(Alphaeus,Jared)"
19536,18680,FATHER_OF,"BROTHER_OF(Enoch,Jared) ∧ FATHER_OF(Rachel,Jared)"
35060,18680,FATHER_OF,"BROTHER_OF(Enoch,Jared) ∧ FATHER_OF(Jonan,Jared)"
35037,18680,FATHER_OF,"BROTHER_OF(Enoch,Jared) ∧ FATHER_OF(Heli,Jared)"
3416,18680,FATHER_OF,"BROTHER_OF(Enoch,Jared) ∧ FATHER_OF(Amos,Jared)"
19109,18680,FATHER_OF,"BROTHER_OF(Enoch,Jared) ∧ FATHER_OF(Jude,Jared)"
3553,18680,FATHER_OF,"BROTHER_OF(Enoch,Jared) ∧ FATHER_OF(Jacob (patriarch),Jared)"
3549,18680,FATHER_OF,"BROTHER_OF(Enoch,Jared) ∧ FATHER_OF(Jacob,Jared)"
19870,18680,FATHER_OF,"BROTHER_OF(Enoch,Jared) ∧ FATHER_OF(Brigham Young,Jared)"
18670,18680,FATHER_OF,"BROTHER_OF(Enoch,Jared) ∧ FATHER_OF(Eli,Jared)"
409594,18680,FATHER_OF,"BROTHER_OF(Enoch,Jared) ∧ FATHER_OF(Jonam,Jared)"
18663,18680,FATHER_OF,"BROTHER_OF(Enoch,Jared) ∧ FATHER_OF(David,Jared)"
15527,18680,FATHER_OF,"BROTHER_OF(Enoch,Jared) ∧ FATHER_OF(Potiphera,Jared)"
30497,18680,FATHER_OF,"BROTHER_OF(Enoch,Jared) ∧ FATHER_OF(Hyrum,Jared)"
5852,18680,FATHER_OF,"BROTHER_OF(Enoch,Jared) ∧ FATHER_OF(Cuando,Jared)"
19583,18680,FATHER_OF,"BROTHER_OF(Enoch,Jared) ∧ FATHER_OF(Hyrum Smith,Jared)"
391257,18680,FATHER_OF,"BROTHER_OF(Enoch,Jared) ∧ FATHER_OF(Patriarch,Jared)"
18661,18680,FATHER_OF,"BROTHER_OF(Enoch,Jared) ∧ FATHER_OF(Daniel,Jared)"
36179,18680,FATHER_OF,"BROTHER_OF(Enoch,Jared) ∧ FATHER_OF(Hemdan,Jared)"
387410,18680,FATHER_OF,"BROTHER_OF(Enoch,Jared) ∧ FATHER_OF(Bathia,Jared)"
19088,18680,FATHER_OF,"BROTHER_OF(Enoch,Jared) ∧ FATHER_OF(Jethro,Jared)"
459345,18680,FATHER_OF,"BROTHER_OF(Enoch,Jared) ∧ FATHER_OF(Amaram,Jared)"
28095,18680,FATHER_OF,"BROTHER_OF(Enoch,Jared) ∧ FATHER_OF(Heth,Jared)"
3332,18680,FATHER_OF,"BROTHER_OF(Enoch,Jared) ∧ FATHER_OF(Mormon,Jared)"
660398,18680,FATHER_OF,"BROTHER_OF(Enoch,Jared) ∧ FATHER_OF(Prophet Mormon,Jared)"
20145,18680,FATHER_OF,"BROTHER_OF(Enoch,Jared) ∧ FATHER_OF(Righteousness,Jared)"
30365,18680,FATHER_OF,"BROTHER_OF(Enoch,Jared) ∧ FATHER_OF(Lamech,Jared)"
19913,18680,FATHER_OF,"BROTHER_OF(Enoch,Jared) ∧ FATHER_OF(Zeniff,Jared)"
19072,19109,FATHER_OF,"BROTHER_OF(Jude,James) ∧ FATHER_OF(Lehi,James)"
35453,19109,FATHER_OF,"BROTHER_OF(Jude,James) ∧ FATHER_OF(Matthan,James)"
12037,19109,FATHER_OF,"BROTHER_OF(Jude,James) ∧ FATHER_OF(Matán,James)"
42109,19109,FATHER_OF,"BROTHER_OF(Jude,James) ∧ FATHER_OF(Joiada,James)"
19566,19109,FATHER_OF,"BROTHER_OF(Jude,James) ∧ FATHER_OF(Shaul,James)"
19494,19109,FATHER_OF,"BROTHER_OF(Jude,James) ∧ FATHER_OF(Paul,James)"
36417,19109,FATHER_OF,"BROTHER_OF(Jude,James) ∧ FATHER_OF(Shemaiah,James)"
36161,19109,FATHER_OF,"BROTHER_OF(Jude,James) ∧ FATHER_OF(Shage,James)"
36610,19109,FATHER_OF,"BROTHER_OF(Jude,James) ∧ FATHER_OF(Shimea,James)"
35320,19109,FATHER_OF,"BROTHER_OF(Jude,James) ∧ FATHER_OF(Abiathar,James)"
36418,19109,FATHER_OF,"BROTHER_OF(Jude,James) ∧ FATHER_OF(Uzziel,James)"
36162,19109,FATHER_OF,"BROTHER_OF(Jude,James) ∧ FATHER_OF(Shammah,James)"
419644,19109,FATHER_OF,"BROTHER_OF(Jude,James) ∧ FATHER_OF(Shagee,James)"
36830,19109,FATHER_OF,"BROTHER_OF(Jude,James) ∧ FATHER_OF(Absalom,James)"
36627,19109,FATHER_OF,"BROTHER_OF(Jude,James) ∧ FATHER_OF(Shimei,James)"
3549,19109,FATHER_OF,"BROTHER_OF(Jude,James) ∧ FATHER_OF(Jacob,James)"
11338,19109,FATHER_OF,"BROTHER_OF(Jude,James) ∧ FATHER_OF(Simón Iscariote,James)"
19073,19109,FATHER_OF,"BROTHER_OF(Jude,James) ∧ FATHER_OF(James,James)"
757218,19109,FATHER_OF,"BROTHER_OF(Jude,James) ∧ FATHER_OF(Chalphi,James)"
457984,19109,FATHER_OF,"BROTHER_OF(Jude,James) ∧ FATHER_OF(Simon Iscariot,James)"
36535,3399,FATHER_OF,"BROTHER_OF(Ammon,Jared) ∧ FATHER_OF(Shammai,Jared)"
19095,3399,FATHER_OF,"BROTHER_OF(Ammon,Jared) ∧ FATHER_OF(Jonathan,Jared)"
33560,3399,FATHER_OF,"BROTHER_OF(Ammon,Jared) ∧ FATHER_OF(Tyre,Jared)"
19499,3399,FATHER_OF,"BROTHER_OF(Ammon,Jared) ∧ FATHER_OF(Pharaoh,Jared)"
19078,3399,FATHER_OF,"BROTHER_OF(Ammon,Jared) ∧ FATHER_OF(Jared,Jared)"
3579,3399,FATHER_OF,"BROTHER_OF(Ammon,Jared) ∧ FATHER_OF(Cain,Jared)"
24294,3399,FATHER_OF,"BROTHER_OF(Ammon,Jared) ∧ FATHER_OF(Midian,Jared)"
19072,3399,FATHER_OF,"BROTHER_OF(Ammon,Jared) ∧ FATHER_OF(Lehi,Jared)"
18900,3399,FATHER_OF,"BROTHER_OF(Ammon,Jared) ∧ FATHER_OF(Helaman,Jared)"
765216,3399,FATHER_OF,"BROTHER_OF(Ammon,Jared) ∧ FATHER_OF(Lehi Nephi,Jared)"
18915,3399,FATHER_OF,"BROTHER_OF(Ammon,Jared) ∧ FATHER_OF(Isaac,Jared)"
35453,3399,FATHER_OF,"BROTHER_OF(Ammon,Jared) ∧ FATHER_OF(Matthan,Jared)"
12037,3399,FATHER_OF,"BROTHER_OF(Ammon,Jared) ∧ FATHER_OF(Matán,Jared)"
19076,3399,FATHER_OF,"BROTHER_OF(Ammon,Jared) ∧ FATHER_OF(Zebedee,Jared)"
19075,3399,FATHER_OF,"BROTHER_OF(Ammon,Jared) ∧ FATHER_OF(Alphaeus,Jared)"
19536,3399,FATHER_OF,"BROTHER_OF(Ammon,Jared) ∧ FATHER_OF(Rachel,Jared)"
35060,3399,FATHER_OF,"BROTHER_OF(Ammon,Jared) ∧ FATHER_OF(Jonan,Jared)"
35037,3399,FATHER_OF,"BROTHER_OF(Ammon,Jared) ∧ FATHER_OF(Heli,Jared)"
3416,3399,FATHER_OF,"BROTHER_OF(Ammon,Jared) ∧ FATHER_OF(Amos,Jared)"
19109,3399,FATHER_OF,"BROTHER_OF(Ammon,Jared) ∧ FATHER_OF(Jude,Jared)"
3553,3399,FATHER_OF,"BROTHER_OF(Ammon,Jared) ∧ FATHER_OF(Jacob (patriarch),Jared)"
3549,3399,FATHER_OF,"BROTHER_OF(Ammon,Jared) ∧ FATHER_OF(Jacob,Jared)"
19870,3399,FATHER_OF,"BROTHER_OF(Ammon,Jared) ∧ FATHER_OF(Brigham Young,Jared)"
18670,3399,FATHER_OF,"BROTHER_OF(Ammon,Jared) ∧ FATHER_OF(Eli,Jared)"
409594,3399,FATHER_OF,"BROTHER_OF(Ammon,Jared) ∧ FATHER_OF(Jonam,Jared)"
18663,3399,FATHER_OF,"BROTHER_OF(Ammon,Jared) ∧ FATHER_OF(David,Jared)"
15527,3399,FATHER_OF,"BROTHER_OF(Ammon,Jared) ∧ FATHER_OF(Potiphera,Jared)"
30497,3399,FATHER_OF,"BROTHER_OF(Ammon,Jared) ∧ FATHER_OF(Hyrum,Jared)"
5852,3399,FATHER_OF,"BROTHER_OF(Ammon,Jared) ∧ FATHER_OF(Cuando,Jared)"
19583,3399,FATHER_OF,"BROTHER_OF(Ammon,Jared) ∧ FATHER_OF(Hyrum Smith,Jared)"
391257,3399,FATHER_OF,"BROTHER_OF(Ammon,Jared) ∧ FATHER_OF(Patriarch,Jared)"
18661,3399,FATHER_OF,"BROTHER_OF(Ammon,Jared) ∧ FATHER_OF(Daniel,Jared)"
36179,3399,FATHER_OF,"BROTHER_OF(Ammon,Jared) ∧ FATHER_OF(Hemdan,Jared)"
387410,3399,FATHER_OF,"BROTHER_OF(Ammon,Jared) ∧ FATHER_OF(Bathia,Jared)"
19088,3399,FATHER_OF,"BROTHER_OF(Ammon,Jared) ∧ FATHER_OF(Jethro,Jared)"
459345,3399,FATHER_OF,"BROTHER_OF(Ammon,Jared) ∧ FATHER_OF(Amaram,Jared)"
28095,3399,FATHER_OF,"BROTHER_OF(Ammon,Jared) ∧ FATHER_OF(Heth,Jared)"
3332,3399,FATHER_OF,"BROTHER_OF(Ammon,Jared) ∧ FATHER_OF(Mormon,Jared)"
660398,3399,FATHER_OF,"BROTHER_OF(Ammon,Jared) ∧ FATHER_OF(Prophet Mormon,Jared)"
20145,3399,FATHER_OF,"BROTHER_OF(Ammon,Jared) ∧ FATHER_OF(Righteousness,Jared)"
30365,3399,FATHER_OF,"BROTHER_OF(Ammon,Jared) ∧ FATHER_OF(Lamech,Jared)"
19913,3399,FATHER_OF,"BROTHER_OF(Ammon,Jared) ∧ FATHER_OF(Zeniff,Jared)"
36535,294247,FATHER_OF,"BROTHER_OF(Mientras,Jared) ∧ FATHER_OF(Shammai,Jared)"
19095,294247,FATHER_OF,"BROTHER_OF(Mientras,Jared) ∧ FATHER_OF(Jonathan,Jared)"
33560,294247,FATHER_OF,"BROTHER_OF(Mientras,Jared) ∧ FATHER_OF(Tyre,Jared)"
19499,294247,FATHER_OF,"BROTHER_OF(Mientras,Jared) ∧ FATHER_OF(Pharaoh,Jared)"
19078,294247,FATHER_OF,"BROTHER_OF(Mientras,Jared) ∧ FATHER_OF(Jared,Jared)"
3579,294247,FATHER_OF,"BROTHER_OF(Mientras,Jared) ∧ FATHER_OF(Cain,Jared)"
24294,294247,FATHER_OF,"BROTHER_OF(Mientras,Jared) ∧ FATHER_OF(Midian,Jared)"
3251,294247,FATHER_OF,"BROTHER_OF(Mientras,Jared) ∧ FATHER_OF(Mosiah,Jared)"
19259,294247,FATHER_OF,"BROTHER_OF(Mientras,Jared) ∧ FATHER_OF(Lot,Jared)"
19072,294247,FATHER_OF,"BROTHER_OF(Mientras,Jared) ∧ FATHER_OF(Lehi,Jared)"
18900,294247,FATHER_OF,"BROTHER_OF(Mientras,Jared) ∧ FATHER_OF(Helaman,Jared)"
765216,294247,FATHER_OF,"BROTHER_OF(Mientras,Jared) ∧ FATHER_OF(Lehi Nephi,Jared)"
18915,294247,FATHER_OF,"BROTHER_OF(Mientras,Jared) ∧ FATHER_OF(Isaac,Jared)"
35453,294247,FATHER_OF,"BROTHER_OF(Mientras,Jared) ∧ FATHER_OF(Matthan,Jared)"
12037,294247,FATHER_OF,"BROTHER_OF(Mientras,Jared) ∧ FATHER_OF(Matán,Jared)"
19076,294247,FATHER_OF,"BROTHER_OF(Mientras,Jared) ∧ FATHER_OF(Zebedee,Jared)"
19075,294247,FATHER_OF,"BROTHER_OF(Mientras,Jared) ∧ FATHER_OF(Alphaeus,Jared)"
19536,294247,FATHER_OF,"BROTHER_OF(Mientras,Jared) ∧ FATHER_OF(Rachel,Jared)"
35060,294247,FATHER_OF,"BROTHER_OF(Mientras,Jared) ∧ FATHER_OF(Jonan,Jared)"
35037,294247,FATHER_OF,"BROTHER_OF(Mientras,Jared) ∧ FATHER_OF(Heli,Jared)"
3416,294247,FATHER_OF,"BROTHER_OF(Mientras,Jared) ∧ FATHER_OF(Amos,Jared)"
19109,294247,FATHER_OF,"BROTHER_OF(Mientras,Jared) ∧ FATHER_OF(Jude,Jared)"
3553,294247,FATHER_OF,"BROTHER_OF(Mientras,Jared) ∧ FATHER_OF(Jacob (patriarch),Jared)"
3549,294247,FATHER_OF,"BROTHER_OF(Mientras,Jared) ∧ FATHER_OF(Jacob,Jared)"
19870,294247,FATHER_OF,"BROTHER_OF(Mientras,Jared) ∧ FATHER_OF(Brigham Young,Jared)"
18670,294247,FATHER_OF,"BROTHER_OF(Mientras,Jared) ∧ FATHER_OF(Eli,Jared)"
409594,294247,FATHER_OF,"BROTHER_OF(Mientras,Jared) ∧ FATHER_OF(Jonam,Jared)"
18663,294247,FATHER_OF,"BROTHER_OF(Mientras,Jared) ∧ FATHER_OF(David,Jared)"
15527,294247,FATHER_OF,"BROTHER_OF(Mientras,Jared) ∧ FATHER_OF(Potiphera,Jared)"
30497,294247,FATHER_OF,"BROTHER_OF(Mientras,Jared) ∧ FATHER_OF(Hyrum,Jared)"
5852,294247,FATHER_OF,"BROTHER_OF(Mientras,Jared) ∧ FATHER_OF(Cuando,Jared)"
19583,294247,FATHER_OF,"BROTHER_OF(Mientras,Jared) ∧ FATHER_OF(Hyrum Smith,Jared)"
391257,294247,FATHER_OF,"BROTHER_OF(Mientras,Jared) ∧ FATHER_OF(Patriarch,Jared)"
18661,294247,FATHER_OF,"BROTHER_OF(Mientras,Jared) ∧ FATHER_OF(Daniel,Jared)"
36179,294247,FATHER_OF,"BROTHER_OF(Mientras,Jared) ∧ FATHER_OF(Hemdan,Jared)"
387410,294247,FATHER_OF,"BROTHER_OF(Mientras,Jared) ∧ FATHER_OF(Bathia,Jared)"
19088,294247,FATHER_OF,"BROTHER_OF(Mientras,Jared) ∧ FATHER_OF(Jethro,Jared)"
459345,294247,FATHER_OF,"BROTHER_OF(Mientras,Jared) ∧ FATHER_OF(Amaram,Jared)"
28095,294247,FATHER_OF,"BROTHER_OF(Mientras,Jared) ∧ FATHER_OF(Heth,Jared)"
3332,294247,FATHER_OF,"BROTHER_OF(Mientras,Jared) ∧ FATHER_OF(Mormon,Jared)"
660398,294247,FATHER_OF,"BROTHER_OF(Mientras,Jared) ∧ FATHER_OF(Prophet Mormon,Jared)"
20145,294247,FATHER_OF,"BROTHER_OF(Mientras,Jared) ∧ FATHER_OF(Righteousness,Jared)"
30365,294247,FATHER_OF,"BROTHER_OF(Mientras,Jared) ∧ FATHER_OF(Lamech,Jared)"
19913,294247,FATHER_OF,"BROTHER_OF(Mientras,Jared) ∧ FATHER_OF(Zeniff,Jared)"
36535,18918,FATHER_OF,"BROTHER_OF(Nephi,Jared) ∧ FATHER_OF(Shammai,Jared)"
19095,18918,FATHER_OF,"BROTHER_OF(Nephi,Jared) ∧ FATHER_OF(Jonathan,Jared)"
33560,18918,FATHER_OF,"BROTHER_OF(Nephi,Jared) ∧ FATHER_OF(Tyre,Jared)"
19499,18918,FATHER_OF,"BROTHER_OF(Nephi,Jared) ∧ FATHER_OF(Pharaoh,Jared)"
19078,18918,FATHER_OF,"BROTHER_OF(Nephi,Jared) ∧ FATHER_OF(Jared,Jared)"
3579,18918,FATHER_OF,"BROTHER_OF(Nephi,Jared) ∧ FATHER_OF(Cain,Jared)"
24294,18918,FATHER_OF,"BROTHER_OF(Nephi,Jared) ∧ FATHER_OF(Midian,Jared)"
3251,18918,FATHER_OF,"BROTHER_OF(Nephi,Jared) ∧ FATHER_OF(Mosiah,Jared)"
19259,18918,FATHER_OF,"BROTHER_OF(Nephi,Jared) ∧ FATHER_OF(Lot,Jared)"
18661,18918,FATHER_OF,"BROTHER_OF(Nephi,Jared) ∧ FATHER_OF(Daniel,Jared)"
36179,18918,FATHER_OF,"BROTHER_OF(Nephi,Jared) ∧ FATHER_OF(Hemdan,Jared)"
387410,18918,FATHER_OF,"BROTHER_OF(Nephi,Jared) ∧ FATHER_OF(Bathia,Jared)"
19088,18918,FATHER_OF,"BROTHER_OF(Nephi,Jared) ∧ FATHER_OF(Jethro,Jared)"
459345,18918,FATHER_OF,"BROTHER_OF(Nephi,Jared) ∧ FATHER_OF(Amaram,Jared)"
28095,18918,FATHER_OF,"BROTHER_OF(Nephi,Jared) ∧ FATHER_OF(Heth,Jared)"
3332,18918,FATHER_OF,"BROTHER_OF(Nephi,Jared) ∧ FATHER_OF(Mormon,Jared)"
660398,18918,FATHER_OF,"BROTHER_OF(Nephi,Jared) ∧ FATHER_OF(Prophet Mormon,Jared)"
20145,18918,FATHER_OF,"BROTHER_OF(Nephi,Jared) ∧ FATHER_OF(Righteousness,Jared)"
30365,18918,FATHER_OF,"BROTHER_OF(Nephi,Jared) ∧ FATHER_OF(Lamech,Jared)"
19913,18918,FATHER_OF,"BROTHER_OF(Nephi,Jared) ∧ FATHER_OF(Zeniff,Jared)"
36535,5655,FATHER_OF,"BROTHER_OF(Luego,Jared) ∧ FATHER_OF(Shammai,Jared)"
19095,5655,FATHER_OF,"BROTHER_OF(Luego,Jared) ∧ FATHER_OF(Jonathan,Jared)"
33560,5655,FATHER_OF,"BROTHER_OF(Luego,Jared) ∧ FATHER_OF(Tyre,Jared)"
19499,5655,FATHER_OF,"BROTHER_OF(Luego,Jared) ∧ FATHER_OF(Pharaoh,Jared)"
19078,5655,FATHER_OF,"BROTHER_OF(Luego,Jared) ∧ FATHER_OF(Jared,Jared)"
3579,5655,FATHER_OF,"BROTHER_OF(Luego,Jared) ∧ FATHER_OF(Cain,Jared)"
24294,5655,FATHER_OF,"BROTHER_OF(Luego,Jared) ∧ FATHER_OF(Midian,Jared)"
3251,5655,FATHER_OF,"BROTHER_OF(Luego,Jared) ∧ FATHER_OF(Mosiah,Jared)"
19259,5655,FATHER_OF,"BROTHER_OF(Luego,Jared) ∧ FATHER_OF(Lot,Jared)"
19072,5655,FATHER_OF,"BROTHER_OF(Luego,Jared) ∧ FATHER_OF(Lehi,Jared)"
18900,5655,FATHER_OF,"BROTHER_OF(Luego,Jared) ∧ FATHER_OF(Helaman,Jared)"
765216,5655,FATHER_OF,"BROTHER_OF(Luego,Jared) ∧ FATHER_OF(Lehi Nephi,Jared)"
18915,5655,FATHER_OF,"BROTHER_OF(Luego,Jared) ∧ FATHER_OF(Isaac,Jared)"
35453,5655,FATHER_OF,"BROTHER_OF(Luego,Jared) ∧ FATHER_OF(Matthan,Jared)"
12037,5655,FATHER_OF,"BROTHER_OF(Luego,Jared) ∧ FATHER_OF(Matán,Jared)"
19076,5655,FATHER_OF,"BROTHER_OF(Luego,Jared) ∧ FATHER_OF(Zebedee,Jared)"
19075,5655,FATHER_OF,"BROTHER_OF(Luego,Jared) ∧ FATHER_OF(Alphaeus,Jared)"
19536,5655,FATHER_OF,"BROTHER_OF(Luego,Jared) ∧ FATHER_OF(Rachel,Jared)"
35060,5655,FATHER_OF,"BROTHER_OF(Luego,Jared) ∧ FATHER_OF(Jonan,Jared)"
35037,5655,FATHER_OF,"BROTHER_OF(Luego,Jared) ∧ FATHER_OF(Heli,Jared)"
3416,5655,FATHER_OF,"BROTHER_OF(Luego,Jared) ∧ FATHER_OF(Amos,Jared)"
19109,5655,FATHER_OF,"BROTHER_OF(Luego,Jared) ∧ FATHER_OF(Jude,Jared)"
3553,5655,FATHER_OF,"BROTHER_OF(Luego,Jared) ∧ FATHER_OF(Jacob (patriarch),Jared)"
3549,5655,FATHER_OF,"BROTHER_OF(Luego,Jared) ∧ FATHER_OF(Jacob,Jared)"
19870,5655,FATHER_OF,"BROTHER_OF(Luego,Jared) ∧ FATHER_OF(Brigham Young,Jared)"
18670,5655,FATHER_OF,"BROTHER_OF(Luego,Jared) ∧ FATHER_OF(Eli,Jared)"
409594,5655,FATHER_OF,"BROTHER_OF(Luego,Jared) ∧ FATHER_OF(Jonam,Jared)"
18663,5655,FATHER_OF,"BROTHER_OF(Luego,Jared) ∧ FATHER_OF(David,Jared)"
15527,5655,FATHER_OF,"BROTHER_OF(Luego,Jared) ∧ FATHER_OF(Potiphera,Jared)"
30497,5655,FATHER_OF,"BROTHER_OF(Luego,Jared) ∧ FATHER_OF(Hyrum,Jared)"
5852,5655,FATHER_OF,"BROTHER_OF(Luego,Jared) ∧ FATHER_OF(Cuando,Jared)"
19583,5655,FATHER_OF,"BROTHER_OF(Luego,Jared) ∧ FATHER_OF(Hyrum Smith,Jared)"
391257,5655,FATHER_OF,"BROTHER_OF(Luego,Jared) ∧ FATHER_OF(Patriarch,Jared)"
18661,5655,FATHER_OF,"BROTHER_OF(Luego,Jared) ∧ FATHER_OF(Daniel,Jared)"
36179,5655,FATHER_OF,"BROTHER_OF(Luego,Jared) ∧ FATHER_OF(Hemdan,Jared)"
387410,5655,FATHER_OF,"BROTHER_OF(Luego,Jared) ∧ FATHER_OF(Bathia,Jared)"
19088,5655,FATHER_OF,"BROTHER_OF(Luego,Jared) ∧ FATHER_OF(Jethro,Jared)"
459345,5655,FATHER_OF,"BROTHER_OF(Luego,Jared) ∧ FATHER_OF(Amaram,Jared)"
28095,5655,FATHER_OF,"BROTHER_OF(Luego,Jared) ∧ FATHER_OF(Heth,Jared)"
3332,5655,FATHER_OF,"BROTHER_OF(Luego,Jared) ∧ FATHER_OF(Mormon,Jared)"
660398,5655,FATHER_OF,"BROTHER_OF(Luego,Jared) ∧ FATHER_OF(Prophet Mormon,Jared)"
20145,5655,FATHER_OF,"BROTHER_OF(Luego,Jared) ∧ FATHER_OF(Righteousness,Jared)"
30365,5655,FATHER_OF,"BROTHER_OF(Luego,Jared) ∧ FATHER_OF(Lamech,Jared)"
19913,5655,FATHER_OF,"BROTHER_OF(Luego,Jared) ∧ FATHER_OF(Zeniff,Jared)"
36535,381023,FATHER_OF,"BROTHER_OF(When,Jared) ∧ FATHER_OF(Shammai,Jared)"
19095,381023,FATHER_OF,"BROTHER_OF(When,Jared) ∧ FATHER_OF(Jonathan,Jared)"
33560,381023,FATHER_OF,"BROTHER_OF(When,Jared) ∧ FATHER_OF(Tyre,Jared)"
19499,381023,FATHER_OF,"BROTHER_OF(When,Jared) ∧ FATHER_OF(Pharaoh,Jared)"
19078,381023,FATHER_OF,"BROTHER_OF(When,Jared) ∧ FATHER_OF(Jared,Jared)"
3579,381023,FATHER_OF,"BROTHER_OF(When,Jared) ∧ FATHER_OF(Cain,Jared)"
24294,381023,FATHER_OF,"BROTHER_OF(When,Jared) ∧ FATHER_OF(Midian,Jared)"
3251,381023,FATHER_OF,"BROTHER_OF(When,Jared) ∧ FATHER_OF(Mosiah,Jared)"
19259,381023,FATHER_OF,"BROTHER_OF(When,Jared) ∧ FATHER_OF(Lot,Jared)"
19072,381023,FATHER_OF,"BROTHER_OF(When,Jared) ∧ FATHER_OF(Lehi,Jared)"
18900,381023,FATHER_OF,"BROTHER_OF(When,Jared) ∧ FATHER_OF(Helaman,Jared)"
765216,381023,FATHER_OF,"BROTHER_OF(When,Jared) ∧ FATHER_OF(Lehi Nephi,Jared)"
18915,381023,FATHER_OF,"BROTHER_OF(When,Jared) ∧ FATHER_OF(Isaac,Jared)"
35453,381023,FATHER_OF,"BROTHER_OF(When,Jared) ∧ FATHER_OF(Matthan,Jared)"
12037,381023,FATHER_OF,"BROTHER_OF(When,Jared) ∧ FATHER_OF(Matán,Jared)"
19076,381023,FATHER_OF,"BROTHER_OF(When,Jared) ∧ FATHER_OF(Zebedee,Jared)"
19075,381023,FATHER_OF,"BROTHER_OF(When,Jared) ∧ FATHER_OF(Alphaeus,Jared)"
19536,381023,FATHER_OF,"BROTHER_OF(When,Jared) ∧ FATHER_OF(Rachel,Jared)"
35060,381023,FATHER_OF,"BROTHER_OF(When,Jared) ∧ FATHER_OF(Jonan,Jared)"
35037,381023,FATHER_OF,"BROTHER_OF(When,Jared) ∧ FATHER_OF(Heli,Jared)"
3416,381023,FATHER_OF,"BROTHER_OF(When,Jared) ∧ FATHER_OF(Amos,Jared)"
19109,381023,FATHER_OF,"BROTHER_OF(When,Jared) ∧ FATHER_OF(Jude,Jared)"
3553,381023,FATHER_OF,"BROTHER_OF(When,Jared) ∧ FATHER_OF(Jacob (patriarch),Jared)"
3549,381023,FATHER_OF,"BROTHER_OF(When,Jared) ∧ FATHER_OF(Jacob,Jared)"
19870,381023,FATHER_OF,"BROTHER_OF(When,Jared) ∧ FATHER_OF(Brigham Young,Jared)"
18670,381023,FATHER_OF,"BROTHER_OF(When,Jared) ∧ FATHER_OF(Eli,Jared)"
409594,381023,FATHER_OF,"BROTHER_OF(When,Jared) ∧ FATHER_OF(Jonam,Jared)"
18663,381023,FATHER_OF,"BROTHER_OF(When,Jared) ∧ FATHER_OF(David,Jared)"
15527,381023,FATHER_OF,"BROTHER_OF(When,Jared) ∧ FATHER_OF(Potiphera,Jared)"
30497,381023,FATHER_OF,"BROTHER_OF(When,Jared) ∧ FATHER_OF(Hyrum,Jared)"
5852,381023,FATHER_OF,"BROTHER_OF(When,Jared) ∧ FATHER_OF(Cuando,Jared)"
19583,381023,FATHER_OF,"BROTHER_OF(When,Jared) ∧ FATHER_OF(Hyrum Smith,Jared)"
391257,381023,FATHER_OF,"BROTHER_OF(When,Jared) ∧ FATHER_OF(Patriarch,Jared)"
18661,381023,FATHER_OF,"BROTHER_OF(When,Jared) ∧ FATHER_OF(Daniel,Jared)"
36179,381023,FATHER_OF,"BROTHER_OF(When,Jared) ∧ FATHER_OF(Hemdan,Jared)"
387410,381023,FATHER_OF,"BROTHER_OF(When,Jared) ∧ FATHER_OF(Bathia,Jared)"
19088,381023,FATHER_OF,"BROTHER_OF(When,Jared) ∧ FATHER_OF(Jethro,Jared)"
459345,381023,FATHER_OF,"BROTHER_OF(When,Jared) ∧ FATHER_OF(Amaram,Jared)"
28095,381023,FATHER_OF,"BROTHER_OF(When,Jared) ∧ FATHER_OF(Heth,Jared)"
3332,381023,FATHER_OF,"BROTHER_OF(When,Jared) ∧ FATHER_OF(Mormon,Jared)"
660398,381023,FATHER_OF,"BROTHER_OF(When,Jared) ∧ FATHER_OF(Prophet Mormon,Jared)"
20145,381023,FATHER_OF,"BROTHER_OF(When,Jared) ∧ FATHER_OF(Righteousness,Jared)"
30365,381023,FATHER_OF,"BROTHER_OF(When,Jared) ∧ FATHER_OF(Lamech,Jared)"
19913,381023,FATHER_OF,"BROTHER_OF(When,Jared) ∧ FATHER_OF(Zeniff,Jared)"
25524,19073,FATHER_OF,"BROTHER_OF(James,Jesus) ∧ FATHER_OF(Jonas,Jesus)"
45834,19073,FATHER_OF,"BROTHER_OF(James,Jesus) ∧ FATHER_OF(Jona,Jesus)"
19092,19073,FATHER_OF,"BROTHER_OF(James,Jesus) ∧ FATHER_OF(John,Jesus)"
19094,19073,FATHER_OF,"BROTHER_OF(James,Jesus) ∧ FATHER_OF(Jonah,Jesus)"
650625,19073,FATHER_OF,"BROTHER_OF(James,Jesus) ∧ FATHER_OF(Gioras,Jesus)"
55816,19073,FATHER_OF,"BROTHER_OF(James,Jesus) ∧ FATHER_OF(Jochai,Jesus)"
465526,19073,FATHER_OF,"BROTHER_OF(James,Jesus) ∧ FATHER_OF(Onias,Jesus)"
18873,19073,FATHER_OF,"BROTHER_OF(James,Jesus) ∧ FATHER_OF(Gamaliel,Jesus)"
19210,19073,FATHER_OF,"BROTHER_OF(James,Jesus) ∧ FATHER_OF(Leah,Jesus)"
19199,19073,FATHER_OF,"BROTHER_OF(James,Jesus) ∧ FATHER_OF(Laban,Jesus)"
3553,19073,FATHER_OF,"BROTHER_OF(James,Jesus) ∧ FATHER_OF(Jacob (patriarch),Jesus)"
42086,19073,FATHER_OF,"BROTHER_OF(James,Jesus) ∧ FATHER_OF(Senuah,Jesus)"
38002,19073,FATHER_OF,"BROTHER_OF(James,Jesus) ∧ FATHER_OF(Jehoash,Jesus)"
36330,19073,FATHER_OF,"BROTHER_OF(James,Jesus) ∧ FATHER_OF(Joash,Jesus)"
19082,19073,FATHER_OF,"BROTHER_OF(James,Jesus) ∧ FATHER_OF(Jehoshaphat,Jesus)"
19540,19073,FATHER_OF,"BROTHER_OF(James,Jesus) ∧ FATHER_OF(Rehoboam,Jesus)"
36522,19073,FATHER_OF,"BROTHER_OF(James,Jesus) ∧ FATHER_OF(Uri,Jesus)"
24119,19073,FATHER_OF,"BROTHER_OF(James,Jesus) ∧ FATHER_OF(Jotham,Jesus)"
35433,19073,FATHER_OF,"BROTHER_OF(James,Jesus) ∧ FATHER_OF(Jehoram,Jesus)"
3504,19073,FATHER_OF,"BROTHER_OF(James,Jesus) ∧ FATHER_OF(Asa,Jesus)"
36576,19073,FATHER_OF,"BROTHER_OF(James,Jesus) ∧ FATHER_OF(Jahdai,Jesus)"
36557,19073,FATHER_OF,"BROTHER_OF(James,Jesus) ∧ FATHER_OF(Azariah,Jesus)"
36542,19073,FATHER_OF,"BROTHER_OF(James,Jesus) ∧ FATHER_OF(Appaim,Jesus)"
36724,19073,FATHER_OF,"BROTHER_OF(James,Jesus) ∧ FATHER_OF(Jehohanan,Jesus)"
18906,19073,FATHER_OF,"BROTHER_OF(James,Jesus) ∧ FATHER_OF(Hezekiah,Jesus)"
36563,19073,FATHER_OF,"BROTHER_OF(James,Jesus) ∧ FATHER_OF(Jekamiah,Jesus)"
402110,19073,FATHER_OF,"BROTHER_OF(James,Jesus) ∧ FATHER_OF(Hassenuah,Jesus)"
36905,19073,FATHER_OF,"BROTHER_OF(James,Jesus) ∧ FATHER_OF(Meonothai,Jesus)"
36898,19073,FATHER_OF,"BROTHER_OF(James,Jesus) ∧ FATHER_OF(Eshton,Jesus)"
37051,19073,FATHER_OF,"BROTHER_OF(James,Jesus) ∧ FATHER_OF(Adaiah,Jesus)"
24105,19073,FATHER_OF,"BROTHER_OF(James,Jesus) ∧ FATHER_OF(Uzziah,Jesus)"
36797,19073,FATHER_OF,"BROTHER_OF(James,Jesus) ∧ FATHER_OF(Chelub,Jesus)"
36535,633893,FATHER_OF,"BROTHER_OF(Shelem,Jared) ∧ FATHER_OF(Shammai,Jared)"
19095,633893,FATHER_OF,"BROTHER_OF(Shelem,Jared) ∧ FATHER_OF(Jonathan,Jared)"
33560,633893,FATHER_OF,"BROTHER_OF(Shelem,Jared) ∧ FATHER_OF(Tyre,Jared)"
19499,633893,FATHER_OF,"BROTHER_OF(Shelem,Jared) ∧ FATHER_OF(Pharaoh,Jared)"
19078,633893,FATHER_OF,"BROTHER_OF(Shelem,Jared) ∧ FATHER_OF(Jared,Jared)"
3579,633893,FATHER_OF,"BROTHER_OF(Shelem,Jared) ∧ FATHER_OF(Cain,Jared)"
24294,633893,FATHER_OF,"BROTHER_OF(Shelem,Jared) ∧ FATHER_OF(Midian,Jared)"
3251,633893,FATHER_OF,"BROTHER_OF(Shelem,Jared) ∧ FATHER_OF(Mosiah,Jared)"
19259,633893,FATHER_OF,"BROTHER_OF(Shelem,Jared) ∧ FATHER_OF(Lot,Jared)"
19072,633893,FATHER_OF,"BROTHER_OF(Shelem,Jared) ∧ FATHER_OF(Lehi,Jared)"
18900,633893,FATHER_OF,"BROTHER_OF(Shelem,Jared) ∧ FATHER_OF(Helaman,Jared)"
765216,633893,FATHER_OF,"BROTHER_OF(Shelem,Jared) ∧ FATHER_OF(Lehi Nephi,Jared)"
18915,633893,FATHER_OF,"BROTHER_OF(Shelem,Jared) ∧ FATHER_OF(Isaac,Jared)"
35453,633893,FATHER_OF,"BROTHER_OF(Shelem,Jared) ∧ FATHER_OF(Matthan,Jared)"
12037,633893,FATHER_OF,"BROTHER_OF(Shelem,Jared) ∧ FATHER_OF(Matán,Jared)"
19076,633893,FATHER_OF,"BROTHER_OF(Shelem,Jared) ∧ FATHER_OF(Zebedee,Jared)"
19075,633893,FATHER_OF,"BROTHER_OF(Shelem,Jared) ∧ FATHER_OF(Alphaeus,Jared)"
19536,633893,FATHER_OF,"BROTHER_OF(Shelem,Jared) ∧ FATHER_OF(Rachel,Jared)"
35060,633893,FATHER_OF,"BROTHER_OF(Shelem,Jared) ∧ FATHER_OF(Jonan,Jared)"
35037,633893,FATHER_OF,"BROTHER_OF(Shelem,Jared) ∧ FATHER_OF(Heli,Jared)"
3416,633893,FATHER_OF,"BROTHER_OF(Shelem,Jared) ∧ FATHER_OF(Amos,Jared)"
19109,633893,FATHER_OF,"BROTHER_OF(Shelem,Jared) ∧ FATHER_OF(Jude,Jared)"
3553,633893,FATHER_OF,"BROTHER_OF(Shelem,Jared) ∧ FATHER_OF(Jacob (patriarch),Jared)"
3549,633893,FATHER_OF,"BROTHER_OF(Shelem,Jared) ∧ FATHER_OF(Jacob,Jared)"
19870,633893,FATHER_OF,"BROTHER_OF(Shelem,Jared) ∧ FATHER_OF(Brigham Young,Jared)"
18670,633893,FATHER_OF,"BROTHER_OF(Shelem,Jared) ∧ FATHER_OF(Eli,Jared)"
409594,633893,FATHER_OF,"BROTHER_OF(Shelem,Jared) ∧ FATHER_OF(Jonam,Jared)"
18663,633893,FATHER_OF,"BROTHER_OF(Shelem,Jared) ∧ FATHER_OF(David,Jared)"
15527,633893,FATHER_OF,"BROTHER_OF(Shelem,Jared) ∧ FATHER_OF(Potiphera,Jared)"
30497,633893,FATHER_OF,"BROTHER_OF(Shelem,Jared) ∧ FATHER_OF(Hyrum,Jared)"
5852,633893,FATHER_OF,"BROTHER_OF(Shelem,Jared) ∧ FATHER_OF(Cuando,Jared)"
19583,633893,FATHER_OF,"BROTHER_OF(Shelem,Jared) ∧ FATHER_OF(Hyrum Smith,Jared)"
391257,633893,FATHER_OF,"BROTHER_OF(Shelem,Jared) ∧ FATHER_OF(Patriarch,Jared)"
18661,633893,FATHER_OF,"BROTHER_OF(Shelem,Jared) ∧ FATHER_OF(Daniel,Jared)"
36179,633893,FATHER_OF,"BROTHER_OF(Shelem,Jared) ∧ FATHER_OF(Hemdan,Jared)"
387410,633893,FATHER_OF,"BROTHER_OF(Shelem,Jared) ∧ FATHER_OF(Bathia,Jared)"
19088,633893,FATHER_OF,"BROTHER_OF(Shelem,Jared) ∧ FATHER_OF(Jethro,Jared)"
459345,633893,FATHER_OF,"BROTHER_OF(Shelem,Jared) ∧ FATHER_OF(Amaram,Jared)"
28095,633893,FATHER_OF,"BROTHER_OF(Shelem,Jared) ∧ FATHER_OF(Heth,Jared)"
3332,633893,FATHER_OF,"BROTHER_OF(Shelem,Jared) ∧ FATHER_OF(Mormon,Jared)"
660398,633893,FATHER_OF,"BROTHER_OF(Shelem,Jared) ∧ FATHER_OF(Prophet Mormon,Jared)"
20145,633893,FATHER_OF,"BROTHER_OF(Shelem,Jared) ∧ FATHER_OF(Righteousness,Jared)"
30365,633893,FATHER_OF,"BROTHER_OF(Shelem,Jared) ∧ FATHER_OF(Lamech,Jared)"
19913,633893,FATHER_OF,"BROTHER_OF(Shelem,Jared) ∧ FATHER_OF(Zeniff,Jared)"
36535,5852,FATHER_OF,"BROTHER_OF(Cuando,Jared) ∧ FATHER_OF(Shammai,Jared)"
19095,5852,FATHER_OF,"BROTHER_OF(Cuando,Jared) ∧ FATHER_OF(Jonathan,Jared)"
33560,5852,FATHER_OF,"BROTHER_OF(Cuando,Jared) ∧ FATHER_OF(Tyre,Jared)"
19499,5852,FATHER_OF,"BROTHER_OF(Cuando,Jared) ∧ FATHER_OF(Pharaoh,Jared)"
19078,5852,FATHER_OF,"BROTHER_OF(Cuando,Jared) ∧ FATHER_OF(Jared,Jared)"
3579,5852,FATHER_OF,"BROTHER_OF(Cuando,Jared) ∧ FATHER_OF(Cain,Jared)"
24294,5852,FATHER_OF,"BROTHER_OF(Cuando,Jared) ∧ FATHER_OF(Midian,Jared)"
3251,5852,FATHER_OF,"BROTHER_OF(Cuando,Jared) ∧ FATHER_OF(Mosiah,Jared)"
19259,5852,FATHER_OF,"BROTHER_OF(Cuando,Jared) ∧ FATHER_OF(Lot,Jared)"
19072,5852,FATHER_OF,"BROTHER_OF(Cuando,Jared) ∧ FATHER_OF(Lehi,Jared)"
18900,5852,FATHER_OF,"BROTHER_OF(Cuando,Jared) ∧ FATHER_OF(Helaman,Jared)"
765216,5852,FATHER_OF,"BROTHER_OF(Cuando,Jared) ∧ FATHER_OF(Lehi Nephi,Jared)"
18915,5852,FATHER_OF,"BROTHER_OF(Cuando,Jared) ∧ FATHER_OF(Isaac,Jared)"
35453,5852,FATHER_OF,"BROTHER_OF(Cuando,Jared) ∧ FATHER_OF(Matthan,Jared)"
12037,5852,FATHER_OF,"BROTHER_OF(Cuando,Jared) ∧ FATHER_OF(Matán,Jared)"
19076,5852,FATHER_OF,"BROTHER_OF(Cuando,Jared) ∧ FATHER_OF(Zebedee,Jared)"
19075,5852,FATHER_OF,"BROTHER_OF(Cuando,Jared) ∧ FATHER_OF(Alphaeus,Jared)"
19536,5852,FATHER_OF,"BROTHER_OF(Cuando,Jared) ∧ FATHER_OF(Rachel,Jared)"
35060,5852,FATHER_OF,"BROTHER_OF(Cuando,Jared) ∧ FATHER_OF(Jonan,Jared)"
35037,5852,FATHER_OF,"BROTHER_OF(Cuando,Jared) ∧ FATHER_OF(Heli,Jared)"
3416,5852,FATHER_OF,"BROTHER_OF(Cuando,Jared) ∧ FATHER_OF(Amos,Jared)"
19109,5852,FATHER_OF,"BROTHER_OF(Cuando,Jared) ∧ FATHER_OF(Jude,Jared)"
3553,5852,FATHER_OF,"BROTHER_OF(Cuando,Jared) ∧ FATHER_OF(Jacob (patriarch),Jared)"
3549,5852,FATHER_OF,"BROTHER_OF(Cuando,Jared) ∧ FATHER_OF(Jacob,Jared)"
19870,5852,FATHER_OF,"BROTHER_OF(Cuando,Jared) ∧ FATHER_OF(Brigham Young,Jared)"
18670,5852,FATHER_OF,"BROTHER_OF(Cuando,Jared) ∧ FATHER_OF(Eli,Jared)"
409594,5852,FATHER_OF,"BROTHER_OF(Cuando,Jared) ∧ FATHER_OF(Jonam,Jared)"
18663,5852,FATHER_OF,"BROTHER_OF(Cuando,Jared) ∧ FATHER_OF(David,Jared)"
15527,5852,FATHER_OF,"BROTHER_OF(Cuando,Jared) ∧ FATHER_OF(Potiphera,Jared)"
30497,5852,FATHER_OF,"BROTHER_OF(Cuando,Jared) ∧ FATHER_OF(Hyrum,Jared)"
5852,5852,FATHER_OF,"BROTHER_OF(Cuando,Jared) ∧ FATHER_OF(Cuando,Jared)"
19583,5852,FATHER_OF,"BROTHER_OF(Cuando,Jared) ∧ FATHER_OF(Hyrum Smith,Jared)"
391257,5852,FATHER_OF,"BROTHER_OF(Cuando,Jared) ∧ FATHER_OF(Patriarch,Jared)"
36179,5852,FATHER_OF,"BROTHER_OF(Cuando,Jared) ∧ FATHER_OF(Hemdan,Jared)"
387410,5852,FATHER_OF,"BROTHER_OF(Cuando,Jared) ∧ FATHER_OF(Bathia,Jared)"
19088,5852,FATHER_OF,"BROTHER_OF(Cuando,Jared) ∧ FATHER_OF(Jethro,Jared)"
459345,5852,FATHER_OF,"BROTHER_OF(Cuando,Jared) ∧ FATHER_OF(Amaram,Jared)"
28095,5852,FATHER_OF,"BROTHER_OF(Cuando,Jared) ∧ FATHER_OF(Heth,Jared)"
3332,5852,FATHER_OF,"BROTHER_OF(Cuando,Jared) ∧ FATHER_OF(Mormon,Jared)"
660398,5852,FATHER_OF,"BROTHER_OF(Cuando,Jared) ∧ FATHER_OF(Prophet Mormon,Jared)"
20145,5852,FATHER_OF,"BROTHER_OF(Cuando,Jared) ∧ FATHER_OF(Righteousness,Jared)"
30365,5852,FATHER_OF,"BROTHER_OF(Cuando,Jared) ∧ FATHER_OF(Lamech,Jared)"
19913,5852,FATHER_OF,"BROTHER_OF(Cuando,Jared) ∧ FATHER_OF(Zeniff,Jared)"
36535,83519,FATHER_OF,"BROTHER_OF(Arnold Friberg,Jared) ∧ FATHER_OF(Shammai,Jared)"
19095,83519,FATHER_OF,"BROTHER_OF(Arnold Friberg,Jared) ∧ FATHER_OF(Jonathan,Jared)"
33560,83519,FATHER_OF,"BROTHER_OF(Arnold Friberg,Jared) ∧ FATHER_OF(Tyre,Jared)"
19499,83519,FATHER_OF,"BROTHER_OF(Arnold Friberg,Jared) ∧ FATHER_OF(Pharaoh,Jared)"
19078,83519,FATHER_OF,"BROTHER_OF(Arnold Friberg,Jared) ∧ FATHER_OF(Jared,Jared)"
3579,83519,FATHER_OF,"BROTHER_OF(Arnold Friberg,Jared) ∧ FATHER_OF(Cain,Jared)"
24294,83519,FATHER_OF,"BROTHER_OF(Arnold Friberg,Jared) ∧ FATHER_OF(Midian,Jared)"
3251,83519,FATHER_OF,"BROTHER_OF(Arnold Friberg,Jared) ∧ FATHER_OF(Mosiah,Jared)"
19259,83519,FATHER_OF,"BROTHER_OF(Arnold Friberg,Jared) ∧ FATHER_OF(Lot,Jared)"
19072,83519,FATHER_OF,"BROTHER_OF(Arnold Friberg,Jared) ∧ FATHER_OF(Lehi,Jared)"
18900,83519,FATHER_OF,"BROTHER_OF(Arnold Friberg,Jared) ∧ FATHER_OF(Helaman,Jared)"
765216,83519,FATHER_OF,"BROTHER_OF(Arnold Friberg,Jared) ∧ FATHER_OF(Lehi Nephi,Jared)"
18915,83519,FATHER_OF,"BROTHER_OF(Arnold Friberg,Jared) ∧ FATHER_OF(Isaac,Jared)"
35453,83519,FATHER_OF,"BROTHER_OF(Arnold Friberg,Jared) ∧ FATHER_OF(Matthan,Jared)"
12037,83519,FATHER_OF,"BROTHER_OF(Arnold Friberg,Jared) ∧ FATHER_OF(Matán,Jared)"
19076,83519,FATHER_OF,"BROTHER_OF(Arnold Friberg,Jared) ∧ FATHER_OF(Zebedee,Jared)"
19075,83519,FATHER_OF,"BROTHER_OF(Arnold Friberg,Jared) ∧ FATHER_OF(Alphaeus,Jared)"
19536,83519,FATHER_OF,"BROTHER_OF(Arnold Friberg,Jared) ∧ FATHER_OF(Rachel,Jared)"
35060,83519,FATHER_OF,"BROTHER_OF(Arnold Friberg,Jared) ∧ FATHER_OF(Jonan,Jared)"
35037,83519,FATHER_OF,"BROTHER_OF(Arnold Friberg,Jared) ∧ FATHER_OF(Heli,Jared)"
3416,83519,FATHER_OF,"BROTHER_OF(Arnold Friberg,Jared) ∧ FATHER_OF(Amos,Jared)"
19109,83519,FATHER_OF,"BROTHER_OF(Arnold Friberg,Jared) ∧ FATHER_OF(Jude,Jared)"
3553,83519,FATHER_OF,"BROTHER_OF(Arnold Friberg,Jared) ∧ FATHER_OF(Jacob (patriarch),Jared)"
3549,83519,FATHER_OF,"BROTHER_OF(Arnold Friberg,Jared) ∧ FATHER_OF(Jacob,Jared)"
19870,83519,FATHER_OF,"BROTHER_OF(Arnold Friberg,Jared) ∧ FATHER_OF(Brigham Young,Jared)"
18670,83519,FATHER_OF,"BROTHER_OF(Arnold Friberg,Jared) ∧ FATHER_OF(Eli,Jared)"
409594,83519,FATHER_OF,"BROTHER_OF(Arnold Friberg,Jared) ∧ FATHER_OF(Jonam,Jared)"
18663,83519,FATHER_OF,"BROTHER_OF(Arnold Friberg,Jared) ∧ FATHER_OF(David,Jared)"
15527,83519,FATHER_OF,"BROTHER_OF(Arnold Friberg,Jared) ∧ FATHER_OF(Potiphera,Jared)"
30497,83519,FATHER_OF,"BROTHER_OF(Arnold Friberg,Jared) ∧ FATHER_OF(Hyrum,Jared)"
5852,83519,FATHER_OF,"BROTHER_OF(Arnold Friberg,Jared) ∧ FATHER_OF(Cuando,Jared)"
19583,83519,FATHER_OF,"BROTHER_OF(Arnold Friberg,Jared) ∧ FATHER_OF(Hyrum Smith,Jared)"
391257,83519,FATHER_OF,"BROTHER_OF(Arnold Friberg,Jared) ∧ FATHER_OF(Patriarch,Jared)"
18661,83519,FATHER_OF,"BROTHER_OF(Arnold Friberg,Jared) ∧ FATHER_OF(Daniel,Jared)"
36179,83519,FATHER_OF,"BROTHER_OF(Arnold Friberg,Jared) ∧ FATHER_OF(Hemdan,Jared)"
387410,83519,FATHER_OF,"BROTHER_OF(Arnold Friberg,Jared) ∧ FATHER_OF(Bathia,Jared)"
19088,83519,FATHER_OF,"BROTHER_OF(Arnold Friberg,Jared) ∧ FATHER_OF(Jethro,Jared)"
459345,83519,FATHER_OF,"BROTHER_OF(Arnold Friberg,Jared) ∧ FATHER_OF(Amaram,Jared)"
28095,83519,FATHER_OF,"BROTHER_OF(Arnold Friberg,Jared) ∧ FATHER_OF(Heth,Jared)"
3332,83519,FATHER_OF,"BROTHER_OF(Arnold Friberg,Jared) ∧ FATHER_OF(Mormon,Jared)"
660398,83519,FATHER_OF,"BROTHER_OF(Arnold Friberg,Jared) ∧ FATHER_OF(Prophet Mormon,Jared)"
20145,83519,FATHER_OF,"BROTHER_OF(Arnold Friberg,Jared) ∧ FATHER_OF(Righteousness,Jared)"
30365,83519,FATHER_OF,"BROTHER_OF(Arnold Friberg,Jared) ∧ FATHER_OF(Lamech,Jared)"
19913,83519,FATHER_OF,"BROTHER_OF(Arnold Friberg,Jared) ∧ FATHER_OF(Zeniff,Jared)"
36345,67829,FATHER_OF,"BROTHER_OF(Samuel Harrison Smith,José) ∧ FATHER_OF(Elkanah,José)"
59317,67829,FATHER_OF,"BROTHER_OF(Samuel Harrison Smith,José) ∧ FATHER_OF(Robert,José)"
464107,67829,FATHER_OF,"BROTHER_OF(Samuel Harrison Smith,José) ∧ FATHER_OF(An Ephraimite,José)"
36150,36498,FATHER_OF,"BROTHER_OF(Hezron,Caleb) ∧ FATHER_OF(Eliphaz,Caleb)"
36158,36498,FATHER_OF,"BROTHER_OF(Hezron,Caleb) ∧ FATHER_OF(Kenaz,Caleb)"
35074,35071,FATHER_OF,"BROTHER_OF(Terah,Abraham) ∧ FATHER_OF(Reu,Abraham)"
35073,35071,FATHER_OF,"BROTHER_OF(Terah,Abraham) ∧ FATHER_OF(Serug,Abraham)"
392321,35071,FATHER_OF,"BROTHER_OF(Terah,Abraham) ∧ FATHER_OF(Serug Branch,Abraham)"
19871,19581,FATHER_OF,"BROTHER_OF(Simon,Jesus) ∧ FATHER_OF(Zacharias,Jesus)"
19870,19581,FATHER_OF,"BROTHER_OF(Simon,Jesus) ∧ FATHER_OF(Brigham Young,Jesus)"
397883,19581,FATHER_OF,"BROTHER_OF(Simon,Jesus) ∧ FATHER_OF(Mathew Woodruff,Jesus)"
494839,19581,FATHER_OF,"BROTHER_OF(Simon,Jesus) ∧ FATHER_OF(Accos,Jesus)"
19872,19581,FATHER_OF,"BROTHER_OF(Simon,Jesus) ∧ FATHER_OF(Zechariah,Jesus)"
19210,19581,FATHER_OF,"BROTHER_OF(Simon,Jesus) ∧ FATHER_OF(Leah,Jesus)"
19199,19581,FATHER_OF,"BROTHER_OF(Simon,Jesus) ∧ FATHER_OF(Laban,Jesus)"
3553,19581,FATHER_OF,"BROTHER_OF(Simon,Jesus) ∧ FATHER_OF(Jacob (patriarch),Jesus)"
42086,19581,FATHER_OF,"BROTHER_OF(Simon,Jesus) ∧ FATHER_OF(Senuah,Jesus)"
38002,19581,FATHER_OF,"BROTHER_OF(Simon,Jesus) ∧ FATHER_OF(Jehoash,Jesus)"
36330,19581,FATHER_OF,"BROTHER_OF(Simon,Jesus) ∧ FATHER_OF(Joash,Jesus)"
19082,19581,FATHER_OF,"BROTHER_OF(Simon,Jesus) ∧ FATHER_OF(Jehoshaphat,Jesus)"
19540,19581,FATHER_OF,"BROTHER_OF(Simon,Jesus) ∧ FATHER_OF(Rehoboam,Jesus)"
36522,19581,FATHER_OF,"BROTHER_OF(Simon,Jesus) ∧ FATHER_OF(Uri,Jesus)"
24119,19581,FATHER_OF,"BROTHER_OF(Simon,Jesus) ∧ FATHER_OF(Jotham,Jesus)"
35433,19581,FATHER_OF,"BROTHER_OF(Simon,Jesus) ∧ FATHER_OF(Jehoram,Jesus)"
3504,19581,FATHER_OF,"BROTHER_OF(Simon,Jesus) ∧ FATHER_OF(Asa,Jesus)"
36576,19581,FATHER_OF,"BROTHER_OF(Simon,Jesus) ∧ FATHER_OF(Jahdai,Jesus)"
36557,19581,FATHER_OF,"BROTHER_OF(Simon,Jesus) ∧ FATHER_OF(Azariah,Jesus)"
36542,19581,FATHER_OF,"BROTHER_OF(Simon,Jesus) ∧ FATHER_OF(Appaim,Jesus)"
36724,19581,FATHER_OF,"BROTHER_OF(Simon,Jesus) ∧ FATHER_OF(Jehohanan,Jesus)"
18906,19581,FATHER_OF,"BROTHER_OF(Simon,Jesus) ∧ FATHER_OF(Hezekiah,Jesus)"
36563,19581,FATHER_OF,"BROTHER_OF(Simon,Jesus) ∧ FATHER_OF(Jekamiah,Jesus)"
402110,19581,FATHER_OF,"BROTHER_OF(Simon,Jesus) ∧ FATHER_OF(Hassenuah,Jesus)"
36905,19581,FATHER_OF,"BROTHER_OF(Simon,Jesus) ∧ FATHER_OF(Meonothai,Jesus)"
36898,19581,FATHER_OF,"BROTHER_OF(Simon,Jesus) ∧ FATHER_OF(Eshton,Jesus)"
37051,19581,FATHER_OF,"BROTHER_OF(Simon,Jesus) ∧ FATHER_OF(Adaiah,Jesus)"
24105,19581,FATHER_OF,"BROTHER_OF(Simon,Jesus) ∧ FATHER_OF(Uzziah,Jesus)"
36797,19581,FATHER_OF,"BROTHER_OF(Simon,Jesus) ∧ FATHER_OF(Chelub,Jesus)"
35071,36950,FATHER_OF,"BROTHER_OF(Bethuel,Rebekah) ∧ FATHER_OF(Terah,Rebekah)"
36136,36950,FATHER_OF,"BROTHER_OF(Bethuel,Rebekah) ∧ FATHER_OF(Keturah,Rebekah)"
412558,36950,FATHER_OF,"BROTHER_OF(Bethuel,Rebekah) ∧ FATHER_OF(Thara Terah,Rebekah)"
18663,36162,FATHER_OF,"BROTHER_OF(Shammah,David) ∧ FATHER_OF(David,David)"
12891,36162,FATHER_OF,"BROTHER_OF(Shammah,David) ∧ FATHER_OF(Miclot,David)"
18905,465604,FATHER_OF,"BROTHER_OF(Pheroras,Herod) ∧ FATHER_OF(Herodias,Herod)"
45528,465604,FATHER_OF,"BROTHER_OF(Pheroras,Herod) ∧ FATHER_OF(Herod Philip,Herod)"
36150,36783,FATHER_OF,"BROTHER_OF(Othniel,Caleb) ∧ FATHER_OF(Eliphaz,Caleb)"
19544,36783,FATHER_OF,"BROTHER_OF(Othniel,Caleb) ∧ FATHER_OF(Reuben,Caleb)"
19106,36783,FATHER_OF,"BROTHER_OF(Othniel,Caleb) ∧ FATHER_OF(Judah,Caleb)"
35070,36783,FATHER_OF,"BROTHER_OF(Othniel,Caleb) ∧ FATHER_OF(Pharez,Caleb)"
35074,36573,FATHER_OF,"BROTHER_OF(Haran,Abraham) ∧ FATHER_OF(Reu,Abraham)"
35073,36573,FATHER_OF,"BROTHER_OF(Haran,Abraham) ∧ FATHER_OF(Serug,Abraham)"
392321,36573,FATHER_OF,"BROTHER_OF(Haran,Abraham) ∧ FATHER_OF(Serug Branch,Abraham)"
18915,29699,FATHER_OF,"BROTHER_OF(Hiram,Joseph) ∧ FATHER_OF(Isaac,Joseph)"
35453,29699,FATHER_OF,"BROTHER_OF(Hiram,Joseph) ∧ FATHER_OF(Matthan,Joseph)"
12037,29699,FATHER_OF,"BROTHER_OF(Hiram,Joseph) ∧ FATHER_OF(Matán,Joseph)"
19076,29699,FATHER_OF,"BROTHER_OF(Hiram,Joseph) ∧ FATHER_OF(Zebedee,Joseph)"
19075,29699,FATHER_OF,"BROTHER_OF(Hiram,Joseph) ∧ FATHER_OF(Alphaeus,Joseph)"
30358,29699,FATHER_OF,"BROTHER_OF(Hiram,Joseph) ∧ FATHER_OF(Mahalaleel,Joseph)"
8513,29699,FATHER_OF,"BROTHER_OF(Hiram,Joseph) ∧ FATHER_OF(Omer,Joseph)"
609199,29699,FATHER_OF,"BROTHER_OF(Hiram,Joseph) ∧ FATHER_OF(Mahaleel,Joseph)"
30664,29699,FATHER_OF,"BROTHER_OF(Hiram,Joseph) ∧ FATHER_OF(Joseph Smith Sr.,Joseph)"
213770,29699,FATHER_OF,"BROTHER_OF(Hiram,Joseph) ∧ FATHER_OF(Alexander Hale Smith,Joseph)"
520857,29699,FATHER_OF,"BROTHER_OF(Hiram,Joseph) ∧ FATHER_OF(Patriarch Hyrum Smith,Joseph)"
19092,29699,FATHER_OF,"BROTHER_OF(Hiram,Joseph) ∧ FATHER_OF(John,Joseph)"
19097,29699,FATHER_OF,"BROTHER_OF(Hiram,Joseph) ∧ FATHER_OF(Joseph,Joseph)"
106978,29699,FATHER_OF,"BROTHER_OF(Hiram,Joseph) ∧ FATHER_OF(Asael Smith,Joseph)"
18915,29832,FATHER_OF,"BROTHER_OF(William Smith,Joseph) ∧ FATHER_OF(Isaac,Joseph)"
35453,29832,FATHER_OF,"BROTHER_OF(William Smith,Joseph) ∧ FATHER_OF(Matthan,Joseph)"
12037,29832,FATHER_OF,"BROTHER_OF(William Smith,Joseph) ∧ FATHER_OF(Matán,Joseph)"
19076,29832,FATHER_OF,"BROTHER_OF(William Smith,Joseph) ∧ FATHER_OF(Zebedee,Joseph)"
19075,29832,FATHER_OF,"BROTHER_OF(William Smith,Joseph) ∧ FATHER_OF(Alphaeus,Joseph)"
30358,29832,FATHER_OF,"BROTHER_OF(William Smith,Joseph) ∧ FATHER_OF(Mahalaleel,Joseph)"
8513,29832,FATHER_OF,"BROTHER_OF(William Smith,Joseph) ∧ FATHER_OF(Omer,Joseph)"
609199,29832,FATHER_OF,"BROTHER_OF(William Smith,Joseph) ∧ FATHER_OF(Mahaleel,Joseph)"
213770,29832,FATHER_OF,"BROTHER_OF(William Smith,Joseph) ∧ FATHER_OF(Alexander Hale Smith,Joseph)"
520857,29832,FATHER_OF,"BROTHER_OF(William Smith,Joseph) ∧ FATHER_OF(Patriarch Hyrum Smith,Joseph)"
19092,29832,FATHER_OF,"BROTHER_OF(William Smith,Joseph) ∧ FATHER_OF(John,Joseph)"
3549,209474,FATHER_OF,"BROTHER_OF(Don Carlos Smith,Hyrum Smith) ∧ FATHER_OF(Jacob,Hyrum Smith)"
18663,209474,FATHER_OF,"BROTHER_OF(Don Carlos Smith,Hyrum Smith) ∧ FATHER_OF(David,Hyrum Smith)"
19072,209474,FATHER_OF,"BROTHER_OF(Don Carlos Smith,Hyrum Smith) ∧ FATHER_OF(Lehi,Hyrum Smith)"
19536,209474,FATHER_OF,"BROTHER_OF(Don Carlos Smith,Hyrum Smith) ∧ FATHER_OF(Rachel,Hyrum Smith)"
35060,209474,FATHER_OF,"BROTHER_OF(Don Carlos Smith,Hyrum Smith) ∧ FATHER_OF(Jonan,Hyrum Smith)"
35037,209474,FATHER_OF,"BROTHER_OF(Don Carlos Smith,Hyrum Smith) ∧ FATHER_OF(Heli,Hyrum Smith)"
3416,209474,FATHER_OF,"BROTHER_OF(Don Carlos Smith,Hyrum Smith) ∧ FATHER_OF(Amos,Hyrum Smith)"
19109,209474,FATHER_OF,"BROTHER_OF(Don Carlos Smith,Hyrum Smith) ∧ FATHER_OF(Jude,Hyrum Smith)"
3553,209474,FATHER_OF,"BROTHER_OF(Don Carlos Smith,Hyrum Smith) ∧ FATHER_OF(Jacob (patriarch),Hyrum Smith)"
19870,209474,FATHER_OF,"BROTHER_OF(Don Carlos Smith,Hyrum Smith) ∧ FATHER_OF(Brigham Young,Hyrum Smith)"
18670,209474,FATHER_OF,"BROTHER_OF(Don Carlos Smith,Hyrum Smith) ∧ FATHER_OF(Eli,Hyrum Smith)"
409594,209474,FATHER_OF,"BROTHER_OF(Don Carlos Smith,Hyrum Smith) ∧ FATHER_OF(Jonam,Hyrum Smith)"
15527,209474,FATHER_OF,"BROTHER_OF(Don Carlos Smith,Hyrum Smith) ∧ FATHER_OF(Potiphera,Hyrum Smith)"
5852,209474,FATHER_OF,"BROTHER_OF(Don Carlos Smith,Hyrum Smith) ∧ FATHER_OF(Cuando,Hyrum Smith)"
19583,209474,FATHER_OF,"BROTHER_OF(Don Carlos Smith,Hyrum Smith) ∧ FATHER_OF(Hyrum Smith,Hyrum Smith)"
391257,209474,FATHER_OF,"BROTHER_OF(Don Carlos Smith,Hyrum Smith) ∧ FATHER_OF(Patriarch,Hyrum Smith)"
19536,19092,FATHER_OF,"BROTHER_OF(John,Jacob) ∧ FATHER_OF(Rachel,Jacob)"
35060,19092,FATHER_OF,"BROTHER_OF(John,Jacob) ∧ FATHER_OF(Jonan,Jacob)"
35037,19092,FATHER_OF,"BROTHER_OF(John,Jacob) ∧ FATHER_OF(Heli,Jacob)"
3416,19092,FATHER_OF,"BROTHER_OF(John,Jacob) ∧ FATHER_OF(Amos,Jacob)"
19109,19092,FATHER_OF,"BROTHER_OF(John,Jacob) ∧ FATHER_OF(Jude,Jacob)"
3553,19092,FATHER_OF,"BROTHER_OF(John,Jacob) ∧ FATHER_OF(Jacob (patriarch),Jacob)"
18670,19092,FATHER_OF,"BROTHER_OF(John,Jacob) ∧ FATHER_OF(Eli,Jacob)"
409594,19092,FATHER_OF,"BROTHER_OF(John,Jacob) ∧ FATHER_OF(Jonam,Jacob)"
15527,19092,FATHER_OF,"BROTHER_OF(John,Jacob) ∧ FATHER_OF(Potiphera,Jacob)"
30497,19092,FATHER_OF,"BROTHER_OF(John,Jacob) ∧ FATHER_OF(Hyrum,Jacob)"
5852,19092,FATHER_OF,"BROTHER_OF(John,Jacob) ∧ FATHER_OF(Cuando,Jacob)"
19583,19092,FATHER_OF,"BROTHER_OF(John,Jacob) ∧ FATHER_OF(Hyrum Smith,Jacob)"
391257,19092,FATHER_OF,"BROTHER_OF(John,Jacob) ∧ FATHER_OF(Patriarch,Jacob)"
30358,19092,FATHER_OF,"BROTHER_OF(John,Jacob) ∧ FATHER_OF(Mahalaleel,Jacob)"
8513,19092,FATHER_OF,"BROTHER_OF(John,Jacob) ∧ FATHER_OF(Omer,Jacob)"
609199,19092,FATHER_OF,"BROTHER_OF(John,Jacob) ∧ FATHER_OF(Mahaleel,Jacob)"
18663,387738,FATHER_OF,"BROTHER_OF(CHRISTIAN WHITMER,David) ∧ FATHER_OF(David,David)"
12891,387738,FATHER_OF,"BROTHER_OF(CHRISTIAN WHITMER,David) ∧ FATHER_OF(Miclot,David)"
19088,387738,FATHER_OF,"BROTHER_OF(CHRISTIAN WHITMER,David) ∧ FATHER_OF(Jethro,David)"
38340,387738,FATHER_OF,"BROTHER_OF(CHRISTIAN WHITMER,David) ∧ FATHER_OF(Agee,David)"
395045,387738,FATHER_OF,"BROTHER_OF(CHRISTIAN WHITMER,David) ∧ FATHER_OF(Agee Fugitive,David)"
38352,387738,FATHER_OF,"BROTHER_OF(CHRISTIAN WHITMER,David) ∧ FATHER_OF(Hararite,David)"
19076,19106,FATHER_OF,"BROTHER_OF(Judah,Jesus) ∧ FATHER_OF(Zebedee,Jesus)"
19075,19106,FATHER_OF,"BROTHER_OF(Judah,Jesus) ∧ FATHER_OF(Alphaeus,Jesus)"
204448,19106,FATHER_OF,"BROTHER_OF(Judah,Jesus) ∧ FATHER_OF(Alpheus,Jesus)"
499765,19106,FATHER_OF,"BROTHER_OF(Judah,Jesus) ∧ FATHER_OF(Zehedee,Jesus)"
621613,19106,FATHER_OF,"BROTHER_OF(Judah,Jesus) ∧ FATHER_OF(Zebedee Salome,Jesus)"
19871,19106,FATHER_OF,"BROTHER_OF(Judah,Jesus) ∧ FATHER_OF(Zacharias,Jesus)"
19870,19106,FATHER_OF,"BROTHER_OF(Judah,Jesus) ∧ FATHER_OF(Brigham Young,Jesus)"
397883,19106,FATHER_OF,"BROTHER_OF(Judah,Jesus) ∧ FATHER_OF(Mathew Woodruff,Jesus)"
494839,19106,FATHER_OF,"BROTHER_OF(Judah,Jesus) ∧ FATHER_OF(Accos,Jesus)"
35041,19106,FATHER_OF,"BROTHER_OF(Judah,Jesus) ∧ FATHER_OF(Mattathias,Jesus)"
19872,19106,FATHER_OF,"BROTHER_OF(Judah,Jesus) ∧ FATHER_OF(Zechariah,Jesus)"
25524,19106,FATHER_OF,"BROTHER_OF(Judah,Jesus) ∧ FATHER_OF(Jonas,Jesus)"
45834,19106,FATHER_OF,"BROTHER_OF(Judah,Jesus) ∧ FATHER_OF(Jona,Jesus)"
19092,19106,FATHER_OF,"BROTHER_OF(Judah,Jesus) ∧ FATHER_OF(John,Jesus)"
19094,19106,FATHER_OF,"BROTHER_OF(Judah,Jesus) ∧ FATHER_OF(Jonah,Jesus)"
650625,19106,FATHER_OF,"BROTHER_OF(Judah,Jesus) ∧ FATHER_OF(Gioras,Jesus)"
55816,19106,FATHER_OF,"BROTHER_OF(Judah,Jesus) ∧ FATHER_OF(Jochai,Jesus)"
465526,19106,FATHER_OF,"BROTHER_OF(Judah,Jesus) ∧ FATHER_OF(Onias,Jesus)"
18873,19106,FATHER_OF,"BROTHER_OF(Judah,Jesus) ∧ FATHER_OF(Gamaliel,Jesus)"
11338,19106,FATHER_OF,"BROTHER_OF(Judah,Jesus) ∧ FATHER_OF(Simón Iscariote,Jesus)"
19073,19106,FATHER_OF,"BROTHER_OF(Judah,Jesus) ∧ FATHER_OF(James,Jesus)"
757218,19106,FATHER_OF,"BROTHER_OF(Judah,Jesus) ∧ FATHER_OF(Chalphi,Jesus)"
457984,19106,FATHER_OF,"BROTHER_OF(Judah,Jesus) ∧ FATHER_OF(Simon Iscariot,Jesus)"
42109,19106,FATHER_OF,"BROTHER_OF(Judah,Jesus) ∧ FATHER_OF(Joiada,Jesus)"
19566,19106,FATHER_OF,"BROTHER_OF(Judah,Jesus) ∧ FATHER_OF(Shaul,Jesus)"
19494,19106,FATHER_OF,"BROTHER_OF(Judah,Jesus) ∧ FATHER_OF(Paul,Jesus)"
36417,19106,FATHER_OF,"BROTHER_OF(Judah,Jesus) ∧ FATHER_OF(Shemaiah,Jesus)"
36161,19106,FATHER_OF,"BROTHER_OF(Judah,Jesus) ∧ FATHER_OF(Shage,Jesus)"
36610,19106,FATHER_OF,"BROTHER_OF(Judah,Jesus) ∧ FATHER_OF(Shimea,Jesus)"
35320,19106,FATHER_OF,"BROTHER_OF(Judah,Jesus) ∧ FATHER_OF(Abiathar,Jesus)"
36418,19106,FATHER_OF,"BROTHER_OF(Judah,Jesus) ∧ FATHER_OF(Uzziel,Jesus)"
36162,19106,FATHER_OF,"BROTHER_OF(Judah,Jesus) ∧ FATHER_OF(Shammah,Jesus)"
419644,19106,FATHER_OF,"BROTHER_OF(Judah,Jesus) ∧ FATHER_OF(Shagee,Jesus)"
36830,19106,FATHER_OF,"BROTHER_OF(Judah,Jesus) ∧ FATHER_OF(Absalom,Jesus)"
36627,19106,FATHER_OF,"BROTHER_OF(Judah,Jesus) ∧ FATHER_OF(Shimei,Jesus)"
18915,55772,FATHER_OF,"BROTHER_OF(Samuel Smith,Joseph) ∧ FATHER_OF(Isaac,Joseph)"
35453,55772,FATHER_OF,"BROTHER_OF(Samuel Smith,Joseph) ∧ FATHER_OF(Matthan,Joseph)"
12037,55772,FATHER_OF,"BROTHER_OF(Samuel Smith,Joseph) ∧ FATHER_OF(Matán,Joseph)"
19076,55772,FATHER_OF,"BROTHER_OF(Samuel Smith,Joseph) ∧ FATHER_OF(Zebedee,Joseph)"
19075,55772,FATHER_OF,"BROTHER_OF(Samuel Smith,Joseph) ∧ FATHER_OF(Alphaeus,Joseph)"
30358,55772,FATHER_OF,"BROTHER_OF(Samuel Smith,Joseph) ∧ FATHER_OF(Mahalaleel,Joseph)"
8513,55772,FATHER_OF,"BROTHER_OF(Samuel Smith,Joseph) ∧ FATHER_OF(Omer,Joseph)"
609199,55772,FATHER_OF,"BROTHER_OF(Samuel Smith,Joseph) ∧ FATHER_OF(Mahaleel,Joseph)"
30664,55772,FATHER_OF,"BROTHER_OF(Samuel Smith,Joseph) ∧ FATHER_OF(Joseph Smith Sr.,Joseph)"
213770,55772,FATHER_OF,"BROTHER_OF(Samuel Smith,Joseph) ∧ FATHER_OF(Alexander Hale Smith,Joseph)"
520857,55772,FATHER_OF,"BROTHER_OF(Samuel Smith,Joseph) ∧ FATHER_OF(Patriarch Hyrum Smith,Joseph)"
19092,55772,FATHER_OF,"BROTHER_OF(Samuel Smith,Joseph) ∧ FATHER_OF(John,Joseph)"
19097,55772,FATHER_OF,"BROTHER_OF(Samuel Smith,Joseph) ∧ FATHER_OF(Joseph,Joseph)"
106978,55772,FATHER_OF,"BROTHER_OF(Samuel Smith,Joseph) ∧ FATHER_OF(Asael Smith,Joseph)"
18915,515909,FATHER_OF,"BROTHER_OF(Elder Hyrum Smith,Joseph) ∧ FATHER_OF(Isaac,Joseph)"
35453,515909,FATHER_OF,"BROTHER_OF(Elder Hyrum Smith,Joseph) ∧ FATHER_OF(Matthan,Joseph)"
12037,515909,FATHER_OF,"BROTHER_OF(Elder Hyrum Smith,Joseph) ∧ FATHER_OF(Matán,Joseph)"
19076,515909,FATHER_OF,"BROTHER_OF(Elder Hyrum Smith,Joseph) ∧ FATHER_OF(Zebedee,Joseph)"
19075,515909,FATHER_OF,"BROTHER_OF(Elder Hyrum Smith,Joseph) ∧ FATHER_OF(Alphaeus,Joseph)"
30358,515909,FATHER_OF,"BROTHER_OF(Elder Hyrum Smith,Joseph) ∧ FATHER_OF(Mahalaleel,Joseph)"
8513,515909,FATHER_OF,"BROTHER_OF(Elder Hyrum Smith,Joseph) ∧ FATHER_OF(Omer,Joseph)"
609199,515909,FATHER_OF,"BROTHER_OF(Elder Hyrum Smith,Joseph) ∧ FATHER_OF(Mahaleel,Joseph)"
30664,515909,FATHER_OF,"BROTHER_OF(Elder Hyrum Smith,Joseph) ∧ FATHER_OF(Joseph Smith Sr.,Joseph)"
213770,515909,FATHER_OF,"BROTHER_OF(Elder Hyrum Smith,Joseph) ∧ FATHER_OF(Alexander Hale Smith,Joseph)"
520857,515909,FATHER_OF,"BROTHER_OF(Elder Hyrum Smith,Joseph) ∧ FATHER_OF(Patriarch Hyrum Smith,Joseph)"
19092,515909,FATHER_OF,"BROTHER_OF(Elder Hyrum Smith,Joseph) ∧ FATHER_OF(John,Joseph)"
19097,515909,FATHER_OF,"BROTHER_OF(Elder Hyrum Smith,Joseph) ∧ FATHER_OF(Joseph,Joseph)"
106978,515909,FATHER_OF,"BROTHER_OF(Elder Hyrum Smith,Joseph) ∧ FATHER_OF(Asael Smith,Joseph)"
36535,3249,FATHER_OF,"BROTHER_OF(Moses,Jared) ∧ FATHER_OF(Shammai,Jared)"
19095,3249,FATHER_OF,"BROTHER_OF(Moses,Jared) ∧ FATHER_OF(Jonathan,Jared)"
33560,3249,FATHER_OF,"BROTHER_OF(Moses,Jared) ∧ FATHER_OF(Tyre,Jared)"
19499,3249,FATHER_OF,"BROTHER_OF(Moses,Jared) ∧ FATHER_OF(Pharaoh,Jared)"
19078,3249,FATHER_OF,"BROTHER_OF(Moses,Jared) ∧ FATHER_OF(Jared,Jared)"
3579,3249,FATHER_OF,"BROTHER_OF(Moses,Jared) ∧ FATHER_OF(Cain,Jared)"
24294,3249,FATHER_OF,"BROTHER_OF(Moses,Jared) ∧ FATHER_OF(Midian,Jared)"
19259,3249,FATHER_OF,"BROTHER_OF(Moses,Jared) ∧ FATHER_OF(Lot,Jared)"
19072,3249,FATHER_OF,"BROTHER_OF(Moses,Jared) ∧ FATHER_OF(Lehi,Jared)"
18900,3249,FATHER_OF,"BROTHER_OF(Moses,Jared) ∧ FATHER_OF(Helaman,Jared)"
765216,3249,FATHER_OF,"BROTHER_OF(Moses,Jared) ∧ FATHER_OF(Lehi Nephi,Jared)"
18915,3249,FATHER_OF,"BROTHER_OF(Moses,Jared) ∧ FATHER_OF(Isaac,Jared)"
35453,3249,FATHER_OF,"BROTHER_OF(Moses,Jared) ∧ FATHER_OF(Matthan,Jared)"
12037,3249,FATHER_OF,"BROTHER_OF(Moses,Jared) ∧ FATHER_OF(Matán,Jared)"
19076,3249,FATHER_OF,"BROTHER_OF(Moses,Jared) ∧ FATHER_OF(Zebedee,Jared)"
19075,3249,FATHER_OF,"BROTHER_OF(Moses,Jared) ∧ FATHER_OF(Alphaeus,Jared)"
19536,3249,FATHER_OF,"BROTHER_OF(Moses,Jared) ∧ FATHER_OF(Rachel,Jared)"
35060,3249,FATHER_OF,"BROTHER_OF(Moses,Jared) ∧ FATHER_OF(Jonan,Jared)"
35037,3249,FATHER_OF,"BROTHER_OF(Moses,Jared) ∧ FATHER_OF(Heli,Jared)"
3416,3249,FATHER_OF,"BROTHER_OF(Moses,Jared) ∧ FATHER_OF(Amos,Jared)"
19109,3249,FATHER_OF,"BROTHER_OF(Moses,Jared) ∧ FATHER_OF(Jude,Jared)"
3553,3249,FATHER_OF,"BROTHER_OF(Moses,Jared) ∧ FATHER_OF(Jacob (patriarch),Jared)"
3549,3249,FATHER_OF,"BROTHER_OF(Moses,Jared) ∧ FATHER_OF(Jacob,Jared)"
19870,3249,FATHER_OF,"BROTHER_OF(Moses,Jared) ∧ FATHER_OF(Brigham Young,Jared)"
18670,3249,FATHER_OF,"BROTHER_OF(Moses,Jared) ∧ FATHER_OF(Eli,Jared)"
409594,3249,FATHER_OF,"BROTHER_OF(Moses,Jared) ∧ FATHER_OF(Jonam,Jared)"
18663,3249,FATHER_OF,"BROTHER_OF(Moses,Jared) ∧ FATHER_OF(David,Jared)"
15527,3249,FATHER_OF,"BROTHER_OF(Moses,Jared) ∧ FATHER_OF(Potiphera,Jared)"
30497,3249,FATHER_OF,"BROTHER_OF(Moses,Jared) ∧ FATHER_OF(Hyrum,Jared)"
5852,3249,FATHER_OF,"BROTHER_OF(Moses,Jared) ∧ FATHER_OF(Cuando,Jared)"
19583,3249,FATHER_OF,"BROTHER_OF(Moses,Jared) ∧ FATHER_OF(Hyrum Smith,Jared)"
391257,3249,FATHER_OF,"BROTHER_OF(Moses,Jared) ∧ FATHER_OF(Patriarch,Jared)"
18661,3249,FATHER_OF,"BROTHER_OF(Moses,Jared) ∧ FATHER_OF(Daniel,Jared)"
3332,3249,FATHER_OF,"BROTHER_OF(Moses,Jared) ∧ FATHER_OF(Mormon,Jared)"
660398,3249,FATHER_OF,"BROTHER_OF(Moses,Jared) ∧ FATHER_OF(Prophet Mormon,Jared)"
20145,3249,FATHER_OF,"BROTHER_OF(Moses,Jared) ∧ FATHER_OF(Righteousness,Jared)"
30365,3249,FATHER_OF,"BROTHER_OF(Moses,Jared) ∧ FATHER_OF(Lamech,Jared)"
19913,3249,FATHER_OF,"BROTHER_OF(Moses,Jared) ∧ FATHER_OF(Zeniff,Jared)"
30497,150532,FATHER_OF,"BROTHER_OF(Alvin Smith,Joseph Smith) ∧ FATHER_OF(Hyrum,Joseph Smith)"
36345,150532,FATHER_OF,"BROTHER_OF(Alvin Smith,Joseph Smith) ∧ FATHER_OF(Elkanah,Joseph Smith)"
59317,150532,FATHER_OF,"BROTHER_OF(Alvin Smith,Joseph Smith) ∧ FATHER_OF(Robert,Joseph Smith)"
464107,150532,FATHER_OF,"BROTHER_OF(Alvin Smith,Joseph Smith) ∧ FATHER_OF(An Ephraimite,Joseph Smith)"
213770,150532,FATHER_OF,"BROTHER_OF(Alvin Smith,Joseph Smith) ∧ FATHER_OF(Alexander Hale Smith,Joseph Smith)"
520857,150532,FATHER_OF,"BROTHER_OF(Alvin Smith,Joseph Smith) ∧ FATHER_OF(Patriarch Hyrum Smith,Joseph Smith)"
19092,150532,FATHER_OF,"BROTHER_OF(Alvin Smith,Joseph Smith) ∧ FATHER_OF(John,Joseph Smith)"
19583,150532,FATHER_OF,"BROTHER_OF(Alvin Smith,Joseph Smith) ∧ FATHER_OF(Hyrum Smith,Joseph Smith)"
19072,150532,FATHER_OF,"BROTHER_OF(Alvin Smith,Joseph Smith) ∧ FATHER_OF(Lehi,Joseph Smith)"
19536,150532,FATHER_OF,"BROTHER_OF(Alvin Smith,Joseph Smith) ∧ FATHER_OF(Rachel,Joseph Smith)"
35060,150532,FATHER_OF,"BROTHER_OF(Alvin Smith,Joseph Smith) ∧ FATHER_OF(Jonan,Joseph Smith)"
35037,150532,FATHER_OF,"BROTHER_OF(Alvin Smith,Joseph Smith) ∧ FATHER_OF(Heli,Joseph Smith)"
3416,150532,FATHER_OF,"BROTHER_OF(Alvin Smith,Joseph Smith) ∧ FATHER_OF(Amos,Joseph Smith)"
19109,150532,FATHER_OF,"BROTHER_OF(Alvin Smith,Joseph Smith) ∧ FATHER_OF(Jude,Joseph Smith)"
3553,150532,FATHER_OF,"BROTHER_OF(Alvin Smith,Joseph Smith) ∧ FATHER_OF(Jacob (patriarch),Joseph Smith)"
3549,150532,FATHER_OF,"BROTHER_OF(Alvin Smith,Joseph Smith) ∧ FATHER_OF(Jacob,Joseph Smith)"
19870,150532,FATHER_OF,"BROTHER_OF(Alvin Smith,Joseph Smith) ∧ FATHER_OF(Brigham Young,Joseph Smith)"
18670,150532,FATHER_OF,"BROTHER_OF(Alvin Smith,Joseph Smith) ∧ FATHER_OF(Eli,Joseph Smith)"
409594,150532,FATHER_OF,"BROTHER_OF(Alvin Smith,Joseph Smith) ∧ FATHER_OF(Jonam,Joseph Smith)"
18663,150532,FATHER_OF,"BROTHER_OF(Alvin Smith,Joseph Smith) ∧ FATHER_OF(David,Joseph Smith)"
15527,150532,FATHER_OF,"BROTHER_OF(Alvin Smith,Joseph Smith) ∧ FATHER_OF(Potiphera,Joseph Smith)"
5852,150532,FATHER_OF,"BROTHER_OF(Alvin Smith,Joseph Smith) ∧ FATHER_OF(Cuando,Joseph Smith)"
391257,150532,FATHER_OF,"BROTHER_OF(Alvin Smith,Joseph Smith) ∧ FATHER_OF(Patriarch,Joseph Smith)"
18915,31138,FATHER_OF,"BROTHER_OF(Smith,Joseph) ∧ FATHER_OF(Isaac,Joseph)"
35453,31138,FATHER_OF,"BROTHER_OF(Smith,Joseph) ∧ FATHER_OF(Matthan,Joseph)"
12037,31138,FATHER_OF,"BROTHER_OF(Smith,Joseph) ∧ FATHER_OF(Matán,Joseph)"
19076,31138,FATHER_OF,"BROTHER_OF(Smith,Joseph) ∧ FATHER_OF(Zebedee,Joseph)"
19075,31138,FATHER_OF,"BROTHER_OF(Smith,Joseph) ∧ FATHER_OF(Alphaeus,Joseph)"
30358,31138,FATHER_OF,"BROTHER_OF(Smith,Joseph) ∧ FATHER_OF(Mahalaleel,Joseph)"
8513,31138,FATHER_OF,"BROTHER_OF(Smith,Joseph) ∧ FATHER_OF(Omer,Joseph)"
609199,31138,FATHER_OF,"BROTHER_OF(Smith,Joseph) ∧ FATHER_OF(Mahaleel,Joseph)"
36535,527465,FATHER_OF,"BROTHER_OF(Moriancumr,Jared) ∧ FATHER_OF(Shammai,Jared)"
19095,527465,FATHER_OF,"BROTHER_OF(Moriancumr,Jared) ∧ FATHER_OF(Jonathan,Jared)"
33560,527465,FATHER_OF,"BROTHER_OF(Moriancumr,Jared) ∧ FATHER_OF(Tyre,Jared)"
19499,527465,FATHER_OF,"BROTHER_OF(Moriancumr,Jared) ∧ FATHER_OF(Pharaoh,Jared)"
19078,527465,FATHER_OF,"BROTHER_OF(Moriancumr,Jared) ∧ FATHER_OF(Jared,Jared)"
3579,527465,FATHER_OF,"BROTHER_OF(Moriancumr,Jared) ∧ FATHER_OF(Cain,Jared)"
24294,527465,FATHER_OF,"BROTHER_OF(Moriancumr,Jared) ∧ FATHER_OF(Midian,Jared)"
3251,527465,FATHER_OF,"BROTHER_OF(Moriancumr,Jared) ∧ FATHER_OF(Mosiah,Jared)"
19259,527465,FATHER_OF,"BROTHER_OF(Moriancumr,Jared) ∧ FATHER_OF(Lot,Jared)"
19072,527465,FATHER_OF,"BROTHER_OF(Moriancumr,Jared) ∧ FATHER_OF(Lehi,Jared)"
18900,527465,FATHER_OF,"BROTHER_OF(Moriancumr,Jared) ∧ FATHER_OF(Helaman,Jared)"
765216,527465,FATHER_OF,"BROTHER_OF(Moriancumr,Jared) ∧ FATHER_OF(Lehi Nephi,Jared)"
18915,527465,FATHER_OF,"BROTHER_OF(Moriancumr,Jared) ∧ FATHER_OF(Isaac,Jared)"
35453,527465,FATHER_OF,"BROTHER_OF(Moriancumr,Jared) ∧ FATHER_OF(Matthan,Jared)"
12037,527465,FATHER_OF,"BROTHER_OF(Moriancumr,Jared) ∧ FATHER_OF(Matán,Jared)"
19076,527465,FATHER_OF,"BROTHER_OF(Moriancumr,Jared) ∧ FATHER_OF(Zebedee,Jared)"
19075,527465,FATHER_OF,"BROTHER_OF(Moriancumr,Jared) ∧ FATHER_OF(Alphaeus,Jared)"
19536,527465,FATHER_OF,"BROTHER_OF(Moriancumr,Jared) ∧ FATHER_OF(Rachel,Jared)"
35060,527465,FATHER_OF,"BROTHER_OF(Moriancumr,Jared) ∧ FATHER_OF(Jonan,Jared)"
35037,527465,FATHER_OF,"BROTHER_OF(Moriancumr,Jared) ∧ FATHER_OF(Heli,Jared)"
3416,527465,FATHER_OF,"BROTHER_OF(Moriancumr,Jared) ∧ FATHER_OF(Amos,Jared)"
19109,527465,FATHER_OF,"BROTHER_OF(Moriancumr,Jared) ∧ FATHER_OF(Jude,Jared)"
3553,527465,FATHER_OF,"BROTHER_OF(Moriancumr,Jared) ∧ FATHER_OF(Jacob (patriarch),Jared)"
3549,527465,FATHER_OF,"BROTHER_OF(Moriancumr,Jared) ∧ FATHER_OF(Jacob,Jared)"
19870,527465,FATHER_OF,"BROTHER_OF(Moriancumr,Jared) ∧ FATHER_OF(Brigham Young,Jared)"
18670,527465,FATHER_OF,"BROTHER_OF(Moriancumr,Jared) ∧ FATHER_OF(Eli,Jared)"
409594,527465,FATHER_OF,"BROTHER_OF(Moriancumr,Jared) ∧ FATHER_OF(Jonam,Jared)"
18663,527465,FATHER_OF,"BROTHER_OF(Moriancumr,Jared) ∧ FATHER_OF(David,Jared)"
15527,527465,FATHER_OF,"BROTHER_OF(Moriancumr,Jared) ∧ FATHER_OF(Potiphera,Jared)"
30497,527465,FATHER_OF,"BROTHER_OF(Moriancumr,Jared) ∧ FATHER_OF(Hyrum,Jared)"
5852,527465,FATHER_OF,"BROTHER_OF(Moriancumr,Jared) ∧ FATHER_OF(Cuando,Jared)"
19583,527465,FATHER_OF,"BROTHER_OF(Moriancumr,Jared) ∧ FATHER_OF(Hyrum Smith,Jared)"
391257,527465,FATHER_OF,"BROTHER_OF(Moriancumr,Jared) ∧ FATHER_OF(Patriarch,Jared)"
18661,527465,FATHER_OF,"BROTHER_OF(Moriancumr,Jared) ∧ FATHER_OF(Daniel,Jared)"
36179,527465,FATHER_OF,"BROTHER_OF(Moriancumr,Jared) ∧ FATHER_OF(Hemdan,Jared)"
387410,527465,FATHER_OF,"BROTHER_OF(Moriancumr,Jared) ∧ FATHER_OF(Bathia,Jared)"
19088,527465,FATHER_OF,"BROTHER_OF(Moriancumr,Jared) ∧ FATHER_OF(Jethro,Jared)"
459345,527465,FATHER_OF,"BROTHER_OF(Moriancumr,Jared) ∧ FATHER_OF(Amaram,Jared)"
28095,527465,FATHER_OF,"BROTHER_OF(Moriancumr,Jared) ∧ FATHER_OF(Heth,Jared)"
3332,527465,FATHER_OF,"BROTHER_OF(Moriancumr,Jared) ∧ FATHER_OF(Mormon,Jared)"
660398,527465,FATHER_OF,"BROTHER_OF(Moriancumr,Jared) ∧ FATHER_OF(Prophet Mormon,Jared)"
20145,527465,FATHER_OF,"BROTHER_OF(Moriancumr,Jared) ∧ FATHER_OF(Righteousness,Jared)"
30365,527465,FATHER_OF,"BROTHER_OF(Moriancumr,Jared) ∧ FATHER_OF(Lamech,Jared)"
19913,527465,FATHER_OF,"BROTHER_OF(Moriancumr,Jared) ∧ FATHER_OF(Zeniff,Jared)"
36535,28282,FATHER_OF,"BROTHER_OF(Moriancumer,Jared) ∧ FATHER_OF(Shammai,Jared)"
19095,28282,FATHER_OF,"BROTHER_OF(Moriancumer,Jared) ∧ FATHER_OF(Jonathan,Jared)"
33560,28282,FATHER_OF,"BROTHER_OF(Moriancumer,Jared) ∧ FATHER_OF(Tyre,Jared)"
19499,28282,FATHER_OF,"BROTHER_OF(Moriancumer,Jared) ∧ FATHER_OF(Pharaoh,Jared)"
19078,28282,FATHER_OF,"BROTHER_OF(Moriancumer,Jared) ∧ FATHER_OF(Jared,Jared)"
3579,28282,FATHER_OF,"BROTHER_OF(Moriancumer,Jared) ∧ FATHER_OF(Cain,Jared)"
24294,28282,FATHER_OF,"BROTHER_OF(Moriancumer,Jared) ∧ FATHER_OF(Midian,Jared)"
3251,28282,FATHER_OF,"BROTHER_OF(Moriancumer,Jared) ∧ FATHER_OF(Mosiah,Jared)"
19259,28282,FATHER_OF,"BROTHER_OF(Moriancumer,Jared) ∧ FATHER_OF(Lot,Jared)"
19072,28282,FATHER_OF,"BROTHER_OF(Moriancumer,Jared) ∧ FATHER_OF(Lehi,Jared)"
18900,28282,FATHER_OF,"BROTHER_OF(Moriancumer,Jared) ∧ FATHER_OF(Helaman,Jared)"
765216,28282,FATHER_OF,"BROTHER_OF(Moriancumer,Jared) ∧ FATHER_OF(Lehi Nephi,Jared)"
18915,28282,FATHER_OF,"BROTHER_OF(Moriancumer,Jared) ∧ FATHER_OF(Isaac,Jared)"
35453,28282,FATHER_OF,"BROTHER_OF(Moriancumer,Jared) ∧ FATHER_OF(Matthan,Jared)"
12037,28282,FATHER_OF,"BROTHER_OF(Moriancumer,Jared) ∧ FATHER_OF(Matán,Jared)"
19076,28282,FATHER_OF,"BROTHER_OF(Moriancumer,Jared) ∧ FATHER_OF(Zebedee,Jared)"
19075,28282,FATHER_OF,"BROTHER_OF(Moriancumer,Jared) ∧ FATHER_OF(Alphaeus,Jared)"
19536,28282,FATHER_OF,"BROTHER_OF(Moriancumer,Jared) ∧ FATHER_OF(Rachel,Jared)"
35060,28282,FATHER_OF,"BROTHER_OF(Moriancumer,Jared) ∧ FATHER_OF(Jonan,Jared)"
35037,28282,FATHER_OF,"BROTHER_OF(Moriancumer,Jared) ∧ FATHER_OF(Heli,Jared)"
3416,28282,FATHER_OF,"BROTHER_OF(Moriancumer,Jared) ∧ FATHER_OF(Amos,Jared)"
19109,28282,FATHER_OF,"BROTHER_OF(Moriancumer,Jared) ∧ FATHER_OF(Jude,Jared)"
3553,28282,FATHER_OF,"BROTHER_OF(Moriancumer,Jared) ∧ FATHER_OF(Jacob (patriarch),Jared)"
3549,28282,FATHER_OF,"BROTHER_OF(Moriancumer,Jared) ∧ FATHER_OF(Jacob,Jared)"
19870,28282,FATHER_OF,"BROTHER_OF(Moriancumer,Jared) ∧ FATHER_OF(Brigham Young,Jared)"
18670,28282,FATHER_OF,"BROTHER_OF(Moriancumer,Jared) ∧ FATHER_OF(Eli,Jared)"
409594,28282,FATHER_OF,"BROTHER_OF(Moriancumer,Jared) ∧ FATHER_OF(Jonam,Jared)"
18663,28282,FATHER_OF,"BROTHER_OF(Moriancumer,Jared) ∧ FATHER_OF(David,Jared)"
15527,28282,FATHER_OF,"BROTHER_OF(Moriancumer,Jared) ∧ FATHER_OF(Potiphera,Jared)"
30497,28282,FATHER_OF,"BROTHER_OF(Moriancumer,Jared) ∧ FATHER_OF(Hyrum,Jared)"
5852,28282,FATHER_OF,"BROTHER_OF(Moriancumer,Jared) ∧ FATHER_OF(Cuando,Jared)"
19583,28282,FATHER_OF,"BROTHER_OF(Moriancumer,Jared) ∧ FATHER_OF(Hyrum Smith,Jared)"
391257,28282,FATHER_OF,"BROTHER_OF(Moriancumer,Jared) ∧ FATHER_OF(Patriarch,Jared)"
18661,28282,FATHER_OF,"BROTHER_OF(Moriancumer,Jared) ∧ FATHER_OF(Daniel,Jared)"
36179,28282,FATHER_OF,"BROTHER_OF(Moriancumer,Jared) ∧ FATHER_OF(Hemdan,Jared)"
387410,28282,FATHER_OF,"BROTHER_OF(Moriancumer,Jared) ∧ FATHER_OF(Bathia,Jared)"
19088,28282,FATHER_OF,"BROTHER_OF(Moriancumer,Jared) ∧ FATHER_OF(Jethro,Jared)"
459345,28282,FATHER_OF,"BROTHER_OF(Moriancumer,Jared) ∧ FATHER_OF(Amaram,Jared)"
28095,28282,FATHER_OF,"BROTHER_OF(Moriancumer,Jared) ∧ FATHER_OF(Heth,Jared)"
3332,28282,FATHER_OF,"BROTHER_OF(Moriancumer,Jared) ∧ FATHER_OF(Mormon,Jared)"
660398,28282,FATHER_OF,"BROTHER_OF(Moriancumer,Jared) ∧ FATHER_OF(Prophet Mormon,Jared)"
20145,28282,FATHER_OF,"BROTHER_OF(Moriancumer,Jared) ∧ FATHER_OF(Righteousness,Jared)"
30365,28282,FATHER_OF,"BROTHER_OF(Moriancumer,Jared) ∧ FATHER_OF(Lamech,Jared)"
19913,28282,FATHER_OF,"BROTHER_OF(Moriancumer,Jared) ∧ FATHER_OF(Zeniff,Jared)"
18663,55957,FATHER_OF,"BROTHER_OF(Kimball,David) ∧ FATHER_OF(David,David)"
12891,55957,FATHER_OF,"BROTHER_OF(Kimball,David) ∧ FATHER_OF(Miclot,David)"
19088,55957,FATHER_OF,"BROTHER_OF(Kimball,David) ∧ FATHER_OF(Jethro,David)"
38340,55957,FATHER_OF,"BROTHER_OF(Kimball,David) ∧ FATHER_OF(Agee,David)"
395045,55957,FATHER_OF,"BROTHER_OF(Kimball,David) ∧ FATHER_OF(Agee Fugitive,David)"
38352,55957,FATHER_OF,"BROTHER_OF(Kimball,David) ∧ FATHER_OF(Hararite,David)"
36535,647867,FATHER_OF,"BROTHER_OF(First,Jared) ∧ FATHER_OF(Shammai,Jared)"
19095,647867,FATHER_OF,"BROTHER_OF(First,Jared) ∧ FATHER_OF(Jonathan,Jared)"
33560,647867,FATHER_OF,"BROTHER_OF(First,Jared) ∧ FATHER_OF(Tyre,Jared)"
19499,647867,FATHER_OF,"BROTHER_OF(First,Jared) ∧ FATHER_OF(Pharaoh,Jared)"
19078,647867,FATHER_OF,"BROTHER_OF(First,Jared) ∧ FATHER_OF(Jared,Jared)"
3579,647867,FATHER_OF,"BROTHER_OF(First,Jared) ∧ FATHER_OF(Cain,Jared)"
24294,647867,FATHER_OF,"BROTHER_OF(First,Jared) ∧ FATHER_OF(Midian,Jared)"
3251,647867,FATHER_OF,"BROTHER_OF(First,Jared) ∧ FATHER_OF(Mosiah,Jared)"
19259,647867,FATHER_OF,"BROTHER_OF(First,Jared) ∧ FATHER_OF(Lot,Jared)"
19072,647867,FATHER_OF,"BROTHER_OF(First,Jared) ∧ FATHER_OF(Lehi,Jared)"
18900,647867,FATHER_OF,"BROTHER_OF(First,Jared) ∧ FATHER_OF(Helaman,Jared)"
765216,647867,FATHER_OF,"BROTHER_OF(First,Jared) ∧ FATHER_OF(Lehi Nephi,Jared)"
18915,647867,FATHER_OF,"BROTHER_OF(First,Jared) ∧ FATHER_OF(Isaac,Jared)"
35453,647867,FATHER_OF,"BROTHER_OF(First,Jared) ∧ FATHER_OF(Matthan,Jared)"
12037,647867,FATHER_OF,"BROTHER_OF(First,Jared) ∧ FATHER_OF(Matán,Jared)"
19076,647867,FATHER_OF,"BROTHER_OF(First,Jared) ∧ FATHER_OF(Zebedee,Jared)"
19075,647867,FATHER_OF,"BROTHER_OF(First,Jared) ∧ FATHER_OF(Alphaeus,Jared)"
19536,647867,FATHER_OF,"BROTHER_OF(First,Jared) ∧ FATHER_OF(Rachel,Jared)"
35060,647867,FATHER_OF,"BROTHER_OF(First,Jared) ∧ FATHER_OF(Jonan,Jared)"
35037,647867,FATHER_OF,"BROTHER_OF(First,Jared) ∧ FATHER_OF(Heli,Jared)"
3416,647867,FATHER_OF,"BROTHER_OF(First,Jared) ∧ FATHER_OF(Amos,Jared)"
19109,647867,FATHER_OF,"BROTHER_OF(First,Jared) ∧ FATHER_OF(Jude,Jared)"
3553,647867,FATHER_OF,"BROTHER_OF(First,Jared) ∧ FATHER_OF(Jacob (patriarch),Jared)"
3549,647867,FATHER_OF,"BROTHER_OF(First,Jared) ∧ FATHER_OF(Jacob,Jared)"
19870,647867,FATHER_OF,"BROTHER_OF(First,Jared) ∧ FATHER_OF(Brigham Young,Jared)"
18670,647867,FATHER_OF,"BROTHER_OF(First,Jared) ∧ FATHER_OF(Eli,Jared)"
409594,647867,FATHER_OF,"BROTHER_OF(First,Jared) ∧ FATHER_OF(Jonam,Jared)"
18663,647867,FATHER_OF,"BROTHER_OF(First,Jared) ∧ FATHER_OF(David,Jared)"
15527,647867,FATHER_OF,"BROTHER_OF(First,Jared) ∧ FATHER_OF(Potiphera,Jared)"
30497,647867,FATHER_OF,"BROTHER_OF(First,Jared) ∧ FATHER_OF(Hyrum,Jared)"
5852,647867,FATHER_OF,"BROTHER_OF(First,Jared) ∧ FATHER_OF(Cuando,Jared)"
19583,647867,FATHER_OF,"BROTHER_OF(First,Jared) ∧ FATHER_OF(Hyrum Smith,Jared)"
391257,647867,FATHER_OF,"BROTHER_OF(First,Jared) ∧ FATHER_OF(Patriarch,Jared)"
18661,647867,FATHER_OF,"BROTHER_OF(First,Jared) ∧ FATHER_OF(Daniel,Jared)"
36179,647867,FATHER_OF,"BROTHER_OF(First,Jared) ∧ FATHER_OF(Hemdan,Jared)"
387410,647867,FATHER_OF,"BROTHER_OF(First,Jared) ∧ FATHER_OF(Bathia,Jared)"
19088,647867,FATHER_OF,"BROTHER_OF(First,Jared) ∧ FATHER_OF(Jethro,Jared)"
459345,647867,FATHER_OF,"BROTHER_OF(First,Jared) ∧ FATHER_OF(Amaram,Jared)"
28095,647867,FATHER_OF,"BROTHER_OF(First,Jared) ∧ FATHER_OF(Heth,Jared)"
3332,647867,FATHER_OF,"BROTHER_OF(First,Jared) ∧ FATHER_OF(Mormon,Jared)"
660398,647867,FATHER_OF,"BROTHER_OF(First,Jared) ∧ FATHER_OF(Prophet Mormon,Jared)"
20145,647867,FATHER_OF,"BROTHER_OF(First,Jared) ∧ FATHER_OF(Righteousness,Jared)"
30365,647867,FATHER_OF,"BROTHER_OF(First,Jared) ∧ FATHER_OF(Lamech,Jared)"
19913,647867,FATHER_OF,"BROTHER_OF(First,Jared) ∧ FATHER_OF(Zeniff,Jared)"
36535,19324,FATHER_OF,"BROTHER_OF(Moroni,Jared) ∧ FATHER_OF(Shammai,Jared)"
19095,19324,FATHER_OF,"BROTHER_OF(Moroni,Jared) ∧ FATHER_OF(Jonathan,Jared)"
33560,19324,FATHER_OF,"BROTHER_OF(Moroni,Jared) ∧ FATHER_OF(Tyre,Jared)"
19499,19324,FATHER_OF,"BROTHER_OF(Moroni,Jared) ∧ FATHER_OF(Pharaoh,Jared)"
19078,19324,FATHER_OF,"BROTHER_OF(Moroni,Jared) ∧ FATHER_OF(Jared,Jared)"
3579,19324,FATHER_OF,"BROTHER_OF(Moroni,Jared) ∧ FATHER_OF(Cain,Jared)"
24294,19324,FATHER_OF,"BROTHER_OF(Moroni,Jared) ∧ FATHER_OF(Midian,Jared)"
3251,19324,FATHER_OF,"BROTHER_OF(Moroni,Jared) ∧ FATHER_OF(Mosiah,Jared)"
19259,19324,FATHER_OF,"BROTHER_OF(Moroni,Jared) ∧ FATHER_OF(Lot,Jared)"
19072,19324,FATHER_OF,"BROTHER_OF(Moroni,Jared) ∧ FATHER_OF(Lehi,Jared)"
18900,19324,FATHER_OF,"BROTHER_OF(Moroni,Jared) ∧ FATHER_OF(Helaman,Jared)"
765216,19324,FATHER_OF,"BROTHER_OF(Moroni,Jared) ∧ FATHER_OF(Lehi Nephi,Jared)"
18915,19324,FATHER_OF,"BROTHER_OF(Moroni,Jared) ∧ FATHER_OF(Isaac,Jared)"
35453,19324,FATHER_OF,"BROTHER_OF(Moroni,Jared) ∧ FATHER_OF(Matthan,Jared)"
12037,19324,FATHER_OF,"BROTHER_OF(Moroni,Jared) ∧ FATHER_OF(Matán,Jared)"
19076,19324,FATHER_OF,"BROTHER_OF(Moroni,Jared) ∧ FATHER_OF(Zebedee,Jared)"
19075,19324,FATHER_OF,"BROTHER_OF(Moroni,Jared) ∧ FATHER_OF(Alphaeus,Jared)"
19536,19324,FATHER_OF,"BROTHER_OF(Moroni,Jared) ∧ FATHER_OF(Rachel,Jared)"
35060,19324,FATHER_OF,"BROTHER_OF(Moroni,Jared) ∧ FATHER_OF(Jonan,Jared)"
35037,19324,FATHER_OF,"BROTHER_OF(Moroni,Jared) ∧ FATHER_OF(Heli,Jared)"
3416,19324,FATHER_OF,"BROTHER_OF(Moroni,Jared) ∧ FATHER_OF(Amos,Jared)"
19109,19324,FATHER_OF,"BROTHER_OF(Moroni,Jared) ∧ FATHER_OF(Jude,Jared)"
3553,19324,FATHER_OF,"BROTHER_OF(Moroni,Jared) ∧ FATHER_OF(Jacob (patriarch),Jared)"
3549,19324,FATHER_OF,"BROTHER_OF(Moroni,Jared) ∧ FATHER_OF(Jacob,Jared)"
19870,19324,FATHER_OF,"BROTHER_OF(Moroni,Jared) ∧ FATHER_OF(Brigham Young,Jared)"
18670,19324,FATHER_OF,"BROTHER_OF(Moroni,Jared) ∧ FATHER_OF(Eli,Jared)"
409594,19324,FATHER_OF,"BROTHER_OF(Moroni,Jared) ∧ FATHER_OF(Jonam,Jared)"
18663,19324,FATHER_OF,"BROTHER_OF(Moroni,Jared) ∧ FATHER_OF(David,Jared)"
15527,19324,FATHER_OF,"BROTHER_OF(Moroni,Jared) ∧ FATHER_OF(Potiphera,Jared)"
30497,19324,FATHER_OF,"BROTHER_OF(Moroni,Jared) ∧ FATHER_OF(Hyrum,Jared)"
5852,19324,FATHER_OF,"BROTHER_OF(Moroni,Jared) ∧ FATHER_OF(Cuando,Jared)"
19583,19324,FATHER_OF,"BROTHER_OF(Moroni,Jared) ∧ FATHER_OF(Hyrum Smith,Jared)"
391257,19324,FATHER_OF,"BROTHER_OF(Moroni,Jared) ∧ FATHER_OF(Patriarch,Jared)"
18661,19324,FATHER_OF,"BROTHER_OF(Moroni,Jared) ∧ FATHER_OF(Daniel,Jared)"
36179,19324,FATHER_OF,"BROTHER_OF(Moroni,Jared) ∧ FATHER_OF(Hemdan,Jared)"
387410,19324,FATHER_OF,"BROTHER_OF(Moroni,Jared) ∧ FATHER_OF(Bathia,Jared)"
19088,19324,FATHER_OF,"BROTHER_OF(Moroni,Jared) ∧ FATHER_OF(Jethro,Jared)"
459345,19324,FATHER_OF,"BROTHER_OF(Moroni,Jared) ∧ FATHER_OF(Amaram,Jared)"
28095,19324,FATHER_OF,"BROTHER_OF(Moroni,Jared) ∧ FATHER_OF(Heth,Jared)"
20145,19324,FATHER_OF,"BROTHER_OF(Moroni,Jared) ∧ FATHER_OF(Righteousness,Jared)"
30365,19324,FATHER_OF,"BROTHER_OF(Moroni,Jared) ∧ FATHER_OF(Lamech,Jared)"
19913,19324,FATHER_OF,"BROTHER_OF(Moroni,Jared) ∧ FATHER_OF(Zeniff,Jared)"
36535,39795,FATHER_OF,"BROTHER_OF(Babel,Jared) ∧ FATHER_OF(Shammai,Jared)"
19095,39795,FATHER_OF,"BROTHER_OF(Babel,Jared) ∧ FATHER_OF(Jonathan,Jared)"
33560,39795,FATHER_OF,"BROTHER_OF(Babel,Jared) ∧ FATHER_OF(Tyre,Jared)"
19499,39795,FATHER_OF,"BROTHER_OF(Babel,Jared) ∧ FATHER_OF(Pharaoh,Jared)"
19078,39795,FATHER_OF,"BROTHER_OF(Babel,Jared) ∧ FATHER_OF(Jared,Jared)"
3579,39795,FATHER_OF,"BROTHER_OF(Babel,Jared) ∧ FATHER_OF(Cain,Jared)"
24294,39795,FATHER_OF,"BROTHER_OF(Babel,Jared) ∧ FATHER_OF(Midian,Jared)"
3251,39795,FATHER_OF,"BROTHER_OF(Babel,Jared) ∧ FATHER_OF(Mosiah,Jared)"
19259,39795,FATHER_OF,"BROTHER_OF(Babel,Jared) ∧ FATHER_OF(Lot,Jared)"
19072,39795,FATHER_OF,"BROTHER_OF(Babel,Jared) ∧ FATHER_OF(Lehi,Jared)"
18900,39795,FATHER_OF,"BROTHER_OF(Babel,Jared) ∧ FATHER_OF(Helaman,Jared)"
765216,39795,FATHER_OF,"BROTHER_OF(Babel,Jared) ∧ FATHER_OF(Lehi Nephi,Jared)"
18915,39795,FATHER_OF,"BROTHER_OF(Babel,Jared) ∧ FATHER_OF(Isaac,Jared)"
35453,39795,FATHER_OF,"BROTHER_OF(Babel,Jared) ∧ FATHER_OF(Matthan,Jared)"
12037,39795,FATHER_OF,"BROTHER_OF(Babel,Jared) ∧ FATHER_OF(Matán,Jared)"
19076,39795,FATHER_OF,"BROTHER_OF(Babel,Jared) ∧ FATHER_OF(Zebedee,Jared)"
19075,39795,FATHER_OF,"BROTHER_OF(Babel,Jared) ∧ FATHER_OF(Alphaeus,Jared)"
19536,39795,FATHER_OF,"BROTHER_OF(Babel,Jared) ∧ FATHER_OF(Rachel,Jared)"
35060,39795,FATHER_OF,"BROTHER_OF(Babel,Jared) ∧ FATHER_OF(Jonan,Jared)"
35037,39795,FATHER_OF,"BROTHER_OF(Babel,Jared) ∧ FATHER_OF(Heli,Jared)"
3416,39795,FATHER_OF,"BROTHER_OF(Babel,Jared) ∧ FATHER_OF(Amos,Jared)"
19109,39795,FATHER_OF,"BROTHER_OF(Babel,Jared) ∧ FATHER_OF(Jude,Jared)"
3553,39795,FATHER_OF,"BROTHER_OF(Babel,Jared) ∧ FATHER_OF(Jacob (patriarch),Jared)"
3549,39795,FATHER_OF,"BROTHER_OF(Babel,Jared) ∧ FATHER_OF(Jacob,Jared)"
19870,39795,FATHER_OF,"BROTHER_OF(Babel,Jared) ∧ FATHER_OF(Brigham Young,Jared)"
18670,39795,FATHER_OF,"BROTHER_OF(Babel,Jared) ∧ FATHER_OF(Eli,Jared)"
409594,39795,FATHER_OF,"BROTHER_OF(Babel,Jared) ∧ FATHER_OF(Jonam,Jared)"
18663,39795,FATHER_OF,"BROTHER_OF(Babel,Jared) ∧ FATHER_OF(David,Jared)"
15527,39795,FATHER_OF,"BROTHER_OF(Babel,Jared) ∧ FATHER_OF(Potiphera,Jared)"
30497,39795,FATHER_OF,"BROTHER_OF(Babel,Jared) ∧ FATHER_OF(Hyrum,Jared)"
5852,39795,FATHER_OF,"BROTHER_OF(Babel,Jared) ∧ FATHER_OF(Cuando,Jared)"
19583,39795,FATHER_OF,"BROTHER_OF(Babel,Jared) ∧ FATHER_OF(Hyrum Smith,Jared)"
391257,39795,FATHER_OF,"BROTHER_OF(Babel,Jared) ∧ FATHER_OF(Patriarch,Jared)"
18661,39795,FATHER_OF,"BROTHER_OF(Babel,Jared) ∧ FATHER_OF(Daniel,Jared)"
36179,39795,FATHER_OF,"BROTHER_OF(Babel,Jared) ∧ FATHER_OF(Hemdan,Jared)"
387410,39795,FATHER_OF,"BROTHER_OF(Babel,Jared) ∧ FATHER_OF(Bathia,Jared)"
19088,39795,FATHER_OF,"BROTHER_OF(Babel,Jared) ∧ FATHER_OF(Jethro,Jared)"
459345,39795,FATHER_OF,"BROTHER_OF(Babel,Jared) ∧ FATHER_OF(Amaram,Jared)"
28095,39795,FATHER_OF,"BROTHER_OF(Babel,Jared) ∧ FATHER_OF(Heth,Jared)"
3332,39795,FATHER_OF,"BROTHER_OF(Babel,Jared) ∧ FATHER_OF(Mormon,Jared)"
660398,39795,FATHER_OF,"BROTHER_OF(Babel,Jared) ∧ FATHER_OF(Prophet Mormon,Jared)"
20145,39795,FATHER_OF,"BROTHER_OF(Babel,Jared) ∧ FATHER_OF(Righteousness,Jared)"
30365,39795,FATHER_OF,"BROTHER_OF(Babel,Jared) ∧ FATHER_OF(Lamech,Jared)"
19913,39795,FATHER_OF,"BROTHER_OF(Babel,Jared) ∧ FATHER_OF(Zeniff,Jared)"
36535,158076,FATHER_OF,"BROTHER_OF(Because,Jared) ∧ FATHER_OF(Shammai,Jared)"
19095,158076,FATHER_OF,"BROTHER_OF(Because,Jared) ∧ FATHER_OF(Jonathan,Jared)"
33560,158076,FATHER_OF,"BROTHER_OF(Because,Jared) ∧ FATHER_OF(Tyre,Jared)"
19499,158076,FATHER_OF,"BROTHER_OF(Because,Jared) ∧ FATHER_OF(Pharaoh,Jared)"
19078,158076,FATHER_OF,"BROTHER_OF(Because,Jared) ∧ FATHER_OF(Jared,Jared)"
3579,158076,FATHER_OF,"BROTHER_OF(Because,Jared) ∧ FATHER_OF(Cain,Jared)"
24294,158076,FATHER_OF,"BROTHER_OF(Because,Jared) ∧ FATHER_OF(Midian,Jared)"
3251,158076,FATHER_OF,"BROTHER_OF(Because,Jared) ∧ FATHER_OF(Mosiah,Jared)"
19259,158076,FATHER_OF,"BROTHER_OF(Because,Jared) ∧ FATHER_OF(Lot,Jared)"
19072,158076,FATHER_OF,"BROTHER_OF(Because,Jared) ∧ FATHER_OF(Lehi,Jared)"
18900,158076,FATHER_OF,"BROTHER_OF(Because,Jared) ∧ FATHER_OF(Helaman,Jared)"
765216,158076,FATHER_OF,"BROTHER_OF(Because,Jared) ∧ FATHER_OF(Lehi Nephi,Jared)"
18915,158076,FATHER_OF,"BROTHER_OF(Because,Jared) ∧ FATHER_OF(Isaac,Jared)"
35453,158076,FATHER_OF,"BROTHER_OF(Because,Jared) ∧ FATHER_OF(Matthan,Jared)"
12037,158076,FATHER_OF,"BROTHER_OF(Because,Jared) ∧ FATHER_OF(Matán,Jared)"
19076,158076,FATHER_OF,"BROTHER_OF(Because,Jared) ∧ FATHER_OF(Zebedee,Jared)"
19075,158076,FATHER_OF,"BROTHER_OF(Because,Jared) ∧ FATHER_OF(Alphaeus,Jared)"
19536,158076,FATHER_OF,"BROTHER_OF(Because,Jared) ∧ FATHER_OF(Rachel,Jared)"
35060,158076,FATHER_OF,"BROTHER_OF(Because,Jared) ∧ FATHER_OF(Jonan,Jared)"
35037,158076,FATHER_OF,"BROTHER_OF(Because,Jared) ∧ FATHER_OF(Heli,Jared)"
3416,158076,FATHER_OF,"BROTHER_OF(Because,Jared) ∧ FATHER_OF(Amos,Jared)"
19109,158076,FATHER_OF,"BROTHER_OF(Because,Jared) ∧ FATHER_OF(Jude,Jared)"
3553,158076,FATHER_OF,"BROTHER_OF(Because,Jared) ∧ FATHER_OF(Jacob (patriarch),Jared)"
3549,158076,FATHER_OF,"BROTHER_OF(Because,Jared) ∧ FATHER_OF(Jacob,Jared)"
19870,158076,FATHER_OF,"BROTHER_OF(Because,Jared) ∧ FATHER_OF(Brigham Young,Jared)"
18670,158076,FATHER_OF,"BROTHER_OF(Because,Jared) ∧ FATHER_OF(Eli,Jared)"
409594,158076,FATHER_OF,"BROTHER_OF(Because,Jared) ∧ FATHER_OF(Jonam,Jared)"
18663,158076,FATHER_OF,"BROTHER_OF(Because,Jared) ∧ FATHER_OF(David,Jared)"
15527,158076,FATHER_OF,"BROTHER_OF(Because,Jared) ∧ FATHER_OF(Potiphera,Jared)"
30497,158076,FATHER_OF,"BROTHER_OF(Because,Jared) ∧ FATHER_OF(Hyrum,Jared)"
5852,158076,FATHER_OF,"BROTHER_OF(Because,Jared) ∧ FATHER_OF(Cuando,Jared)"
19583,158076,FATHER_OF,"BROTHER_OF(Because,Jared) ∧ FATHER_OF(Hyrum Smith,Jared)"
391257,158076,FATHER_OF,"BROTHER_OF(Because,Jared) ∧ FATHER_OF(Patriarch,Jared)"
18661,158076,FATHER_OF,"BROTHER_OF(Because,Jared) ∧ FATHER_OF(Daniel,Jared)"
36179,158076,FATHER_OF,"BROTHER_OF(Because,Jared) ∧ FATHER_OF(Hemdan,Jared)"
387410,158076,FATHER_OF,"BROTHER_OF(Because,Jared) ∧ FATHER_OF(Bathia,Jared)"
19088,158076,FATHER_OF,"BROTHER_OF(Because,Jared) ∧ FATHER_OF(Jethro,Jared)"
459345,158076,FATHER_OF,"BROTHER_OF(Because,Jared) ∧ FATHER_OF(Amaram,Jared)"
28095,158076,FATHER_OF,"BROTHER_OF(Because,Jared) ∧ FATHER_OF(Heth,Jared)"
3332,158076,FATHER_OF,"BROTHER_OF(Because,Jared) ∧ FATHER_OF(Mormon,Jared)"
660398,158076,FATHER_OF,"BROTHER_OF(Because,Jared) ∧ FATHER_OF(Prophet Mormon,Jared)"
20145,158076,FATHER_OF,"BROTHER_OF(Because,Jared) ∧ FATHER_OF(Righteousness,Jared)"
30365,158076,FATHER_OF,"BROTHER_OF(Because,Jared) ∧ FATHER_OF(Lamech,Jared)"
19913,158076,FATHER_OF,"BROTHER_OF(Because,Jared) ∧ FATHER_OF(Zeniff,Jared)"
36535,453097,FATHER_OF,"BROTHER_OF(WELL,Jared) ∧ FATHER_OF(Shammai,Jared)"
19095,453097,FATHER_OF,"BROTHER_OF(WELL,Jared) ∧ FATHER_OF(Jonathan,Jared)"
33560,453097,FATHER_OF,"BROTHER_OF(WELL,Jared) ∧ FATHER_OF(Tyre,Jared)"
19499,453097,FATHER_OF,"BROTHER_OF(WELL,Jared) ∧ FATHER_OF(Pharaoh,Jared)"
19078,453097,FATHER_OF,"BROTHER_OF(WELL,Jared) ∧ FATHER_OF(Jared,Jared)"
3579,453097,FATHER_OF,"BROTHER_OF(WELL,Jared) ∧ FATHER_OF(Cain,Jared)"
24294,453097,FATHER_OF,"BROTHER_OF(WELL,Jared) ∧ FATHER_OF(Midian,Jared)"
3251,453097,FATHER_OF,"BROTHER_OF(WELL,Jared) ∧ FATHER_OF(Mosiah,Jared)"
19259,453097,FATHER_OF,"BROTHER_OF(WELL,Jared) ∧ FATHER_OF(Lot,Jared)"
19072,453097,FATHER_OF,"BROTHER_OF(WELL,Jared) ∧ FATHER_OF(Lehi,Jared)"
18900,453097,FATHER_OF,"BROTHER_OF(WELL,Jared) ∧ FATHER_OF(Helaman,Jared)"
765216,453097,FATHER_OF,"BROTHER_OF(WELL,Jared) ∧ FATHER_OF(Lehi Nephi,Jared)"
18915,453097,FATHER_OF,"BROTHER_OF(WELL,Jared) ∧ FATHER_OF(Isaac,Jared)"
35453,453097,FATHER_OF,"BROTHER_OF(WELL,Jared) ∧ FATHER_OF(Matthan,Jared)"
12037,453097,FATHER_OF,"BROTHER_OF(WELL,Jared) ∧ FATHER_OF(Matán,Jared)"
19076,453097,FATHER_OF,"BROTHER_OF(WELL,Jared) ∧ FATHER_OF(Zebedee,Jared)"
19075,453097,FATHER_OF,"BROTHER_OF(WELL,Jared) ∧ FATHER_OF(Alphaeus,Jared)"
19536,453097,FATHER_OF,"BROTHER_OF(WELL,Jared) ∧ FATHER_OF(Rachel,Jared)"
35060,453097,FATHER_OF,"BROTHER_OF(WELL,Jared) ∧ FATHER_OF(Jonan,Jared)"
35037,453097,FATHER_OF,"BROTHER_OF(WELL,Jared) ∧ FATHER_OF(Heli,Jared)"
3416,453097,FATHER_OF,"BROTHER_OF(WELL,Jared) ∧ FATHER_OF(Amos,Jared)"
19109,453097,FATHER_OF,"BROTHER_OF(WELL,Jared) ∧ FATHER_OF(Jude,Jared)"
3553,453097,FATHER_OF,"BROTHER_OF(WELL,Jared) ∧ FATHER_OF(Jacob (patriarch),Jared)"
3549,453097,FATHER_OF,"BROTHER_OF(WELL,Jared) ∧ FATHER_OF(Jacob,Jared)"
19870,453097,FATHER_OF,"BROTHER_OF(WELL,Jared) ∧ FATHER_OF(Brigham Young,Jared)"
18670,453097,FATHER_OF,"BROTHER_OF(WELL,Jared) ∧ FATHER_OF(Eli,Jared)"
409594,453097,FATHER_OF,"BROTHER_OF(WELL,Jared) ∧ FATHER_OF(Jonam,Jared)"
18663,453097,FATHER_OF,"BROTHER_OF(WELL,Jared) ∧ FATHER_OF(David,Jared)"
15527,453097,FATHER_OF,"BROTHER_OF(WELL,Jared) ∧ FATHER_OF(Potiphera,Jared)"
30497,453097,FATHER_OF,"BROTHER_OF(WELL,Jared) ∧ FATHER_OF(Hyrum,Jared)"
5852,453097,FATHER_OF,"BROTHER_OF(WELL,Jared) ∧ FATHER_OF(Cuando,Jared)"
19583,453097,FATHER_OF,"BROTHER_OF(WELL,Jared) ∧ FATHER_OF(Hyrum Smith,Jared)"
391257,453097,FATHER_OF,"BROTHER_OF(WELL,Jared) ∧ FATHER_OF(Patriarch,Jared)"
18661,453097,FATHER_OF,"BROTHER_OF(WELL,Jared) ∧ FATHER_OF(Daniel,Jared)"
36179,453097,FATHER_OF,"BROTHER_OF(WELL,Jared) ∧ FATHER_OF(Hemdan,Jared)"
387410,453097,FATHER_OF,"BROTHER_OF(WELL,Jared) ∧ FATHER_OF(Bathia,Jared)"
19088,453097,FATHER_OF,"BROTHER_OF(WELL,Jared) ∧ FATHER_OF(Jethro,Jared)"
459345,453097,FATHER_OF,"BROTHER_OF(WELL,Jared) ∧ FATHER_OF(Amaram,Jared)"
28095,453097,FATHER_OF,"BROTHER_OF(WELL,Jared) ∧ FATHER_OF(Heth,Jared)"
3332,453097,FATHER_OF,"BROTHER_OF(WELL,Jared) ∧ FATHER_OF(Mormon,Jared)"
660398,453097,FATHER_OF,"BROTHER_OF(WELL,Jared) ∧ FATHER_OF(Prophet Mormon,Jared)"
20145,453097,FATHER_OF,"BROTHER_OF(WELL,Jared) ∧ FATHER_OF(Righteousness,Jared)"
30365,453097,FATHER_OF,"BROTHER_OF(WELL,Jared) ∧ FATHER_OF(Lamech,Jared)"
19913,453097,FATHER_OF,"BROTHER_OF(WELL,Jared) ∧ FATHER_OF(Zeniff,Jared)"
36535,3332,FATHER_OF,"BROTHER_OF(Mormon,Jared) ∧ FATHER_OF(Shammai,Jared)"
19095,3332,FATHER_OF,"BROTHER_OF(Mormon,Jared) ∧ FATHER_OF(Jonathan,Jared)"
33560,3332,FATHER_OF,"BROTHER_OF(Mormon,Jared) ∧ FATHER_OF(Tyre,Jared)"
19499,3332,FATHER_OF,"BROTHER_OF(Mormon,Jared) ∧ FATHER_OF(Pharaoh,Jared)"
19078,3332,FATHER_OF,"BROTHER_OF(Mormon,Jared) ∧ FATHER_OF(Jared,Jared)"
3579,3332,FATHER_OF,"BROTHER_OF(Mormon,Jared) ∧ FATHER_OF(Cain,Jared)"
24294,3332,FATHER_OF,"BROTHER_OF(Mormon,Jared) ∧ FATHER_OF(Midian,Jared)"
3251,3332,FATHER_OF,"BROTHER_OF(Mormon,Jared) ∧ FATHER_OF(Mosiah,Jared)"
19259,3332,FATHER_OF,"BROTHER_OF(Mormon,Jared) ∧ FATHER_OF(Lot,Jared)"
19072,3332,FATHER_OF,"BROTHER_OF(Mormon,Jared) ∧ FATHER_OF(Lehi,Jared)"
18900,3332,FATHER_OF,"BROTHER_OF(Mormon,Jared) ∧ FATHER_OF(Helaman,Jared)"
765216,3332,FATHER_OF,"BROTHER_OF(Mormon,Jared) ∧ FATHER_OF(Lehi Nephi,Jared)"
18915,3332,FATHER_OF,"BROTHER_OF(Mormon,Jared) ∧ FATHER_OF(Isaac,Jared)"
35453,3332,FATHER_OF,"BROTHER_OF(Mormon,Jared) ∧ FATHER_OF(Matthan,Jared)"
12037,3332,FATHER_OF,"BROTHER_OF(Mormon,Jared) ∧ FATHER_OF(Matán,Jared)"
19076,3332,FATHER_OF,"BROTHER_OF(Mormon,Jared) ∧ FATHER_OF(Zebedee,Jared)"
19075,3332,FATHER_OF,"BROTHER_OF(Mormon,Jared) ∧ FATHER_OF(Alphaeus,Jared)"
19536,3332,FATHER_OF,"BROTHER_OF(Mormon,Jared) ∧ FATHER_OF(Rachel,Jared)"
35060,3332,FATHER_OF,"BROTHER_OF(Mormon,Jared) ∧ FATHER_OF(Jonan,Jared)"
35037,3332,FATHER_OF,"BROTHER_OF(Mormon,Jared) ∧ FATHER_OF(Heli,Jared)"
3416,3332,FATHER_OF,"BROTHER_OF(Mormon,Jared) ∧ FATHER_OF(Amos,Jared)"
19109,3332,FATHER_OF,"BROTHER_OF(Mormon,Jared) ∧ FATHER_OF(Jude,Jared)"
3553,3332,FATHER_OF,"BROTHER_OF(Mormon,Jared) ∧ FATHER_OF(Jacob (patriarch),Jared)"
3549,3332,FATHER_OF,"BROTHER_OF(Mormon,Jared) ∧ FATHER_OF(Jacob,Jared)"
19870,3332,FATHER_OF,"BROTHER_OF(Mormon,Jared) ∧ FATHER_OF(Brigham Young,Jared)"
18670,3332,FATHER_OF,"BROTHER_OF(Mormon,Jared) ∧ FATHER_OF(Eli,Jared)"
409594,3332,FATHER_OF,"BROTHER_OF(Mormon,Jared) ∧ FATHER_OF(Jonam,Jared)"
18663,3332,FATHER_OF,"BROTHER_OF(Mormon,Jared) ∧ FATHER_OF(David,Jared)"
15527,3332,FATHER_OF,"BROTHER_OF(Mormon,Jared) ∧ FATHER_OF(Potiphera,Jared)"
30497,3332,FATHER_OF,"BROTHER_OF(Mormon,Jared) ∧ FATHER_OF(Hyrum,Jared)"
5852,3332,FATHER_OF,"BROTHER_OF(Mormon,Jared) ∧ FATHER_OF(Cuando,Jared)"
19583,3332,FATHER_OF,"BROTHER_OF(Mormon,Jared) ∧ FATHER_OF(Hyrum Smith,Jared)"
391257,3332,FATHER_OF,"BROTHER_OF(Mormon,Jared) ∧ FATHER_OF(Patriarch,Jared)"
18661,3332,FATHER_OF,"BROTHER_OF(Mormon,Jared) ∧ FATHER_OF(Daniel,Jared)"
36179,3332,FATHER_OF,"BROTHER_OF(Mormon,Jared) ∧ FATHER_OF(Hemdan,Jared)"
387410,3332,FATHER_OF,"BROTHER_OF(Mormon,Jared) ∧ FATHER_OF(Bathia,Jared)"
19088,3332,FATHER_OF,"BROTHER_OF(Mormon,Jared) ∧ FATHER_OF(Jethro,Jared)"
459345,3332,FATHER_OF,"BROTHER_OF(Mormon,Jared) ∧ FATHER_OF(Amaram,Jared)"
28095,3332,FATHER_OF,"BROTHER_OF(Mormon,Jared) ∧ FATHER_OF(Heth,Jared)"
3332,3332,FATHER_OF,"BROTHER_OF(Mormon,Jared) ∧ FATHER_OF(Mormon,Jared)"
660398,3332,FATHER_OF,"BROTHER_OF(Mormon,Jared) ∧ FATHER_OF(Prophet Mormon,Jared)"
20145,3332,FATHER_OF,"BROTHER_OF(Mormon,Jared) ∧ FATHER_OF(Righteousness,Jared)"
30365,3332,FATHER_OF,"BROTHER_OF(Mormon,Jared) ∧ FATHER_OF(Lamech,Jared)"
19913,3332,FATHER_OF,"BROTHER_OF(Mormon,Jared) ∧ FATHER_OF(Zeniff,Jared)"
36535,304044,FATHER_OF,"BROTHER_OF(But,Jared) ∧ FATHER_OF(Shammai,Jared)"
19095,304044,FATHER_OF,"BROTHER_OF(But,Jared) ∧ FATHER_OF(Jonathan,Jared)"
33560,304044,FATHER_OF,"BROTHER_OF(But,Jared) ∧ FATHER_OF(Tyre,Jared)"
19499,304044,FATHER_OF,"BROTHER_OF(But,Jared) ∧ FATHER_OF(Pharaoh,Jared)"
19078,304044,FATHER_OF,"BROTHER_OF(But,Jared) ∧ FATHER_OF(Jared,Jared)"
3579,304044,FATHER_OF,"BROTHER_OF(But,Jared) ∧ FATHER_OF(Cain,Jared)"
24294,304044,FATHER_OF,"BROTHER_OF(But,Jared) ∧ FATHER_OF(Midian,Jared)"
3251,304044,FATHER_OF,"BROTHER_OF(But,Jared) ∧ FATHER_OF(Mosiah,Jared)"
19259,304044,FATHER_OF,"BROTHER_OF(But,Jared) ∧ FATHER_OF(Lot,Jared)"
19072,304044,FATHER_OF,"BROTHER_OF(But,Jared) ∧ FATHER_OF(Lehi,Jared)"
18900,304044,FATHER_OF,"BROTHER_OF(But,Jared) ∧ FATHER_OF(Helaman,Jared)"
765216,304044,FATHER_OF,"BROTHER_OF(But,Jared) ∧ FATHER_OF(Lehi Nephi,Jared)"
18915,304044,FATHER_OF,"BROTHER_OF(But,Jared) ∧ FATHER_OF(Isaac,Jared)"
35453,304044,FATHER_OF,"BROTHER_OF(But,Jared) ∧ FATHER_OF(Matthan,Jared)"
12037,304044,FATHER_OF,"BROTHER_OF(But,Jared) ∧ FATHER_OF(Matán,Jared)"
19076,304044,FATHER_OF,"BROTHER_OF(But,Jared) ∧ FATHER_OF(Zebedee,Jared)"
19075,304044,FATHER_OF,"BROTHER_OF(But,Jared) ∧ FATHER_OF(Alphaeus,Jared)"
19536,304044,FATHER_OF,"BROTHER_OF(But,Jared) ∧ FATHER_OF(Rachel,Jared)"
35060,304044,FATHER_OF,"BROTHER_OF(But,Jared) ∧ FATHER_OF(Jonan,Jared)"
35037,304044,FATHER_OF,"BROTHER_OF(But,Jared) ∧ FATHER_OF(Heli,Jared)"
3416,304044,FATHER_OF,"BROTHER_OF(But,Jared) ∧ FATHER_OF(Amos,Jared)"
19109,304044,FATHER_OF,"BROTHER_OF(But,Jared) ∧ FATHER_OF(Jude,Jared)"
3553,304044,FATHER_OF,"BROTHER_OF(But,Jared) ∧ FATHER_OF(Jacob (patriarch),Jared)"
3549,304044,FATHER_OF,"BROTHER_OF(But,Jared) ∧ FATHER_OF(Jacob,Jared)"
19870,304044,FATHER_OF,"BROTHER_OF(But,Jared) ∧ FATHER_OF(Brigham Young,Jared)"
18670,304044,FATHER_OF,"BROTHER_OF(But,Jared) ∧ FATHER_OF(Eli,Jared)"
409594,304044,FATHER_OF,"BROTHER_OF(But,Jared) ∧ FATHER_OF(Jonam,Jared)"
18663,304044,FATHER_OF,"BROTHER_OF(But,Jared) ∧ FATHER_OF(David,Jared)"
15527,304044,FATHER_OF,"BROTHER_OF(But,Jared) ∧ FATHER_OF(Potiphera,Jared)"
30497,304044,FATHER_OF,"BROTHER_OF(But,Jared) ∧ FATHER_OF(Hyrum,Jared)"
5852,304044,FATHER_OF,"BROTHER_OF(But,Jared) ∧ FATHER_OF(Cuando,Jared)"
19583,304044,FATHER_OF,"BROTHER_OF(But,Jared) ∧ FATHER_OF(Hyrum Smith,Jared)"
391257,304044,FATHER_OF,"BROTHER_OF(But,Jared) ∧ FATHER_OF(Patriarch,Jared)"
18661,304044,FATHER_OF,"BROTHER_OF(But,Jared) ∧ FATHER_OF(Daniel,Jared)"
36179,304044,FATHER_OF,"BROTHER_OF(But,Jared) ∧ FATHER_OF(Hemdan,Jared)"
387410,304044,FATHER_OF,"BROTHER_OF(But,Jared) ∧ FATHER_OF(Bathia,Jared)"
19088,304044,FATHER_OF,"BROTHER_OF(But,Jared) ∧ FATHER_OF(Jethro,Jared)"
459345,304044,FATHER_OF,"BROTHER_OF(But,Jared) ∧ FATHER_OF(Amaram,Jared)"
28095,304044,FATHER_OF,"BROTHER_OF(But,Jared) ∧ FATHER_OF(Heth,Jared)"
3332,304044,FATHER_OF,"BROTHER_OF(But,Jared) ∧ FATHER_OF(Mormon,Jared)"
660398,304044,FATHER_OF,"BROTHER_OF(But,Jared) ∧ FATHER_OF(Prophet Mormon,Jared)"
30365,304044,FATHER_OF,"BROTHER_OF(But,Jared) ∧ FATHER_OF(Lamech,Jared)"
19913,304044,FATHER_OF,"BROTHER_OF(But,Jared) ∧ FATHER_OF(Zeniff,Jared)"
36535,18866,FATHER_OF,"BROTHER_OF(Noah,Jared) ∧ FATHER_OF(Shammai,Jared)"
19095,18866,FATHER_OF,"BROTHER_OF(Noah,Jared) ∧ FATHER_OF(Jonathan,Jared)"
33560,18866,FATHER_OF,"BROTHER_OF(Noah,Jared) ∧ FATHER_OF(Tyre,Jared)"
19499,18866,FATHER_OF,"BROTHER_OF(Noah,Jared) ∧ FATHER_OF(Pharaoh,Jared)"
19078,18866,FATHER_OF,"BROTHER_OF(Noah,Jared) ∧ FATHER_OF(Jared,Jared)"
3579,18866,FATHER_OF,"BROTHER_OF(Noah,Jared) ∧ FATHER_OF(Cain,Jared)"
24294,18866,FATHER_OF,"BROTHER_OF(Noah,Jared) ∧ FATHER_OF(Midian,Jared)"
3251,18866,FATHER_OF,"BROTHER_OF(Noah,Jared) ∧ FATHER_OF(Mosiah,Jared)"
19259,18866,FATHER_OF,"BROTHER_OF(Noah,Jared) ∧ FATHER_OF(Lot,Jared)"
19072,18866,FATHER_OF,"BROTHER_OF(Noah,Jared) ∧ FATHER_OF(Lehi,Jared)"
18900,18866,FATHER_OF,"BROTHER_OF(Noah,Jared) ∧ FATHER_OF(Helaman,Jared)"
765216,18866,FATHER_OF,"BROTHER_OF(Noah,Jared) ∧ FATHER_OF(Lehi Nephi,Jared)"
18915,18866,FATHER_OF,"BROTHER_OF(Noah,Jared) ∧ FATHER_OF(Isaac,Jared)"
35453,18866,FATHER_OF,"BROTHER_OF(Noah,Jared) ∧ FATHER_OF(Matthan,Jared)"
12037,18866,FATHER_OF,"BROTHER_OF(Noah,Jared) ∧ FATHER_OF(Matán,Jared)"
19076,18866,FATHER_OF,"BROTHER_OF(Noah,Jared) ∧ FATHER_OF(Zebedee,Jared)"
19075,18866,FATHER_OF,"BROTHER_OF(Noah,Jared) ∧ FATHER_OF(Alphaeus,Jared)"
19536,18866,FATHER_OF,"BROTHER_OF(Noah,Jared) ∧ FATHER_OF(Rachel,Jared)"
35060,18866,FATHER_OF,"BROTHER_OF(Noah,Jared) ∧ FATHER_OF(Jonan,Jared)"
35037,18866,FATHER_OF,"BROTHER_OF(Noah,Jared) ∧ FATHER_OF(Heli,Jared)"
3416,18866,FATHER_OF,"BROTHER_OF(Noah,Jared) ∧ FATHER_OF(Amos,Jared)"
19109,18866,FATHER_OF,"BROTHER_OF(Noah,Jared) ∧ FATHER_OF(Jude,Jared)"
3553,18866,FATHER_OF,"BROTHER_OF(Noah,Jared) ∧ FATHER_OF(Jacob (patriarch),Jared)"
3549,18866,FATHER_OF,"BROTHER_OF(Noah,Jared) ∧ FATHER_OF(Jacob,Jared)"
19870,18866,FATHER_OF,"BROTHER_OF(Noah,Jared) ∧ FATHER_OF(Brigham Young,Jared)"
18670,18866,FATHER_OF,"BROTHER_OF(Noah,Jared) ∧ FATHER_OF(Eli,Jared)"
409594,18866,FATHER_OF,"BROTHER_OF(Noah,Jared) ∧ FATHER_OF(Jonam,Jared)"
18663,18866,FATHER_OF,"BROTHER_OF(Noah,Jared) ∧ FATHER_OF(David,Jared)"
15527,18866,FATHER_OF,"BROTHER_OF(Noah,Jared) ∧ FATHER_OF(Potiphera,Jared)"
30497,18866,FATHER_OF,"BROTHER_OF(Noah,Jared) ∧ FATHER_OF(Hyrum,Jared)"
5852,18866,FATHER_OF,"BROTHER_OF(Noah,Jared) ∧ FATHER_OF(Cuando,Jared)"
19583,18866,FATHER_OF,"BROTHER_OF(Noah,Jared) ∧ FATHER_OF(Hyrum Smith,Jared)"
391257,18866,FATHER_OF,"BROTHER_OF(Noah,Jared) ∧ FATHER_OF(Patriarch,Jared)"
18661,18866,FATHER_OF,"BROTHER_OF(Noah,Jared) ∧ FATHER_OF(Daniel,Jared)"
36179,18866,FATHER_OF,"BROTHER_OF(Noah,Jared) ∧ FATHER_OF(Hemdan,Jared)"
387410,18866,FATHER_OF,"BROTHER_OF(Noah,Jared) ∧ FATHER_OF(Bathia,Jared)"
19088,18866,FATHER_OF,"BROTHER_OF(Noah,Jared) ∧ FATHER_OF(Jethro,Jared)"
459345,18866,FATHER_OF,"BROTHER_OF(Noah,Jared) ∧ FATHER_OF(Amaram,Jared)"
28095,18866,FATHER_OF,"BROTHER_OF(Noah,Jared) ∧ FATHER_OF(Heth,Jared)"
3332,18866,FATHER_OF,"BROTHER_OF(Noah,Jared) ∧ FATHER_OF(Mormon,Jared)"
660398,18866,FATHER_OF,"BROTHER_OF(Noah,Jared) ∧ FATHER_OF(Prophet Mormon,Jared)"
20145,18866,FATHER_OF,"BROTHER_OF(Noah,Jared) ∧ FATHER_OF(Righteousness,Jared)"
36535,639260,FATHER_OF,"BROTHER_OF(REMEMBER,Jared) ∧ FATHER_OF(Shammai,Jared)"
19095,639260,FATHER_OF,"BROTHER_OF(REMEMBER,Jared) ∧ FATHER_OF(Jonathan,Jared)"
33560,639260,FATHER_OF,"BROTHER_OF(REMEMBER,Jared) ∧ FATHER_OF(Tyre,Jared)"
19499,639260,FATHER_OF,"BROTHER_OF(REMEMBER,Jared) ∧ FATHER_OF(Pharaoh,Jared)"
19078,639260,FATHER_OF,"BROTHER_OF(REMEMBER,Jared) ∧ FATHER_OF(Jared,Jared)"
3579,639260,FATHER_OF,"BROTHER_OF(REMEMBER,Jared) ∧ FATHER_OF(Cain,Jared)"
24294,639260,FATHER_OF,"BROTHER_OF(REMEMBER,Jared) ∧ FATHER_OF(Midian,Jared)"
3251,639260,FATHER_OF,"BROTHER_OF(REMEMBER,Jared) ∧ FATHER_OF(Mosiah,Jared)"
19259,639260,FATHER_OF,"BROTHER_OF(REMEMBER,Jared) ∧ FATHER_OF(Lot,Jared)"
19072,639260,FATHER_OF,"BROTHER_OF(REMEMBER,Jared) ∧ FATHER_OF(Lehi,Jared)"
18900,639260,FATHER_OF,"BROTHER_OF(REMEMBER,Jared) ∧ FATHER_OF(Helaman,Jared)"
765216,639260,FATHER_OF,"BROTHER_OF(REMEMBER,Jared) ∧ FATHER_OF(Lehi Nephi,Jared)"
18915,639260,FATHER_OF,"BROTHER_OF(REMEMBER,Jared) ∧ FATHER_OF(Isaac,Jared)"
35453,639260,FATHER_OF,"BROTHER_OF(REMEMBER,Jared) ∧ FATHER_OF(Matthan,Jared)"
12037,639260,FATHER_OF,"BROTHER_OF(REMEMBER,Jared) ∧ FATHER_OF(Matán,Jared)"
19076,639260,FATHER_OF,"BROTHER_OF(REMEMBER,Jared) ∧ FATHER_OF(Zebedee,Jared)"
19075,639260,FATHER_OF,"BROTHER_OF(REMEMBER,Jared) ∧ FATHER_OF(Alphaeus,Jared)"
19536,639260,FATHER_OF,"BROTHER_OF(REMEMBER,Jared) ∧ FATHER_OF(Rachel,Jared)"
35060,639260,FATHER_OF,"BROTHER_OF(REMEMBER,Jared) ∧ FATHER_OF(Jonan,Jared)"
35037,639260,FATHER_OF,"BROTHER_OF(REMEMBER,Jared) ∧ FATHER_OF(Heli,Jared)"
3416,639260,FATHER_OF,"BROTHER_OF(REMEMBER,Jared) ∧ FATHER_OF(Amos,Jared)"
19109,639260,FATHER_OF,"BROTHER_OF(REMEMBER,Jared) ∧ FATHER_OF(Jude,Jared)"
3553,639260,FATHER_OF,"BROTHER_OF(REMEMBER,Jared) ∧ FATHER_OF(Jacob (patriarch),Jared)"
3549,639260,FATHER_OF,"BROTHER_OF(REMEMBER,Jared) ∧ FATHER_OF(Jacob,Jared)"
19870,639260,FATHER_OF,"BROTHER_OF(REMEMBER,Jared) ∧ FATHER_OF(Brigham Young,Jared)"
18670,639260,FATHER_OF,"BROTHER_OF(REMEMBER,Jared) ∧ FATHER_OF(Eli,Jared)"
409594,639260,FATHER_OF,"BROTHER_OF(REMEMBER,Jared) ∧ FATHER_OF(Jonam,Jared)"
18663,639260,FATHER_OF,"BROTHER_OF(REMEMBER,Jared) ∧ FATHER_OF(David,Jared)"
15527,639260,FATHER_OF,"BROTHER_OF(REMEMBER,Jared) ∧ FATHER_OF(Potiphera,Jared)"
30497,639260,FATHER_OF,"BROTHER_OF(REMEMBER,Jared) ∧ FATHER_OF(Hyrum,Jared)"
5852,639260,FATHER_OF,"BROTHER_OF(REMEMBER,Jared) ∧ FATHER_OF(Cuando,Jared)"
19583,639260,FATHER_OF,"BROTHER_OF(REMEMBER,Jared) ∧ FATHER_OF(Hyrum Smith,Jared)"
391257,639260,FATHER_OF,"BROTHER_OF(REMEMBER,Jared) ∧ FATHER_OF(Patriarch,Jared)"
18661,639260,FATHER_OF,"BROTHER_OF(REMEMBER,Jared) ∧ FATHER_OF(Daniel,Jared)"
36179,639260,FATHER_OF,"BROTHER_OF(REMEMBER,Jared) ∧ FATHER_OF(Hemdan,Jared)"
387410,639260,FATHER_OF,"BROTHER_OF(REMEMBER,Jared) ∧ FATHER_OF(Bathia,Jared)"
19088,639260,FATHER_OF,"BROTHER_OF(REMEMBER,Jared) ∧ FATHER_OF(Jethro,Jared)"
459345,639260,FATHER_OF,"BROTHER_OF(REMEMBER,Jared) ∧ FATHER_OF(Amaram,Jared)"
28095,639260,FATHER_OF,"BROTHER_OF(REMEMBER,Jared) ∧ FATHER_OF(Heth,Jared)"
3332,639260,FATHER_OF,"BROTHER_OF(REMEMBER,Jared) ∧ FATHER_OF(Mormon,Jared)"
660398,639260,FATHER_OF,"BROTHER_OF(REMEMBER,Jared) ∧ FATHER_OF(Prophet Mormon,Jared)"
20145,639260,FATHER_OF,"BROTHER_OF(REMEMBER,Jared) ∧ FATHER_OF(Righteousness,Jared)"
30365,639260,FATHER_OF,"BROTHER_OF(REMEMBER,Jared) ∧ FATHER_OF(Lamech,Jared)"
19913,639260,FATHER_OF,"BROTHER_OF(REMEMBER,Jared) ∧ FATHER_OF(Zeniff,Jared)"
36535,306734,FATHER_OF,"BROTHER_OF(Probablemente,Jared) ∧ FATHER_OF(Shammai,Jared)"
19095,306734,FATHER_OF,"BROTHER_OF(Probablemente,Jared) ∧ FATHER_OF(Jonathan,Jared)"
33560,306734,FATHER_OF,"BROTHER_OF(Probablemente,Jared) ∧ FATHER_OF(Tyre,Jared)"
19499,306734,FATHER_OF,"BROTHER_OF(Probablemente,Jared) ∧ FATHER_OF(Pharaoh,Jared)"
19078,306734,FATHER_OF,"BROTHER_OF(Probablemente,Jared) ∧ FATHER_OF(Jared,Jared)"
3579,306734,FATHER_OF,"BROTHER_OF(Probablemente,Jared) ∧ FATHER_OF(Cain,Jared)"
24294,306734,FATHER_OF,"BROTHER_OF(Probablemente,Jared) ∧ FATHER_OF(Midian,Jared)"
3251,306734,FATHER_OF,"BROTHER_OF(Probablemente,Jared) ∧ FATHER_OF(Mosiah,Jared)"
19259,306734,FATHER_OF,"BROTHER_OF(Probablemente,Jared) ∧ FATHER_OF(Lot,Jared)"
19072,306734,FATHER_OF,"BROTHER_OF(Probablemente,Jared) ∧ FATHER_OF(Lehi,Jared)"
18900,306734,FATHER_OF,"BROTHER_OF(Probablemente,Jared) ∧ FATHER_OF(Helaman,Jared)"
765216,306734,FATHER_OF,"BROTHER_OF(Probablemente,Jared) ∧ FATHER_OF(Lehi Nephi,Jared)"
18915,306734,FATHER_OF,"BROTHER_OF(Probablemente,Jared) ∧ FATHER_OF(Isaac,Jared)"
35453,306734,FATHER_OF,"BROTHER_OF(Probablemente,Jared) ∧ FATHER_OF(Matthan,Jared)"
12037,306734,FATHER_OF,"BROTHER_OF(Probablemente,Jared) ∧ FATHER_OF(Matán,Jared)"
19076,306734,FATHER_OF,"BROTHER_OF(Probablemente,Jared) ∧ FATHER_OF(Zebedee,Jared)"
19075,306734,FATHER_OF,"BROTHER_OF(Probablemente,Jared) ∧ FATHER_OF(Alphaeus,Jared)"
19536,306734,FATHER_OF,"BROTHER_OF(Probablemente,Jared) ∧ FATHER_OF(Rachel,Jared)"
35060,306734,FATHER_OF,"BROTHER_OF(Probablemente,Jared) ∧ FATHER_OF(Jonan,Jared)"
35037,306734,FATHER_OF,"BROTHER_OF(Probablemente,Jared) ∧ FATHER_OF(Heli,Jared)"
3416,306734,FATHER_OF,"BROTHER_OF(Probablemente,Jared) ∧ FATHER_OF(Amos,Jared)"
19109,306734,FATHER_OF,"BROTHER_OF(Probablemente,Jared) ∧ FATHER_OF(Jude,Jared)"
3553,306734,FATHER_OF,"BROTHER_OF(Probablemente,Jared) ∧ FATHER_OF(Jacob (patriarch),Jared)"
3549,306734,FATHER_OF,"BROTHER_OF(Probablemente,Jared) ∧ FATHER_OF(Jacob,Jared)"
19870,306734,FATHER_OF,"BROTHER_OF(Probablemente,Jared) ∧ FATHER_OF(Brigham Young,Jared)"
18670,306734,FATHER_OF,"BROTHER_OF(Probablemente,Jared) ∧ FATHER_OF(Eli,Jared)"
409594,306734,FATHER_OF,"BROTHER_OF(Probablemente,Jared) ∧ FATHER_OF(Jonam,Jared)"
18663,306734,FATHER_OF,"BROTHER_OF(Probablemente,Jared) ∧ FATHER_OF(David,Jared)"
15527,306734,FATHER_OF,"BROTHER_OF(Probablemente,Jared) ∧ FATHER_OF(Potiphera,Jared)"
30497,306734,FATHER_OF,"BROTHER_OF(Probablemente,Jared) ∧ FATHER_OF(Hyrum,Jared)"
5852,306734,FATHER_OF,"BROTHER_OF(Probablemente,Jared) ∧ FATHER_OF(Cuando,Jared)"
19583,306734,FATHER_OF,"BROTHER_OF(Probablemente,Jared) ∧ FATHER_OF(Hyrum Smith,Jared)"
391257,306734,FATHER_OF,"BROTHER_OF(Probablemente,Jared) ∧ FATHER_OF(Patriarch,Jared)"
18661,306734,FATHER_OF,"BROTHER_OF(Probablemente,Jared) ∧ FATHER_OF(Daniel,Jared)"
36179,306734,FATHER_OF,"BROTHER_OF(Probablemente,Jared) ∧ FATHER_OF(Hemdan,Jared)"
387410,306734,FATHER_OF,"BROTHER_OF(Probablemente,Jared) ∧ FATHER_OF(Bathia,Jared)"
19088,306734,FATHER_OF,"BROTHER_OF(Probablemente,Jared) ∧ FATHER_OF(Jethro,Jared)"
459345,306734,FATHER_OF,"BROTHER_OF(Probablemente,Jared) ∧ FATHER_OF(Amaram,Jared)"
28095,306734,FATHER_OF,"BROTHER_OF(Probablemente,Jared) ∧ FATHER_OF(Heth,Jared)"
3332,306734,FATHER_OF,"BROTHER_OF(Probablemente,Jared) ∧ FATHER_OF(Mormon,Jared)"
660398,306734,FATHER_OF,"BROTHER_OF(Probablemente,Jared) ∧ FATHER_OF(Prophet Mormon,Jared)"
20145,306734,FATHER_OF,"BROTHER_OF(Probablemente,Jared) ∧ FATHER_OF(Righteousness,Jared)"
30365,306734,FATHER_OF,"BROTHER_OF(Probablemente,Jared) ∧ FATHER_OF(Lamech,Jared)"
19913,306734,FATHER_OF,"BROTHER_OF(Probablemente,Jared) ∧ FATHER_OF(Zeniff,Jared)"
36535,764231,FATHER_OF,"BROTHER_OF(Del,Jared) ∧ FATHER_OF(Shammai,Jared)"
19095,764231,FATHER_OF,"BROTHER_OF(Del,Jared) ∧ FATHER_OF(Jonathan,Jared)"
33560,764231,FATHER_OF,"BROTHER_OF(Del,Jared) ∧ FATHER_OF(Tyre,Jared)"
19499,764231,FATHER_OF,"BROTHER_OF(Del,Jared) ∧ FATHER_OF(Pharaoh,Jared)"
19078,764231,FATHER_OF,"BROTHER_OF(Del,Jared) ∧ FATHER_OF(Jared,Jared)"
3579,764231,FATHER_OF,"BROTHER_OF(Del,Jared) ∧ FATHER_OF(Cain,Jared)"
24294,764231,FATHER_OF,"BROTHER_OF(Del,Jared) ∧ FATHER_OF(Midian,Jared)"
3251,764231,FATHER_OF,"BROTHER_OF(Del,Jared) ∧ FATHER_OF(Mosiah,Jared)"
19259,764231,FATHER_OF,"BROTHER_OF(Del,Jared) ∧ FATHER_OF(Lot,Jared)"
19072,764231,FATHER_OF,"BROTHER_OF(Del,Jared) ∧ FATHER_OF(Lehi,Jared)"
18900,764231,FATHER_OF,"BROTHER_OF(Del,Jared) ∧ FATHER_OF(Helaman,Jared)"
765216,764231,FATHER_OF,"BROTHER_OF(Del,Jared) ∧ FATHER_OF(Lehi Nephi,Jared)"
18915,764231,FATHER_OF,"BROTHER_OF(Del,Jared) ∧ FATHER_OF(Isaac,Jared)"
35453,764231,FATHER_OF,"BROTHER_OF(Del,Jared) ∧ FATHER_OF(Matthan,Jared)"
12037,764231,FATHER_OF,"BROTHER_OF(Del,Jared) ∧ FATHER_OF(Matán,Jared)"
19076,764231,FATHER_OF,"BROTHER_OF(Del,Jared) ∧ FATHER_OF(Zebedee,Jared)"
19075,764231,FATHER_OF,"BROTHER_OF(Del,Jared) ∧ FATHER_OF(Alphaeus,Jared)"
19536,764231,FATHER_OF,"BROTHER_OF(Del,Jared) ∧ FATHER_OF(Rachel,Jared)"
35060,764231,FATHER_OF,"BROTHER_OF(Del,Jared) ∧ FATHER_OF(Jonan,Jared)"
35037,764231,FATHER_OF,"BROTHER_OF(Del,Jared) ∧ FATHER_OF(Heli,Jared)"
3416,764231,FATHER_OF,"BROTHER_OF(Del,Jared) ∧ FATHER_OF(Amos,Jared)"
19109,764231,FATHER_OF,"BROTHER_OF(Del,Jared) ∧ FATHER_OF(Jude,Jared)"
3553,764231,FATHER_OF,"BROTHER_OF(Del,Jared) ∧ FATHER_OF(Jacob (patriarch),Jared)"
3549,764231,FATHER_OF,"BROTHER_OF(Del,Jared) ∧ FATHER_OF(Jacob,Jared)"
19870,764231,FATHER_OF,"BROTHER_OF(Del,Jared) ∧ FATHER_OF(Brigham Young,Jared)"
18670,764231,FATHER_OF,"BROTHER_OF(Del,Jared) ∧ FATHER_OF(Eli,Jared)"
409594,764231,FATHER_OF,"BROTHER_OF(Del,Jared) ∧ FATHER_OF(Jonam,Jared)"
18663,764231,FATHER_OF,"BROTHER_OF(Del,Jared) ∧ FATHER_OF(David,Jared)"
15527,764231,FATHER_OF,"BROTHER_OF(Del,Jared) ∧ FATHER_OF(Potiphera,Jared)"
30497,764231,FATHER_OF,"BROTHER_OF(Del,Jared) ∧ FATHER_OF(Hyrum,Jared)"
5852,764231,FATHER_OF,"BROTHER_OF(Del,Jared) ∧ FATHER_OF(Cuando,Jared)"
19583,764231,FATHER_OF,"BROTHER_OF(Del,Jared) ∧ FATHER_OF(Hyrum Smith,Jared)"
391257,764231,FATHER_OF,"BROTHER_OF(Del,Jared) ∧ FATHER_OF(Patriarch,Jared)"
18661,764231,FATHER_OF,"BROTHER_OF(Del,Jared) ∧ FATHER_OF(Daniel,Jared)"
36179,764231,FATHER_OF,"BROTHER_OF(Del,Jared) ∧ FATHER_OF(Hemdan,Jared)"
387410,764231,FATHER_OF,"BROTHER_OF(Del,Jared) ∧ FATHER_OF(Bathia,Jared)"
19088,764231,FATHER_OF,"BROTHER_OF(Del,Jared) ∧ FATHER_OF(Jethro,Jared)"
459345,764231,FATHER_OF,"BROTHER_OF(Del,Jared) ∧ FATHER_OF(Amaram,Jared)"
28095,764231,FATHER_OF,"BROTHER_OF(Del,Jared) ∧ FATHER_OF(Heth,Jared)"
3332,764231,FATHER_OF,"BROTHER_OF(Del,Jared) ∧ FATHER_OF(Mormon,Jared)"
660398,764231,FATHER_OF,"BROTHER_OF(Del,Jared) ∧ FATHER_OF(Prophet Mormon,Jared)"
20145,764231,FATHER_OF,"BROTHER_OF(Del,Jared) ∧ FATHER_OF(Righteousness,Jared)"
30365,764231,FATHER_OF,"BROTHER_OF(Del,Jared) ∧ FATHER_OF(Lamech,Jared)"
19913,764231,FATHER_OF,"BROTHER_OF(Del,Jared) ∧ FATHER_OF(Zeniff,Jared)"
36535,7501,FATHER_OF,"BROTHER_OF(Entonces,Jared) ∧ FATHER_OF(Shammai,Jared)"
19095,7501,FATHER_OF,"BROTHER_OF(Entonces,Jared) ∧ FATHER_OF(Jonathan,Jared)"
33560,7501,FATHER_OF,"BROTHER_OF(Entonces,Jared) ∧ FATHER_OF(Tyre,Jared)"
19499,7501,FATHER_OF,"BROTHER_OF(Entonces,Jared) ∧ FATHER_OF(Pharaoh,Jared)"
3579,7501,FATHER_OF,"BROTHER_OF(Entonces,Jared) ∧ FATHER_OF(Cain,Jared)"
24294,7501,FATHER_OF,"BROTHER_OF(Entonces,Jared) ∧ FATHER_OF(Midian,Jared)"
3251,7501,FATHER_OF,"BROTHER_OF(Entonces,Jared) ∧ FATHER_OF(Mosiah,Jared)"
19259,7501,FATHER_OF,"BROTHER_OF(Entonces,Jared) ∧ FATHER_OF(Lot,Jared)"
19072,7501,FATHER_OF,"BROTHER_OF(Entonces,Jared) ∧ FATHER_OF(Lehi,Jared)"
18900,7501,FATHER_OF,"BROTHER_OF(Entonces,Jared) ∧ FATHER_OF(Helaman,Jared)"
765216,7501,FATHER_OF,"BROTHER_OF(Entonces,Jared) ∧ FATHER_OF(Lehi Nephi,Jared)"
18915,7501,FATHER_OF,"BROTHER_OF(Entonces,Jared) ∧ FATHER_OF(Isaac,Jared)"
35453,7501,FATHER_OF,"BROTHER_OF(Entonces,Jared) ∧ FATHER_OF(Matthan,Jared)"
12037,7501,FATHER_OF,"BROTHER_OF(Entonces,Jared) ∧ FATHER_OF(Matán,Jared)"
19076,7501,FATHER_OF,"BROTHER_OF(Entonces,Jared) ∧ FATHER_OF(Zebedee,Jared)"
19075,7501,FATHER_OF,"BROTHER_OF(Entonces,Jared) ∧ FATHER_OF(Alphaeus,Jared)"
19536,7501,FATHER_OF,"BROTHER_OF(Entonces,Jared) ∧ FATHER_OF(Rachel,Jared)"
35060,7501,FATHER_OF,"BROTHER_OF(Entonces,Jared) ∧ FATHER_OF(Jonan,Jared)"
35037,7501,FATHER_OF,"BROTHER_OF(Entonces,Jared) ∧ FATHER_OF(Heli,Jared)"
3416,7501,FATHER_OF,"BROTHER_OF(Entonces,Jared) ∧ FATHER_OF(Amos,Jared)"
19109,7501,FATHER_OF,"BROTHER_OF(Entonces,Jared) ∧ FATHER_OF(Jude,Jared)"
3553,7501,FATHER_OF,"BROTHER_OF(Entonces,Jared) ∧ FATHER_OF(Jacob (patriarch),Jared)"
3549,7501,FATHER_OF,"BROTHER_OF(Entonces,Jared) ∧ FATHER_OF(Jacob,Jared)"
19870,7501,FATHER_OF,"BROTHER_OF(Entonces,Jared) ∧ FATHER_OF(Brigham Young,Jared)"
18670,7501,FATHER_OF,"BROTHER_OF(Entonces,Jared) ∧ FATHER_OF(Eli,Jared)"
409594,7501,FATHER_OF,"BROTHER_OF(Entonces,Jared) ∧ FATHER_OF(Jonam,Jared)"
18663,7501,FATHER_OF,"BROTHER_OF(Entonces,Jared) ∧ FATHER_OF(David,Jared)"
15527,7501,FATHER_OF,"BROTHER_OF(Entonces,Jared) ∧ FATHER_OF(Potiphera,Jared)"
30497,7501,FATHER_OF,"BROTHER_OF(Entonces,Jared) ∧ FATHER_OF(Hyrum,Jared)"
5852,7501,FATHER_OF,"BROTHER_OF(Entonces,Jared) ∧ FATHER_OF(Cuando,Jared)"
19583,7501,FATHER_OF,"BROTHER_OF(Entonces,Jared) ∧ FATHER_OF(Hyrum Smith,Jared)"
391257,7501,FATHER_OF,"BROTHER_OF(Entonces,Jared) ∧ FATHER_OF(Patriarch,Jared)"
18661,7501,FATHER_OF,"BROTHER_OF(Entonces,Jared) ∧ FATHER_OF(Daniel,Jared)"
36179,7501,FATHER_OF,"BROTHER_OF(Entonces,Jared) ∧ FATHER_OF(Hemdan,Jared)"
387410,7501,FATHER_OF,"BROTHER_OF(Entonces,Jared) ∧ FATHER_OF(Bathia,Jared)"
19088,7501,FATHER_OF,"BROTHER_OF(Entonces,Jared) ∧ FATHER_OF(Jethro,Jared)"
459345,7501,FATHER_OF,"BROTHER_OF(Entonces,Jared) ∧ FATHER_OF(Amaram,Jared)"
28095,7501,FATHER_OF,"BROTHER_OF(Entonces,Jared) ∧ FATHER_OF(Heth,Jared)"
3332,7501,FATHER_OF,"BROTHER_OF(Entonces,Jared) ∧ FATHER_OF(Mormon,Jared)"
660398,7501,FATHER_OF,"BROTHER_OF(Entonces,Jared) ∧ FATHER_OF(Prophet Mormon,Jared)"
20145,7501,FATHER_OF,"BROTHER_OF(Entonces,Jared) ∧ FATHER_OF(Righteousness,Jared)"
30365,7501,FATHER_OF,"BROTHER_OF(Entonces,Jared) ∧ FATHER_OF(Lamech,Jared)"
19913,7501,FATHER_OF,"BROTHER_OF(Entonces,Jared) ∧ FATHER_OF(Zeniff,Jared)"
36106,19579,FATHER_OF,"BROTHER_OF(Shem,Japheth) ∧ FATHER_OF(Salah,Japheth)"
37201,19579,FATHER_OF,"BROTHER_OF(Shem,Japheth) ∧ FATHER_OF(Elpaal,Japheth)"
36638,19579,FATHER_OF,"BROTHER_OF(Shem,Japheth) ∧ FATHER_OF(Beriah,Japheth)"
36107,19579,FATHER_OF,"BROTHER_OF(Shem,Japheth) ∧ FATHER_OF(Shelah,Japheth)"
25524,19092,FATHER_OF,"BROTHER_OF(John,Jonathan) ∧ FATHER_OF(Jonas,Jonathan)"
45834,19092,FATHER_OF,"BROTHER_OF(John,Jonathan) ∧ FATHER_OF(Jona,Jonathan)"
19092,19092,FATHER_OF,"BROTHER_OF(John,Jonathan) ∧ FATHER_OF(John,Jonathan)"
19094,19092,FATHER_OF,"BROTHER_OF(John,Jonathan) ∧ FATHER_OF(Jonah,Jonathan)"
650625,19092,FATHER_OF,"BROTHER_OF(John,Jonathan) ∧ FATHER_OF(Gioras,Jonathan)"
55816,19092,FATHER_OF,"BROTHER_OF(John,Jonathan) ∧ FATHER_OF(Jochai,Jonathan)"
465526,19092,FATHER_OF,"BROTHER_OF(John,Jonathan) ∧ FATHER_OF(Onias,Jonathan)"
18873,19092,FATHER_OF,"BROTHER_OF(John,Jonathan) ∧ FATHER_OF(Gamaliel,Jonathan)"
18905,19529,FATHER_OF,"BROTHER_OF(Philip,Herod) ∧ FATHER_OF(Herodias,Herod)"
45528,19529,FATHER_OF,"BROTHER_OF(Philip,Herod) ∧ FATHER_OF(Herod Philip,Herod)"
19210,19108,FATHER_OF,"BROTHER_OF(Judas,Jesus) ∧ FATHER_OF(Leah,Jesus)"
19199,19108,FATHER_OF,"BROTHER_OF(Judas,Jesus) ∧ FATHER_OF(Laban,Jesus)"
3553,19108,FATHER_OF,"BROTHER_OF(Judas,Jesus) ∧ FATHER_OF(Jacob (patriarch),Jesus)"
42086,19108,FATHER_OF,"BROTHER_OF(Judas,Jesus) ∧ FATHER_OF(Senuah,Jesus)"
38002,19108,FATHER_OF,"BROTHER_OF(Judas,Jesus) ∧ FATHER_OF(Jehoash,Jesus)"
36330,19108,FATHER_OF,"BROTHER_OF(Judas,Jesus) ∧ FATHER_OF(Joash,Jesus)"
19082,19108,FATHER_OF,"BROTHER_OF(Judas,Jesus) ∧ FATHER_OF(Jehoshaphat,Jesus)"
19540,19108,FATHER_OF,"BROTHER_OF(Judas,Jesus) ∧ FATHER_OF(Rehoboam,Jesus)"
36522,19108,FATHER_OF,"BROTHER_OF(Judas,Jesus) ∧ FATHER_OF(Uri,Jesus)"
24119,19108,FATHER_OF,"BROTHER_OF(Judas,Jesus) ∧ FATHER_OF(Jotham,Jesus)"
35433,19108,FATHER_OF,"BROTHER_OF(Judas,Jesus) ∧ FATHER_OF(Jehoram,Jesus)"
3504,19108,FATHER_OF,"BROTHER_OF(Judas,Jesus) ∧ FATHER_OF(Asa,Jesus)"
36576,19108,FATHER_OF,"BROTHER_OF(Judas,Jesus) ∧ FATHER_OF(Jahdai,Jesus)"
36557,19108,FATHER_OF,"BROTHER_OF(Judas,Jesus) ∧ FATHER_OF(Azariah,Jesus)"
36542,19108,FATHER_OF,"BROTHER_OF(Judas,Jesus) ∧ FATHER_OF(Appaim,Jesus)"
36724,19108,FATHER_OF,"BROTHER_OF(Judas,Jesus) ∧ FATHER_OF(Jehohanan,Jesus)"
18906,19108,FATHER_OF,"BROTHER_OF(Judas,Jesus) ∧ FATHER_OF(Hezekiah,Jesus)"
36563,19108,FATHER_OF,"BROTHER_OF(Judas,Jesus) ∧ FATHER_OF(Jekamiah,Jesus)"
402110,19108,FATHER_OF,"BROTHER_OF(Judas,Jesus) ∧ FATHER_OF(Hassenuah,Jesus)"
36905,19108,FATHER_OF,"BROTHER_OF(Judas,Jesus) ∧ FATHER_OF(Meonothai,Jesus)"
36898,19108,FATHER_OF,"BROTHER_OF(Judas,Jesus) ∧ FATHER_OF(Eshton,Jesus)"
37051,19108,FATHER_OF,"BROTHER_OF(Judas,Jesus) ∧ FATHER_OF(Adaiah,Jesus)"
24105,19108,FATHER_OF,"BROTHER_OF(Judas,Jesus) ∧ FATHER_OF(Uzziah,Jesus)"
36797,19108,FATHER_OF,"BROTHER_OF(Judas,Jesus) ∧ FATHER_OF(Chelub,Jesus)"
18915,19581,FATHER_OF,"BROTHER_OF(Simon,Jonathan) ∧ FATHER_OF(Isaac,Jonathan)"
19072,19581,FATHER_OF,"BROTHER_OF(Simon,Jonathan) ∧ FATHER_OF(Lehi,Jonathan)"
35453,19581,FATHER_OF,"BROTHER_OF(Simon,Jonathan) ∧ FATHER_OF(Matthan,Jonathan)"
12037,19581,FATHER_OF,"BROTHER_OF(Simon,Jonathan) ∧ FATHER_OF(Matán,Jonathan)"
36535,19268,FATHER_OF,"BROTHER_OF(Thomas,Jared) ∧ FATHER_OF(Shammai,Jared)"
19095,19268,FATHER_OF,"BROTHER_OF(Thomas,Jared) ∧ FATHER_OF(Jonathan,Jared)"
33560,19268,FATHER_OF,"BROTHER_OF(Thomas,Jared) ∧ FATHER_OF(Tyre,Jared)"
19499,19268,FATHER_OF,"BROTHER_OF(Thomas,Jared) ∧ FATHER_OF(Pharaoh,Jared)"
19078,19268,FATHER_OF,"BROTHER_OF(Thomas,Jared) ∧ FATHER_OF(Jared,Jared)"
3579,19268,FATHER_OF,"BROTHER_OF(Thomas,Jared) ∧ FATHER_OF(Cain,Jared)"
24294,19268,FATHER_OF,"BROTHER_OF(Thomas,Jared) ∧ FATHER_OF(Midian,Jared)"
3251,19268,FATHER_OF,"BROTHER_OF(Thomas,Jared) ∧ FATHER_OF(Mosiah,Jared)"
19259,19268,FATHER_OF,"BROTHER_OF(Thomas,Jared) ∧ FATHER_OF(Lot,Jared)"
19072,19268,FATHER_OF,"BROTHER_OF(Thomas,Jared) ∧ FATHER_OF(Lehi,Jared)"
18900,19268,FATHER_OF,"BROTHER_OF(Thomas,Jared) ∧ FATHER_OF(Helaman,Jared)"
765216,19268,FATHER_OF,"BROTHER_OF(Thomas,Jared) ∧ FATHER_OF(Lehi Nephi,Jared)"
18915,19268,FATHER_OF,"BROTHER_OF(Thomas,Jared) ∧ FATHER_OF(Isaac,Jared)"
35453,19268,FATHER_OF,"BROTHER_OF(Thomas,Jared) ∧ FATHER_OF(Matthan,Jared)"
12037,19268,FATHER_OF,"BROTHER_OF(Thomas,Jared) ∧ FATHER_OF(Matán,Jared)"
19076,19268,FATHER_OF,"BROTHER_OF(Thomas,Jared) ∧ FATHER_OF(Zebedee,Jared)"
19075,19268,FATHER_OF,"BROTHER_OF(Thomas,Jared) ∧ FATHER_OF(Alphaeus,Jared)"
19536,19268,FATHER_OF,"BROTHER_OF(Thomas,Jared) ∧ FATHER_OF(Rachel,Jared)"
35060,19268,FATHER_OF,"BROTHER_OF(Thomas,Jared) ∧ FATHER_OF(Jonan,Jared)"
35037,19268,FATHER_OF,"BROTHER_OF(Thomas,Jared) ∧ FATHER_OF(Heli,Jared)"
3416,19268,FATHER_OF,"BROTHER_OF(Thomas,Jared) ∧ FATHER_OF(Amos,Jared)"
19109,19268,FATHER_OF,"BROTHER_OF(Thomas,Jared) ∧ FATHER_OF(Jude,Jared)"
3553,19268,FATHER_OF,"BROTHER_OF(Thomas,Jared) ∧ FATHER_OF(Jacob (patriarch),Jared)"
3549,19268,FATHER_OF,"BROTHER_OF(Thomas,Jared) ∧ FATHER_OF(Jacob,Jared)"
19870,19268,FATHER_OF,"BROTHER_OF(Thomas,Jared) ∧ FATHER_OF(Brigham Young,Jared)"
18670,19268,FATHER_OF,"BROTHER_OF(Thomas,Jared) ∧ FATHER_OF(Eli,Jared)"
409594,19268,FATHER_OF,"BROTHER_OF(Thomas,Jared) ∧ FATHER_OF(Jonam,Jared)"
18663,19268,FATHER_OF,"BROTHER_OF(Thomas,Jared) ∧ FATHER_OF(David,Jared)"
15527,19268,FATHER_OF,"BROTHER_OF(Thomas,Jared) ∧ FATHER_OF(Potiphera,Jared)"
30497,19268,FATHER_OF,"BROTHER_OF(Thomas,Jared) ∧ FATHER_OF(Hyrum,Jared)"
5852,19268,FATHER_OF,"BROTHER_OF(Thomas,Jared) ∧ FATHER_OF(Cuando,Jared)"
19583,19268,FATHER_OF,"BROTHER_OF(Thomas,Jared) ∧ FATHER_OF(Hyrum Smith,Jared)"
391257,19268,FATHER_OF,"BROTHER_OF(Thomas,Jared) ∧ FATHER_OF(Patriarch,Jared)"
18661,19268,FATHER_OF,"BROTHER_OF(Thomas,Jared) ∧ FATHER_OF(Daniel,Jared)"
36179,19268,FATHER_OF,"BROTHER_OF(Thomas,Jared) ∧ FATHER_OF(Hemdan,Jared)"
387410,19268,FATHER_OF,"BROTHER_OF(Thomas,Jared) ∧ FATHER_OF(Bathia,Jared)"
19088,19268,FATHER_OF,"BROTHER_OF(Thomas,Jared) ∧ FATHER_OF(Jethro,Jared)"
459345,19268,FATHER_OF,"BROTHER_OF(Thomas,Jared) ∧ FATHER_OF(Amaram,Jared)"
28095,19268,FATHER_OF,"BROTHER_OF(Thomas,Jared) ∧ FATHER_OF(Heth,Jared)"
3332,19268,FATHER_OF,"BROTHER_OF(Thomas,Jared) ∧ FATHER_OF(Mormon,Jared)"
660398,19268,FATHER_OF,"BROTHER_OF(Thomas,Jared) ∧ FATHER_OF(Prophet Mormon,Jared)"
20145,19268,FATHER_OF,"BROTHER_OF(Thomas,Jared) ∧ FATHER_OF(Righteousness,Jared)"
30365,19268,FATHER_OF,"BROTHER_OF(Thomas,Jared) ∧ FATHER_OF(Lamech,Jared)"
19913,19268,FATHER_OF,"BROTHER_OF(Thomas,Jared) ∧ FATHER_OF(Zeniff,Jared)"
36535,106852,FATHER_OF,"BROTHER_OF(Mount Shelem,Jared) ∧ FATHER_OF(Shammai,Jared)"
19095,106852,FATHER_OF,"BROTHER_OF(Mount Shelem,Jared) ∧ FATHER_OF(Jonathan,Jared)"
33560,106852,FATHER_OF,"BROTHER_OF(Mount Shelem,Jared) ∧ FATHER_OF(Tyre,Jared)"
19499,106852,FATHER_OF,"BROTHER_OF(Mount Shelem,Jared) ∧ FATHER_OF(Pharaoh,Jared)"
19078,106852,FATHER_OF,"BROTHER_OF(Mount Shelem,Jared) ∧ FATHER_OF(Jared,Jared)"
3579,106852,FATHER_OF,"BROTHER_OF(Mount Shelem,Jared) ∧ FATHER_OF(Cain,Jared)"
24294,106852,FATHER_OF,"BROTHER_OF(Mount Shelem,Jared) ∧ FATHER_OF(Midian,Jared)"
3251,106852,FATHER_OF,"BROTHER_OF(Mount Shelem,Jared) ∧ FATHER_OF(Mosiah,Jared)"
19259,106852,FATHER_OF,"BROTHER_OF(Mount Shelem,Jared) ∧ FATHER_OF(Lot,Jared)"
19072,106852,FATHER_OF,"BROTHER_OF(Mount Shelem,Jared) ∧ FATHER_OF(Lehi,Jared)"
18900,106852,FATHER_OF,"BROTHER_OF(Mount Shelem,Jared) ∧ FATHER_OF(Helaman,Jared)"
765216,106852,FATHER_OF,"BROTHER_OF(Mount Shelem,Jared) ∧ FATHER_OF(Lehi Nephi,Jared)"
18915,106852,FATHER_OF,"BROTHER_OF(Mount Shelem,Jared) ∧ FATHER_OF(Isaac,Jared)"
35453,106852,FATHER_OF,"BROTHER_OF(Mount Shelem,Jared) ∧ FATHER_OF(Matthan,Jared)"
12037,106852,FATHER_OF,"BROTHER_OF(Mount Shelem,Jared) ∧ FATHER_OF(Matán,Jared)"
19076,106852,FATHER_OF,"BROTHER_OF(Mount Shelem,Jared) ∧ FATHER_OF(Zebedee,Jared)"
19075,106852,FATHER_OF,"BROTHER_OF(Mount Shelem,Jared) ∧ FATHER_OF(Alphaeus,Jared)"
19536,106852,FATHER_OF,"BROTHER_OF(Mount Shelem,Jared) ∧ FATHER_OF(Rachel,Jared)"
35060,106852,FATHER_OF,"BROTHER_OF(Mount Shelem,Jared) ∧ FATHER_OF(Jonan,Jared)"
35037,106852,FATHER_OF,"BROTHER_OF(Mount Shelem,Jared) ∧ FATHER_OF(Heli,Jared)"
3416,106852,FATHER_OF,"BROTHER_OF(Mount Shelem,Jared) ∧ FATHER_OF(Amos,Jared)"
19109,106852,FATHER_OF,"BROTHER_OF(Mount Shelem,Jared) ∧ FATHER_OF(Jude,Jared)"
3553,106852,FATHER_OF,"BROTHER_OF(Mount Shelem,Jared) ∧ FATHER_OF(Jacob (patriarch),Jared)"
3549,106852,FATHER_OF,"BROTHER_OF(Mount Shelem,Jared) ∧ FATHER_OF(Jacob,Jared)"
19870,106852,FATHER_OF,"BROTHER_OF(Mount Shelem,Jared) ∧ FATHER_OF(Brigham Young,Jared)"
18670,106852,FATHER_OF,"BROTHER_OF(Mount Shelem,Jared) ∧ FATHER_OF(Eli,Jared)"
409594,106852,FATHER_OF,"BROTHER_OF(Mount Shelem,Jared) ∧ FATHER_OF(Jonam,Jared)"
18663,106852,FATHER_OF,"BROTHER_OF(Mount Shelem,Jared) ∧ FATHER_OF(David,Jared)"
15527,106852,FATHER_OF,"BROTHER_OF(Mount Shelem,Jared) ∧ FATHER_OF(Potiphera,Jared)"
30497,106852,FATHER_OF,"BROTHER_OF(Mount Shelem,Jared) ∧ FATHER_OF(Hyrum,Jared)"
5852,106852,FATHER_OF,"BROTHER_OF(Mount Shelem,Jared) ∧ FATHER_OF(Cuando,Jared)"
19583,106852,FATHER_OF,"BROTHER_OF(Mount Shelem,Jared) ∧ FATHER_OF(Hyrum Smith,Jared)"
391257,106852,FATHER_OF,"BROTHER_OF(Mount Shelem,Jared) ∧ FATHER_OF(Patriarch,Jared)"
18661,106852,FATHER_OF,"BROTHER_OF(Mount Shelem,Jared) ∧ FATHER_OF(Daniel,Jared)"
36179,106852,FATHER_OF,"BROTHER_OF(Mount Shelem,Jared) ∧ FATHER_OF(Hemdan,Jared)"
387410,106852,FATHER_OF,"BROTHER_OF(Mount Shelem,Jared) ∧ FATHER_OF(Bathia,Jared)"
19088,106852,FATHER_OF,"BROTHER_OF(Mount Shelem,Jared) ∧ FATHER_OF(Jethro,Jared)"
459345,106852,FATHER_OF,"BROTHER_OF(Mount Shelem,Jared) ∧ FATHER_OF(Amaram,Jared)"
28095,106852,FATHER_OF,"BROTHER_OF(Mount Shelem,Jared) ∧ FATHER_OF(Heth,Jared)"
3332,106852,FATHER_OF,"BROTHER_OF(Mount Shelem,Jared) ∧ FATHER_OF(Mormon,Jared)"
660398,106852,FATHER_OF,"BROTHER_OF(Mount Shelem,Jared) ∧ FATHER_OF(Prophet Mormon,Jared)"
20145,106852,FATHER_OF,"BROTHER_OF(Mount Shelem,Jared) ∧ FATHER_OF(Righteousness,Jared)"
30365,106852,FATHER_OF,"BROTHER_OF(Mount Shelem,Jared) ∧ FATHER_OF(Lamech,Jared)"
19913,106852,FATHER_OF,"BROTHER_OF(Mount Shelem,Jared) ∧ FATHER_OF(Zeniff,Jared)"
36345,31138,FATHER_OF,"BROTHER_OF(Smith,Joseph Smith) ∧ FATHER_OF(Elkanah,Joseph Smith)"
59317,31138,FATHER_OF,"BROTHER_OF(Smith,Joseph Smith) ∧ FATHER_OF(Robert,Joseph Smith)"
464107,31138,FATHER_OF,"BROTHER_OF(Smith,Joseph Smith) ∧ FATHER_OF(An Ephraimite,Joseph Smith)"
36535,168591,FATHER_OF,"BROTHER_OF(Likewise,Jared) ∧ FATHER_OF(Shammai,Jared)"
19095,168591,FATHER_OF,"BROTHER_OF(Likewise,Jared) ∧ FATHER_OF(Jonathan,Jared)"
33560,168591,FATHER_OF,"BROTHER_OF(Likewise,Jared) ∧ FATHER_OF(Tyre,Jared)"
19499,168591,FATHER_OF,"BROTHER_OF(Likewise,Jared) ∧ FATHER_OF(Pharaoh,Jared)"
19078,168591,FATHER_OF,"BROTHER_OF(Likewise,Jared) ∧ FATHER_OF(Jared,Jared)"
3579,168591,FATHER_OF,"BROTHER_OF(Likewise,Jared) ∧ FATHER_OF(Cain,Jared)"
24294,168591,FATHER_OF,"BROTHER_OF(Likewise,Jared) ∧ FATHER_OF(Midian,Jared)"
3251,168591,FATHER_OF,"BROTHER_OF(Likewise,Jared) ∧ FATHER_OF(Mosiah,Jared)"
19259,168591,FATHER_OF,"BROTHER_OF(Likewise,Jared) ∧ FATHER_OF(Lot,Jared)"
19072,168591,FATHER_OF,"BROTHER_OF(Likewise,Jared) ∧ FATHER_OF(Lehi,Jared)"
18900,168591,FATHER_OF,"BROTHER_OF(Likewise,Jared) ∧ FATHER_OF(Helaman,Jared)"
765216,168591,FATHER_OF,"BROTHER_OF(Likewise,Jared) ∧ FATHER_OF(Lehi Nephi,Jared)"
18915,168591,FATHER_OF,"BROTHER_OF(Likewise,Jared) ∧ FATHER_OF(Isaac,Jared)"
35453,168591,FATHER_OF,"BROTHER_OF(Likewise,Jared) ∧ FATHER_OF(Matthan,Jared)"
12037,168591,FATHER_OF,"BROTHER_OF(Likewise,Jared) ∧ FATHER_OF(Matán,Jared)"
19076,168591,FATHER_OF,"BROTHER_OF(Likewise,Jared) ∧ FATHER_OF(Zebedee,Jared)"
19075,168591,FATHER_OF,"BROTHER_OF(Likewise,Jared) ∧ FATHER_OF(Alphaeus,Jared)"
19536,168591,FATHER_OF,"BROTHER_OF(Likewise,Jared) ∧ FATHER_OF(Rachel,Jared)"
35060,168591,FATHER_OF,"BROTHER_OF(Likewise,Jared) ∧ FATHER_OF(Jonan,Jared)"
35037,168591,FATHER_OF,"BROTHER_OF(Likewise,Jared) ∧ FATHER_OF(Heli,Jared)"
3416,168591,FATHER_OF,"BROTHER_OF(Likewise,Jared) ∧ FATHER_OF(Amos,Jared)"
19109,168591,FATHER_OF,"BROTHER_OF(Likewise,Jared) ∧ FATHER_OF(Jude,Jared)"
3553,168591,FATHER_OF,"BROTHER_OF(Likewise,Jared) ∧ FATHER_OF(Jacob (patriarch),Jared)"
3549,168591,FATHER_OF,"BROTHER_OF(Likewise,Jared) ∧ FATHER_OF(Jacob,Jared)"
19870,168591,FATHER_OF,"BROTHER_OF(Likewise,Jared) ∧ FATHER_OF(Brigham Young,Jared)"
18670,168591,FATHER_OF,"BROTHER_OF(Likewise,Jared) ∧ FATHER_OF(Eli,Jared)"
409594,168591,FATHER_OF,"BROTHER_OF(Likewise,Jared) ∧ FATHER_OF(Jonam,Jared)"
18663,168591,FATHER_OF,"BROTHER_OF(Likewise,Jared) ∧ FATHER_OF(David,Jared)"
15527,168591,FATHER_OF,"BROTHER_OF(Likewise,Jared) ∧ FATHER_OF(Potiphera,Jared)"
30497,168591,FATHER_OF,"BROTHER_OF(Likewise,Jared) ∧ FATHER_OF(Hyrum,Jared)"
5852,168591,FATHER_OF,"BROTHER_OF(Likewise,Jared) ∧ FATHER_OF(Cuando,Jared)"
19583,168591,FATHER_OF,"BROTHER_OF(Likewise,Jared) ∧ FATHER_OF(Hyrum Smith,Jared)"
391257,168591,FATHER_OF,"BROTHER_OF(Likewise,Jared) ∧ FATHER_OF(Patriarch,Jared)"
18661,168591,FATHER_OF,"BROTHER_OF(Likewise,Jared) ∧ FATHER_OF(Daniel,Jared)"
36179,168591,FATHER_OF,"BROTHER_OF(Likewise,Jared) ∧ FATHER_OF(Hemdan,Jared)"
387410,168591,FATHER_OF,"BROTHER_OF(Likewise,Jared) ∧ FATHER_OF(Bathia,Jared)"
19088,168591,FATHER_OF,"BROTHER_OF(Likewise,Jared) ∧ FATHER_OF(Jethro,Jared)"
459345,168591,FATHER_OF,"BROTHER_OF(Likewise,Jared) ∧ FATHER_OF(Amaram,Jared)"
28095,168591,FATHER_OF,"BROTHER_OF(Likewise,Jared) ∧ FATHER_OF(Heth,Jared)"
3332,168591,FATHER_OF,"BROTHER_OF(Likewise,Jared) ∧ FATHER_OF(Mormon,Jared)"
660398,168591,FATHER_OF,"BROTHER_OF(Likewise,Jared) ∧ FATHER_OF(Prophet Mormon,Jared)"
20145,168591,FATHER_OF,"BROTHER_OF(Likewise,Jared) ∧ FATHER_OF(Righteousness,Jared)"
30365,168591,FATHER_OF,"BROTHER_OF(Likewise,Jared) ∧ FATHER_OF(Lamech,Jared)"
19913,168591,FATHER_OF,"BROTHER_OF(Likewise,Jared) ∧ FATHER_OF(Zeniff,Jared)"
36535,779306,FATHER_OF,"BROTHER_OF(INTERESTINGLY,Jared) ∧ FATHER_OF(Shammai,Jared)"
19095,779306,FATHER_OF,"BROTHER_OF(INTERESTINGLY,Jared) ∧ FATHER_OF(Jonathan,Jared)"
33560,779306,FATHER_OF,"BROTHER_OF(INTERESTINGLY,Jared) ∧ FATHER_OF(Tyre,Jared)"
19499,779306,FATHER_OF,"BROTHER_OF(INTERESTINGLY,Jared) ∧ FATHER_OF(Pharaoh,Jared)"
19078,779306,FATHER_OF,"BROTHER_OF(INTERESTINGLY,Jared) ∧ FATHER_OF(Jared,Jared)"
3579,779306,FATHER_OF,"BROTHER_OF(INTERESTINGLY,Jared) ∧ FATHER_OF(Cain,Jared)"
24294,779306,FATHER_OF,"BROTHER_OF(INTERESTINGLY,Jared) ∧ FATHER_OF(Midian,Jared)"
3251,779306,FATHER_OF,"BROTHER_OF(INTERESTINGLY,Jared) ∧ FATHER_OF(Mosiah,Jared)"
19259,779306,FATHER_OF,"BROTHER_OF(INTERESTINGLY,Jared) ∧ FATHER_OF(Lot,Jared)"
19072,779306,FATHER_OF,"BROTHER_OF(INTERESTINGLY,Jared) ∧ FATHER_OF(Lehi,Jared)"
18900,779306,FATHER_OF,"BROTHER_OF(INTERESTINGLY,Jared) ∧ FATHER_OF(Helaman,Jared)"
765216,779306,FATHER_OF,"BROTHER_OF(INTERESTINGLY,Jared) ∧ FATHER_OF(Lehi Nephi,Jared)"
18915,779306,FATHER_OF,"BROTHER_OF(INTERESTINGLY,Jared) ∧ FATHER_OF(Isaac,Jared)"
35453,779306,FATHER_OF,"BROTHER_OF(INTERESTINGLY,Jared) ∧ FATHER_OF(Matthan,Jared)"
12037,779306,FATHER_OF,"BROTHER_OF(INTERESTINGLY,Jared) ∧ FATHER_OF(Matán,Jared)"
19076,779306,FATHER_OF,"BROTHER_OF(INTERESTINGLY,Jared) ∧ FATHER_OF(Zebedee,Jared)"
19075,779306,FATHER_OF,"BROTHER_OF(INTERESTINGLY,Jared) ∧ FATHER_OF(Alphaeus,Jared)"
19536,779306,FATHER_OF,"BROTHER_OF(INTERESTINGLY,Jared) ∧ FATHER_OF(Rachel,Jared)"
35060,779306,FATHER_OF,"BROTHER_OF(INTERESTINGLY,Jared) ∧ FATHER_OF(Jonan,Jared)"
35037,779306,FATHER_OF,"BROTHER_OF(INTERESTINGLY,Jared) ∧ FATHER_OF(Heli,Jared)"
3416,779306,FATHER_OF,"BROTHER_OF(INTERESTINGLY,Jared) ∧ FATHER_OF(Amos,Jared)"
19109,779306,FATHER_OF,"BROTHER_OF(INTERESTINGLY,Jared) ∧ FATHER_OF(Jude,Jared)"
3553,779306,FATHER_OF,"BROTHER_OF(INTERESTINGLY,Jared) ∧ FATHER_OF(Jacob (patriarch),Jared)"
3549,779306,FATHER_OF,"BROTHER_OF(INTERESTINGLY,Jared) ∧ FATHER_OF(Jacob,Jared)"
19870,779306,FATHER_OF,"BROTHER_OF(INTERESTINGLY,Jared) ∧ FATHER_OF(Brigham Young,Jared)"
18670,779306,FATHER_OF,"BROTHER_OF(INTERESTINGLY,Jared) ∧ FATHER_OF(Eli,Jared)"
409594,779306,FATHER_OF,"BROTHER_OF(INTERESTINGLY,Jared) ∧ FATHER_OF(Jonam,Jared)"
18663,779306,FATHER_OF,"BROTHER_OF(INTERESTINGLY,Jared) ∧ FATHER_OF(David,Jared)"
15527,779306,FATHER_OF,"BROTHER_OF(INTERESTINGLY,Jared) ∧ FATHER_OF(Potiphera,Jared)"
30497,779306,FATHER_OF,"BROTHER_OF(INTERESTINGLY,Jared) ∧ FATHER_OF(Hyrum,Jared)"
5852,779306,FATHER_OF,"BROTHER_OF(INTERESTINGLY,Jared) ∧ FATHER_OF(Cuando,Jared)"
19583,779306,FATHER_OF,"BROTHER_OF(INTERESTINGLY,Jared) ∧ FATHER_OF(Hyrum Smith,Jared)"
391257,779306,FATHER_OF,"BROTHER_OF(INTERESTINGLY,Jared) ∧ FATHER_OF(Patriarch,Jared)"
18661,779306,FATHER_OF,"BROTHER_OF(INTERESTINGLY,Jared) ∧ FATHER_OF(Daniel,Jared)"
36179,779306,FATHER_OF,"BROTHER_OF(INTERESTINGLY,Jared) ∧ FATHER_OF(Hemdan,Jared)"
387410,779306,FATHER_OF,"BROTHER_OF(INTERESTINGLY,Jared) ∧ FATHER_OF(Bathia,Jared)"
19088,779306,FATHER_OF,"BROTHER_OF(INTERESTINGLY,Jared) ∧ FATHER_OF(Jethro,Jared)"
459345,779306,FATHER_OF,"BROTHER_OF(INTERESTINGLY,Jared) ∧ FATHER_OF(Amaram,Jared)"
28095,779306,FATHER_OF,"BROTHER_OF(INTERESTINGLY,Jared) ∧ FATHER_OF(Heth,Jared)"
3332,779306,FATHER_OF,"BROTHER_OF(INTERESTINGLY,Jared) ∧ FATHER_OF(Mormon,Jared)"
660398,779306,FATHER_OF,"BROTHER_OF(INTERESTINGLY,Jared) ∧ FATHER_OF(Prophet Mormon,Jared)"
20145,779306,FATHER_OF,"BROTHER_OF(INTERESTINGLY,Jared) ∧ FATHER_OF(Righteousness,Jared)"
30365,779306,FATHER_OF,"BROTHER_OF(INTERESTINGLY,Jared) ∧ FATHER_OF(Lamech,Jared)"
19913,779306,FATHER_OF,"BROTHER_OF(INTERESTINGLY,Jared) ∧ FATHER_OF(Zeniff,Jared)"
36535,355075,FATHER_OF,"BROTHER_OF(Ultimately,Jared) ∧ FATHER_OF(Shammai,Jared)"
19095,355075,FATHER_OF,"BROTHER_OF(Ultimately,Jared) ∧ FATHER_OF(Jonathan,Jared)"
33560,355075,FATHER_OF,"BROTHER_OF(Ultimately,Jared) ∧ FATHER_OF(Tyre,Jared)"
19499,355075,FATHER_OF,"BROTHER_OF(Ultimately,Jared) ∧ FATHER_OF(Pharaoh,Jared)"
19078,355075,FATHER_OF,"BROTHER_OF(Ultimately,Jared) ∧ FATHER_OF(Jared,Jared)"
3579,355075,FATHER_OF,"BROTHER_OF(Ultimately,Jared) ∧ FATHER_OF(Cain,Jared)"
24294,355075,FATHER_OF,"BROTHER_OF(Ultimately,Jared) ∧ FATHER_OF(Midian,Jared)"
3251,355075,FATHER_OF,"BROTHER_OF(Ultimately,Jared) ∧ FATHER_OF(Mosiah,Jared)"
19259,355075,FATHER_OF,"BROTHER_OF(Ultimately,Jared) ∧ FATHER_OF(Lot,Jared)"
19072,355075,FATHER_OF,"BROTHER_OF(Ultimately,Jared) ∧ FATHER_OF(Lehi,Jared)"
18900,355075,FATHER_OF,"BROTHER_OF(Ultimately,Jared) ∧ FATHER_OF(Helaman,Jared)"
765216,355075,FATHER_OF,"BROTHER_OF(Ultimately,Jared) ∧ FATHER_OF(Lehi Nephi,Jared)"
18915,355075,FATHER_OF,"BROTHER_OF(Ultimately,Jared) ∧ FATHER_OF(Isaac,Jared)"
35453,355075,FATHER_OF,"BROTHER_OF(Ultimately,Jared) ∧ FATHER_OF(Matthan,Jared)"
12037,355075,FATHER_OF,"BROTHER_OF(Ultimately,Jared) ∧ FATHER_OF(Matán,Jared)"
19076,355075,FATHER_OF,"BROTHER_OF(Ultimately,Jared) ∧ FATHER_OF(Zebedee,Jared)"
19075,355075,FATHER_OF,"BROTHER_OF(Ultimately,Jared) ∧ FATHER_OF(Alphaeus,Jared)"
19536,355075,FATHER_OF,"BROTHER_OF(Ultimately,Jared) ∧ FATHER_OF(Rachel,Jared)"
35060,355075,FATHER_OF,"BROTHER_OF(Ultimately,Jared) ∧ FATHER_OF(Jonan,Jared)"
35037,355075,FATHER_OF,"BROTHER_OF(Ultimately,Jared) ∧ FATHER_OF(Heli,Jared)"
3416,355075,FATHER_OF,"BROTHER_OF(Ultimately,Jared) ∧ FATHER_OF(Amos,Jared)"
19109,355075,FATHER_OF,"BROTHER_OF(Ultimately,Jared) ∧ FATHER_OF(Jude,Jared)"
3553,355075,FATHER_OF,"BROTHER_OF(Ultimately,Jared) ∧ FATHER_OF(Jacob (patriarch),Jared)"
3549,355075,FATHER_OF,"BROTHER_OF(Ultimately,Jared) ∧ FATHER_OF(Jacob,Jared)"
19870,355075,FATHER_OF,"BROTHER_OF(Ultimately,Jared) ∧ FATHER_OF(Brigham Young,Jared)"
18670,355075,FATHER_OF,"BROTHER_OF(Ultimately,Jared) ∧ FATHER_OF(Eli,Jared)"
409594,355075,FATHER_OF,"BROTHER_OF(Ultimately,Jared) ∧ FATHER_OF(Jonam,Jared)"
18663,355075,FATHER_OF,"BROTHER_OF(Ultimately,Jared) ∧ FATHER_OF(David,Jared)"
15527,355075,FATHER_OF,"BROTHER_OF(Ultimately,Jared) ∧ FATHER_OF(Potiphera,Jared)"
30497,355075,FATHER_OF,"BROTHER_OF(Ultimately,Jared) ∧ FATHER_OF(Hyrum,Jared)"
5852,355075,FATHER_OF,"BROTHER_OF(Ultimately,Jared) ∧ FATHER_OF(Cuando,Jared)"
19583,355075,FATHER_OF,"BROTHER_OF(Ultimately,Jared) ∧ FATHER_OF(Hyrum Smith,Jared)"
391257,355075,FATHER_OF,"BROTHER_OF(Ultimately,Jared) ∧ FATHER_OF(Patriarch,Jared)"
18661,355075,FATHER_OF,"BROTHER_OF(Ultimately,Jared) ∧ FATHER_OF(Daniel,Jared)"
36179,355075,FATHER_OF,"BROTHER_OF(Ultimately,Jared) ∧ FATHER_OF(Hemdan,Jared)"
387410,355075,FATHER_OF,"BROTHER_OF(Ultimately,Jared) ∧ FATHER_OF(Bathia,Jared)"
19088,355075,FATHER_OF,"BROTHER_OF(Ultimately,Jared) ∧ FATHER_OF(Jethro,Jared)"
459345,355075,FATHER_OF,"BROTHER_OF(Ultimately,Jared) ∧ FATHER_OF(Amaram,Jared)"
28095,355075,FATHER_OF,"BROTHER_OF(Ultimately,Jared) ∧ FATHER_OF(Heth,Jared)"
3332,355075,FATHER_OF,"BROTHER_OF(Ultimately,Jared) ∧ FATHER_OF(Mormon,Jared)"
660398,355075,FATHER_OF,"BROTHER_OF(Ultimately,Jared) ∧ FATHER_OF(Prophet Mormon,Jared)"
20145,355075,FATHER_OF,"BROTHER_OF(Ultimately,Jared) ∧ FATHER_OF(Righteousness,Jared)"
30365,355075,FATHER_OF,"BROTHER_OF(Ultimately,Jared) ∧ FATHER_OF(Lamech,Jared)"
19913,355075,FATHER_OF,"BROTHER_OF(Ultimately,Jared) ∧ FATHER_OF(Zeniff,Jared)"
36535,155782,FATHER_OF,"BROTHER_OF(Once,Jared) ∧ FATHER_OF(Shammai,Jared)"
19095,155782,FATHER_OF,"BROTHER_OF(Once,Jared) ∧ FATHER_OF(Jonathan,Jared)"
33560,155782,FATHER_OF,"BROTHER_OF(Once,Jared) ∧ FATHER_OF(Tyre,Jared)"
19499,155782,FATHER_OF,"BROTHER_OF(Once,Jared) ∧ FATHER_OF(Pharaoh,Jared)"
19078,155782,FATHER_OF,"BROTHER_OF(Once,Jared) ∧ FATHER_OF(Jared,Jared)"
3579,155782,FATHER_OF,"BROTHER_OF(Once,Jared) ∧ FATHER_OF(Cain,Jared)"
24294,155782,FATHER_OF,"BROTHER_OF(Once,Jared) ∧ FATHER_OF(Midian,Jared)"
3251,155782,FATHER_OF,"BROTHER_OF(Once,Jared) ∧ FATHER_OF(Mosiah,Jared)"
19259,155782,FATHER_OF,"BROTHER_OF(Once,Jared) ∧ FATHER_OF(Lot,Jared)"
19072,155782,FATHER_OF,"BROTHER_OF(Once,Jared) ∧ FATHER_OF(Lehi,Jared)"
18900,155782,FATHER_OF,"BROTHER_OF(Once,Jared) ∧ FATHER_OF(Helaman,Jared)"
765216,155782,FATHER_OF,"BROTHER_OF(Once,Jared) ∧ FATHER_OF(Lehi Nephi,Jared)"
18915,155782,FATHER_OF,"BROTHER_OF(Once,Jared) ∧ FATHER_OF(Isaac,Jared)"
35453,155782,FATHER_OF,"BROTHER_OF(Once,Jared) ∧ FATHER_OF(Matthan,Jared)"
12037,155782,FATHER_OF,"BROTHER_OF(Once,Jared) ∧ FATHER_OF(Matán,Jared)"
19076,155782,FATHER_OF,"BROTHER_OF(Once,Jared) ∧ FATHER_OF(Zebedee,Jared)"
19075,155782,FATHER_OF,"BROTHER_OF(Once,Jared) ∧ FATHER_OF(Alphaeus,Jared)"
19536,155782,FATHER_OF,"BROTHER_OF(Once,Jared) ∧ FATHER_OF(Rachel,Jared)"
35060,155782,FATHER_OF,"BROTHER_OF(Once,Jared) ∧ FATHER_OF(Jonan,Jared)"
35037,155782,FATHER_OF,"BROTHER_OF(Once,Jared) ∧ FATHER_OF(Heli,Jared)"
3416,155782,FATHER_OF,"BROTHER_OF(Once,Jared) ∧ FATHER_OF(Amos,Jared)"
19109,155782,FATHER_OF,"BROTHER_OF(Once,Jared) ∧ FATHER_OF(Jude,Jared)"
3553,155782,FATHER_OF,"BROTHER_OF(Once,Jared) ∧ FATHER_OF(Jacob (patriarch),Jared)"
3549,155782,FATHER_OF,"BROTHER_OF(Once,Jared) ∧ FATHER_OF(Jacob,Jared)"
19870,155782,FATHER_OF,"BROTHER_OF(Once,Jared) ∧ FATHER_OF(Brigham Young,Jared)"
18670,155782,FATHER_OF,"BROTHER_OF(Once,Jared) ∧ FATHER_OF(Eli,Jared)"
409594,155782,FATHER_OF,"BROTHER_OF(Once,Jared) ∧ FATHER_OF(Jonam,Jared)"
18663,155782,FATHER_OF,"BROTHER_OF(Once,Jared) ∧ FATHER_OF(David,Jared)"
15527,155782,FATHER_OF,"BROTHER_OF(Once,Jared) ∧ FATHER_OF(Potiphera,Jared)"
30497,155782,FATHER_OF,"BROTHER_OF(Once,Jared) ∧ FATHER_OF(Hyrum,Jared)"
5852,155782,FATHER_OF,"BROTHER_OF(Once,Jared) ∧ FATHER_OF(Cuando,Jared)"
19583,155782,FATHER_OF,"BROTHER_OF(Once,Jared) ∧ FATHER_OF(Hyrum Smith,Jared)"
391257,155782,FATHER_OF,"BROTHER_OF(Once,Jared) ∧ FATHER_OF(Patriarch,Jared)"
18661,155782,FATHER_OF,"BROTHER_OF(Once,Jared) ∧ FATHER_OF(Daniel,Jared)"
36179,155782,FATHER_OF,"BROTHER_OF(Once,Jared) ∧ FATHER_OF(Hemdan,Jared)"
387410,155782,FATHER_OF,"BROTHER_OF(Once,Jared) ∧ FATHER_OF(Bathia,Jared)"
19088,155782,FATHER_OF,"BROTHER_OF(Once,Jared) ∧ FATHER_OF(Jethro,Jared)"
459345,155782,FATHER_OF,"BROTHER_OF(Once,Jared) ∧ FATHER_OF(Amaram,Jared)"
28095,155782,FATHER_OF,"BROTHER_OF(Once,Jared) ∧ FATHER_OF(Heth,Jared)"
3332,155782,FATHER_OF,"BROTHER_OF(Once,Jared) ∧ FATHER_OF(Mormon,Jared)"
660398,155782,FATHER_OF,"BROTHER_OF(Once,Jared) ∧ FATHER_OF(Prophet Mormon,Jared)"
20145,155782,FATHER_OF,"BROTHER_OF(Once,Jared) ∧ FATHER_OF(Righteousness,Jared)"
30365,155782,FATHER_OF,"BROTHER_OF(Once,Jared) ∧ FATHER_OF(Lamech,Jared)"
19913,155782,FATHER_OF,"BROTHER_OF(Once,Jared) ∧ FATHER_OF(Zeniff,Jared)"
36345,209992,FATHER_OF,"SISTER_OF(Sophronia,José) ∧ FATHER_OF(Elkanah,José)"
59317,209992,FATHER_OF,"SISTER_OF(Sophronia,José) ∧ FATHER_OF(Robert,José)"
464107,209992,FATHER_OF,"SISTER_OF(Sophronia,José) ∧ FATHER_OF(An Ephraimite,José)"
18663,141755,FATHER_OF,"SISTER_OF(Eliza,David) ∧ FATHER_OF(David,David)"
12891,141755,FATHER_OF,"SISTER_OF(Eliza,David) ∧ FATHER_OF(Miclot,David)"
19088,141755,FATHER_OF,"SISTER_OF(Eliza,David) ∧ FATHER_OF(Jethro,David)"
38340,141755,FATHER_OF,"SISTER_OF(Eliza,David) ∧ FATHER_OF(Agee,David)"
395045,141755,FATHER_OF,"SISTER_OF(Eliza,David) ∧ FATHER_OF(Agee Fugitive,David)"
38352,141755,FATHER_OF,"SISTER_OF(Eliza,David) ∧ FATHER_OF(Hararite,David)"
18915,117822,FATHER_OF,"SISTER_OF(Patrick,Joseph) ∧ FATHER_OF(Isaac,Joseph)"
35453,117822,FATHER_OF,"SISTER_OF(Patrick,Joseph) ∧ FATHER_OF(Matthan,Joseph)"
12037,117822,FATHER_OF,"SISTER_OF(Patrick,Joseph) ∧ FATHER_OF(Matán,Joseph)"
19076,117822,FATHER_OF,"SISTER_OF(Patrick,Joseph) ∧ FATHER_OF(Zebedee,Joseph)"
19075,117822,FATHER_OF,"SISTER_OF(Patrick,Joseph) ∧ FATHER_OF(Alphaeus,Joseph)"
30358,117822,FATHER_OF,"SISTER_OF(Patrick,Joseph) ∧ FATHER_OF(Mahalaleel,Joseph)"
8513,117822,FATHER_OF,"SISTER_OF(Patrick,Joseph) ∧ FATHER_OF(Omer,Joseph)"
609199,117822,FATHER_OF,"SISTER_OF(Patrick,Joseph) ∧ FATHER_OF(Mahaleel,Joseph)"
30664,117822,FATHER_OF,"SISTER_OF(Patrick,Joseph) ∧ FATHER_OF(Joseph Smith Sr.,Joseph)"
213770,117822,FATHER_OF,"SISTER_OF(Patrick,Joseph) ∧ FATHER_OF(Alexander Hale Smith,Joseph)"
520857,117822,FATHER_OF,"SISTER_OF(Patrick,Joseph) ∧ FATHER_OF(Patriarch Hyrum Smith,Joseph)"
19092,117822,FATHER_OF,"SISTER_OF(Patrick,Joseph) ∧ FATHER_OF(John,Joseph)"
19097,117822,FATHER_OF,"SISTER_OF(Patrick,Joseph) ∧ FATHER_OF(Joseph,Joseph)"
106978,117822,FATHER_OF,"SISTER_OF(Patrick,Joseph) ∧ FATHER_OF(Asael Smith,Joseph)"
18915,561682,FATHER_OF,"SISTER_OF(Rhoda Ann Jennetta Richards,Joseph) ∧ FATHER_OF(Isaac,Joseph)"
35453,561682,FATHER_OF,"SISTER_OF(Rhoda Ann Jennetta Richards,Joseph) ∧ FATHER_OF(Matthan,Joseph)"
12037,561682,FATHER_OF,"SISTER_OF(Rhoda Ann Jennetta Richards,Joseph) ∧ FATHER_OF(Matán,Joseph)"
19076,561682,FATHER_OF,"SISTER_OF(Rhoda Ann Jennetta Richards,Joseph) ∧ FATHER_OF(Zebedee,Joseph)"
19075,561682,FATHER_OF,"SISTER_OF(Rhoda Ann Jennetta Richards,Joseph) ∧ FATHER_OF(Alphaeus,Joseph)"
30358,561682,FATHER_OF,"SISTER_OF(Rhoda Ann Jennetta Richards,Joseph) ∧ FATHER_OF(Mahalaleel,Joseph)"
8513,561682,FATHER_OF,"SISTER_OF(Rhoda Ann Jennetta Richards,Joseph) ∧ FATHER_OF(Omer,Joseph)"
609199,561682,FATHER_OF,"SISTER_OF(Rhoda Ann Jennetta Richards,Joseph) ∧ FATHER_OF(Mahaleel,Joseph)"
30664,561682,FATHER_OF,"SISTER_OF(Rhoda Ann Jennetta Richards,Joseph) ∧ FATHER_OF(Joseph Smith Sr.,Joseph)"
213770,561682,FATHER_OF,"SISTER_OF(Rhoda Ann Jennetta Richards,Joseph) ∧ FATHER_OF(Alexander Hale Smith,Joseph)"
520857,561682,FATHER_OF,"SISTER_OF(Rhoda Ann Jennetta Richards,Joseph) ∧ FATHER_OF(Patriarch Hyrum Smith,Joseph)"
19092,561682,FATHER_OF,"SISTER_OF(Rhoda Ann Jennetta Richards,Joseph) ∧ FATHER_OF(John,Joseph)"
19097,561682,FATHER_OF,"SISTER_OF(Rhoda Ann Jennetta Richards,Joseph) ∧ FATHER_OF(Joseph,Joseph)"
106978,561682,FATHER_OF,"SISTER_OF(Rhoda Ann Jennetta Richards,Joseph) ∧ FATHER_OF(Asael Smith,Joseph)"
35975,33862,FATHER_OF,"SISTER_OF(Bernice,Agrippa) ∧ FATHER_OF(Aristobulus,Agrippa)"
36573,19200,FATHER_OF,"SISTER_OF(Rebekah,Laban) ∧ FATHER_OF(Haran,Laban)"
12743,19200,FATHER_OF,"SISTER_OF(Rebekah,Laban) ∧ FATHER_OF(Harán,Laban)"
36535,19079,FATHER_OF,"BROTHER_OF(Brother of Jared,Jared) ∧ FATHER_OF(Shammai,Jared)"
19095,19079,FATHER_OF,"BROTHER_OF(Brother of Jared,Jared) ∧ FATHER_OF(Jonathan,Jared)"
33560,19079,FATHER_OF,"BROTHER_OF(Brother of Jared,Jared) ∧ FATHER_OF(Tyre,Jared)"
19499,19079,FATHER_OF,"BROTHER_OF(Brother of Jared,Jared) ∧ FATHER_OF(Pharaoh,Jared)"
19078,19079,FATHER_OF,"BROTHER_OF(Brother of Jared,Jared) ∧ FATHER_OF(Jared,Jared)"
3579,19079,FATHER_OF,"BROTHER_OF(Brother of Jared,Jared) ∧ FATHER_OF(Cain,Jared)"
24294,19079,FATHER_OF,"BROTHER_OF(Brother of Jared,Jared) ∧ FATHER_OF(Midian,Jared)"
3251,19079,FATHER_OF,"BROTHER_OF(Brother of Jared,Jared) ∧ FATHER_OF(Mosiah,Jared)"
19259,19079,FATHER_OF,"BROTHER_OF(Brother of Jared,Jared) ∧ FATHER_OF(Lot,Jared)"
19072,19079,FATHER_OF,"BROTHER_OF(Brother of Jared,Jared) ∧ FATHER_OF(Lehi,Jared)"
18900,19079,FATHER_OF,"BROTHER_OF(Brother of Jared,Jared) ∧ FATHER_OF(Helaman,Jared)"
765216,19079,FATHER_OF,"BROTHER_OF(Brother of Jared,Jared) ∧ FATHER_OF(Lehi Nephi,Jared)"
18915,19079,FATHER_OF,"BROTHER_OF(Brother of Jared,Jared) ∧ FATHER_OF(Isaac,Jared)"
35453,19079,FATHER_OF,"BROTHER_OF(Brother of Jared,Jared) ∧ FATHER_OF(Matthan,Jared)"
12037,19079,FATHER_OF,"BROTHER_OF(Brother of Jared,Jared) ∧ FATHER_OF(Matán,Jared)"
19076,19079,FATHER_OF,"BROTHER_OF(Brother of Jared,Jared) ∧ FATHER_OF(Zebedee,Jared)"
19075,19079,FATHER_OF,"BROTHER_OF(Brother of Jared,Jared) ∧ FATHER_OF(Alphaeus,Jared)"
19536,19079,FATHER_OF,"BROTHER_OF(Brother of Jared,Jared) ∧ FATHER_OF(Rachel,Jared)"
35060,19079,FATHER_OF,"BROTHER_OF(Brother of Jared,Jared) ∧ FATHER_OF(Jonan,Jared)"
35037,19079,FATHER_OF,"BROTHER_OF(Brother of Jared,Jared) ∧ FATHER_OF(Heli,Jared)"
3416,19079,FATHER_OF,"BROTHER_OF(Brother of Jared,Jared) ∧ FATHER_OF(Amos,Jared)"
19109,19079,FATHER_OF,"BROTHER_OF(Brother of Jared,Jared) ∧ FATHER_OF(Jude,Jared)"
3553,19079,FATHER_OF,"BROTHER_OF(Brother of Jared,Jared) ∧ FATHER_OF(Jacob (patriarch),Jared)"
3549,19079,FATHER_OF,"BROTHER_OF(Brother of Jared,Jared) ∧ FATHER_OF(Jacob,Jared)"
19870,19079,FATHER_OF,"BROTHER_OF(Brother of Jared,Jared) ∧ FATHER_OF(Brigham Young,Jared)"
18670,19079,FATHER_OF,"BROTHER_OF(Brother of Jared,Jared) ∧ FATHER_OF(Eli,Jared)"
409594,19079,FATHER_OF,"BROTHER_OF(Brother of Jared,Jared) ∧ FATHER_OF(Jonam,Jared)"
18663,19079,FATHER_OF,"BROTHER_OF(Brother of Jared,Jared) ∧ FATHER_OF(David,Jared)"
15527,19079,FATHER_OF,"BROTHER_OF(Brother of Jared,Jared) ∧ FATHER_OF(Potiphera,Jared)"
30497,19079,FATHER_OF,"BROTHER_OF(Brother of Jared,Jared) ∧ FATHER_OF(Hyrum,Jared)"
5852,19079,FATHER_OF,"BROTHER_OF(Brother of Jared,Jared) ∧ FATHER_OF(Cuando,Jared)"
19583,19079,FATHER_OF,"BROTHER_OF(Brother of Jared,Jared) ∧ FATHER_OF(Hyrum Smith,Jared)"
391257,19079,FATHER_OF,"BROTHER_OF(Brother of Jared,Jared) ∧ FATHER_OF(Patriarch,Jared)"
18661,19079,FATHER_OF,"BROTHER_OF(Brother of Jared,Jared) ∧ FATHER_OF(Daniel,Jared)"
36179,19079,FATHER_OF,"BROTHER_OF(Brother of Jared,Jared) ∧ FATHER_OF(Hemdan,Jared)"
387410,19079,FATHER_OF,"BROTHER_OF(Brother of Jared,Jared) ∧ FATHER_OF(Bathia,Jared)"
19088,19079,FATHER_OF,"BROTHER_OF(Brother of Jared,Jared) ∧ FATHER_OF(Jethro,Jared)"
459345,19079,FATHER_OF,"BROTHER_OF(Brother of Jared,Jared) ∧ FATHER_OF(Amaram,Jared)"
28095,19079,FATHER_OF,"BROTHER_OF(Brother of Jared,Jared) ∧ FATHER_OF(Heth,Jared)"
3332,19079,FATHER_OF,"BROTHER_OF(Brother of Jared,Jared) ∧ FATHER_OF(Mormon,Jared)"
660398,19079,FATHER_OF,"BROTHER_OF(Brother of Jared,Jared) ∧ FATHER_OF(Prophet Mormon,Jared)"
20145,19079,FATHER_OF,"BROTHER_OF(Brother of Jared,Jared) ∧ FATHER_OF(Righteousness,Jared)"
30365,19079,FATHER_OF,"BROTHER_OF(Brother of Jared,Jared) ∧ FATHER_OF(Lamech,Jared)"
19913,19079,FATHER_OF,"BROTHER_OF(Brother of Jared,Jared) ∧ FATHER_OF(Zeniff,Jared)"
35074,19200,FATHER_OF,"BROTHER_OF(Rebekah,Abraham) ∧ FATHER_OF(Reu,Abraham)"
35073,19200,FATHER_OF,"BROTHER_OF(Rebekah,Abraham) ∧ FATHER_OF(Serug,Abraham)"
392321,19200,FATHER_OF,"BROTHER_OF(Rebekah,Abraham) ∧ FATHER_OF(Serug Branch,Abraham)"
36150,36505,FATHER_OF,"BROTHER_OF(Jerahmeel,Caleb) ∧ FATHER_OF(Eliphaz,Caleb)"
36158,36505,FATHER_OF,"BROTHER_OF(Jerahmeel,Caleb) ∧ FATHER_OF(Kenaz,Caleb)"
36150,12708,FATHER_OF,"BROTHER_OF(Jerameel,Caleb) ∧ FATHER_OF(Eliphaz,Caleb)"
19544,12708,FATHER_OF,"BROTHER_OF(Jerameel,Caleb) ∧ FATHER_OF(Reuben,Caleb)"
19106,12708,FATHER_OF,"BROTHER_OF(Jerameel,Caleb) ∧ FATHER_OF(Judah,Caleb)"
35070,12708,FATHER_OF,"BROTHER_OF(Jerameel,Caleb) ∧ FATHER_OF(Pharez,Caleb)"
36158,12708,FATHER_OF,"BROTHER_OF(Jerameel,Caleb) ∧ FATHER_OF(Kenaz,Caleb)"
36215,19078,FATHER_OF,"BROTHER_OF(Jared,Nephi) ∧ FATHER_OF(Aholibamah,Nephi)"
40102,19078,FATHER_OF,"BROTHER_OF(Jared,Nephi) ∧ FATHER_OF(Beeri,Nephi)"
37465,19078,FATHER_OF,"BROTHER_OF(Jared,Nephi) ∧ FATHER_OF(Elon,Nephi)"
18917,19078,FATHER_OF,"BROTHER_OF(Jared,Nephi) ∧ FATHER_OF(Ishmael,Nephi)"
18915,18645,FATHER_OF,"BROTHER_OF(Jesus,James) ∧ FATHER_OF(Isaac,James)"
19072,18645,FATHER_OF,"BROTHER_OF(Jesus,James) ∧ FATHER_OF(Lehi,James)"
35453,18645,FATHER_OF,"BROTHER_OF(Jesus,James) ∧ FATHER_OF(Matthan,James)"
12037,18645,FATHER_OF,"BROTHER_OF(Jesus,James) ∧ FATHER_OF(Matán,James)"
35049,18645,FATHER_OF,"BROTHER_OF(Jesus,James) ∧ FATHER_OF(Rhesa,James)"
30664,19735,FATHER_OF,"BROTHER_OF(José,Samuel) ∧ FATHER_OF(Joseph Smith Sr.,Samuel)"
30497,19735,FATHER_OF,"BROTHER_OF(José,Samuel) ∧ FATHER_OF(Hyrum,Samuel)"
19097,19735,FATHER_OF,"BROTHER_OF(José,Samuel) ∧ FATHER_OF(Joseph,Samuel)"
106978,19735,FATHER_OF,"BROTHER_OF(José,Samuel) ∧ FATHER_OF(Asael Smith,Samuel)"
30664,176512,FATHER_OF,"BROTHER_OF(WILLIAM,Samuel) ∧ FATHER_OF(Joseph Smith Sr.,Samuel)"
30497,176512,FATHER_OF,"BROTHER_OF(WILLIAM,Samuel) ∧ FATHER_OF(Hyrum,Samuel)"
19097,176512,FATHER_OF,"BROTHER_OF(WILLIAM,Samuel) ∧ FATHER_OF(Joseph,Samuel)"
106978,176512,FATHER_OF,"BROTHER_OF(WILLIAM,Samuel) ∧ FATHER_OF(Asael Smith,Samuel)"
18915,104442,FATHER_OF,"BROTHER_OF(Burnett,James) ∧ FATHER_OF(Isaac,James)"
19072,104442,FATHER_OF,"BROTHER_OF(Burnett,James) ∧ FATHER_OF(Lehi,James)"
35453,104442,FATHER_OF,"BROTHER_OF(Burnett,James) ∧ FATHER_OF(Matthan,James)"
12037,104442,FATHER_OF,"BROTHER_OF(Burnett,James) ∧ FATHER_OF(Matán,James)"
42109,104442,FATHER_OF,"BROTHER_OF(Burnett,James) ∧ FATHER_OF(Joiada,James)"
19566,104442,FATHER_OF,"BROTHER_OF(Burnett,James) ∧ FATHER_OF(Shaul,James)"
19494,104442,FATHER_OF,"BROTHER_OF(Burnett,James) ∧ FATHER_OF(Paul,James)"
36417,104442,FATHER_OF,"BROTHER_OF(Burnett,James) ∧ FATHER_OF(Shemaiah,James)"
36161,104442,FATHER_OF,"BROTHER_OF(Burnett,James) ∧ FATHER_OF(Shage,James)"
36610,104442,FATHER_OF,"BROTHER_OF(Burnett,James) ∧ FATHER_OF(Shimea,James)"
35320,104442,FATHER_OF,"BROTHER_OF(Burnett,James) ∧ FATHER_OF(Abiathar,James)"
36418,104442,FATHER_OF,"BROTHER_OF(Burnett,James) ∧ FATHER_OF(Uzziel,James)"
36162,104442,FATHER_OF,"BROTHER_OF(Burnett,James) ∧ FATHER_OF(Shammah,James)"
419644,104442,FATHER_OF,"BROTHER_OF(Burnett,James) ∧ FATHER_OF(Shagee,James)"
36830,104442,FATHER_OF,"BROTHER_OF(Burnett,James) ∧ FATHER_OF(Absalom,James)"
36627,104442,FATHER_OF,"BROTHER_OF(Burnett,James) ∧ FATHER_OF(Shimei,James)"
3549,104442,FATHER_OF,"BROTHER_OF(Burnett,James) ∧ FATHER_OF(Jacob,James)"
11338,104442,FATHER_OF,"BROTHER_OF(Burnett,James) ∧ FATHER_OF(Simón Iscariote,James)"
19073,104442,FATHER_OF,"BROTHER_OF(Burnett,James) ∧ FATHER_OF(James,James)"
757218,104442,FATHER_OF,"BROTHER_OF(Burnett,James) ∧ FATHER_OF(Chalphi,James)"
457984,104442,FATHER_OF,"BROTHER_OF(Burnett,James) ∧ FATHER_OF(Simon Iscariot,James)"
35049,104442,FATHER_OF,"BROTHER_OF(Burnett,James) ∧ FATHER_OF(Rhesa,James)"
36950,36121,FATHER_OF,"BROTHER_OF(Abram,Haran) ∧ FATHER_OF(Bethuel,Haran)"
35072,36121,FATHER_OF,"BROTHER_OF(Abram,Haran) ∧ FATHER_OF(Nahor,Haran)"
36345,19097,FATHER_OF,"BROTHER_OF(Joseph,William Smith) ∧ FATHER_OF(Elkanah,William Smith)"
59317,19097,FATHER_OF,"BROTHER_OF(Joseph,William Smith) ∧ FATHER_OF(Robert,William Smith)"
464107,19097,FATHER_OF,"BROTHER_OF(Joseph,William Smith) ∧ FATHER_OF(An Ephraimite,William Smith)"
19097,3549,FATHER_OF,"BROTHER_OF(Jacob,John) ∧ FATHER_OF(Joseph,John)"
19108,3549,FATHER_OF,"BROTHER_OF(Jacob,John) ∧ FATHER_OF(Judas,John)"
494653,3549,FATHER_OF,"BROTHER_OF(Jacob,John) ∧ FATHER_OF(Sirach,John)"
516157,3549,FATHER_OF,"BROTHER_OF(Jacob,John) ∧ FATHER_OF(SIR,John)"
398435,3549,FATHER_OF,"BROTHER_OF(Jacob,John) ∧ FATHER_OF(Josedek,John)"
416791,3549,FATHER_OF,"BROTHER_OF(Jacob,John) ∧ FATHER_OF(Ananus,John)"
19581,3549,FATHER_OF,"BROTHER_OF(Jacob,John) ∧ FATHER_OF(Simon,John)"
35452,3549,FATHER_OF,"BROTHER_OF(Jacob,John) ∧ FATHER_OF(Eleazar,John)"
18900,19583,FATHER_OF,"BROTHER_OF(Hyrum Smith,William Smith) ∧ FATHER_OF(Helaman,William Smith)"
765216,19583,FATHER_OF,"BROTHER_OF(Hyrum Smith,William Smith) ∧ FATHER_OF(Lehi Nephi,William Smith)"
19072,18897,FATHER_OF,"BROTHER_OF(Samuel,Hyrum Smith) ∧ FATHER_OF(Lehi,Hyrum Smith)"
19536,18897,FATHER_OF,"BROTHER_OF(Samuel,Hyrum Smith) ∧ FATHER_OF(Rachel,Hyrum Smith)"
35060,18897,FATHER_OF,"BROTHER_OF(Samuel,Hyrum Smith) ∧ FATHER_OF(Jonan,Hyrum Smith)"
35037,18897,FATHER_OF,"BROTHER_OF(Samuel,Hyrum Smith) ∧ FATHER_OF(Heli,Hyrum Smith)"
3416,18897,FATHER_OF,"BROTHER_OF(Samuel,Hyrum Smith) ∧ FATHER_OF(Amos,Hyrum Smith)"
19109,18897,FATHER_OF,"BROTHER_OF(Samuel,Hyrum Smith) ∧ FATHER_OF(Jude,Hyrum Smith)"
3553,18897,FATHER_OF,"BROTHER_OF(Samuel,Hyrum Smith) ∧ FATHER_OF(Jacob (patriarch),Hyrum Smith)"
19870,18897,FATHER_OF,"BROTHER_OF(Samuel,Hyrum Smith) ∧ FATHER_OF(Brigham Young,Hyrum Smith)"
18670,18897,FATHER_OF,"BROTHER_OF(Samuel,Hyrum Smith) ∧ FATHER_OF(Eli,Hyrum Smith)"
409594,18897,FATHER_OF,"BROTHER_OF(Samuel,Hyrum Smith) ∧ FATHER_OF(Jonam,Hyrum Smith)"
15527,18897,FATHER_OF,"BROTHER_OF(Samuel,Hyrum Smith) ∧ FATHER_OF(Potiphera,Hyrum Smith)"
5852,18897,FATHER_OF,"BROTHER_OF(Samuel,Hyrum Smith) ∧ FATHER_OF(Cuando,Hyrum Smith)"
19583,18897,FATHER_OF,"BROTHER_OF(Samuel,Hyrum Smith) ∧ FATHER_OF(Hyrum Smith,Hyrum Smith)"
391257,18897,FATHER_OF,"BROTHER_OF(Samuel,Hyrum Smith) ∧ FATHER_OF(Patriarch,Hyrum Smith)"
36215,19095,FATHER_OF,"BROTHER_OF(Jonathan,John) ∧ FATHER_OF(Aholibamah,John)"
40102,19095,FATHER_OF,"BROTHER_OF(Jonathan,John) ∧ FATHER_OF(Beeri,John)"
37465,19095,FATHER_OF,"BROTHER_OF(Jonathan,John) ∧ FATHER_OF(Elon,John)"
18917,19095,FATHER_OF,"BROTHER_OF(Jonathan,John) ∧ FATHER_OF(Ishmael,John)"
18900,19095,FATHER_OF,"BROTHER_OF(Jonathan,John) ∧ FATHER_OF(Helaman,John)"
765216,19095,FATHER_OF,"BROTHER_OF(Jonathan,John) ∧ FATHER_OF(Lehi Nephi,John)"
12670,36233,FATHER_OF,"BROTHER_OF(Joab,Zeruiah) ∧ FATHER_OF(Nahas,Zeruiah)"
36486,36233,FATHER_OF,"BROTHER_OF(Joab,Zeruiah) ∧ FATHER_OF(Nahash,Zeruiah)"
19076,203561,FATHER_OF,"BROTHER_OF(Judas Maccabeus,Simon) ∧ FATHER_OF(Zebedee,Simon)"
19075,203561,FATHER_OF,"BROTHER_OF(Judas Maccabeus,Simon) ∧ FATHER_OF(Alphaeus,Simon)"
204448,203561,FATHER_OF,"BROTHER_OF(Judas Maccabeus,Simon) ∧ FATHER_OF(Alpheus,Simon)"
499765,203561,FATHER_OF,"BROTHER_OF(Judas Maccabeus,Simon) ∧ FATHER_OF(Zehedee,Simon)"
621613,203561,FATHER_OF,"BROTHER_OF(Judas Maccabeus,Simon) ∧ FATHER_OF(Zebedee Salome,Simon)"
19076,441241,FATHER_OF,"BROTHER_OF(Judas Maccabee,Jonathan) ∧ FATHER_OF(Zebedee,Jonathan)"
19871,441241,FATHER_OF,"BROTHER_OF(Judas Maccabee,Jonathan) ∧ FATHER_OF(Zacharias,Jonathan)"
19870,441241,FATHER_OF,"BROTHER_OF(Judas Maccabee,Jonathan) ∧ FATHER_OF(Brigham Young,Jonathan)"
397883,441241,FATHER_OF,"BROTHER_OF(Judas Maccabee,Jonathan) ∧ FATHER_OF(Mathew Woodruff,Jonathan)"
494839,441241,FATHER_OF,"BROTHER_OF(Judas Maccabee,Jonathan) ∧ FATHER_OF(Accos,Jonathan)"
19872,441241,FATHER_OF,"BROTHER_OF(Judas Maccabee,Jonathan) ∧ FATHER_OF(Zechariah,Jonathan)"
19075,441241,FATHER_OF,"BROTHER_OF(Judas Maccabee,Jonathan) ∧ FATHER_OF(Alphaeus,Jonathan)"
204448,441241,FATHER_OF,"BROTHER_OF(Judas Maccabee,Jonathan) ∧ FATHER_OF(Alpheus,Jonathan)"
499765,441241,FATHER_OF,"BROTHER_OF(Judas Maccabee,Jonathan) ∧ FATHER_OF(Zehedee,Jonathan)"
621613,441241,FATHER_OF,"BROTHER_OF(Judas Maccabee,Jonathan) ∧ FATHER_OF(Zebedee Salome,Jonathan)"
18915,441241,FATHER_OF,"BROTHER_OF(Judas Maccabee,Jonathan) ∧ FATHER_OF(Isaac,Jonathan)"
19072,441241,FATHER_OF,"BROTHER_OF(Judas Maccabee,Jonathan) ∧ FATHER_OF(Lehi,Jonathan)"
35453,441241,FATHER_OF,"BROTHER_OF(Judas Maccabee,Jonathan) ∧ FATHER_OF(Matthan,Jonathan)"
12037,441241,FATHER_OF,"BROTHER_OF(Judas Maccabee,Jonathan) ∧ FATHER_OF(Matán,Jonathan)"
25524,441241,FATHER_OF,"BROTHER_OF(Judas Maccabee,Jonathan) ∧ FATHER_OF(Jonas,Jonathan)"
45834,441241,FATHER_OF,"BROTHER_OF(Judas Maccabee,Jonathan) ∧ FATHER_OF(Jona,Jonathan)"
19092,441241,FATHER_OF,"BROTHER_OF(Judas Maccabee,Jonathan) ∧ FATHER_OF(John,Jonathan)"
19094,441241,FATHER_OF,"BROTHER_OF(Judas Maccabee,Jonathan) ∧ FATHER_OF(Jonah,Jonathan)"
650625,441241,FATHER_OF,"BROTHER_OF(Judas Maccabee,Jonathan) ∧ FATHER_OF(Gioras,Jonathan)"
55816,441241,FATHER_OF,"BROTHER_OF(Judas Maccabee,Jonathan) ∧ FATHER_OF(Jochai,Jonathan)"
465526,441241,FATHER_OF,"BROTHER_OF(Judas Maccabee,Jonathan) ∧ FATHER_OF(Onias,Jonathan)"
18873,441241,FATHER_OF,"BROTHER_OF(Judas Maccabee,Jonathan) ∧ FATHER_OF(Gamaliel,Jonathan)"
19097,441241,FATHER_OF,"BROTHER_OF(Judas Maccabee,Jonathan) ∧ FATHER_OF(Joseph,Jonathan)"
19108,441241,FATHER_OF,"BROTHER_OF(Judas Maccabee,Jonathan) ∧ FATHER_OF(Judas,Jonathan)"
494653,441241,FATHER_OF,"BROTHER_OF(Judas Maccabee,Jonathan) ∧ FATHER_OF(Sirach,Jonathan)"
516157,441241,FATHER_OF,"BROTHER_OF(Judas Maccabee,Jonathan) ∧ FATHER_OF(SIR,Jonathan)"
398435,441241,FATHER_OF,"BROTHER_OF(Judas Maccabee,Jonathan) ∧ FATHER_OF(Josedek,Jonathan)"
18663,441241,FATHER_OF,"BROTHER_OF(Judas Maccabee,Jonathan) ∧ FATHER_OF(David,Jonathan)"
416791,441241,FATHER_OF,"BROTHER_OF(Judas Maccabee,Jonathan) ∧ FATHER_OF(Ananus,Jonathan)"
19581,441241,FATHER_OF,"BROTHER_OF(Judas Maccabee,Jonathan) ∧ FATHER_OF(Simon,Jonathan)"
35452,441241,FATHER_OF,"BROTHER_OF(Judas Maccabee,Jonathan) ∧ FATHER_OF(Eleazar,Jonathan)"
3549,441241,FATHER_OF,"BROTHER_OF(Judas Maccabee,Jonathan) ∧ FATHER_OF(Jacob,Jonathan)"
11338,441241,FATHER_OF,"BROTHER_OF(Judas Maccabee,Jonathan) ∧ FATHER_OF(Simón Iscariote,Jonathan)"
19073,441241,FATHER_OF,"BROTHER_OF(Judas Maccabee,Jonathan) ∧ FATHER_OF(James,Jonathan)"
757218,441241,FATHER_OF,"BROTHER_OF(Judas Maccabee,Jonathan) ∧ FATHER_OF(Chalphi,Jonathan)"
457984,441241,FATHER_OF,"BROTHER_OF(Judas Maccabee,Jonathan) ∧ FATHER_OF(Simon Iscariot,Jonathan)"
30664,30497,FATHER_OF,"BROTHER_OF(Hyrum,Samuel) ∧ FATHER_OF(Joseph Smith Sr.,Samuel)"
30497,30497,FATHER_OF,"BROTHER_OF(Hyrum,Samuel) ∧ FATHER_OF(Hyrum,Samuel)"
19097,30497,FATHER_OF,"BROTHER_OF(Hyrum,Samuel) ∧ FATHER_OF(Joseph,Samuel)"
106978,30497,FATHER_OF,"BROTHER_OF(Hyrum,Samuel) ∧ FATHER_OF(Asael Smith,Samuel)"
18900,19102,FATHER_OF,"BROTHER_OF(Joseph Smith,Smith) ∧ FATHER_OF(Helaman,Smith)"
765216,19102,FATHER_OF,"BROTHER_OF(Joseph Smith,Smith) ∧ FATHER_OF(Lehi Nephi,Smith)"
35074,12460,FATHER_OF,"SISTER_OF(Nebaiot,Abraham) ∧ FATHER_OF(Reu,Abraham)"
35073,12460,FATHER_OF,"SISTER_OF(Nebaiot,Abraham) ∧ FATHER_OF(Serug,Abraham)"
392321,12460,FATHER_OF,"SISTER_OF(Nebaiot,Abraham) ∧ FATHER_OF(Serug Branch,Abraham)"
36535,3247,FATHER_OF,"BROTHER_OF(Aaron,Moses) ∧ FATHER_OF(Shammai,Moses)"
19095,3247,FATHER_OF,"BROTHER_OF(Aaron,Moses) ∧ FATHER_OF(Jonathan,Moses)"
33560,3247,FATHER_OF,"BROTHER_OF(Aaron,Moses) ∧ FATHER_OF(Tyre,Moses)"
19499,3247,FATHER_OF,"BROTHER_OF(Aaron,Moses) ∧ FATHER_OF(Pharaoh,Moses)"
19078,3247,FATHER_OF,"BROTHER_OF(Aaron,Moses) ∧ FATHER_OF(Jared,Moses)"
3579,3247,FATHER_OF,"BROTHER_OF(Aaron,Moses) ∧ FATHER_OF(Cain,Moses)"
24294,3247,FATHER_OF,"BROTHER_OF(Aaron,Moses) ∧ FATHER_OF(Midian,Moses)"
19259,3247,FATHER_OF,"BROTHER_OF(Aaron,Moses) ∧ FATHER_OF(Lot,Moses)"
19072,3247,FATHER_OF,"BROTHER_OF(Aaron,Moses) ∧ FATHER_OF(Lehi,Moses)"
18900,3247,FATHER_OF,"BROTHER_OF(Aaron,Moses) ∧ FATHER_OF(Helaman,Moses)"
765216,3247,FATHER_OF,"BROTHER_OF(Aaron,Moses) ∧ FATHER_OF(Lehi Nephi,Moses)"
18915,3247,FATHER_OF,"BROTHER_OF(Aaron,Moses) ∧ FATHER_OF(Isaac,Moses)"
35453,3247,FATHER_OF,"BROTHER_OF(Aaron,Moses) ∧ FATHER_OF(Matthan,Moses)"
12037,3247,FATHER_OF,"BROTHER_OF(Aaron,Moses) ∧ FATHER_OF(Matán,Moses)"
19076,3247,FATHER_OF,"BROTHER_OF(Aaron,Moses) ∧ FATHER_OF(Zebedee,Moses)"
19075,3247,FATHER_OF,"BROTHER_OF(Aaron,Moses) ∧ FATHER_OF(Alphaeus,Moses)"
19536,3247,FATHER_OF,"BROTHER_OF(Aaron,Moses) ∧ FATHER_OF(Rachel,Moses)"
35060,3247,FATHER_OF,"BROTHER_OF(Aaron,Moses) ∧ FATHER_OF(Jonan,Moses)"
35037,3247,FATHER_OF,"BROTHER_OF(Aaron,Moses) ∧ FATHER_OF(Heli,Moses)"
3416,3247,FATHER_OF,"BROTHER_OF(Aaron,Moses) ∧ FATHER_OF(Amos,Moses)"
19109,3247,FATHER_OF,"BROTHER_OF(Aaron,Moses) ∧ FATHER_OF(Jude,Moses)"
3553,3247,FATHER_OF,"BROTHER_OF(Aaron,Moses) ∧ FATHER_OF(Jacob (patriarch),Moses)"
3549,3247,FATHER_OF,"BROTHER_OF(Aaron,Moses) ∧ FATHER_OF(Jacob,Moses)"
19870,3247,FATHER_OF,"BROTHER_OF(Aaron,Moses) ∧ FATHER_OF(Brigham Young,Moses)"
18670,3247,FATHER_OF,"BROTHER_OF(Aaron,Moses) ∧ FATHER_OF(Eli,Moses)"
409594,3247,FATHER_OF,"BROTHER_OF(Aaron,Moses) ∧ FATHER_OF(Jonam,Moses)"
18663,3247,FATHER_OF,"BROTHER_OF(Aaron,Moses) ∧ FATHER_OF(David,Moses)"
15527,3247,FATHER_OF,"BROTHER_OF(Aaron,Moses) ∧ FATHER_OF(Potiphera,Moses)"
30497,3247,FATHER_OF,"BROTHER_OF(Aaron,Moses) ∧ FATHER_OF(Hyrum,Moses)"
5852,3247,FATHER_OF,"BROTHER_OF(Aaron,Moses) ∧ FATHER_OF(Cuando,Moses)"
19583,3247,FATHER_OF,"BROTHER_OF(Aaron,Moses) ∧ FATHER_OF(Hyrum Smith,Moses)"
391257,3247,FATHER_OF,"BROTHER_OF(Aaron,Moses) ∧ FATHER_OF(Patriarch,Moses)"
18661,3247,FATHER_OF,"BROTHER_OF(Aaron,Moses) ∧ FATHER_OF(Daniel,Moses)"
3332,3247,FATHER_OF,"BROTHER_OF(Aaron,Moses) ∧ FATHER_OF(Mormon,Moses)"
660398,3247,FATHER_OF,"BROTHER_OF(Aaron,Moses) ∧ FATHER_OF(Prophet Mormon,Moses)"
20145,3247,FATHER_OF,"BROTHER_OF(Aaron,Moses) ∧ FATHER_OF(Righteousness,Moses)"
30365,3247,FATHER_OF,"BROTHER_OF(Aaron,Moses) ∧ FATHER_OF(Lamech,Moses)"
19913,3247,FATHER_OF,"BROTHER_OF(Aaron,Moses) ∧ FATHER_OF(Zeniff,Moses)"
19108,18918,FATHER_OF,"BROTHER_OF(Nephi,Jacob) ∧ FATHER_OF(Judas,Jacob)"
494653,18918,FATHER_OF,"BROTHER_OF(Nephi,Jacob) ∧ FATHER_OF(Sirach,Jacob)"
516157,18918,FATHER_OF,"BROTHER_OF(Nephi,Jacob) ∧ FATHER_OF(SIR,Jacob)"
398435,18918,FATHER_OF,"BROTHER_OF(Nephi,Jacob) ∧ FATHER_OF(Josedek,Jacob)"
416791,18918,FATHER_OF,"BROTHER_OF(Nephi,Jacob) ∧ FATHER_OF(Ananus,Jacob)"
19581,18918,FATHER_OF,"BROTHER_OF(Nephi,Jacob) ∧ FATHER_OF(Simon,Jacob)"
35452,18918,FATHER_OF,"BROTHER_OF(Nephi,Jacob) ∧ FATHER_OF(Eleazar,Jacob)"
19097,18683,FATHER_OF,"BROTHER_OF(Esau,Jacob) ∧ FATHER_OF(Joseph,Jacob)"
19108,18683,FATHER_OF,"BROTHER_OF(Esau,Jacob) ∧ FATHER_OF(Judas,Jacob)"
494653,18683,FATHER_OF,"BROTHER_OF(Esau,Jacob) ∧ FATHER_OF(Sirach,Jacob)"
516157,18683,FATHER_OF,"BROTHER_OF(Esau,Jacob) ∧ FATHER_OF(SIR,Jacob)"
398435,18683,FATHER_OF,"BROTHER_OF(Esau,Jacob) ∧ FATHER_OF(Josedek,Jacob)"
416791,18683,FATHER_OF,"BROTHER_OF(Esau,Jacob) ∧ FATHER_OF(Ananus,Jacob)"
19581,18683,FATHER_OF,"BROTHER_OF(Esau,Jacob) ∧ FATHER_OF(Simon,Jacob)"
35452,18683,FATHER_OF,"BROTHER_OF(Esau,Jacob) ∧ FATHER_OF(Eleazar,Jacob)"
19871,19202,FATHER_OF,"BROTHER_OF(Laman,Nephi) ∧ FATHER_OF(Zacharias,Nephi)"
397883,19202,FATHER_OF,"BROTHER_OF(Laman,Nephi) ∧ FATHER_OF(Mathew Woodruff,Nephi)"
494839,19202,FATHER_OF,"BROTHER_OF(Laman,Nephi) ∧ FATHER_OF(Accos,Nephi)"
35041,19202,FATHER_OF,"BROTHER_OF(Laman,Nephi) ∧ FATHER_OF(Mattathias,Nephi)"
19872,19202,FATHER_OF,"BROTHER_OF(Laman,Nephi) ∧ FATHER_OF(Zechariah,Nephi)"
204448,19202,FATHER_OF,"BROTHER_OF(Laman,Nephi) ∧ FATHER_OF(Alpheus,Nephi)"
499765,19202,FATHER_OF,"BROTHER_OF(Laman,Nephi) ∧ FATHER_OF(Zehedee,Nephi)"
621613,19202,FATHER_OF,"BROTHER_OF(Laman,Nephi) ∧ FATHER_OF(Zebedee Salome,Nephi)"
42109,19202,FATHER_OF,"BROTHER_OF(Laman,Nephi) ∧ FATHER_OF(Joiada,Nephi)"
19566,19202,FATHER_OF,"BROTHER_OF(Laman,Nephi) ∧ FATHER_OF(Shaul,Nephi)"
19494,19202,FATHER_OF,"BROTHER_OF(Laman,Nephi) ∧ FATHER_OF(Paul,Nephi)"
36417,19202,FATHER_OF,"BROTHER_OF(Laman,Nephi) ∧ FATHER_OF(Shemaiah,Nephi)"
36161,19202,FATHER_OF,"BROTHER_OF(Laman,Nephi) ∧ FATHER_OF(Shage,Nephi)"
36610,19202,FATHER_OF,"BROTHER_OF(Laman,Nephi) ∧ FATHER_OF(Shimea,Nephi)"
35320,19202,FATHER_OF,"BROTHER_OF(Laman,Nephi) ∧ FATHER_OF(Abiathar,Nephi)"
36418,19202,FATHER_OF,"BROTHER_OF(Laman,Nephi) ∧ FATHER_OF(Uzziel,Nephi)"
36162,19202,FATHER_OF,"BROTHER_OF(Laman,Nephi) ∧ FATHER_OF(Shammah,Nephi)"
419644,19202,FATHER_OF,"BROTHER_OF(Laman,Nephi) ∧ FATHER_OF(Shagee,Nephi)"
36830,19202,FATHER_OF,"BROTHER_OF(Laman,Nephi) ∧ FATHER_OF(Absalom,Nephi)"
36627,19202,FATHER_OF,"BROTHER_OF(Laman,Nephi) ∧ FATHER_OF(Shimei,Nephi)"
30664,19202,FATHER_OF,"BROTHER_OF(Laman,Nephi) ∧ FATHER_OF(Joseph Smith Sr.,Nephi)"
213770,19202,FATHER_OF,"BROTHER_OF(Laman,Nephi) ∧ FATHER_OF(Alexander Hale Smith,Nephi)"
520857,19202,FATHER_OF,"BROTHER_OF(Laman,Nephi) ∧ FATHER_OF(Patriarch Hyrum Smith,Nephi)"
19092,19202,FATHER_OF,"BROTHER_OF(Laman,Nephi) ∧ FATHER_OF(John,Nephi)"
19097,19202,FATHER_OF,"BROTHER_OF(Laman,Nephi) ∧ FATHER_OF(Joseph,Nephi)"
106978,19202,FATHER_OF,"BROTHER_OF(Laman,Nephi) ∧ FATHER_OF(Asael Smith,Nephi)"
36535,19202,FATHER_OF,"BROTHER_OF(Laman,Nephi) ∧ FATHER_OF(Shammai,Nephi)"
19095,19202,FATHER_OF,"BROTHER_OF(Laman,Nephi) ∧ FATHER_OF(Jonathan,Nephi)"
33560,19202,FATHER_OF,"BROTHER_OF(Laman,Nephi) ∧ FATHER_OF(Tyre,Nephi)"
19499,19202,FATHER_OF,"BROTHER_OF(Laman,Nephi) ∧ FATHER_OF(Pharaoh,Nephi)"
19078,19202,FATHER_OF,"BROTHER_OF(Laman,Nephi) ∧ FATHER_OF(Jared,Nephi)"
3579,19202,FATHER_OF,"BROTHER_OF(Laman,Nephi) ∧ FATHER_OF(Cain,Nephi)"
24294,19202,FATHER_OF,"BROTHER_OF(Laman,Nephi) ∧ FATHER_OF(Midian,Nephi)"
3251,19202,FATHER_OF,"BROTHER_OF(Laman,Nephi) ∧ FATHER_OF(Mosiah,Nephi)"
19259,19202,FATHER_OF,"BROTHER_OF(Laman,Nephi) ∧ FATHER_OF(Lot,Nephi)"
18661,19202,FATHER_OF,"BROTHER_OF(Laman,Nephi) ∧ FATHER_OF(Daniel,Nephi)"
36179,19202,FATHER_OF,"BROTHER_OF(Laman,Nephi) ∧ FATHER_OF(Hemdan,Nephi)"
387410,19202,FATHER_OF,"BROTHER_OF(Laman,Nephi) ∧ FATHER_OF(Bathia,Nephi)"
19088,19202,FATHER_OF,"BROTHER_OF(Laman,Nephi) ∧ FATHER_OF(Jethro,Nephi)"
459345,19202,FATHER_OF,"BROTHER_OF(Laman,Nephi) ∧ FATHER_OF(Amaram,Nephi)"
28095,19202,FATHER_OF,"BROTHER_OF(Laman,Nephi) ∧ FATHER_OF(Heth,Nephi)"
3332,19202,FATHER_OF,"BROTHER_OF(Laman,Nephi) ∧ FATHER_OF(Mormon,Nephi)"
660398,19202,FATHER_OF,"BROTHER_OF(Laman,Nephi) ∧ FATHER_OF(Prophet Mormon,Nephi)"
20145,19202,FATHER_OF,"BROTHER_OF(Laman,Nephi) ∧ FATHER_OF(Righteousness,Nephi)"
30365,19202,FATHER_OF,"BROTHER_OF(Laman,Nephi) ∧ FATHER_OF(Lamech,Nephi)"
19913,19202,FATHER_OF,"BROTHER_OF(Laman,Nephi) ∧ FATHER_OF(Zeniff,Nephi)"
19871,19097,FATHER_OF,"BROTHER_OF(Joseph,Nephi) ∧ FATHER_OF(Zacharias,Nephi)"
397883,19097,FATHER_OF,"BROTHER_OF(Joseph,Nephi) ∧ FATHER_OF(Mathew Woodruff,Nephi)"
494839,19097,FATHER_OF,"BROTHER_OF(Joseph,Nephi) ∧ FATHER_OF(Accos,Nephi)"
35041,19097,FATHER_OF,"BROTHER_OF(Joseph,Nephi) ∧ FATHER_OF(Mattathias,Nephi)"
19872,19097,FATHER_OF,"BROTHER_OF(Joseph,Nephi) ∧ FATHER_OF(Zechariah,Nephi)"
204448,19097,FATHER_OF,"BROTHER_OF(Joseph,Nephi) ∧ FATHER_OF(Alpheus,Nephi)"
499765,19097,FATHER_OF,"BROTHER_OF(Joseph,Nephi) ∧ FATHER_OF(Zehedee,Nephi)"
621613,19097,FATHER_OF,"BROTHER_OF(Joseph,Nephi) ∧ FATHER_OF(Zebedee Salome,Nephi)"
42109,19097,FATHER_OF,"BROTHER_OF(Joseph,Nephi) ∧ FATHER_OF(Joiada,Nephi)"
19566,19097,FATHER_OF,"BROTHER_OF(Joseph,Nephi) ∧ FATHER_OF(Shaul,Nephi)"
19494,19097,FATHER_OF,"BROTHER_OF(Joseph,Nephi) ∧ FATHER_OF(Paul,Nephi)"
36417,19097,FATHER_OF,"BROTHER_OF(Joseph,Nephi) ∧ FATHER_OF(Shemaiah,Nephi)"
36161,19097,FATHER_OF,"BROTHER_OF(Joseph,Nephi) ∧ FATHER_OF(Shage,Nephi)"
36610,19097,FATHER_OF,"BROTHER_OF(Joseph,Nephi) ∧ FATHER_OF(Shimea,Nephi)"
35320,19097,FATHER_OF,"BROTHER_OF(Joseph,Nephi) ∧ FATHER_OF(Abiathar,Nephi)"
36418,19097,FATHER_OF,"BROTHER_OF(Joseph,Nephi) ∧ FATHER_OF(Uzziel,Nephi)"
36162,19097,FATHER_OF,"BROTHER_OF(Joseph,Nephi) ∧ FATHER_OF(Shammah,Nephi)"
419644,19097,FATHER_OF,"BROTHER_OF(Joseph,Nephi) ∧ FATHER_OF(Shagee,Nephi)"
36830,19097,FATHER_OF,"BROTHER_OF(Joseph,Nephi) ∧ FATHER_OF(Absalom,Nephi)"
36627,19097,FATHER_OF,"BROTHER_OF(Joseph,Nephi) ∧ FATHER_OF(Shimei,Nephi)"
36535,19097,FATHER_OF,"BROTHER_OF(Joseph,Nephi) ∧ FATHER_OF(Shammai,Nephi)"
19095,19097,FATHER_OF,"BROTHER_OF(Joseph,Nephi) ∧ FATHER_OF(Jonathan,Nephi)"
33560,19097,FATHER_OF,"BROTHER_OF(Joseph,Nephi) ∧ FATHER_OF(Tyre,Nephi)"
19499,19097,FATHER_OF,"BROTHER_OF(Joseph,Nephi) ∧ FATHER_OF(Pharaoh,Nephi)"
19078,19097,FATHER_OF,"BROTHER_OF(Joseph,Nephi) ∧ FATHER_OF(Jared,Nephi)"
3579,19097,FATHER_OF,"BROTHER_OF(Joseph,Nephi) ∧ FATHER_OF(Cain,Nephi)"
24294,19097,FATHER_OF,"BROTHER_OF(Joseph,Nephi) ∧ FATHER_OF(Midian,Nephi)"
3251,19097,FATHER_OF,"BROTHER_OF(Joseph,Nephi) ∧ FATHER_OF(Mosiah,Nephi)"
19259,19097,FATHER_OF,"BROTHER_OF(Joseph,Nephi) ∧ FATHER_OF(Lot,Nephi)"
18661,19097,FATHER_OF,"BROTHER_OF(Joseph,Nephi) ∧ FATHER_OF(Daniel,Nephi)"
36179,19097,FATHER_OF,"BROTHER_OF(Joseph,Nephi) ∧ FATHER_OF(Hemdan,Nephi)"
387410,19097,FATHER_OF,"BROTHER_OF(Joseph,Nephi) ∧ FATHER_OF(Bathia,Nephi)"
19088,19097,FATHER_OF,"BROTHER_OF(Joseph,Nephi) ∧ FATHER_OF(Jethro,Nephi)"
459345,19097,FATHER_OF,"BROTHER_OF(Joseph,Nephi) ∧ FATHER_OF(Amaram,Nephi)"
28095,19097,FATHER_OF,"BROTHER_OF(Joseph,Nephi) ∧ FATHER_OF(Heth,Nephi)"
3332,19097,FATHER_OF,"BROTHER_OF(Joseph,Nephi) ∧ FATHER_OF(Mormon,Nephi)"
660398,19097,FATHER_OF,"BROTHER_OF(Joseph,Nephi) ∧ FATHER_OF(Prophet Mormon,Nephi)"
20145,19097,FATHER_OF,"BROTHER_OF(Joseph,Nephi) ∧ FATHER_OF(Righteousness,Nephi)"
30365,19097,FATHER_OF,"BROTHER_OF(Joseph,Nephi) ∧ FATHER_OF(Lamech,Nephi)"
19913,19097,FATHER_OF,"BROTHER_OF(Joseph,Nephi) ∧ FATHER_OF(Zeniff,Nephi)"
19871,19557,FATHER_OF,"BROTHER_OF(Sam,Nephi) ∧ FATHER_OF(Zacharias,Nephi)"
397883,19557,FATHER_OF,"BROTHER_OF(Sam,Nephi) ∧ FATHER_OF(Mathew Woodruff,Nephi)"
494839,19557,FATHER_OF,"BROTHER_OF(Sam,Nephi) ∧ FATHER_OF(Accos,Nephi)"
35041,19557,FATHER_OF,"BROTHER_OF(Sam,Nephi) ∧ FATHER_OF(Mattathias,Nephi)"
19872,19557,FATHER_OF,"BROTHER_OF(Sam,Nephi) ∧ FATHER_OF(Zechariah,Nephi)"
204448,19557,FATHER_OF,"BROTHER_OF(Sam,Nephi) ∧ FATHER_OF(Alpheus,Nephi)"
499765,19557,FATHER_OF,"BROTHER_OF(Sam,Nephi) ∧ FATHER_OF(Zehedee,Nephi)"
621613,19557,FATHER_OF,"BROTHER_OF(Sam,Nephi) ∧ FATHER_OF(Zebedee Salome,Nephi)"
42109,19557,FATHER_OF,"BROTHER_OF(Sam,Nephi) ∧ FATHER_OF(Joiada,Nephi)"
19566,19557,FATHER_OF,"BROTHER_OF(Sam,Nephi) ∧ FATHER_OF(Shaul,Nephi)"
19494,19557,FATHER_OF,"BROTHER_OF(Sam,Nephi) ∧ FATHER_OF(Paul,Nephi)"
36417,19557,FATHER_OF,"BROTHER_OF(Sam,Nephi) ∧ FATHER_OF(Shemaiah,Nephi)"
36161,19557,FATHER_OF,"BROTHER_OF(Sam,Nephi) ∧ FATHER_OF(Shage,Nephi)"
36610,19557,FATHER_OF,"BROTHER_OF(Sam,Nephi) ∧ FATHER_OF(Shimea,Nephi)"
35320,19557,FATHER_OF,"BROTHER_OF(Sam,Nephi) ∧ FATHER_OF(Abiathar,Nephi)"
36418,19557,FATHER_OF,"BROTHER_OF(Sam,Nephi) ∧ FATHER_OF(Uzziel,Nephi)"
36162,19557,FATHER_OF,"BROTHER_OF(Sam,Nephi) ∧ FATHER_OF(Shammah,Nephi)"
419644,19557,FATHER_OF,"BROTHER_OF(Sam,Nephi) ∧ FATHER_OF(Shagee,Nephi)"
36830,19557,FATHER_OF,"BROTHER_OF(Sam,Nephi) ∧ FATHER_OF(Absalom,Nephi)"
36627,19557,FATHER_OF,"BROTHER_OF(Sam,Nephi) ∧ FATHER_OF(Shimei,Nephi)"
30664,19557,FATHER_OF,"BROTHER_OF(Sam,Nephi) ∧ FATHER_OF(Joseph Smith Sr.,Nephi)"
213770,19557,FATHER_OF,"BROTHER_OF(Sam,Nephi) ∧ FATHER_OF(Alexander Hale Smith,Nephi)"
520857,19557,FATHER_OF,"BROTHER_OF(Sam,Nephi) ∧ FATHER_OF(Patriarch Hyrum Smith,Nephi)"
19092,19557,FATHER_OF,"BROTHER_OF(Sam,Nephi) ∧ FATHER_OF(John,Nephi)"
19097,19557,FATHER_OF,"BROTHER_OF(Sam,Nephi) ∧ FATHER_OF(Joseph,Nephi)"
106978,19557,FATHER_OF,"BROTHER_OF(Sam,Nephi) ∧ FATHER_OF(Asael Smith,Nephi)"
36535,19557,FATHER_OF,"BROTHER_OF(Sam,Nephi) ∧ FATHER_OF(Shammai,Nephi)"
19095,19557,FATHER_OF,"BROTHER_OF(Sam,Nephi) ∧ FATHER_OF(Jonathan,Nephi)"
33560,19557,FATHER_OF,"BROTHER_OF(Sam,Nephi) ∧ FATHER_OF(Tyre,Nephi)"
19499,19557,FATHER_OF,"BROTHER_OF(Sam,Nephi) ∧ FATHER_OF(Pharaoh,Nephi)"
19078,19557,FATHER_OF,"BROTHER_OF(Sam,Nephi) ∧ FATHER_OF(Jared,Nephi)"
3579,19557,FATHER_OF,"BROTHER_OF(Sam,Nephi) ∧ FATHER_OF(Cain,Nephi)"
24294,19557,FATHER_OF,"BROTHER_OF(Sam,Nephi) ∧ FATHER_OF(Midian,Nephi)"
3251,19557,FATHER_OF,"BROTHER_OF(Sam,Nephi) ∧ FATHER_OF(Mosiah,Nephi)"
19259,19557,FATHER_OF,"BROTHER_OF(Sam,Nephi) ∧ FATHER_OF(Lot,Nephi)"
18661,19557,FATHER_OF,"BROTHER_OF(Sam,Nephi) ∧ FATHER_OF(Daniel,Nephi)"
36179,19557,FATHER_OF,"BROTHER_OF(Sam,Nephi) ∧ FATHER_OF(Hemdan,Nephi)"
387410,19557,FATHER_OF,"BROTHER_OF(Sam,Nephi) ∧ FATHER_OF(Bathia,Nephi)"
19088,19557,FATHER_OF,"BROTHER_OF(Sam,Nephi) ∧ FATHER_OF(Jethro,Nephi)"
459345,19557,FATHER_OF,"BROTHER_OF(Sam,Nephi) ∧ FATHER_OF(Amaram,Nephi)"
28095,19557,FATHER_OF,"BROTHER_OF(Sam,Nephi) ∧ FATHER_OF(Heth,Nephi)"
3332,19557,FATHER_OF,"BROTHER_OF(Sam,Nephi) ∧ FATHER_OF(Mormon,Nephi)"
660398,19557,FATHER_OF,"BROTHER_OF(Sam,Nephi) ∧ FATHER_OF(Prophet Mormon,Nephi)"
20145,19557,FATHER_OF,"BROTHER_OF(Sam,Nephi) ∧ FATHER_OF(Righteousness,Nephi)"
30365,19557,FATHER_OF,"BROTHER_OF(Sam,Nephi) ∧ FATHER_OF(Lamech,Nephi)"
19913,19557,FATHER_OF,"BROTHER_OF(Sam,Nephi) ∧ FATHER_OF(Zeniff,Nephi)"
19871,19211,FATHER_OF,"BROTHER_OF(Lemuel,Nephi) ∧ FATHER_OF(Zacharias,Nephi)"
397883,19211,FATHER_OF,"BROTHER_OF(Lemuel,Nephi) ∧ FATHER_OF(Mathew Woodruff,Nephi)"
494839,19211,FATHER_OF,"BROTHER_OF(Lemuel,Nephi) ∧ FATHER_OF(Accos,Nephi)"
35041,19211,FATHER_OF,"BROTHER_OF(Lemuel,Nephi) ∧ FATHER_OF(Mattathias,Nephi)"
19872,19211,FATHER_OF,"BROTHER_OF(Lemuel,Nephi) ∧ FATHER_OF(Zechariah,Nephi)"
204448,19211,FATHER_OF,"BROTHER_OF(Lemuel,Nephi) ∧ FATHER_OF(Alpheus,Nephi)"
499765,19211,FATHER_OF,"BROTHER_OF(Lemuel,Nephi) ∧ FATHER_OF(Zehedee,Nephi)"
621613,19211,FATHER_OF,"BROTHER_OF(Lemuel,Nephi) ∧ FATHER_OF(Zebedee Salome,Nephi)"
42109,19211,FATHER_OF,"BROTHER_OF(Lemuel,Nephi) ∧ FATHER_OF(Joiada,Nephi)"
19566,19211,FATHER_OF,"BROTHER_OF(Lemuel,Nephi) ∧ FATHER_OF(Shaul,Nephi)"
19494,19211,FATHER_OF,"BROTHER_OF(Lemuel,Nephi) ∧ FATHER_OF(Paul,Nephi)"
36417,19211,FATHER_OF,"BROTHER_OF(Lemuel,Nephi) ∧ FATHER_OF(Shemaiah,Nephi)"
36161,19211,FATHER_OF,"BROTHER_OF(Lemuel,Nephi) ∧ FATHER_OF(Shage,Nephi)"
36610,19211,FATHER_OF,"BROTHER_OF(Lemuel,Nephi) ∧ FATHER_OF(Shimea,Nephi)"
35320,19211,FATHER_OF,"BROTHER_OF(Lemuel,Nephi) ∧ FATHER_OF(Abiathar,Nephi)"
36418,19211,FATHER_OF,"BROTHER_OF(Lemuel,Nephi) ∧ FATHER_OF(Uzziel,Nephi)"
36162,19211,FATHER_OF,"BROTHER_OF(Lemuel,Nephi) ∧ FATHER_OF(Shammah,Nephi)"
419644,19211,FATHER_OF,"BROTHER_OF(Lemuel,Nephi) ∧ FATHER_OF(Shagee,Nephi)"
36830,19211,FATHER_OF,"BROTHER_OF(Lemuel,Nephi) ∧ FATHER_OF(Absalom,Nephi)"
36627,19211,FATHER_OF,"BROTHER_OF(Lemuel,Nephi) ∧ FATHER_OF(Shimei,Nephi)"
30664,19211,FATHER_OF,"BROTHER_OF(Lemuel,Nephi) ∧ FATHER_OF(Joseph Smith Sr.,Nephi)"
213770,19211,FATHER_OF,"BROTHER_OF(Lemuel,Nephi) ∧ FATHER_OF(Alexander Hale Smith,Nephi)"
520857,19211,FATHER_OF,"BROTHER_OF(Lemuel,Nephi) ∧ FATHER_OF(Patriarch Hyrum Smith,Nephi)"
19092,19211,FATHER_OF,"BROTHER_OF(Lemuel,Nephi) ∧ FATHER_OF(John,Nephi)"
19097,19211,FATHER_OF,"BROTHER_OF(Lemuel,Nephi) ∧ FATHER_OF(Joseph,Nephi)"
106978,19211,FATHER_OF,"BROTHER_OF(Lemuel,Nephi) ∧ FATHER_OF(Asael Smith,Nephi)"
36535,19211,FATHER_OF,"BROTHER_OF(Lemuel,Nephi) ∧ FATHER_OF(Shammai,Nephi)"
19095,19211,FATHER_OF,"BROTHER_OF(Lemuel,Nephi) ∧ FATHER_OF(Jonathan,Nephi)"
33560,19211,FATHER_OF,"BROTHER_OF(Lemuel,Nephi) ∧ FATHER_OF(Tyre,Nephi)"
19499,19211,FATHER_OF,"BROTHER_OF(Lemuel,Nephi) ∧ FATHER_OF(Pharaoh,Nephi)"
19078,19211,FATHER_OF,"BROTHER_OF(Lemuel,Nephi) ∧ FATHER_OF(Jared,Nephi)"
3579,19211,FATHER_OF,"BROTHER_OF(Lemuel,Nephi) ∧ FATHER_OF(Cain,Nephi)"
24294,19211,FATHER_OF,"BROTHER_OF(Lemuel,Nephi) ∧ FATHER_OF(Midian,Nephi)"
3251,19211,FATHER_OF,"BROTHER_OF(Lemuel,Nephi) ∧ FATHER_OF(Mosiah,Nephi)"
19259,19211,FATHER_OF,"BROTHER_OF(Lemuel,Nephi) ∧ FATHER_OF(Lot,Nephi)"
18661,19211,FATHER_OF,"BROTHER_OF(Lemuel,Nephi) ∧ FATHER_OF(Daniel,Nephi)"
36179,19211,FATHER_OF,"BROTHER_OF(Lemuel,Nephi) ∧ FATHER_OF(Hemdan,Nephi)"
387410,19211,FATHER_OF,"BROTHER_OF(Lemuel,Nephi) ∧ FATHER_OF(Bathia,Nephi)"
19088,19211,FATHER_OF,"BROTHER_OF(Lemuel,Nephi) ∧ FATHER_OF(Jethro,Nephi)"
459345,19211,FATHER_OF,"BROTHER_OF(Lemuel,Nephi) ∧ FATHER_OF(Amaram,Nephi)"
28095,19211,FATHER_OF,"BROTHER_OF(Lemuel,Nephi) ∧ FATHER_OF(Heth,Nephi)"
3332,19211,FATHER_OF,"BROTHER_OF(Lemuel,Nephi) ∧ FATHER_OF(Mormon,Nephi)"
660398,19211,FATHER_OF,"BROTHER_OF(Lemuel,Nephi) ∧ FATHER_OF(Prophet Mormon,Nephi)"
20145,19211,FATHER_OF,"BROTHER_OF(Lemuel,Nephi) ∧ FATHER_OF(Righteousness,Nephi)"
30365,19211,FATHER_OF,"BROTHER_OF(Lemuel,Nephi) ∧ FATHER_OF(Lamech,Nephi)"
19913,19211,FATHER_OF,"BROTHER_OF(Lemuel,Nephi) ∧ FATHER_OF(Zeniff,Nephi)"
30664,3549,FATHER_OF,"BROTHER_OF(Jacob,Nephi) ∧ FATHER_OF(Joseph Smith Sr.,Nephi)"
213770,3549,FATHER_OF,"BROTHER_OF(Jacob,Nephi) ∧ FATHER_OF(Alexander Hale Smith,Nephi)"
520857,3549,FATHER_OF,"BROTHER_OF(Jacob,Nephi) ∧ FATHER_OF(Patriarch Hyrum Smith,Nephi)"
19092,3549,FATHER_OF,"BROTHER_OF(Jacob,Nephi) ∧ FATHER_OF(John,Nephi)"
106978,3549,FATHER_OF,"BROTHER_OF(Jacob,Nephi) ∧ FATHER_OF(Asael Smith,Nephi)"
36535,3549,FATHER_OF,"BROTHER_OF(Jacob,Nephi) ∧ FATHER_OF(Shammai,Nephi)"
19095,3549,FATHER_OF,"BROTHER_OF(Jacob,Nephi) ∧ FATHER_OF(Jonathan,Nephi)"
33560,3549,FATHER_OF,"BROTHER_OF(Jacob,Nephi) ∧ FATHER_OF(Tyre,Nephi)"
19499,3549,FATHER_OF,"BROTHER_OF(Jacob,Nephi) ∧ FATHER_OF(Pharaoh,Nephi)"
19078,3549,FATHER_OF,"BROTHER_OF(Jacob,Nephi) ∧ FATHER_OF(Jared,Nephi)"
3579,3549,FATHER_OF,"BROTHER_OF(Jacob,Nephi) ∧ FATHER_OF(Cain,Nephi)"
24294,3549,FATHER_OF,"BROTHER_OF(Jacob,Nephi) ∧ FATHER_OF(Midian,Nephi)"
3251,3549,FATHER_OF,"BROTHER_OF(Jacob,Nephi) ∧ FATHER_OF(Mosiah,Nephi)"
19259,3549,FATHER_OF,"BROTHER_OF(Jacob,Nephi) ∧ FATHER_OF(Lot,Nephi)"
18661,3549,FATHER_OF,"BROTHER_OF(Jacob,Nephi) ∧ FATHER_OF(Daniel,Nephi)"
36179,3549,FATHER_OF,"BROTHER_OF(Jacob,Nephi) ∧ FATHER_OF(Hemdan,Nephi)"
387410,3549,FATHER_OF,"BROTHER_OF(Jacob,Nephi) ∧ FATHER_OF(Bathia,Nephi)"
19088,3549,FATHER_OF,"BROTHER_OF(Jacob,Nephi) ∧ FATHER_OF(Jethro,Nephi)"
459345,3549,FATHER_OF,"BROTHER_OF(Jacob,Nephi) ∧ FATHER_OF(Amaram,Nephi)"
28095,3549,FATHER_OF,"BROTHER_OF(Jacob,Nephi) ∧ FATHER_OF(Heth,Nephi)"
3332,3549,FATHER_OF,"BROTHER_OF(Jacob,Nephi) ∧ FATHER_OF(Mormon,Nephi)"
660398,3549,FATHER_OF,"BROTHER_OF(Jacob,Nephi) ∧ FATHER_OF(Prophet Mormon,Nephi)"
20145,3549,FATHER_OF,"BROTHER_OF(Jacob,Nephi) ∧ FATHER_OF(Righteousness,Nephi)"
30365,3549,FATHER_OF,"BROTHER_OF(Jacob,Nephi) ∧ FATHER_OF(Lamech,Nephi)"
19913,3549,FATHER_OF,"BROTHER_OF(Jacob,Nephi) ∧ FATHER_OF(Zeniff,Nephi)"
19210,19092,FATHER_OF,"BROTHER_OF(John,James) ∧ FATHER_OF(Leah,James)"
19199,19092,FATHER_OF,"BROTHER_OF(John,James) ∧ FATHER_OF(Laban,James)"
42086,19092,FATHER_OF,"BROTHER_OF(John,James) ∧ FATHER_OF(Senuah,James)"
38002,19092,FATHER_OF,"BROTHER_OF(John,James) ∧ FATHER_OF(Jehoash,James)"
36330,19092,FATHER_OF,"BROTHER_OF(John,James) ∧ FATHER_OF(Joash,James)"
19082,19092,FATHER_OF,"BROTHER_OF(John,James) ∧ FATHER_OF(Jehoshaphat,James)"
19540,19092,FATHER_OF,"BROTHER_OF(John,James) ∧ FATHER_OF(Rehoboam,James)"
36522,19092,FATHER_OF,"BROTHER_OF(John,James) ∧ FATHER_OF(Uri,James)"
24119,19092,FATHER_OF,"BROTHER_OF(John,James) ∧ FATHER_OF(Jotham,James)"
35433,19092,FATHER_OF,"BROTHER_OF(John,James) ∧ FATHER_OF(Jehoram,James)"
3504,19092,FATHER_OF,"BROTHER_OF(John,James) ∧ FATHER_OF(Asa,James)"
36576,19092,FATHER_OF,"BROTHER_OF(John,James) ∧ FATHER_OF(Jahdai,James)"
36557,19092,FATHER_OF,"BROTHER_OF(John,James) ∧ FATHER_OF(Azariah,James)"
36542,19092,FATHER_OF,"BROTHER_OF(John,James) ∧ FATHER_OF(Appaim,James)"
36724,19092,FATHER_OF,"BROTHER_OF(John,James) ∧ FATHER_OF(Jehohanan,James)"
18906,19092,FATHER_OF,"BROTHER_OF(John,James) ∧ FATHER_OF(Hezekiah,James)"
36563,19092,FATHER_OF,"BROTHER_OF(John,James) ∧ FATHER_OF(Jekamiah,James)"
402110,19092,FATHER_OF,"BROTHER_OF(John,James) ∧ FATHER_OF(Hassenuah,James)"
36905,19092,FATHER_OF,"BROTHER_OF(John,James) ∧ FATHER_OF(Meonothai,James)"
36898,19092,FATHER_OF,"BROTHER_OF(John,James) ∧ FATHER_OF(Eshton,James)"
37051,19092,FATHER_OF,"BROTHER_OF(John,James) ∧ FATHER_OF(Adaiah,James)"
24105,19092,FATHER_OF,"BROTHER_OF(John,James) ∧ FATHER_OF(Uzziah,James)"
36797,19092,FATHER_OF,"BROTHER_OF(John,James) ∧ FATHER_OF(Chelub,James)"
19536,19073,FATHER_OF,"BROTHER_OF(James,John) ∧ FATHER_OF(Rachel,John)"
35060,19073,FATHER_OF,"BROTHER_OF(James,John) ∧ FATHER_OF(Jonan,John)"
35037,19073,FATHER_OF,"BROTHER_OF(James,John) ∧ FATHER_OF(Heli,John)"
3416,19073,FATHER_OF,"BROTHER_OF(James,John) ∧ FATHER_OF(Amos,John)"
19109,19073,FATHER_OF,"BROTHER_OF(James,John) ∧ FATHER_OF(Jude,John)"
18670,19073,FATHER_OF,"BROTHER_OF(James,John) ∧ FATHER_OF(Eli,John)"
409594,19073,FATHER_OF,"BROTHER_OF(James,John) ∧ FATHER_OF(Jonam,John)"
15527,19073,FATHER_OF,"BROTHER_OF(James,John) ∧ FATHER_OF(Potiphera,John)"
30497,19073,FATHER_OF,"BROTHER_OF(James,John) ∧ FATHER_OF(Hyrum,John)"
5852,19073,FATHER_OF,"BROTHER_OF(James,John) ∧ FATHER_OF(Cuando,John)"
19583,19073,FATHER_OF,"BROTHER_OF(James,John) ∧ FATHER_OF(Hyrum Smith,John)"
391257,19073,FATHER_OF,"BROTHER_OF(James,John) ∧ FATHER_OF(Patriarch,John)"
30358,19073,FATHER_OF,"BROTHER_OF(James,John) ∧ FATHER_OF(Mahalaleel,John)"
8513,19073,FATHER_OF,"BROTHER_OF(James,John) ∧ FATHER_OF(Omer,John)"
609199,19073,FATHER_OF,"BROTHER_OF(James,John) ∧ FATHER_OF(Mahaleel,John)"
36345,18918,FATHER_OF,"BROTHER_OF(Nephi,Joseph) ∧ FATHER_OF(Elkanah,Joseph)"
59317,18918,FATHER_OF,"BROTHER_OF(Nephi,Joseph) ∧ FATHER_OF(Robert,Joseph)"
464107,18918,FATHER_OF,"BROTHER_OF(Nephi,Joseph) ∧ FATHER_OF(An Ephraimite,Joseph)"
36573,3278,FATHER_OF,"BROTHER_OF(Abraham,Rebekah) ∧ FATHER_OF(Haran,Rebekah)"
12743,3278,FATHER_OF,"BROTHER_OF(Abraham,Rebekah) ∧ FATHER_OF(Harán,Rebekah)"
36215,306863,FATHER_OF,"BROTHER_OF(And,Jared) ∧ FATHER_OF(Aholibamah,Jared)"
40102,306863,FATHER_OF,"BROTHER_OF(And,Jared) ∧ FATHER_OF(Beeri,Jared)"
37465,306863,FATHER_OF,"BROTHER_OF(And,Jared) ∧ FATHER_OF(Elon,Jared)"
18917,306863,FATHER_OF,"BROTHER_OF(And,Jared) ∧ FATHER_OF(Ishmael,Jared)"
36215,19108,FATHER_OF,"BROTHER_OF(Judas,James) ∧ FATHER_OF(Aholibamah,James)"
40102,19108,FATHER_OF,"BROTHER_OF(Judas,James) ∧ FATHER_OF(Beeri,James)"
37465,19108,FATHER_OF,"BROTHER_OF(Judas,James) ∧ FATHER_OF(Elon,James)"
18917,19108,FATHER_OF,"BROTHER_OF(Judas,James) ∧ FATHER_OF(Ishmael,James)"
18900,19108,FATHER_OF,"BROTHER_OF(Judas,James) ∧ FATHER_OF(Helaman,James)"
765216,19108,FATHER_OF,"BROTHER_OF(Judas,James) ∧ FATHER_OF(Lehi Nephi,James)"
12670,36245,FATHER_OF,"BROTHER_OF(Abishai,Joab) ∧ FATHER_OF(Nahas,Joab)"
36486,36245,FATHER_OF,"BROTHER_OF(Abishai,Joab) ∧ FATHER_OF(Nahash,Joab)"
12670,36250,FATHER_OF,"BROTHER_OF(Asahel,Joab) ∧ FATHER_OF(Nahas,Joab)"
36486,36250,FATHER_OF,"BROTHER_OF(Asahel,Joab) ∧ FATHER_OF(Nahash,Joab)"
36573,444789,FATHER_OF,"BROTHER_OF(SYRIAN,Rebekah) ∧ FATHER_OF(Haran,Rebekah)"
12743,444789,FATHER_OF,"BROTHER_OF(SYRIAN,Rebekah) ∧ FATHER_OF(Harán,Rebekah)"
35074,444789,FATHER_OF,"BROTHER_OF(SYRIAN,Rebekah) ∧ FATHER_OF(Reu,Rebekah)"
35073,444789,FATHER_OF,"BROTHER_OF(SYRIAN,Rebekah) ∧ FATHER_OF(Serug,Rebekah)"
392321,444789,FATHER_OF,"BROTHER_OF(SYRIAN,Rebekah) ∧ FATHER_OF(Serug Branch,Rebekah)"
12670,13666,FATHER_OF,"BROTHER_OF(Sarvia,Joab) ∧ FATHER_OF(Nahas,Joab)"
36486,13666,FATHER_OF,"BROTHER_OF(Sarvia,Joab) ∧ FATHER_OF(Nahash,Joab)"
12670,12537,FATHER_OF,"BROTHER_OF(Asael,Joab) ∧ FATHER_OF(Nahas,Joab)"
36486,12537,FATHER_OF,"BROTHER_OF(Asael,Joab) ∧ FATHER_OF(Nahash,Joab)"
35074,19199,FATHER_OF,"BROTHER_OF(Laban,Rebekah) ∧ FATHER_OF(Reu,Rebekah)"
35073,19199,FATHER_OF,"BROTHER_OF(Laban,Rebekah) ∧ FATHER_OF(Serug,Rebekah)"
392321,19199,FATHER_OF,"BROTHER_OF(Laban,Rebekah) ∧ FATHER_OF(Serug Branch,Rebekah)"
36215,18680,FATHER_OF,"BROTHER_OF(Enoch,Jared) ∧ FATHER_OF(Aholibamah,Jared)"
40102,18680,FATHER_OF,"BROTHER_OF(Enoch,Jared) ∧ FATHER_OF(Beeri,Jared)"
37465,18680,FATHER_OF,"BROTHER_OF(Enoch,Jared) ∧ FATHER_OF(Elon,Jared)"
18917,18680,FATHER_OF,"BROTHER_OF(Enoch,Jared) ∧ FATHER_OF(Ishmael,Jared)"
36215,19109,FATHER_OF,"BROTHER_OF(Jude,James) ∧ FATHER_OF(Aholibamah,James)"
40102,19109,FATHER_OF,"BROTHER_OF(Jude,James) ∧ FATHER_OF(Beeri,James)"
37465,19109,FATHER_OF,"BROTHER_OF(Jude,James) ∧ FATHER_OF(Elon,James)"
18917,19109,FATHER_OF,"BROTHER_OF(Jude,James) ∧ FATHER_OF(Ishmael,James)"
18900,19109,FATHER_OF,"BROTHER_OF(Jude,James) ∧ FATHER_OF(Helaman,James)"
765216,19109,FATHER_OF,"BROTHER_OF(Jude,James) ∧ FATHER_OF(Lehi Nephi,James)"
25524,19109,FATHER_OF,"BROTHER_OF(Jude,James) ∧ FATHER_OF(Jonas,James)"
45834,19109,FATHER_OF,"BROTHER_OF(Jude,James) ∧ FATHER_OF(Jona,James)"
19092,19109,FATHER_OF,"BROTHER_OF(Jude,James) ∧ FATHER_OF(John,James)"
19094,19109,FATHER_OF,"BROTHER_OF(Jude,James) ∧ FATHER_OF(Jonah,James)"
650625,19109,FATHER_OF,"BROTHER_OF(Jude,James) ∧ FATHER_OF(Gioras,James)"
55816,19109,FATHER_OF,"BROTHER_OF(Jude,James) ∧ FATHER_OF(Jochai,James)"
465526,19109,FATHER_OF,"BROTHER_OF(Jude,James) ∧ FATHER_OF(Onias,James)"
18873,19109,FATHER_OF,"BROTHER_OF(Jude,James) ∧ FATHER_OF(Gamaliel,James)"
19210,19109,FATHER_OF,"BROTHER_OF(Jude,James) ∧ FATHER_OF(Leah,James)"
19199,19109,FATHER_OF,"BROTHER_OF(Jude,James) ∧ FATHER_OF(Laban,James)"
3553,19109,FATHER_OF,"BROTHER_OF(Jude,James) ∧ FATHER_OF(Jacob (patriarch),James)"
42086,19109,FATHER_OF,"BROTHER_OF(Jude,James) ∧ FATHER_OF(Senuah,James)"
38002,19109,FATHER_OF,"BROTHER_OF(Jude,James) ∧ FATHER_OF(Jehoash,James)"
36330,19109,FATHER_OF,"BROTHER_OF(Jude,James) ∧ FATHER_OF(Joash,James)"
19082,19109,FATHER_OF,"BROTHER_OF(Jude,James) ∧ FATHER_OF(Jehoshaphat,James)"
19540,19109,FATHER_OF,"BROTHER_OF(Jude,James) ∧ FATHER_OF(Rehoboam,James)"
36522,19109,FATHER_OF,"BROTHER_OF(Jude,James) ∧ FATHER_OF(Uri,James)"
24119,19109,FATHER_OF,"BROTHER_OF(Jude,James) ∧ FATHER_OF(Jotham,James)"
35433,19109,FATHER_OF,"BROTHER_OF(Jude,James) ∧ FATHER_OF(Jehoram,James)"
3504,19109,FATHER_OF,"BROTHER_OF(Jude,James) ∧ FATHER_OF(Asa,James)"
36576,19109,FATHER_OF,"BROTHER_OF(Jude,James) ∧ FATHER_OF(Jahdai,James)"
36557,19109,FATHER_OF,"BROTHER_OF(Jude,James) ∧ FATHER_OF(Azariah,James)"
36542,19109,FATHER_OF,"BROTHER_OF(Jude,James) ∧ FATHER_OF(Appaim,James)"
36724,19109,FATHER_OF,"BROTHER_OF(Jude,James) ∧ FATHER_OF(Jehohanan,James)"
18906,19109,FATHER_OF,"BROTHER_OF(Jude,James) ∧ FATHER_OF(Hezekiah,James)"
36563,19109,FATHER_OF,"BROTHER_OF(Jude,James) ∧ FATHER_OF(Jekamiah,James)"
402110,19109,FATHER_OF,"BROTHER_OF(Jude,James) ∧ FATHER_OF(Hassenuah,James)"
36905,19109,FATHER_OF,"BROTHER_OF(Jude,James) ∧ FATHER_OF(Meonothai,James)"
36898,19109,FATHER_OF,"BROTHER_OF(Jude,James) ∧ FATHER_OF(Eshton,James)"
37051,19109,FATHER_OF,"BROTHER_OF(Jude,James) ∧ FATHER_OF(Adaiah,James)"
24105,19109,FATHER_OF,"BROTHER_OF(Jude,James) ∧ FATHER_OF(Uzziah,James)"
36797,19109,FATHER_OF,"BROTHER_OF(Jude,James) ∧ FATHER_OF(Chelub,James)"
36215,3399,FATHER_OF,"BROTHER_OF(Ammon,Jared) ∧ FATHER_OF(Aholibamah,Jared)"
40102,3399,FATHER_OF,"BROTHER_OF(Ammon,Jared) ∧ FATHER_OF(Beeri,Jared)"
37465,3399,FATHER_OF,"BROTHER_OF(Ammon,Jared) ∧ FATHER_OF(Elon,Jared)"
18917,3399,FATHER_OF,"BROTHER_OF(Ammon,Jared) ∧ FATHER_OF(Ishmael,Jared)"
36215,294247,FATHER_OF,"BROTHER_OF(Mientras,Jared) ∧ FATHER_OF(Aholibamah,Jared)"
40102,294247,FATHER_OF,"BROTHER_OF(Mientras,Jared) ∧ FATHER_OF(Beeri,Jared)"
37465,294247,FATHER_OF,"BROTHER_OF(Mientras,Jared) ∧ FATHER_OF(Elon,Jared)"
18917,294247,FATHER_OF,"BROTHER_OF(Mientras,Jared) ∧ FATHER_OF(Ishmael,Jared)"
36215,5655,FATHER_OF,"BROTHER_OF(Luego,Jared) ∧ FATHER_OF(Aholibamah,Jared)"
40102,5655,FATHER_OF,"BROTHER_OF(Luego,Jared) ∧ FATHER_OF(Beeri,Jared)"
37465,5655,FATHER_OF,"BROTHER_OF(Luego,Jared) ∧ FATHER_OF(Elon,Jared)"
18917,5655,FATHER_OF,"BROTHER_OF(Luego,Jared) ∧ FATHER_OF(Ishmael,Jared)"
36215,381023,FATHER_OF,"BROTHER_OF(When,Jared) ∧ FATHER_OF(Aholibamah,Jared)"
40102,381023,FATHER_OF,"BROTHER_OF(When,Jared) ∧ FATHER_OF(Beeri,Jared)"
37465,381023,FATHER_OF,"BROTHER_OF(When,Jared) ∧ FATHER_OF(Elon,Jared)"
18917,381023,FATHER_OF,"BROTHER_OF(When,Jared) ∧ FATHER_OF(Ishmael,Jared)"
36215,633893,FATHER_OF,"BROTHER_OF(Shelem,Jared) ∧ FATHER_OF(Aholibamah,Jared)"
40102,633893,FATHER_OF,"BROTHER_OF(Shelem,Jared) ∧ FATHER_OF(Beeri,Jared)"
37465,633893,FATHER_OF,"BROTHER_OF(Shelem,Jared) ∧ FATHER_OF(Elon,Jared)"
18917,633893,FATHER_OF,"BROTHER_OF(Shelem,Jared) ∧ FATHER_OF(Ishmael,Jared)"
36215,5852,FATHER_OF,"BROTHER_OF(Cuando,Jared) ∧ FATHER_OF(Aholibamah,Jared)"
40102,5852,FATHER_OF,"BROTHER_OF(Cuando,Jared) ∧ FATHER_OF(Beeri,Jared)"
37465,5852,FATHER_OF,"BROTHER_OF(Cuando,Jared) ∧ FATHER_OF(Elon,Jared)"
18917,5852,FATHER_OF,"BROTHER_OF(Cuando,Jared) ∧ FATHER_OF(Ishmael,Jared)"
36215,83519,FATHER_OF,"BROTHER_OF(Arnold Friberg,Jared) ∧ FATHER_OF(Aholibamah,Jared)"
40102,83519,FATHER_OF,"BROTHER_OF(Arnold Friberg,Jared) ∧ FATHER_OF(Beeri,Jared)"
37465,83519,FATHER_OF,"BROTHER_OF(Arnold Friberg,Jared) ∧ FATHER_OF(Elon,Jared)"
18917,83519,FATHER_OF,"BROTHER_OF(Arnold Friberg,Jared) ∧ FATHER_OF(Ishmael,Jared)"
30664,67829,FATHER_OF,"BROTHER_OF(Samuel Harrison Smith,José) ∧ FATHER_OF(Joseph Smith Sr.,José)"
30497,67829,FATHER_OF,"BROTHER_OF(Samuel Harrison Smith,José) ∧ FATHER_OF(Hyrum,José)"
19097,67829,FATHER_OF,"BROTHER_OF(Samuel Harrison Smith,José) ∧ FATHER_OF(Joseph,José)"
106978,67829,FATHER_OF,"BROTHER_OF(Samuel Harrison Smith,José) ∧ FATHER_OF(Asael Smith,José)"
39823,35071,FATHER_OF,"BROTHER_OF(Terah,Abraham) ∧ FATHER_OF(Milcah,Abraham)"
35049,19581,FATHER_OF,"BROTHER_OF(Simon,Jesus) ∧ FATHER_OF(Rhesa,Jesus)"
36573,36950,FATHER_OF,"BROTHER_OF(Bethuel,Rebekah) ∧ FATHER_OF(Haran,Rebekah)"
12743,36950,FATHER_OF,"BROTHER_OF(Bethuel,Rebekah) ∧ FATHER_OF(Harán,Rebekah)"
35074,36950,FATHER_OF,"BROTHER_OF(Bethuel,Rebekah) ∧ FATHER_OF(Reu,Rebekah)"
35073,36950,FATHER_OF,"BROTHER_OF(Bethuel,Rebekah) ∧ FATHER_OF(Serug,Rebekah)"
392321,36950,FATHER_OF,"BROTHER_OF(Bethuel,Rebekah) ∧ FATHER_OF(Serug Branch,Rebekah)"
39823,36573,FATHER_OF,"BROTHER_OF(Haran,Abraham) ∧ FATHER_OF(Milcah,Abraham)"
36215,29699,FATHER_OF,"BROTHER_OF(Hiram,Joseph) ∧ FATHER_OF(Aholibamah,Joseph)"
40102,29699,FATHER_OF,"BROTHER_OF(Hiram,Joseph) ∧ FATHER_OF(Beeri,Joseph)"
37465,29699,FATHER_OF,"BROTHER_OF(Hiram,Joseph) ∧ FATHER_OF(Elon,Joseph)"
18917,29699,FATHER_OF,"BROTHER_OF(Hiram,Joseph) ∧ FATHER_OF(Ishmael,Joseph)"
36345,29699,FATHER_OF,"BROTHER_OF(Hiram,Joseph) ∧ FATHER_OF(Elkanah,Joseph)"
59317,29699,FATHER_OF,"BROTHER_OF(Hiram,Joseph) ∧ FATHER_OF(Robert,Joseph)"
464107,29699,FATHER_OF,"BROTHER_OF(Hiram,Joseph) ∧ FATHER_OF(An Ephraimite,Joseph)"
36215,29832,FATHER_OF,"BROTHER_OF(William Smith,Joseph) ∧ FATHER_OF(Aholibamah,Joseph)"
40102,29832,FATHER_OF,"BROTHER_OF(William Smith,Joseph) ∧ FATHER_OF(Beeri,Joseph)"
37465,29832,FATHER_OF,"BROTHER_OF(William Smith,Joseph) ∧ FATHER_OF(Elon,Joseph)"
18917,29832,FATHER_OF,"BROTHER_OF(William Smith,Joseph) ∧ FATHER_OF(Ishmael,Joseph)"
213770,209474,FATHER_OF,"BROTHER_OF(Don Carlos Smith,Hyrum Smith) ∧ FATHER_OF(Alexander Hale Smith,Hyrum Smith)"
520857,209474,FATHER_OF,"BROTHER_OF(Don Carlos Smith,Hyrum Smith) ∧ FATHER_OF(Patriarch Hyrum Smith,Hyrum Smith)"
19092,209474,FATHER_OF,"BROTHER_OF(Don Carlos Smith,Hyrum Smith) ∧ FATHER_OF(John,Hyrum Smith)"
18900,209474,FATHER_OF,"BROTHER_OF(Don Carlos Smith,Hyrum Smith) ∧ FATHER_OF(Helaman,Hyrum Smith)"
765216,209474,FATHER_OF,"BROTHER_OF(Don Carlos Smith,Hyrum Smith) ∧ FATHER_OF(Lehi Nephi,Hyrum Smith)"
39823,35072,FATHER_OF,"BROTHER_OF(Nahor,Abraham) ∧ FATHER_OF(Milcah,Abraham)"
18915,19106,FATHER_OF,"BROTHER_OF(Judah,Jesus) ∧ FATHER_OF(Isaac,Jesus)"
19072,19106,FATHER_OF,"BROTHER_OF(Judah,Jesus) ∧ FATHER_OF(Lehi,Jesus)"
35453,19106,FATHER_OF,"BROTHER_OF(Judah,Jesus) ∧ FATHER_OF(Matthan,Jesus)"
12037,19106,FATHER_OF,"BROTHER_OF(Judah,Jesus) ∧ FATHER_OF(Matán,Jesus)"
35049,19106,FATHER_OF,"BROTHER_OF(Judah,Jesus) ∧ FATHER_OF(Rhesa,Jesus)"
36215,55772,FATHER_OF,"BROTHER_OF(Samuel Smith,Joseph) ∧ FATHER_OF(Aholibamah,Joseph)"
40102,55772,FATHER_OF,"BROTHER_OF(Samuel Smith,Joseph) ∧ FATHER_OF(Beeri,Joseph)"
37465,55772,FATHER_OF,"BROTHER_OF(Samuel Smith,Joseph) ∧ FATHER_OF(Elon,Joseph)"
18917,55772,FATHER_OF,"BROTHER_OF(Samuel Smith,Joseph) ∧ FATHER_OF(Ishmael,Joseph)"
36345,55772,FATHER_OF,"BROTHER_OF(Samuel Smith,Joseph) ∧ FATHER_OF(Elkanah,Joseph)"
59317,55772,FATHER_OF,"BROTHER_OF(Samuel Smith,Joseph) ∧ FATHER_OF(Robert,Joseph)"
464107,55772,FATHER_OF,"BROTHER_OF(Samuel Smith,Joseph) ∧ FATHER_OF(An Ephraimite,Joseph)"
36215,515909,FATHER_OF,"BROTHER_OF(Elder Hyrum Smith,Joseph) ∧ FATHER_OF(Aholibamah,Joseph)"
40102,515909,FATHER_OF,"BROTHER_OF(Elder Hyrum Smith,Joseph) ∧ FATHER_OF(Beeri,Joseph)"
37465,515909,FATHER_OF,"BROTHER_OF(Elder Hyrum Smith,Joseph) ∧ FATHER_OF(Elon,Joseph)"
18917,515909,FATHER_OF,"BROTHER_OF(Elder Hyrum Smith,Joseph) ∧ FATHER_OF(Ishmael,Joseph)"
36345,515909,FATHER_OF,"BROTHER_OF(Elder Hyrum Smith,Joseph) ∧ FATHER_OF(Elkanah,Joseph)"
59317,515909,FATHER_OF,"BROTHER_OF(Elder Hyrum Smith,Joseph) ∧ FATHER_OF(Robert,Joseph)"
464107,515909,FATHER_OF,"BROTHER_OF(Elder Hyrum Smith,Joseph) ∧ FATHER_OF(An Ephraimite,Joseph)"
36215,3249,FATHER_OF,"BROTHER_OF(Moses,Jared) ∧ FATHER_OF(Aholibamah,Jared)"
40102,3249,FATHER_OF,"BROTHER_OF(Moses,Jared) ∧ FATHER_OF(Beeri,Jared)"
37465,3249,FATHER_OF,"BROTHER_OF(Moses,Jared) ∧ FATHER_OF(Elon,Jared)"
18917,3249,FATHER_OF,"BROTHER_OF(Moses,Jared) ∧ FATHER_OF(Ishmael,Jared)"
18900,150532,FATHER_OF,"BROTHER_OF(Alvin Smith,Joseph Smith) ∧ FATHER_OF(Helaman,Joseph Smith)"
765216,150532,FATHER_OF,"BROTHER_OF(Alvin Smith,Joseph Smith) ∧ FATHER_OF(Lehi Nephi,Joseph Smith)"
36215,31138,FATHER_OF,"BROTHER_OF(Smith,Joseph) ∧ FATHER_OF(Aholibamah,Joseph)"
40102,31138,FATHER_OF,"BROTHER_OF(Smith,Joseph) ∧ FATHER_OF(Beeri,Joseph)"
37465,31138,FATHER_OF,"BROTHER_OF(Smith,Joseph) ∧ FATHER_OF(Elon,Joseph)"
18917,31138,FATHER_OF,"BROTHER_OF(Smith,Joseph) ∧ FATHER_OF(Ishmael,Joseph)"
36215,527465,FATHER_OF,"BROTHER_OF(Moriancumr,Jared) ∧ FATHER_OF(Aholibamah,Jared)"
40102,527465,FATHER_OF,"BROTHER_OF(Moriancumr,Jared) ∧ FATHER_OF(Beeri,Jared)"
37465,527465,FATHER_OF,"BROTHER_OF(Moriancumr,Jared) ∧ FATHER_OF(Elon,Jared)"
18917,527465,FATHER_OF,"BROTHER_OF(Moriancumr,Jared) ∧ FATHER_OF(Ishmael,Jared)"
36215,28282,FATHER_OF,"BROTHER_OF(Moriancumer,Jared) ∧ FATHER_OF(Aholibamah,Jared)"
40102,28282,FATHER_OF,"BROTHER_OF(Moriancumer,Jared) ∧ FATHER_OF(Beeri,Jared)"
37465,28282,FATHER_OF,"BROTHER_OF(Moriancumer,Jared) ∧ FATHER_OF(Elon,Jared)"
18917,28282,FATHER_OF,"BROTHER_OF(Moriancumer,Jared) ∧ FATHER_OF(Ishmael,Jared)"
36215,647867,FATHER_OF,"BROTHER_OF(First,Jared) ∧ FATHER_OF(Aholibamah,Jared)"
40102,647867,FATHER_OF,"BROTHER_OF(First,Jared) ∧ FATHER_OF(Beeri,Jared)"
37465,647867,FATHER_OF,"BROTHER_OF(First,Jared) ∧ FATHER_OF(Elon,Jared)"
18917,647867,FATHER_OF,"BROTHER_OF(First,Jared) ∧ FATHER_OF(Ishmael,Jared)"
36215,19324,FATHER_OF,"BROTHER_OF(Moroni,Jared) ∧ FATHER_OF(Aholibamah,Jared)"
40102,19324,FATHER_OF,"BROTHER_OF(Moroni,Jared) ∧ FATHER_OF(Beeri,Jared)"
37465,19324,FATHER_OF,"BROTHER_OF(Moroni,Jared) ∧ FATHER_OF(Elon,Jared)"
18917,19324,FATHER_OF,"BROTHER_OF(Moroni,Jared) ∧ FATHER_OF(Ishmael,Jared)"
36215,39795,FATHER_OF,"BROTHER_OF(Babel,Jared) ∧ FATHER_OF(Aholibamah,Jared)"
40102,39795,FATHER_OF,"BROTHER_OF(Babel,Jared) ∧ FATHER_OF(Beeri,Jared)"
37465,39795,FATHER_OF,"BROTHER_OF(Babel,Jared) ∧ FATHER_OF(Elon,Jared)"
18917,39795,FATHER_OF,"BROTHER_OF(Babel,Jared) ∧ FATHER_OF(Ishmael,Jared)"
36215,158076,FATHER_OF,"BROTHER_OF(Because,Jared) ∧ FATHER_OF(Aholibamah,Jared)"
40102,158076,FATHER_OF,"BROTHER_OF(Because,Jared) ∧ FATHER_OF(Beeri,Jared)"
37465,158076,FATHER_OF,"BROTHER_OF(Because,Jared) ∧ FATHER_OF(Elon,Jared)"
18917,158076,FATHER_OF,"BROTHER_OF(Because,Jared) ∧ FATHER_OF(Ishmael,Jared)"
36215,453097,FATHER_OF,"BROTHER_OF(WELL,Jared) ∧ FATHER_OF(Aholibamah,Jared)"
40102,453097,FATHER_OF,"BROTHER_OF(WELL,Jared) ∧ FATHER_OF(Beeri,Jared)"
37465,453097,FATHER_OF,"BROTHER_OF(WELL,Jared) ∧ FATHER_OF(Elon,Jared)"
18917,453097,FATHER_OF,"BROTHER_OF(WELL,Jared) ∧ FATHER_OF(Ishmael,Jared)"
36215,3332,FATHER_OF,"BROTHER_OF(Mormon,Jared) ∧ FATHER_OF(Aholibamah,Jared)"
40102,3332,FATHER_OF,"BROTHER_OF(Mormon,Jared) ∧ FATHER_OF(Beeri,Jared)"
37465,3332,FATHER_OF,"BROTHER_OF(Mormon,Jared) ∧ FATHER_OF(Elon,Jared)"
18917,3332,FATHER_OF,"BROTHER_OF(Mormon,Jared) ∧ FATHER_OF(Ishmael,Jared)"
36215,304044,FATHER_OF,"BROTHER_OF(But,Jared) ∧ FATHER_OF(Aholibamah,Jared)"
40102,304044,FATHER_OF,"BROTHER_OF(But,Jared) ∧ FATHER_OF(Beeri,Jared)"
37465,304044,FATHER_OF,"BROTHER_OF(But,Jared) ∧ FATHER_OF(Elon,Jared)"
18917,304044,FATHER_OF,"BROTHER_OF(But,Jared) ∧ FATHER_OF(Ishmael,Jared)"
36215,18866,FATHER_OF,"BROTHER_OF(Noah,Jared) ∧ FATHER_OF(Aholibamah,Jared)"
40102,18866,FATHER_OF,"BROTHER_OF(Noah,Jared) ∧ FATHER_OF(Beeri,Jared)"
37465,18866,FATHER_OF,"BROTHER_OF(Noah,Jared) ∧ FATHER_OF(Elon,Jared)"
18917,18866,FATHER_OF,"BROTHER_OF(Noah,Jared) ∧ FATHER_OF(Ishmael,Jared)"
36215,639260,FATHER_OF,"BROTHER_OF(REMEMBER,Jared) ∧ FATHER_OF(Aholibamah,Jared)"
40102,639260,FATHER_OF,"BROTHER_OF(REMEMBER,Jared) ∧ FATHER_OF(Beeri,Jared)"
37465,639260,FATHER_OF,"BROTHER_OF(REMEMBER,Jared) ∧ FATHER_OF(Elon,Jared)"
18917,639260,FATHER_OF,"BROTHER_OF(REMEMBER,Jared) ∧ FATHER_OF(Ishmael,Jared)"
36215,306734,FATHER_OF,"BROTHER_OF(Probablemente,Jared) ∧ FATHER_OF(Aholibamah,Jared)"
40102,306734,FATHER_OF,"BROTHER_OF(Probablemente,Jared) ∧ FATHER_OF(Beeri,Jared)"
37465,306734,FATHER_OF,"BROTHER_OF(Probablemente,Jared) ∧ FATHER_OF(Elon,Jared)"
18917,306734,FATHER_OF,"BROTHER_OF(Probablemente,Jared) ∧ FATHER_OF(Ishmael,Jared)"
36215,764231,FATHER_OF,"BROTHER_OF(Del,Jared) ∧ FATHER_OF(Aholibamah,Jared)"
40102,764231,FATHER_OF,"BROTHER_OF(Del,Jared) ∧ FATHER_OF(Beeri,Jared)"
37465,764231,FATHER_OF,"BROTHER_OF(Del,Jared) ∧ FATHER_OF(Elon,Jared)"
18917,764231,FATHER_OF,"BROTHER_OF(Del,Jared) ∧ FATHER_OF(Ishmael,Jared)"
36215,7501,FATHER_OF,"BROTHER_OF(Entonces,Jared) ∧ FATHER_OF(Aholibamah,Jared)"
40102,7501,FATHER_OF,"BROTHER_OF(Entonces,Jared) ∧ FATHER_OF(Beeri,Jared)"
37465,7501,FATHER_OF,"BROTHER_OF(Entonces,Jared) ∧ FATHER_OF(Elon,Jared)"
18917,7501,FATHER_OF,"BROTHER_OF(Entonces,Jared) ∧ FATHER_OF(Ishmael,Jared)"
36215,19581,FATHER_OF,"BROTHER_OF(Simon,Jonathan) ∧ FATHER_OF(Aholibamah,Jonathan)"
40102,19581,FATHER_OF,"BROTHER_OF(Simon,Jonathan) ∧ FATHER_OF(Beeri,Jonathan)"
37465,19581,FATHER_OF,"BROTHER_OF(Simon,Jonathan) ∧ FATHER_OF(Elon,Jonathan)"
18917,19581,FATHER_OF,"BROTHER_OF(Simon,Jonathan) ∧ FATHER_OF(Ishmael,Jonathan)"
18900,19581,FATHER_OF,"BROTHER_OF(Simon,Jonathan) ∧ FATHER_OF(Helaman,Jonathan)"
765216,19581,FATHER_OF,"BROTHER_OF(Simon,Jonathan) ∧ FATHER_OF(Lehi Nephi,Jonathan)"
36215,19268,FATHER_OF,"BROTHER_OF(Thomas,Jared) ∧ FATHER_OF(Aholibamah,Jared)"
40102,19268,FATHER_OF,"BROTHER_OF(Thomas,Jared) ∧ FATHER_OF(Beeri,Jared)"
37465,19268,FATHER_OF,"BROTHER_OF(Thomas,Jared) ∧ FATHER_OF(Elon,Jared)"
18917,19268,FATHER_OF,"BROTHER_OF(Thomas,Jared) ∧ FATHER_OF(Ishmael,Jared)"
36215,106852,FATHER_OF,"BROTHER_OF(Mount Shelem,Jared) ∧ FATHER_OF(Aholibamah,Jared)"
40102,106852,FATHER_OF,"BROTHER_OF(Mount Shelem,Jared) ∧ FATHER_OF(Beeri,Jared)"
37465,106852,FATHER_OF,"BROTHER_OF(Mount Shelem,Jared) ∧ FATHER_OF(Elon,Jared)"
18917,106852,FATHER_OF,"BROTHER_OF(Mount Shelem,Jared) ∧ FATHER_OF(Ishmael,Jared)"
36215,168591,FATHER_OF,"BROTHER_OF(Likewise,Jared) ∧ FATHER_OF(Aholibamah,Jared)"
40102,168591,FATHER_OF,"BROTHER_OF(Likewise,Jared) ∧ FATHER_OF(Beeri,Jared)"
37465,168591,FATHER_OF,"BROTHER_OF(Likewise,Jared) ∧ FATHER_OF(Elon,Jared)"
18917,168591,FATHER_OF,"BROTHER_OF(Likewise,Jared) ∧ FATHER_OF(Ishmael,Jared)"
36215,779306,FATHER_OF,"BROTHER_OF(INTERESTINGLY,Jared) ∧ FATHER_OF(Aholibamah,Jared)"
40102,779306,FATHER_OF,"BROTHER_OF(INTERESTINGLY,Jared) ∧ FATHER_OF(Beeri,Jared)"
37465,779306,FATHER_OF,"BROTHER_OF(INTERESTINGLY,Jared) ∧ FATHER_OF(Elon,Jared)"
18917,779306,FATHER_OF,"BROTHER_OF(INTERESTINGLY,Jared) ∧ FATHER_OF(Ishmael,Jared)"
36215,355075,FATHER_OF,"BROTHER_OF(Ultimately,Jared) ∧ FATHER_OF(Aholibamah,Jared)"
40102,355075,FATHER_OF,"BROTHER_OF(Ultimately,Jared) ∧ FATHER_OF(Beeri,Jared)"
37465,355075,FATHER_OF,"BROTHER_OF(Ultimately,Jared) ∧ FATHER_OF(Elon,Jared)"
18917,355075,FATHER_OF,"BROTHER_OF(Ultimately,Jared) ∧ FATHER_OF(Ishmael,Jared)"
36215,155782,FATHER_OF,"BROTHER_OF(Once,Jared) ∧ FATHER_OF(Aholibamah,Jared)"
40102,155782,FATHER_OF,"BROTHER_OF(Once,Jared) ∧ FATHER_OF(Beeri,Jared)"
37465,155782,FATHER_OF,"BROTHER_OF(Once,Jared) ∧ FATHER_OF(Elon,Jared)"
18917,155782,FATHER_OF,"BROTHER_OF(Once,Jared) ∧ FATHER_OF(Ishmael,Jared)"
30664,209992,FATHER_OF,"SISTER_OF(Sophronia,José) ∧ FATHER_OF(Joseph Smith Sr.,José)"
30497,209992,FATHER_OF,"SISTER_OF(Sophronia,José) ∧ FATHER_OF(Hyrum,José)"
19097,209992,FATHER_OF,"SISTER_OF(Sophronia,José) ∧ FATHER_OF(Joseph,José)"
106978,209992,FATHER_OF,"SISTER_OF(Sophronia,José) ∧ FATHER_OF(Asael Smith,José)"
36215,117822,FATHER_OF,"SISTER_OF(Patrick,Joseph) ∧ FATHER_OF(Aholibamah,Joseph)"
40102,117822,FATHER_OF,"SISTER_OF(Patrick,Joseph) ∧ FATHER_OF(Beeri,Joseph)"
37465,117822,FATHER_OF,"SISTER_OF(Patrick,Joseph) ∧ FATHER_OF(Elon,Joseph)"
18917,117822,FATHER_OF,"SISTER_OF(Patrick,Joseph) ∧ FATHER_OF(Ishmael,Joseph)"
36345,117822,FATHER_OF,"SISTER_OF(Patrick,Joseph) ∧ FATHER_OF(Elkanah,Joseph)"
59317,117822,FATHER_OF,"SISTER_OF(Patrick,Joseph) ∧ FATHER_OF(Robert,Joseph)"
464107,117822,FATHER_OF,"SISTER_OF(Patrick,Joseph) ∧ FATHER_OF(An Ephraimite,Joseph)"
36215,561682,FATHER_OF,"SISTER_OF(Rhoda Ann Jennetta Richards,Joseph) ∧ FATHER_OF(Aholibamah,Joseph)"
40102,561682,FATHER_OF,"SISTER_OF(Rhoda Ann Jennetta Richards,Joseph) ∧ FATHER_OF(Beeri,Joseph)"
37465,561682,FATHER_OF,"SISTER_OF(Rhoda Ann Jennetta Richards,Joseph) ∧ FATHER_OF(Elon,Joseph)"
18917,561682,FATHER_OF,"SISTER_OF(Rhoda Ann Jennetta Richards,Joseph) ∧ FATHER_OF(Ishmael,Joseph)"
36345,561682,FATHER_OF,"SISTER_OF(Rhoda Ann Jennetta Richards,Joseph) ∧ FATHER_OF(Elkanah,Joseph)"
59317,561682,FATHER_OF,"SISTER_OF(Rhoda Ann Jennetta Richards,Joseph) ∧ FATHER_OF(Robert,Joseph)"
464107,561682,FATHER_OF,"SISTER_OF(Rhoda Ann Jennetta Richards,Joseph) ∧ FATHER_OF(An Ephraimite,Joseph)"
36535,19321,FATHER_OF,"SISTER_OF(Miriam,Moses) ∧ FATHER_OF(Shammai,Moses)"
19095,19321,FATHER_OF,"SISTER_OF(Miriam,Moses) ∧ FATHER_OF(Jonathan,Moses)"
33560,19321,FATHER_OF,"SISTER_OF(Miriam,Moses) ∧ FATHER_OF(Tyre,Moses)"
19499,19321,FATHER_OF,"SISTER_OF(Miriam,Moses) ∧ FATHER_OF(Pharaoh,Moses)"
19078,19321,FATHER_OF,"SISTER_OF(Miriam,Moses) ∧ FATHER_OF(Jared,Moses)"
3579,19321,FATHER_OF,"SISTER_OF(Miriam,Moses) ∧ FATHER_OF(Cain,Moses)"
24294,19321,FATHER_OF,"SISTER_OF(Miriam,Moses) ∧ FATHER_OF(Midian,Moses)"
19259,19321,FATHER_OF,"SISTER_OF(Miriam,Moses) ∧ FATHER_OF(Lot,Moses)"
19072,19321,FATHER_OF,"SISTER_OF(Miriam,Moses) ∧ FATHER_OF(Lehi,Moses)"
18900,19321,FATHER_OF,"SISTER_OF(Miriam,Moses) ∧ FATHER_OF(Helaman,Moses)"
765216,19321,FATHER_OF,"SISTER_OF(Miriam,Moses) ∧ FATHER_OF(Lehi Nephi,Moses)"
18915,19321,FATHER_OF,"SISTER_OF(Miriam,Moses) ∧ FATHER_OF(Isaac,Moses)"
35453,19321,FATHER_OF,"SISTER_OF(Miriam,Moses) ∧ FATHER_OF(Matthan,Moses)"
12037,19321,FATHER_OF,"SISTER_OF(Miriam,Moses) ∧ FATHER_OF(Matán,Moses)"
19076,19321,FATHER_OF,"SISTER_OF(Miriam,Moses) ∧ FATHER_OF(Zebedee,Moses)"
19075,19321,FATHER_OF,"SISTER_OF(Miriam,Moses) ∧ FATHER_OF(Alphaeus,Moses)"
19536,19321,FATHER_OF,"SISTER_OF(Miriam,Moses) ∧ FATHER_OF(Rachel,Moses)"
35060,19321,FATHER_OF,"SISTER_OF(Miriam,Moses) ∧ FATHER_OF(Jonan,Moses)"
35037,19321,FATHER_OF,"SISTER_OF(Miriam,Moses) ∧ FATHER_OF(Heli,Moses)"
3416,19321,FATHER_OF,"SISTER_OF(Miriam,Moses) ∧ FATHER_OF(Amos,Moses)"
19109,19321,FATHER_OF,"SISTER_OF(Miriam,Moses) ∧ FATHER_OF(Jude,Moses)"
3553,19321,FATHER_OF,"SISTER_OF(Miriam,Moses) ∧ FATHER_OF(Jacob (patriarch),Moses)"
3549,19321,FATHER_OF,"SISTER_OF(Miriam,Moses) ∧ FATHER_OF(Jacob,Moses)"
19870,19321,FATHER_OF,"SISTER_OF(Miriam,Moses) ∧ FATHER_OF(Brigham Young,Moses)"
18670,19321,FATHER_OF,"SISTER_OF(Miriam,Moses) ∧ FATHER_OF(Eli,Moses)"
409594,19321,FATHER_OF,"SISTER_OF(Miriam,Moses) ∧ FATHER_OF(Jonam,Moses)"
18663,19321,FATHER_OF,"SISTER_OF(Miriam,Moses) ∧ FATHER_OF(David,Moses)"
15527,19321,FATHER_OF,"SISTER_OF(Miriam,Moses) ∧ FATHER_OF(Potiphera,Moses)"
30497,19321,FATHER_OF,"SISTER_OF(Miriam,Moses) ∧ FATHER_OF(Hyrum,Moses)"
5852,19321,FATHER_OF,"SISTER_OF(Miriam,Moses) ∧ FATHER_OF(Cuando,Moses)"
19583,19321,FATHER_OF,"SISTER_OF(Miriam,Moses) ∧ FATHER_OF(Hyrum Smith,Moses)"
391257,19321,FATHER_OF,"SISTER_OF(Miriam,Moses) ∧ FATHER_OF(Patriarch,Moses)"
18661,19321,FATHER_OF,"SISTER_OF(Miriam,Moses) ∧ FATHER_OF(Daniel,Moses)"
3332,19321,FATHER_OF,"SISTER_OF(Miriam,Moses) ∧ FATHER_OF(Mormon,Moses)"
660398,19321,FATHER_OF,"SISTER_OF(Miriam,Moses) ∧ FATHER_OF(Prophet Mormon,Moses)"
20145,19321,FATHER_OF,"SISTER_OF(Miriam,Moses) ∧ FATHER_OF(Righteousness,Moses)"
30365,19321,FATHER_OF,"SISTER_OF(Miriam,Moses) ∧ FATHER_OF(Lamech,Moses)"
19913,19321,FATHER_OF,"SISTER_OF(Miriam,Moses) ∧ FATHER_OF(Zeniff,Moses)"
35071,39823,FATHER_OF,"SISTER_OF(Milcah,Laban) ∧ FATHER_OF(Terah,Laban)"
36136,39823,FATHER_OF,"SISTER_OF(Milcah,Laban) ∧ FATHER_OF(Keturah,Laban)"
412558,39823,FATHER_OF,"SISTER_OF(Milcah,Laban) ∧ FATHER_OF(Thara Terah,Laban)"
39823,39823,FATHER_OF,"SISTER_OF(Milcah,Laban) ∧ FATHER_OF(Milcah,Laban)"
36215,19079,FATHER_OF,"BROTHER_OF(Brother of Jared,Jared) ∧ FATHER_OF(Aholibamah,Jared)"
40102,19079,FATHER_OF,"BROTHER_OF(Brother of Jared,Jared) ∧ FATHER_OF(Beeri,Jared)"
37465,19079,FATHER_OF,"BROTHER_OF(Brother of Jared,Jared) ∧ FATHER_OF(Elon,Jared)"
18917,19079,FATHER_OF,"BROTHER_OF(Brother of Jared,Jared) ∧ FATHER_OF(Ishmael,Jared)"
19078,28149,FATHER_OF,"BROTHER_OF(Shiblom,And) ∧ FATHER_OF(Jared,And)"
3579,28149,FATHER_OF,"BROTHER_OF(Shiblom,And) ∧ FATHER_OF(Cain,And)"
24294,28149,FATHER_OF,"BROTHER_OF(Shiblom,And) ∧ FATHER_OF(Midian,And)"
3251,28149,FATHER_OF,"BROTHER_OF(Shiblom,And) ∧ FATHER_OF(Mosiah,And)"
19259,28149,FATHER_OF,"BROTHER_OF(Shiblom,And) ∧ FATHER_OF(Lot,And)"
19072,28149,FATHER_OF,"BROTHER_OF(Shiblom,And) ∧ FATHER_OF(Lehi,And)"
18900,28149,FATHER_OF,"BROTHER_OF(Shiblom,And) ∧ FATHER_OF(Helaman,And)"
765216,28149,FATHER_OF,"BROTHER_OF(Shiblom,And) ∧ FATHER_OF(Lehi Nephi,And)"
18915,28149,FATHER_OF,"BROTHER_OF(Shiblom,And) ∧ FATHER_OF(Isaac,And)"
35453,28149,FATHER_OF,"BROTHER_OF(Shiblom,And) ∧ FATHER_OF(Matthan,And)"
12037,28149,FATHER_OF,"BROTHER_OF(Shiblom,And) ∧ FATHER_OF(Matán,And)"
19076,28149,FATHER_OF,"BROTHER_OF(Shiblom,And) ∧ FATHER_OF(Zebedee,And)"
19075,28149,FATHER_OF,"BROTHER_OF(Shiblom,And) ∧ FATHER_OF(Alphaeus,And)"
19536,28149,FATHER_OF,"BROTHER_OF(Shiblom,And) ∧ FATHER_OF(Rachel,And)"
35060,28149,FATHER_OF,"BROTHER_OF(Shiblom,And) ∧ FATHER_OF(Jonan,And)"
35037,28149,FATHER_OF,"BROTHER_OF(Shiblom,And) ∧ FATHER_OF(Heli,And)"
3416,28149,FATHER_OF,"BROTHER_OF(Shiblom,And) ∧ FATHER_OF(Amos,And)"
19109,28149,FATHER_OF,"BROTHER_OF(Shiblom,And) ∧ FATHER_OF(Jude,And)"
3553,28149,FATHER_OF,"BROTHER_OF(Shiblom,And) ∧ FATHER_OF(Jacob (patriarch),And)"
3549,28149,FATHER_OF,"BROTHER_OF(Shiblom,And) ∧ FATHER_OF(Jacob,And)"
19870,28149,FATHER_OF,"BROTHER_OF(Shiblom,And) ∧ FATHER_OF(Brigham Young,And)"
18670,28149,FATHER_OF,"BROTHER_OF(Shiblom,And) ∧ FATHER_OF(Eli,And)"
409594,28149,FATHER_OF,"BROTHER_OF(Shiblom,And) ∧ FATHER_OF(Jonam,And)"
18663,28149,FATHER_OF,"BROTHER_OF(Shiblom,And) ∧ FATHER_OF(David,And)"
15527,28149,FATHER_OF,"BROTHER_OF(Shiblom,And) ∧ FATHER_OF(Potiphera,And)"
30497,28149,FATHER_OF,"BROTHER_OF(Shiblom,And) ∧ FATHER_OF(Hyrum,And)"
5852,28149,FATHER_OF,"BROTHER_OF(Shiblom,And) ∧ FATHER_OF(Cuando,And)"
19583,28149,FATHER_OF,"BROTHER_OF(Shiblom,And) ∧ FATHER_OF(Hyrum Smith,And)"
391257,28149,FATHER_OF,"BROTHER_OF(Shiblom,And) ∧ FATHER_OF(Patriarch,And)"
18661,28149,FATHER_OF,"BROTHER_OF(Shiblom,And) ∧ FATHER_OF(Daniel,And)"
36179,28149,FATHER_OF,"BROTHER_OF(Shiblom,And) ∧ FATHER_OF(Hemdan,And)"
387410,28149,FATHER_OF,"BROTHER_OF(Shiblom,And) ∧ FATHER_OF(Bathia,And)"
19088,28149,FATHER_OF,"BROTHER_OF(Shiblom,And) ∧ FATHER_OF(Jethro,And)"
459345,28149,FATHER_OF,"BROTHER_OF(Shiblom,And) ∧ FATHER_OF(Amaram,And)"
28095,28149,FATHER_OF,"BROTHER_OF(Shiblom,And) ∧ FATHER_OF(Heth,And)"
3332,28149,FATHER_OF,"BROTHER_OF(Shiblom,And) ∧ FATHER_OF(Mormon,And)"
660398,28149,FATHER_OF,"BROTHER_OF(Shiblom,And) ∧ FATHER_OF(Prophet Mormon,And)"
20145,28149,FATHER_OF,"BROTHER_OF(Shiblom,And) ∧ FATHER_OF(Righteousness,And)"
30365,28149,FATHER_OF,"BROTHER_OF(Shiblom,And) ∧ FATHER_OF(Lamech,And)"
19913,28149,FATHER_OF,"BROTHER_OF(Shiblom,And) ∧ FATHER_OF(Zeniff,And)"
19871,19078,FATHER_OF,"BROTHER_OF(Jared,Nephi) ∧ FATHER_OF(Zacharias,Nephi)"
397883,19078,FATHER_OF,"BROTHER_OF(Jared,Nephi) ∧ FATHER_OF(Mathew Woodruff,Nephi)"
494839,19078,FATHER_OF,"BROTHER_OF(Jared,Nephi) ∧ FATHER_OF(Accos,Nephi)"
35041,19078,FATHER_OF,"BROTHER_OF(Jared,Nephi) ∧ FATHER_OF(Mattathias,Nephi)"
19872,19078,FATHER_OF,"BROTHER_OF(Jared,Nephi) ∧ FATHER_OF(Zechariah,Nephi)"
204448,19078,FATHER_OF,"BROTHER_OF(Jared,Nephi) ∧ FATHER_OF(Alpheus,Nephi)"
499765,19078,FATHER_OF,"BROTHER_OF(Jared,Nephi) ∧ FATHER_OF(Zehedee,Nephi)"
621613,19078,FATHER_OF,"BROTHER_OF(Jared,Nephi) ∧ FATHER_OF(Zebedee Salome,Nephi)"
42109,19078,FATHER_OF,"BROTHER_OF(Jared,Nephi) ∧ FATHER_OF(Joiada,Nephi)"
19566,19078,FATHER_OF,"BROTHER_OF(Jared,Nephi) ∧ FATHER_OF(Shaul,Nephi)"
19494,19078,FATHER_OF,"BROTHER_OF(Jared,Nephi) ∧ FATHER_OF(Paul,Nephi)"
36417,19078,FATHER_OF,"BROTHER_OF(Jared,Nephi) ∧ FATHER_OF(Shemaiah,Nephi)"
36161,19078,FATHER_OF,"BROTHER_OF(Jared,Nephi) ∧ FATHER_OF(Shage,Nephi)"
36610,19078,FATHER_OF,"BROTHER_OF(Jared,Nephi) ∧ FATHER_OF(Shimea,Nephi)"
35320,19078,FATHER_OF,"BROTHER_OF(Jared,Nephi) ∧ FATHER_OF(Abiathar,Nephi)"
36418,19078,FATHER_OF,"BROTHER_OF(Jared,Nephi) ∧ FATHER_OF(Uzziel,Nephi)"
36162,19078,FATHER_OF,"BROTHER_OF(Jared,Nephi) ∧ FATHER_OF(Shammah,Nephi)"
419644,19078,FATHER_OF,"BROTHER_OF(Jared,Nephi) ∧ FATHER_OF(Shagee,Nephi)"
36830,19078,FATHER_OF,"BROTHER_OF(Jared,Nephi) ∧ FATHER_OF(Absalom,Nephi)"
36627,19078,FATHER_OF,"BROTHER_OF(Jared,Nephi) ∧ FATHER_OF(Shimei,Nephi)"
30664,19078,FATHER_OF,"BROTHER_OF(Jared,Nephi) ∧ FATHER_OF(Joseph Smith Sr.,Nephi)"
213770,19078,FATHER_OF,"BROTHER_OF(Jared,Nephi) ∧ FATHER_OF(Alexander Hale Smith,Nephi)"
520857,19078,FATHER_OF,"BROTHER_OF(Jared,Nephi) ∧ FATHER_OF(Patriarch Hyrum Smith,Nephi)"
19092,19078,FATHER_OF,"BROTHER_OF(Jared,Nephi) ∧ FATHER_OF(John,Nephi)"
19097,19078,FATHER_OF,"BROTHER_OF(Jared,Nephi) ∧ FATHER_OF(Joseph,Nephi)"
106978,19078,FATHER_OF,"BROTHER_OF(Jared,Nephi) ∧ FATHER_OF(Asael Smith,Nephi)"
36215,18645,FATHER_OF,"BROTHER_OF(Jesus,James) ∧ FATHER_OF(Aholibamah,James)"
40102,18645,FATHER_OF,"BROTHER_OF(Jesus,James) ∧ FATHER_OF(Beeri,James)"
37465,18645,FATHER_OF,"BROTHER_OF(Jesus,James) ∧ FATHER_OF(Elon,James)"
18917,18645,FATHER_OF,"BROTHER_OF(Jesus,James) ∧ FATHER_OF(Ishmael,James)"
18900,18645,FATHER_OF,"BROTHER_OF(Jesus,James) ∧ FATHER_OF(Helaman,James)"
765216,18645,FATHER_OF,"BROTHER_OF(Jesus,James) ∧ FATHER_OF(Lehi Nephi,James)"
36535,792244,FATHER_OF,"BROTHER_OF(Jared Sees,Arnold Friberg) ∧ FATHER_OF(Shammai,Arnold Friberg)"
19095,792244,FATHER_OF,"BROTHER_OF(Jared Sees,Arnold Friberg) ∧ FATHER_OF(Jonathan,Arnold Friberg)"
33560,792244,FATHER_OF,"BROTHER_OF(Jared Sees,Arnold Friberg) ∧ FATHER_OF(Tyre,Arnold Friberg)"
19499,792244,FATHER_OF,"BROTHER_OF(Jared Sees,Arnold Friberg) ∧ FATHER_OF(Pharaoh,Arnold Friberg)"
19078,792244,FATHER_OF,"BROTHER_OF(Jared Sees,Arnold Friberg) ∧ FATHER_OF(Jared,Arnold Friberg)"
3579,792244,FATHER_OF,"BROTHER_OF(Jared Sees,Arnold Friberg) ∧ FATHER_OF(Cain,Arnold Friberg)"
24294,792244,FATHER_OF,"BROTHER_OF(Jared Sees,Arnold Friberg) ∧ FATHER_OF(Midian,Arnold Friberg)"
3251,792244,FATHER_OF,"BROTHER_OF(Jared Sees,Arnold Friberg) ∧ FATHER_OF(Mosiah,Arnold Friberg)"
19259,792244,FATHER_OF,"BROTHER_OF(Jared Sees,Arnold Friberg) ∧ FATHER_OF(Lot,Arnold Friberg)"
19072,792244,FATHER_OF,"BROTHER_OF(Jared Sees,Arnold Friberg) ∧ FATHER_OF(Lehi,Arnold Friberg)"
18900,792244,FATHER_OF,"BROTHER_OF(Jared Sees,Arnold Friberg) ∧ FATHER_OF(Helaman,Arnold Friberg)"
765216,792244,FATHER_OF,"BROTHER_OF(Jared Sees,Arnold Friberg) ∧ FATHER_OF(Lehi Nephi,Arnold Friberg)"
18915,792244,FATHER_OF,"BROTHER_OF(Jared Sees,Arnold Friberg) ∧ FATHER_OF(Isaac,Arnold Friberg)"
35453,792244,FATHER_OF,"BROTHER_OF(Jared Sees,Arnold Friberg) ∧ FATHER_OF(Matthan,Arnold Friberg)"
12037,792244,FATHER_OF,"BROTHER_OF(Jared Sees,Arnold Friberg) ∧ FATHER_OF(Matán,Arnold Friberg)"
19076,792244,FATHER_OF,"BROTHER_OF(Jared Sees,Arnold Friberg) ∧ FATHER_OF(Zebedee,Arnold Friberg)"
19075,792244,FATHER_OF,"BROTHER_OF(Jared Sees,Arnold Friberg) ∧ FATHER_OF(Alphaeus,Arnold Friberg)"
19536,792244,FATHER_OF,"BROTHER_OF(Jared Sees,Arnold Friberg) ∧ FATHER_OF(Rachel,Arnold Friberg)"
35060,792244,FATHER_OF,"BROTHER_OF(Jared Sees,Arnold Friberg) ∧ FATHER_OF(Jonan,Arnold Friberg)"
35037,792244,FATHER_OF,"BROTHER_OF(Jared Sees,Arnold Friberg) ∧ FATHER_OF(Heli,Arnold Friberg)"
3416,792244,FATHER_OF,"BROTHER_OF(Jared Sees,Arnold Friberg) ∧ FATHER_OF(Amos,Arnold Friberg)"
19109,792244,FATHER_OF,"BROTHER_OF(Jared Sees,Arnold Friberg) ∧ FATHER_OF(Jude,Arnold Friberg)"
3553,792244,FATHER_OF,"BROTHER_OF(Jared Sees,Arnold Friberg) ∧ FATHER_OF(Jacob (patriarch),Arnold Friberg)"
3549,792244,FATHER_OF,"BROTHER_OF(Jared Sees,Arnold Friberg) ∧ FATHER_OF(Jacob,Arnold Friberg)"
19870,792244,FATHER_OF,"BROTHER_OF(Jared Sees,Arnold Friberg) ∧ FATHER_OF(Brigham Young,Arnold Friberg)"
18670,792244,FATHER_OF,"BROTHER_OF(Jared Sees,Arnold Friberg) ∧ FATHER_OF(Eli,Arnold Friberg)"
409594,792244,FATHER_OF,"BROTHER_OF(Jared Sees,Arnold Friberg) ∧ FATHER_OF(Jonam,Arnold Friberg)"
18663,792244,FATHER_OF,"BROTHER_OF(Jared Sees,Arnold Friberg) ∧ FATHER_OF(David,Arnold Friberg)"
15527,792244,FATHER_OF,"BROTHER_OF(Jared Sees,Arnold Friberg) ∧ FATHER_OF(Potiphera,Arnold Friberg)"
30497,792244,FATHER_OF,"BROTHER_OF(Jared Sees,Arnold Friberg) ∧ FATHER_OF(Hyrum,Arnold Friberg)"
5852,792244,FATHER_OF,"BROTHER_OF(Jared Sees,Arnold Friberg) ∧ FATHER_OF(Cuando,Arnold Friberg)"
19583,792244,FATHER_OF,"BROTHER_OF(Jared Sees,Arnold Friberg) ∧ FATHER_OF(Hyrum Smith,Arnold Friberg)"
391257,792244,FATHER_OF,"BROTHER_OF(Jared Sees,Arnold Friberg) ∧ FATHER_OF(Patriarch,Arnold Friberg)"
18661,792244,FATHER_OF,"BROTHER_OF(Jared Sees,Arnold Friberg) ∧ FATHER_OF(Daniel,Arnold Friberg)"
36179,792244,FATHER_OF,"BROTHER_OF(Jared Sees,Arnold Friberg) ∧ FATHER_OF(Hemdan,Arnold Friberg)"
387410,792244,FATHER_OF,"BROTHER_OF(Jared Sees,Arnold Friberg) ∧ FATHER_OF(Bathia,Arnold Friberg)"
19088,792244,FATHER_OF,"BROTHER_OF(Jared Sees,Arnold Friberg) ∧ FATHER_OF(Jethro,Arnold Friberg)"
459345,792244,FATHER_OF,"BROTHER_OF(Jared Sees,Arnold Friberg) ∧ FATHER_OF(Amaram,Arnold Friberg)"
28095,792244,FATHER_OF,"BROTHER_OF(Jared Sees,Arnold Friberg) ∧ FATHER_OF(Heth,Arnold Friberg)"
3332,792244,FATHER_OF,"BROTHER_OF(Jared Sees,Arnold Friberg) ∧ FATHER_OF(Mormon,Arnold Friberg)"
660398,792244,FATHER_OF,"BROTHER_OF(Jared Sees,Arnold Friberg) ∧ FATHER_OF(Prophet Mormon,Arnold Friberg)"
20145,792244,FATHER_OF,"BROTHER_OF(Jared Sees,Arnold Friberg) ∧ FATHER_OF(Righteousness,Arnold Friberg)"
30365,792244,FATHER_OF,"BROTHER_OF(Jared Sees,Arnold Friberg) ∧ FATHER_OF(Lamech,Arnold Friberg)"
19913,792244,FATHER_OF,"BROTHER_OF(Jared Sees,Arnold Friberg) ∧ FATHER_OF(Zeniff,Arnold Friberg)"
19072,19735,FATHER_OF,"BROTHER_OF(José,Samuel) ∧ FATHER_OF(Lehi,Samuel)"
19536,19735,FATHER_OF,"BROTHER_OF(José,Samuel) ∧ FATHER_OF(Rachel,Samuel)"
35060,19735,FATHER_OF,"BROTHER_OF(José,Samuel) ∧ FATHER_OF(Jonan,Samuel)"
35037,19735,FATHER_OF,"BROTHER_OF(José,Samuel) ∧ FATHER_OF(Heli,Samuel)"
3416,19735,FATHER_OF,"BROTHER_OF(José,Samuel) ∧ FATHER_OF(Amos,Samuel)"
19109,19735,FATHER_OF,"BROTHER_OF(José,Samuel) ∧ FATHER_OF(Jude,Samuel)"
3553,19735,FATHER_OF,"BROTHER_OF(José,Samuel) ∧ FATHER_OF(Jacob (patriarch),Samuel)"
19870,19735,FATHER_OF,"BROTHER_OF(José,Samuel) ∧ FATHER_OF(Brigham Young,Samuel)"
18670,19735,FATHER_OF,"BROTHER_OF(José,Samuel) ∧ FATHER_OF(Eli,Samuel)"
409594,19735,FATHER_OF,"BROTHER_OF(José,Samuel) ∧ FATHER_OF(Jonam,Samuel)"
15527,19735,FATHER_OF,"BROTHER_OF(José,Samuel) ∧ FATHER_OF(Potiphera,Samuel)"
5852,19735,FATHER_OF,"BROTHER_OF(José,Samuel) ∧ FATHER_OF(Cuando,Samuel)"
19583,19735,FATHER_OF,"BROTHER_OF(José,Samuel) ∧ FATHER_OF(Hyrum Smith,Samuel)"
391257,19735,FATHER_OF,"BROTHER_OF(José,Samuel) ∧ FATHER_OF(Patriarch,Samuel)"
19072,176512,FATHER_OF,"BROTHER_OF(WILLIAM,Samuel) ∧ FATHER_OF(Lehi,Samuel)"
19536,176512,FATHER_OF,"BROTHER_OF(WILLIAM,Samuel) ∧ FATHER_OF(Rachel,Samuel)"
35060,176512,FATHER_OF,"BROTHER_OF(WILLIAM,Samuel) ∧ FATHER_OF(Jonan,Samuel)"
35037,176512,FATHER_OF,"BROTHER_OF(WILLIAM,Samuel) ∧ FATHER_OF(Heli,Samuel)"
3416,176512,FATHER_OF,"BROTHER_OF(WILLIAM,Samuel) ∧ FATHER_OF(Amos,Samuel)"
19109,176512,FATHER_OF,"BROTHER_OF(WILLIAM,Samuel) ∧ FATHER_OF(Jude,Samuel)"
3553,176512,FATHER_OF,"BROTHER_OF(WILLIAM,Samuel) ∧ FATHER_OF(Jacob (patriarch),Samuel)"
19870,176512,FATHER_OF,"BROTHER_OF(WILLIAM,Samuel) ∧ FATHER_OF(Brigham Young,Samuel)"
18670,176512,FATHER_OF,"BROTHER_OF(WILLIAM,Samuel) ∧ FATHER_OF(Eli,Samuel)"
409594,176512,FATHER_OF,"BROTHER_OF(WILLIAM,Samuel) ∧ FATHER_OF(Jonam,Samuel)"
15527,176512,FATHER_OF,"BROTHER_OF(WILLIAM,Samuel) ∧ FATHER_OF(Potiphera,Samuel)"
5852,176512,FATHER_OF,"BROTHER_OF(WILLIAM,Samuel) ∧ FATHER_OF(Cuando,Samuel)"
19583,176512,FATHER_OF,"BROTHER_OF(WILLIAM,Samuel) ∧ FATHER_OF(Hyrum Smith,Samuel)"
391257,176512,FATHER_OF,"BROTHER_OF(WILLIAM,Samuel) ∧ FATHER_OF(Patriarch,Samuel)"
36215,104442,FATHER_OF,"BROTHER_OF(Burnett,James) ∧ FATHER_OF(Aholibamah,James)"
40102,104442,FATHER_OF,"BROTHER_OF(Burnett,James) ∧ FATHER_OF(Beeri,James)"
37465,104442,FATHER_OF,"BROTHER_OF(Burnett,James) ∧ FATHER_OF(Elon,James)"
18917,104442,FATHER_OF,"BROTHER_OF(Burnett,James) ∧ FATHER_OF(Ishmael,James)"
18900,104442,FATHER_OF,"BROTHER_OF(Burnett,James) ∧ FATHER_OF(Helaman,James)"
765216,104442,FATHER_OF,"BROTHER_OF(Burnett,James) ∧ FATHER_OF(Lehi Nephi,James)"
25524,104442,FATHER_OF,"BROTHER_OF(Burnett,James) ∧ FATHER_OF(Jonas,James)"
45834,104442,FATHER_OF,"BROTHER_OF(Burnett,James) ∧ FATHER_OF(Jona,James)"
19092,104442,FATHER_OF,"BROTHER_OF(Burnett,James) ∧ FATHER_OF(John,James)"
19094,104442,FATHER_OF,"BROTHER_OF(Burnett,James) ∧ FATHER_OF(Jonah,James)"
650625,104442,FATHER_OF,"BROTHER_OF(Burnett,James) ∧ FATHER_OF(Gioras,James)"
55816,104442,FATHER_OF,"BROTHER_OF(Burnett,James) ∧ FATHER_OF(Jochai,James)"
465526,104442,FATHER_OF,"BROTHER_OF(Burnett,James) ∧ FATHER_OF(Onias,James)"
18873,104442,FATHER_OF,"BROTHER_OF(Burnett,James) ∧ FATHER_OF(Gamaliel,James)"
19210,104442,FATHER_OF,"BROTHER_OF(Burnett,James) ∧ FATHER_OF(Leah,James)"
19199,104442,FATHER_OF,"BROTHER_OF(Burnett,James) ∧ FATHER_OF(Laban,James)"
3553,104442,FATHER_OF,"BROTHER_OF(Burnett,James) ∧ FATHER_OF(Jacob (patriarch),James)"
42086,104442,FATHER_OF,"BROTHER_OF(Burnett,James) ∧ FATHER_OF(Senuah,James)"
38002,104442,FATHER_OF,"BROTHER_OF(Burnett,James) ∧ FATHER_OF(Jehoash,James)"
36330,104442,FATHER_OF,"BROTHER_OF(Burnett,James) ∧ FATHER_OF(Joash,James)"
19082,104442,FATHER_OF,"BROTHER_OF(Burnett,James) ∧ FATHER_OF(Jehoshaphat,James)"
19540,104442,FATHER_OF,"BROTHER_OF(Burnett,James) ∧ FATHER_OF(Rehoboam,James)"
36522,104442,FATHER_OF,"BROTHER_OF(Burnett,James) ∧ FATHER_OF(Uri,James)"
24119,104442,FATHER_OF,"BROTHER_OF(Burnett,James) ∧ FATHER_OF(Jotham,James)"
35433,104442,FATHER_OF,"BROTHER_OF(Burnett,James) ∧ FATHER_OF(Jehoram,James)"
3504,104442,FATHER_OF,"BROTHER_OF(Burnett,James) ∧ FATHER_OF(Asa,James)"
36576,104442,FATHER_OF,"BROTHER_OF(Burnett,James) ∧ FATHER_OF(Jahdai,James)"
36557,104442,FATHER_OF,"BROTHER_OF(Burnett,James) ∧ FATHER_OF(Azariah,James)"
36542,104442,FATHER_OF,"BROTHER_OF(Burnett,James) ∧ FATHER_OF(Appaim,James)"
36724,104442,FATHER_OF,"BROTHER_OF(Burnett,James) ∧ FATHER_OF(Jehohanan,James)"
18906,104442,FATHER_OF,"BROTHER_OF(Burnett,James) ∧ FATHER_OF(Hezekiah,James)"
36563,104442,FATHER_OF,"BROTHER_OF(Burnett,James) ∧ FATHER_OF(Jekamiah,James)"
402110,104442,FATHER_OF,"BROTHER_OF(Burnett,James) ∧ FATHER_OF(Hassenuah,James)"
36905,104442,FATHER_OF,"BROTHER_OF(Burnett,James) ∧ FATHER_OF(Meonothai,James)"
36898,104442,FATHER_OF,"BROTHER_OF(Burnett,James) ∧ FATHER_OF(Eshton,James)"
37051,104442,FATHER_OF,"BROTHER_OF(Burnett,James) ∧ FATHER_OF(Adaiah,James)"
24105,104442,FATHER_OF,"BROTHER_OF(Burnett,James) ∧ FATHER_OF(Uzziah,James)"
36797,104442,FATHER_OF,"BROTHER_OF(Burnett,James) ∧ FATHER_OF(Chelub,James)"
35074,36121,FATHER_OF,"BROTHER_OF(Abram,Haran) ∧ FATHER_OF(Reu,Haran)"
35073,36121,FATHER_OF,"BROTHER_OF(Abram,Haran) ∧ FATHER_OF(Serug,Haran)"
392321,36121,FATHER_OF,"BROTHER_OF(Abram,Haran) ∧ FATHER_OF(Serug Branch,Haran)"
11338,3549,FATHER_OF,"BROTHER_OF(Jacob,John) ∧ FATHER_OF(Simón Iscariote,John)"
19073,3549,FATHER_OF,"BROTHER_OF(Jacob,John) ∧ FATHER_OF(James,John)"
757218,3549,FATHER_OF,"BROTHER_OF(Jacob,John) ∧ FATHER_OF(Chalphi,John)"
457984,3549,FATHER_OF,"BROTHER_OF(Jacob,John) ∧ FATHER_OF(Simon Iscariot,John)"
35049,3549,FATHER_OF,"BROTHER_OF(Jacob,John) ∧ FATHER_OF(Rhesa,John)"
25524,3549,FATHER_OF,"BROTHER_OF(Jacob,John) ∧ FATHER_OF(Jonas,John)"
45834,3549,FATHER_OF,"BROTHER_OF(Jacob,John) ∧ FATHER_OF(Jona,John)"
19094,3549,FATHER_OF,"BROTHER_OF(Jacob,John) ∧ FATHER_OF(Jonah,John)"
650625,3549,FATHER_OF,"BROTHER_OF(Jacob,John) ∧ FATHER_OF(Gioras,John)"
55816,3549,FATHER_OF,"BROTHER_OF(Jacob,John) ∧ FATHER_OF(Jochai,John)"
465526,3549,FATHER_OF,"BROTHER_OF(Jacob,John) ∧ FATHER_OF(Onias,John)"
18873,3549,FATHER_OF,"BROTHER_OF(Jacob,John) ∧ FATHER_OF(Gamaliel,John)"
18915,19583,FATHER_OF,"BROTHER_OF(Hyrum Smith,William Smith) ∧ FATHER_OF(Isaac,William Smith)"
35453,19583,FATHER_OF,"BROTHER_OF(Hyrum Smith,William Smith) ∧ FATHER_OF(Matthan,William Smith)"
12037,19583,FATHER_OF,"BROTHER_OF(Hyrum Smith,William Smith) ∧ FATHER_OF(Matán,William Smith)"
19076,19583,FATHER_OF,"BROTHER_OF(Hyrum Smith,William Smith) ∧ FATHER_OF(Zebedee,William Smith)"
19075,19583,FATHER_OF,"BROTHER_OF(Hyrum Smith,William Smith) ∧ FATHER_OF(Alphaeus,William Smith)"
30358,19583,FATHER_OF,"BROTHER_OF(Hyrum Smith,William Smith) ∧ FATHER_OF(Mahalaleel,William Smith)"
8513,19583,FATHER_OF,"BROTHER_OF(Hyrum Smith,William Smith) ∧ FATHER_OF(Omer,William Smith)"
609199,19583,FATHER_OF,"BROTHER_OF(Hyrum Smith,William Smith) ∧ FATHER_OF(Mahaleel,William Smith)"
213770,18897,FATHER_OF,"BROTHER_OF(Samuel,Hyrum Smith) ∧ FATHER_OF(Alexander Hale Smith,Hyrum Smith)"
520857,18897,FATHER_OF,"BROTHER_OF(Samuel,Hyrum Smith) ∧ FATHER_OF(Patriarch Hyrum Smith,Hyrum Smith)"
19092,18897,FATHER_OF,"BROTHER_OF(Samuel,Hyrum Smith) ∧ FATHER_OF(John,Hyrum Smith)"
18900,18897,FATHER_OF,"BROTHER_OF(Samuel,Hyrum Smith) ∧ FATHER_OF(Helaman,Hyrum Smith)"
765216,18897,FATHER_OF,"BROTHER_OF(Samuel,Hyrum Smith) ∧ FATHER_OF(Lehi Nephi,Hyrum Smith)"
36535,73734,FATHER_OF,"BROTHER_OF(Janet,Cuando) ∧ FATHER_OF(Shammai,Cuando)"
19095,73734,FATHER_OF,"BROTHER_OF(Janet,Cuando) ∧ FATHER_OF(Jonathan,Cuando)"
33560,73734,FATHER_OF,"BROTHER_OF(Janet,Cuando) ∧ FATHER_OF(Tyre,Cuando)"
19499,73734,FATHER_OF,"BROTHER_OF(Janet,Cuando) ∧ FATHER_OF(Pharaoh,Cuando)"
19078,73734,FATHER_OF,"BROTHER_OF(Janet,Cuando) ∧ FATHER_OF(Jared,Cuando)"
3579,73734,FATHER_OF,"BROTHER_OF(Janet,Cuando) ∧ FATHER_OF(Cain,Cuando)"
24294,73734,FATHER_OF,"BROTHER_OF(Janet,Cuando) ∧ FATHER_OF(Midian,Cuando)"
3251,73734,FATHER_OF,"BROTHER_OF(Janet,Cuando) ∧ FATHER_OF(Mosiah,Cuando)"
19259,73734,FATHER_OF,"BROTHER_OF(Janet,Cuando) ∧ FATHER_OF(Lot,Cuando)"
19072,73734,FATHER_OF,"BROTHER_OF(Janet,Cuando) ∧ FATHER_OF(Lehi,Cuando)"
18900,73734,FATHER_OF,"BROTHER_OF(Janet,Cuando) ∧ FATHER_OF(Helaman,Cuando)"
765216,73734,FATHER_OF,"BROTHER_OF(Janet,Cuando) ∧ FATHER_OF(Lehi Nephi,Cuando)"
18915,73734,FATHER_OF,"BROTHER_OF(Janet,Cuando) ∧ FATHER_OF(Isaac,Cuando)"
35453,73734,FATHER_OF,"BROTHER_OF(Janet,Cuando) ∧ FATHER_OF(Matthan,Cuando)"
12037,73734,FATHER_OF,"BROTHER_OF(Janet,Cuando) ∧ FATHER_OF(Matán,Cuando)"
19076,73734,FATHER_OF,"BROTHER_OF(Janet,Cuando) ∧ FATHER_OF(Zebedee,Cuando)"
19075,73734,FATHER_OF,"BROTHER_OF(Janet,Cuando) ∧ FATHER_OF(Alphaeus,Cuando)"
19536,73734,FATHER_OF,"BROTHER_OF(Janet,Cuando) ∧ FATHER_OF(Rachel,Cuando)"
35060,73734,FATHER_OF,"BROTHER_OF(Janet,Cuando) ∧ FATHER_OF(Jonan,Cuando)"
35037,73734,FATHER_OF,"BROTHER_OF(Janet,Cuando) ∧ FATHER_OF(Heli,Cuando)"
3416,73734,FATHER_OF,"BROTHER_OF(Janet,Cuando) ∧ FATHER_OF(Amos,Cuando)"
19109,73734,FATHER_OF,"BROTHER_OF(Janet,Cuando) ∧ FATHER_OF(Jude,Cuando)"
3553,73734,FATHER_OF,"BROTHER_OF(Janet,Cuando) ∧ FATHER_OF(Jacob (patriarch),Cuando)"
3549,73734,FATHER_OF,"BROTHER_OF(Janet,Cuando) ∧ FATHER_OF(Jacob,Cuando)"
19870,73734,FATHER_OF,"BROTHER_OF(Janet,Cuando) ∧ FATHER_OF(Brigham Young,Cuando)"
18670,73734,FATHER_OF,"BROTHER_OF(Janet,Cuando) ∧ FATHER_OF(Eli,Cuando)"
409594,73734,FATHER_OF,"BROTHER_OF(Janet,Cuando) ∧ FATHER_OF(Jonam,Cuando)"
18663,73734,FATHER_OF,"BROTHER_OF(Janet,Cuando) ∧ FATHER_OF(David,Cuando)"
15527,73734,FATHER_OF,"BROTHER_OF(Janet,Cuando) ∧ FATHER_OF(Potiphera,Cuando)"
30497,73734,FATHER_OF,"BROTHER_OF(Janet,Cuando) ∧ FATHER_OF(Hyrum,Cuando)"
5852,73734,FATHER_OF,"BROTHER_OF(Janet,Cuando) ∧ FATHER_OF(Cuando,Cuando)"
19583,73734,FATHER_OF,"BROTHER_OF(Janet,Cuando) ∧ FATHER_OF(Hyrum Smith,Cuando)"
391257,73734,FATHER_OF,"BROTHER_OF(Janet,Cuando) ∧ FATHER_OF(Patriarch,Cuando)"
36179,73734,FATHER_OF,"BROTHER_OF(Janet,Cuando) ∧ FATHER_OF(Hemdan,Cuando)"
387410,73734,FATHER_OF,"BROTHER_OF(Janet,Cuando) ∧ FATHER_OF(Bathia,Cuando)"
19088,73734,FATHER_OF,"BROTHER_OF(Janet,Cuando) ∧ FATHER_OF(Jethro,Cuando)"
459345,73734,FATHER_OF,"BROTHER_OF(Janet,Cuando) ∧ FATHER_OF(Amaram,Cuando)"
28095,73734,FATHER_OF,"BROTHER_OF(Janet,Cuando) ∧ FATHER_OF(Heth,Cuando)"
3332,73734,FATHER_OF,"BROTHER_OF(Janet,Cuando) ∧ FATHER_OF(Mormon,Cuando)"
660398,73734,FATHER_OF,"BROTHER_OF(Janet,Cuando) ∧ FATHER_OF(Prophet Mormon,Cuando)"
20145,73734,FATHER_OF,"BROTHER_OF(Janet,Cuando) ∧ FATHER_OF(Righteousness,Cuando)"
30365,73734,FATHER_OF,"BROTHER_OF(Janet,Cuando) ∧ FATHER_OF(Lamech,Cuando)"
19913,73734,FATHER_OF,"BROTHER_OF(Janet,Cuando) ∧ FATHER_OF(Zeniff,Cuando)"
35049,19095,FATHER_OF,"BROTHER_OF(Jonathan,John) ∧ FATHER_OF(Rhesa,John)"
19536,19095,FATHER_OF,"BROTHER_OF(Jonathan,John) ∧ FATHER_OF(Rachel,John)"
35060,19095,FATHER_OF,"BROTHER_OF(Jonathan,John) ∧ FATHER_OF(Jonan,John)"
35037,19095,FATHER_OF,"BROTHER_OF(Jonathan,John) ∧ FATHER_OF(Heli,John)"
3416,19095,FATHER_OF,"BROTHER_OF(Jonathan,John) ∧ FATHER_OF(Amos,John)"
19109,19095,FATHER_OF,"BROTHER_OF(Jonathan,John) ∧ FATHER_OF(Jude,John)"
3553,19095,FATHER_OF,"BROTHER_OF(Jonathan,John) ∧ FATHER_OF(Jacob (patriarch),John)"
18670,19095,FATHER_OF,"BROTHER_OF(Jonathan,John) ∧ FATHER_OF(Eli,John)"
409594,19095,FATHER_OF,"BROTHER_OF(Jonathan,John) ∧ FATHER_OF(Jonam,John)"
15527,19095,FATHER_OF,"BROTHER_OF(Jonathan,John) ∧ FATHER_OF(Potiphera,John)"
30497,19095,FATHER_OF,"BROTHER_OF(Jonathan,John) ∧ FATHER_OF(Hyrum,John)"
5852,19095,FATHER_OF,"BROTHER_OF(Jonathan,John) ∧ FATHER_OF(Cuando,John)"
19583,19095,FATHER_OF,"BROTHER_OF(Jonathan,John) ∧ FATHER_OF(Hyrum Smith,John)"
391257,19095,FATHER_OF,"BROTHER_OF(Jonathan,John) ∧ FATHER_OF(Patriarch,John)"
30358,19095,FATHER_OF,"BROTHER_OF(Jonathan,John) ∧ FATHER_OF(Mahalaleel,John)"
8513,19095,FATHER_OF,"BROTHER_OF(Jonathan,John) ∧ FATHER_OF(Omer,John)"
609199,19095,FATHER_OF,"BROTHER_OF(Jonathan,John) ∧ FATHER_OF(Mahaleel,John)"
19871,203561,FATHER_OF,"BROTHER_OF(Judas Maccabeus,Simon) ∧ FATHER_OF(Zacharias,Simon)"
19870,203561,FATHER_OF,"BROTHER_OF(Judas Maccabeus,Simon) ∧ FATHER_OF(Brigham Young,Simon)"
397883,203561,FATHER_OF,"BROTHER_OF(Judas Maccabeus,Simon) ∧ FATHER_OF(Mathew Woodruff,Simon)"
494839,203561,FATHER_OF,"BROTHER_OF(Judas Maccabeus,Simon) ∧ FATHER_OF(Accos,Simon)"
19872,203561,FATHER_OF,"BROTHER_OF(Judas Maccabeus,Simon) ∧ FATHER_OF(Zechariah,Simon)"
19210,203561,FATHER_OF,"BROTHER_OF(Judas Maccabeus,Simon) ∧ FATHER_OF(Leah,Simon)"
19199,203561,FATHER_OF,"BROTHER_OF(Judas Maccabeus,Simon) ∧ FATHER_OF(Laban,Simon)"
3553,203561,FATHER_OF,"BROTHER_OF(Judas Maccabeus,Simon) ∧ FATHER_OF(Jacob (patriarch),Simon)"
42086,203561,FATHER_OF,"BROTHER_OF(Judas Maccabeus,Simon) ∧ FATHER_OF(Senuah,Simon)"
38002,203561,FATHER_OF,"BROTHER_OF(Judas Maccabeus,Simon) ∧ FATHER_OF(Jehoash,Simon)"
36330,203561,FATHER_OF,"BROTHER_OF(Judas Maccabeus,Simon) ∧ FATHER_OF(Joash,Simon)"
19082,203561,FATHER_OF,"BROTHER_OF(Judas Maccabeus,Simon) ∧ FATHER_OF(Jehoshaphat,Simon)"
19540,203561,FATHER_OF,"BROTHER_OF(Judas Maccabeus,Simon) ∧ FATHER_OF(Rehoboam,Simon)"
36522,203561,FATHER_OF,"BROTHER_OF(Judas Maccabeus,Simon) ∧ FATHER_OF(Uri,Simon)"
24119,203561,FATHER_OF,"BROTHER_OF(Judas Maccabeus,Simon) ∧ FATHER_OF(Jotham,Simon)"
35433,203561,FATHER_OF,"BROTHER_OF(Judas Maccabeus,Simon) ∧ FATHER_OF(Jehoram,Simon)"
3504,203561,FATHER_OF,"BROTHER_OF(Judas Maccabeus,Simon) ∧ FATHER_OF(Asa,Simon)"
36576,203561,FATHER_OF,"BROTHER_OF(Judas Maccabeus,Simon) ∧ FATHER_OF(Jahdai,Simon)"
36557,203561,FATHER_OF,"BROTHER_OF(Judas Maccabeus,Simon) ∧ FATHER_OF(Azariah,Simon)"
36542,203561,FATHER_OF,"BROTHER_OF(Judas Maccabeus,Simon) ∧ FATHER_OF(Appaim,Simon)"
36724,203561,FATHER_OF,"BROTHER_OF(Judas Maccabeus,Simon) ∧ FATHER_OF(Jehohanan,Simon)"
18906,203561,FATHER_OF,"BROTHER_OF(Judas Maccabeus,Simon) ∧ FATHER_OF(Hezekiah,Simon)"
36563,203561,FATHER_OF,"BROTHER_OF(Judas Maccabeus,Simon) ∧ FATHER_OF(Jekamiah,Simon)"
402110,203561,FATHER_OF,"BROTHER_OF(Judas Maccabeus,Simon) ∧ FATHER_OF(Hassenuah,Simon)"
36905,203561,FATHER_OF,"BROTHER_OF(Judas Maccabeus,Simon) ∧ FATHER_OF(Meonothai,Simon)"
36898,203561,FATHER_OF,"BROTHER_OF(Judas Maccabeus,Simon) ∧ FATHER_OF(Eshton,Simon)"
37051,203561,FATHER_OF,"BROTHER_OF(Judas Maccabeus,Simon) ∧ FATHER_OF(Adaiah,Simon)"
24105,203561,FATHER_OF,"BROTHER_OF(Judas Maccabeus,Simon) ∧ FATHER_OF(Uzziah,Simon)"
36797,203561,FATHER_OF,"BROTHER_OF(Judas Maccabeus,Simon) ∧ FATHER_OF(Chelub,Simon)"
18915,203561,FATHER_OF,"BROTHER_OF(Judas Maccabeus,Simon) ∧ FATHER_OF(Isaac,Simon)"
19072,203561,FATHER_OF,"BROTHER_OF(Judas Maccabeus,Simon) ∧ FATHER_OF(Lehi,Simon)"
35453,203561,FATHER_OF,"BROTHER_OF(Judas Maccabeus,Simon) ∧ FATHER_OF(Matthan,Simon)"
12037,203561,FATHER_OF,"BROTHER_OF(Judas Maccabeus,Simon) ∧ FATHER_OF(Matán,Simon)"
19210,19095,FATHER_OF,"BROTHER_OF(Jonathan,Simon) ∧ FATHER_OF(Leah,Simon)"
19199,19095,FATHER_OF,"BROTHER_OF(Jonathan,Simon) ∧ FATHER_OF(Laban,Simon)"
42086,19095,FATHER_OF,"BROTHER_OF(Jonathan,Simon) ∧ FATHER_OF(Senuah,Simon)"
38002,19095,FATHER_OF,"BROTHER_OF(Jonathan,Simon) ∧ FATHER_OF(Jehoash,Simon)"
36330,19095,FATHER_OF,"BROTHER_OF(Jonathan,Simon) ∧ FATHER_OF(Joash,Simon)"
19082,19095,FATHER_OF,"BROTHER_OF(Jonathan,Simon) ∧ FATHER_OF(Jehoshaphat,Simon)"
19540,19095,FATHER_OF,"BROTHER_OF(Jonathan,Simon) ∧ FATHER_OF(Rehoboam,Simon)"
36522,19095,FATHER_OF,"BROTHER_OF(Jonathan,Simon) ∧ FATHER_OF(Uri,Simon)"
24119,19095,FATHER_OF,"BROTHER_OF(Jonathan,Simon) ∧ FATHER_OF(Jotham,Simon)"
35433,19095,FATHER_OF,"BROTHER_OF(Jonathan,Simon) ∧ FATHER_OF(Jehoram,Simon)"
3504,19095,FATHER_OF,"BROTHER_OF(Jonathan,Simon) ∧ FATHER_OF(Asa,Simon)"
36576,19095,FATHER_OF,"BROTHER_OF(Jonathan,Simon) ∧ FATHER_OF(Jahdai,Simon)"
36557,19095,FATHER_OF,"BROTHER_OF(Jonathan,Simon) ∧ FATHER_OF(Azariah,Simon)"
36542,19095,FATHER_OF,"BROTHER_OF(Jonathan,Simon) ∧ FATHER_OF(Appaim,Simon)"
36724,19095,FATHER_OF,"BROTHER_OF(Jonathan,Simon) ∧ FATHER_OF(Jehohanan,Simon)"
18906,19095,FATHER_OF,"BROTHER_OF(Jonathan,Simon) ∧ FATHER_OF(Hezekiah,Simon)"
36563,19095,FATHER_OF,"BROTHER_OF(Jonathan,Simon) ∧ FATHER_OF(Jekamiah,Simon)"
402110,19095,FATHER_OF,"BROTHER_OF(Jonathan,Simon) ∧ FATHER_OF(Hassenuah,Simon)"
36905,19095,FATHER_OF,"BROTHER_OF(Jonathan,Simon) ∧ FATHER_OF(Meonothai,Simon)"
36898,19095,FATHER_OF,"BROTHER_OF(Jonathan,Simon) ∧ FATHER_OF(Eshton,Simon)"
37051,19095,FATHER_OF,"BROTHER_OF(Jonathan,Simon) ∧ FATHER_OF(Adaiah,Simon)"
24105,19095,FATHER_OF,"BROTHER_OF(Jonathan,Simon) ∧ FATHER_OF(Uzziah,Simon)"
36797,19095,FATHER_OF,"BROTHER_OF(Jonathan,Simon) ∧ FATHER_OF(Chelub,Simon)"
36215,441241,FATHER_OF,"BROTHER_OF(Judas Maccabee,Jonathan) ∧ FATHER_OF(Aholibamah,Jonathan)"
40102,441241,FATHER_OF,"BROTHER_OF(Judas Maccabee,Jonathan) ∧ FATHER_OF(Beeri,Jonathan)"
37465,441241,FATHER_OF,"BROTHER_OF(Judas Maccabee,Jonathan) ∧ FATHER_OF(Elon,Jonathan)"
18917,441241,FATHER_OF,"BROTHER_OF(Judas Maccabee,Jonathan) ∧ FATHER_OF(Ishmael,Jonathan)"
18900,441241,FATHER_OF,"BROTHER_OF(Judas Maccabee,Jonathan) ∧ FATHER_OF(Helaman,Jonathan)"
765216,441241,FATHER_OF,"BROTHER_OF(Judas Maccabee,Jonathan) ∧ FATHER_OF(Lehi Nephi,Jonathan)"
19072,30497,FATHER_OF,"BROTHER_OF(Hyrum,Samuel) ∧ FATHER_OF(Lehi,Samuel)"
19536,30497,FATHER_OF,"BROTHER_OF(Hyrum,Samuel) ∧ FATHER_OF(Rachel,Samuel)"
35060,30497,FATHER_OF,"BROTHER_OF(Hyrum,Samuel) ∧ FATHER_OF(Jonan,Samuel)"
35037,30497,FATHER_OF,"BROTHER_OF(Hyrum,Samuel) ∧ FATHER_OF(Heli,Samuel)"
3416,30497,FATHER_OF,"BROTHER_OF(Hyrum,Samuel) ∧ FATHER_OF(Amos,Samuel)"
19109,30497,FATHER_OF,"BROTHER_OF(Hyrum,Samuel) ∧ FATHER_OF(Jude,Samuel)"
3553,30497,FATHER_OF,"BROTHER_OF(Hyrum,Samuel) ∧ FATHER_OF(Jacob (patriarch),Samuel)"
19870,30497,FATHER_OF,"BROTHER_OF(Hyrum,Samuel) ∧ FATHER_OF(Brigham Young,Samuel)"
18670,30497,FATHER_OF,"BROTHER_OF(Hyrum,Samuel) ∧ FATHER_OF(Eli,Samuel)"
409594,30497,FATHER_OF,"BROTHER_OF(Hyrum,Samuel) ∧ FATHER_OF(Jonam,Samuel)"
15527,30497,FATHER_OF,"BROTHER_OF(Hyrum,Samuel) ∧ FATHER_OF(Potiphera,Samuel)"
5852,30497,FATHER_OF,"BROTHER_OF(Hyrum,Samuel) ∧ FATHER_OF(Cuando,Samuel)"
19583,30497,FATHER_OF,"BROTHER_OF(Hyrum,Samuel) ∧ FATHER_OF(Hyrum Smith,Samuel)"
391257,30497,FATHER_OF,"BROTHER_OF(Hyrum,Samuel) ∧ FATHER_OF(Patriarch,Samuel)"
18915,19102,FATHER_OF,"BROTHER_OF(Joseph Smith,Smith) ∧ FATHER_OF(Isaac,Smith)"
35453,19102,FATHER_OF,"BROTHER_OF(Joseph Smith,Smith) ∧ FATHER_OF(Matthan,Smith)"
12037,19102,FATHER_OF,"BROTHER_OF(Joseph Smith,Smith) ∧ FATHER_OF(Matán,Smith)"
19076,19102,FATHER_OF,"BROTHER_OF(Joseph Smith,Smith) ∧ FATHER_OF(Zebedee,Smith)"
19075,19102,FATHER_OF,"BROTHER_OF(Joseph Smith,Smith) ∧ FATHER_OF(Alphaeus,Smith)"
30358,19102,FATHER_OF,"BROTHER_OF(Joseph Smith,Smith) ∧ FATHER_OF(Mahalaleel,Smith)"
8513,19102,FATHER_OF,"BROTHER_OF(Joseph Smith,Smith) ∧ FATHER_OF(Omer,Smith)"
609199,19102,FATHER_OF,"BROTHER_OF(Joseph Smith,Smith) ∧ FATHER_OF(Mahaleel,Smith)"
19078,37311,FATHER_OF,"SISTER_OF(Tahpenes,And) ∧ FATHER_OF(Jared,And)"
3579,37311,FATHER_OF,"SISTER_OF(Tahpenes,And) ∧ FATHER_OF(Cain,And)"
24294,37311,FATHER_OF,"SISTER_OF(Tahpenes,And) ∧ FATHER_OF(Midian,And)"
3251,37311,FATHER_OF,"SISTER_OF(Tahpenes,And) ∧ FATHER_OF(Mosiah,And)"
19259,37311,FATHER_OF,"SISTER_OF(Tahpenes,And) ∧ FATHER_OF(Lot,And)"
19072,37311,FATHER_OF,"SISTER_OF(Tahpenes,And) ∧ FATHER_OF(Lehi,And)"
18900,37311,FATHER_OF,"SISTER_OF(Tahpenes,And) ∧ FATHER_OF(Helaman,And)"
765216,37311,FATHER_OF,"SISTER_OF(Tahpenes,And) ∧ FATHER_OF(Lehi Nephi,And)"
18915,37311,FATHER_OF,"SISTER_OF(Tahpenes,And) ∧ FATHER_OF(Isaac,And)"
35453,37311,FATHER_OF,"SISTER_OF(Tahpenes,And) ∧ FATHER_OF(Matthan,And)"
12037,37311,FATHER_OF,"SISTER_OF(Tahpenes,And) ∧ FATHER_OF(Matán,And)"
19076,37311,FATHER_OF,"SISTER_OF(Tahpenes,And) ∧ FATHER_OF(Zebedee,And)"
19075,37311,FATHER_OF,"SISTER_OF(Tahpenes,And) ∧ FATHER_OF(Alphaeus,And)"
19536,37311,FATHER_OF,"SISTER_OF(Tahpenes,And) ∧ FATHER_OF(Rachel,And)"
35060,37311,FATHER_OF,"SISTER_OF(Tahpenes,And) ∧ FATHER_OF(Jonan,And)"
35037,37311,FATHER_OF,"SISTER_OF(Tahpenes,And) ∧ FATHER_OF(Heli,And)"
3416,37311,FATHER_OF,"SISTER_OF(Tahpenes,And) ∧ FATHER_OF(Amos,And)"
19109,37311,FATHER_OF,"SISTER_OF(Tahpenes,And) ∧ FATHER_OF(Jude,And)"
3553,37311,FATHER_OF,"SISTER_OF(Tahpenes,And) ∧ FATHER_OF(Jacob (patriarch),And)"
3549,37311,FATHER_OF,"SISTER_OF(Tahpenes,And) ∧ FATHER_OF(Jacob,And)"
19870,37311,FATHER_OF,"SISTER_OF(Tahpenes,And) ∧ FATHER_OF(Brigham Young,And)"
18670,37311,FATHER_OF,"SISTER_OF(Tahpenes,And) ∧ FATHER_OF(Eli,And)"
409594,37311,FATHER_OF,"SISTER_OF(Tahpenes,And) ∧ FATHER_OF(Jonam,And)"
18663,37311,FATHER_OF,"SISTER_OF(Tahpenes,And) ∧ FATHER_OF(David,And)"
15527,37311,FATHER_OF,"SISTER_OF(Tahpenes,And) ∧ FATHER_OF(Potiphera,And)"
30497,37311,FATHER_OF,"SISTER_OF(Tahpenes,And) ∧ FATHER_OF(Hyrum,And)"
5852,37311,FATHER_OF,"SISTER_OF(Tahpenes,And) ∧ FATHER_OF(Cuando,And)"
19583,37311,FATHER_OF,"SISTER_OF(Tahpenes,And) ∧ FATHER_OF(Hyrum Smith,And)"
391257,37311,FATHER_OF,"SISTER_OF(Tahpenes,And) ∧ FATHER_OF(Patriarch,And)"
18661,37311,FATHER_OF,"SISTER_OF(Tahpenes,And) ∧ FATHER_OF(Daniel,And)"
36179,37311,FATHER_OF,"SISTER_OF(Tahpenes,And) ∧ FATHER_OF(Hemdan,And)"
387410,37311,FATHER_OF,"SISTER_OF(Tahpenes,And) ∧ FATHER_OF(Bathia,And)"
19088,37311,FATHER_OF,"SISTER_OF(Tahpenes,And) ∧ FATHER_OF(Jethro,And)"
459345,37311,FATHER_OF,"SISTER_OF(Tahpenes,And) ∧ FATHER_OF(Amaram,And)"
28095,37311,FATHER_OF,"SISTER_OF(Tahpenes,And) ∧ FATHER_OF(Heth,And)"
3332,37311,FATHER_OF,"SISTER_OF(Tahpenes,And) ∧ FATHER_OF(Mormon,And)"
660398,37311,FATHER_OF,"SISTER_OF(Tahpenes,And) ∧ FATHER_OF(Prophet Mormon,And)"
20145,37311,FATHER_OF,"SISTER_OF(Tahpenes,And) ∧ FATHER_OF(Righteousness,And)"
30365,37311,FATHER_OF,"SISTER_OF(Tahpenes,And) ∧ FATHER_OF(Lamech,And)"
19913,37311,FATHER_OF,"SISTER_OF(Tahpenes,And) ∧ FATHER_OF(Zeniff,And)"
19078,43432,FATHER_OF,"SISTER_OF(Tubal Cain,And) ∧ FATHER_OF(Jared,And)"
3579,43432,FATHER_OF,"SISTER_OF(Tubal Cain,And) ∧ FATHER_OF(Cain,And)"
24294,43432,FATHER_OF,"SISTER_OF(Tubal Cain,And) ∧ FATHER_OF(Midian,And)"
3251,43432,FATHER_OF,"SISTER_OF(Tubal Cain,And) ∧ FATHER_OF(Mosiah,And)"
19259,43432,FATHER_OF,"SISTER_OF(Tubal Cain,And) ∧ FATHER_OF(Lot,And)"
19072,43432,FATHER_OF,"SISTER_OF(Tubal Cain,And) ∧ FATHER_OF(Lehi,And)"
18900,43432,FATHER_OF,"SISTER_OF(Tubal Cain,And) ∧ FATHER_OF(Helaman,And)"
765216,43432,FATHER_OF,"SISTER_OF(Tubal Cain,And) ∧ FATHER_OF(Lehi Nephi,And)"
18915,43432,FATHER_OF,"SISTER_OF(Tubal Cain,And) ∧ FATHER_OF(Isaac,And)"
35453,43432,FATHER_OF,"SISTER_OF(Tubal Cain,And) ∧ FATHER_OF(Matthan,And)"
12037,43432,FATHER_OF,"SISTER_OF(Tubal Cain,And) ∧ FATHER_OF(Matán,And)"
19076,43432,FATHER_OF,"SISTER_OF(Tubal Cain,And) ∧ FATHER_OF(Zebedee,And)"
19075,43432,FATHER_OF,"SISTER_OF(Tubal Cain,And) ∧ FATHER_OF(Alphaeus,And)"
19536,43432,FATHER_OF,"SISTER_OF(Tubal Cain,And) ∧ FATHER_OF(Rachel,And)"
35060,43432,FATHER_OF,"SISTER_OF(Tubal Cain,And) ∧ FATHER_OF(Jonan,And)"
35037,43432,FATHER_OF,"SISTER_OF(Tubal Cain,And) ∧ FATHER_OF(Heli,And)"
3416,43432,FATHER_OF,"SISTER_OF(Tubal Cain,And) ∧ FATHER_OF(Amos,And)"
19109,43432,FATHER_OF,"SISTER_OF(Tubal Cain,And) ∧ FATHER_OF(Jude,And)"
3553,43432,FATHER_OF,"SISTER_OF(Tubal Cain,And) ∧ FATHER_OF(Jacob (patriarch),And)"
3549,43432,FATHER_OF,"SISTER_OF(Tubal Cain,And) ∧ FATHER_OF(Jacob,And)"
19870,43432,FATHER_OF,"SISTER_OF(Tubal Cain,And) ∧ FATHER_OF(Brigham Young,And)"
18670,43432,FATHER_OF,"SISTER_OF(Tubal Cain,And) ∧ FATHER_OF(Eli,And)"
409594,43432,FATHER_OF,"SISTER_OF(Tubal Cain,And) ∧ FATHER_OF(Jonam,And)"
18663,43432,FATHER_OF,"SISTER_OF(Tubal Cain,And) ∧ FATHER_OF(David,And)"
15527,43432,FATHER_OF,"SISTER_OF(Tubal Cain,And) ∧ FATHER_OF(Potiphera,And)"
30497,43432,FATHER_OF,"SISTER_OF(Tubal Cain,And) ∧ FATHER_OF(Hyrum,And)"
5852,43432,FATHER_OF,"SISTER_OF(Tubal Cain,And) ∧ FATHER_OF(Cuando,And)"
19583,43432,FATHER_OF,"SISTER_OF(Tubal Cain,And) ∧ FATHER_OF(Hyrum Smith,And)"
391257,43432,FATHER_OF,"SISTER_OF(Tubal Cain,And) ∧ FATHER_OF(Patriarch,And)"
18661,43432,FATHER_OF,"SISTER_OF(Tubal Cain,And) ∧ FATHER_OF(Daniel,And)"
36179,43432,FATHER_OF,"SISTER_OF(Tubal Cain,And) ∧ FATHER_OF(Hemdan,And)"
387410,43432,FATHER_OF,"SISTER_OF(Tubal Cain,And) ∧ FATHER_OF(Bathia,And)"
19088,43432,FATHER_OF,"SISTER_OF(Tubal Cain,And) ∧ FATHER_OF(Jethro,And)"
459345,43432,FATHER_OF,"SISTER_OF(Tubal Cain,And) ∧ FATHER_OF(Amaram,And)"
28095,43432,FATHER_OF,"SISTER_OF(Tubal Cain,And) ∧ FATHER_OF(Heth,And)"
3332,43432,FATHER_OF,"SISTER_OF(Tubal Cain,And) ∧ FATHER_OF(Mormon,And)"
660398,43432,FATHER_OF,"SISTER_OF(Tubal Cain,And) ∧ FATHER_OF(Prophet Mormon,And)"
20145,43432,FATHER_OF,"SISTER_OF(Tubal Cain,And) ∧ FATHER_OF(Righteousness,And)"
30365,43432,FATHER_OF,"SISTER_OF(Tubal Cain,And) ∧ FATHER_OF(Lamech,And)"
19913,43432,FATHER_OF,"SISTER_OF(Tubal Cain,And) ∧ FATHER_OF(Zeniff,And)"
39823,12460,FATHER_OF,"SISTER_OF(Nebaiot,Abraham) ∧ FATHER_OF(Milcah,Abraham)"
36535,152911,FATHER_OF,"SISTER_OF(Taiwán,Entonces) ∧ FATHER_OF(Shammai,Entonces)"
19095,152911,FATHER_OF,"SISTER_OF(Taiwán,Entonces) ∧ FATHER_OF(Jonathan,Entonces)"
33560,152911,FATHER_OF,"SISTER_OF(Taiwán,Entonces) ∧ FATHER_OF(Tyre,Entonces)"
19499,152911,FATHER_OF,"SISTER_OF(Taiwán,Entonces) ∧ FATHER_OF(Pharaoh,Entonces)"
3579,152911,FATHER_OF,"SISTER_OF(Taiwán,Entonces) ∧ FATHER_OF(Cain,Entonces)"
24294,152911,FATHER_OF,"SISTER_OF(Taiwán,Entonces) ∧ FATHER_OF(Midian,Entonces)"
3251,152911,FATHER_OF,"SISTER_OF(Taiwán,Entonces) ∧ FATHER_OF(Mosiah,Entonces)"
19259,152911,FATHER_OF,"SISTER_OF(Taiwán,Entonces) ∧ FATHER_OF(Lot,Entonces)"
19072,152911,FATHER_OF,"SISTER_OF(Taiwán,Entonces) ∧ FATHER_OF(Lehi,Entonces)"
18900,152911,FATHER_OF,"SISTER_OF(Taiwán,Entonces) ∧ FATHER_OF(Helaman,Entonces)"
765216,152911,FATHER_OF,"SISTER_OF(Taiwán,Entonces) ∧ FATHER_OF(Lehi Nephi,Entonces)"
18915,152911,FATHER_OF,"SISTER_OF(Taiwán,Entonces) ∧ FATHER_OF(Isaac,Entonces)"
35453,152911,FATHER_OF,"SISTER_OF(Taiwán,Entonces) ∧ FATHER_OF(Matthan,Entonces)"
12037,152911,FATHER_OF,"SISTER_OF(Taiwán,Entonces) ∧ FATHER_OF(Matán,Entonces)"
19076,152911,FATHER_OF,"SISTER_OF(Taiwán,Entonces) ∧ FATHER_OF(Zebedee,Entonces)"
19075,152911,FATHER_OF,"SISTER_OF(Taiwán,Entonces) ∧ FATHER_OF(Alphaeus,Entonces)"
19536,152911,FATHER_OF,"SISTER_OF(Taiwán,Entonces) ∧ FATHER_OF(Rachel,Entonces)"
35060,152911,FATHER_OF,"SISTER_OF(Taiwán,Entonces) ∧ FATHER_OF(Jonan,Entonces)"
35037,152911,FATHER_OF,"SISTER_OF(Taiwán,Entonces) ∧ FATHER_OF(Heli,Entonces)"
3416,152911,FATHER_OF,"SISTER_OF(Taiwán,Entonces) ∧ FATHER_OF(Amos,Entonces)"
19109,152911,FATHER_OF,"SISTER_OF(Taiwán,Entonces) ∧ FATHER_OF(Jude,Entonces)"
3553,152911,FATHER_OF,"SISTER_OF(Taiwán,Entonces) ∧ FATHER_OF(Jacob (patriarch),Entonces)"
3549,152911,FATHER_OF,"SISTER_OF(Taiwán,Entonces) ∧ FATHER_OF(Jacob,Entonces)"
19870,152911,FATHER_OF,"SISTER_OF(Taiwán,Entonces) ∧ FATHER_OF(Brigham Young,Entonces)"
18670,152911,FATHER_OF,"SISTER_OF(Taiwán,Entonces) ∧ FATHER_OF(Eli,Entonces)"
409594,152911,FATHER_OF,"SISTER_OF(Taiwán,Entonces) ∧ FATHER_OF(Jonam,Entonces)"
18663,152911,FATHER_OF,"SISTER_OF(Taiwán,Entonces) ∧ FATHER_OF(David,Entonces)"
15527,152911,FATHER_OF,"SISTER_OF(Taiwán,Entonces) ∧ FATHER_OF(Potiphera,Entonces)"
30497,152911,FATHER_OF,"SISTER_OF(Taiwán,Entonces) ∧ FATHER_OF(Hyrum,Entonces)"
5852,152911,FATHER_OF,"SISTER_OF(Taiwán,Entonces) ∧ FATHER_OF(Cuando,Entonces)"
19583,152911,FATHER_OF,"SISTER_OF(Taiwán,Entonces) ∧ FATHER_OF(Hyrum Smith,Entonces)"
391257,152911,FATHER_OF,"SISTER_OF(Taiwán,Entonces) ∧ FATHER_OF(Patriarch,Entonces)"
18661,152911,FATHER_OF,"SISTER_OF(Taiwán,Entonces) ∧ FATHER_OF(Daniel,Entonces)"
36179,152911,FATHER_OF,"SISTER_OF(Taiwán,Entonces) ∧ FATHER_OF(Hemdan,Entonces)"
387410,152911,FATHER_OF,"SISTER_OF(Taiwán,Entonces) ∧ FATHER_OF(Bathia,Entonces)"
19088,152911,FATHER_OF,"SISTER_OF(Taiwán,Entonces) ∧ FATHER_OF(Jethro,Entonces)"
459345,152911,FATHER_OF,"SISTER_OF(Taiwán,Entonces) ∧ FATHER_OF(Amaram,Entonces)"
28095,152911,FATHER_OF,"SISTER_OF(Taiwán,Entonces) ∧ FATHER_OF(Heth,Entonces)"
3332,152911,FATHER_OF,"SISTER_OF(Taiwán,Entonces) ∧ FATHER_OF(Mormon,Entonces)"
660398,152911,FATHER_OF,"SISTER_OF(Taiwán,Entonces) ∧ FATHER_OF(Prophet Mormon,Entonces)"
20145,152911,FATHER_OF,"SISTER_OF(Taiwán,Entonces) ∧ FATHER_OF(Righteousness,Entonces)"
30365,152911,FATHER_OF,"SISTER_OF(Taiwán,Entonces) ∧ FATHER_OF(Lamech,Entonces)"
19913,152911,FATHER_OF,"SISTER_OF(Taiwán,Entonces) ∧ FATHER_OF(Zeniff,Entonces)"
36535,737803,FATHER_OF,"SISTER_OF(Blendina,Cuando) ∧ FATHER_OF(Shammai,Cuando)"
19095,737803,FATHER_OF,"SISTER_OF(Blendina,Cuando) ∧ FATHER_OF(Jonathan,Cuando)"
33560,737803,FATHER_OF,"SISTER_OF(Blendina,Cuando) ∧ FATHER_OF(Tyre,Cuando)"
19499,737803,FATHER_OF,"SISTER_OF(Blendina,Cuando) ∧ FATHER_OF(Pharaoh,Cuando)"
19078,737803,FATHER_OF,"SISTER_OF(Blendina,Cuando) ∧ FATHER_OF(Jared,Cuando)"
3579,737803,FATHER_OF,"SISTER_OF(Blendina,Cuando) ∧ FATHER_OF(Cain,Cuando)"
24294,737803,FATHER_OF,"SISTER_OF(Blendina,Cuando) ∧ FATHER_OF(Midian,Cuando)"
3251,737803,FATHER_OF,"SISTER_OF(Blendina,Cuando) ∧ FATHER_OF(Mosiah,Cuando)"
19259,737803,FATHER_OF,"SISTER_OF(Blendina,Cuando) ∧ FATHER_OF(Lot,Cuando)"
19072,737803,FATHER_OF,"SISTER_OF(Blendina,Cuando) ∧ FATHER_OF(Lehi,Cuando)"
18900,737803,FATHER_OF,"SISTER_OF(Blendina,Cuando) ∧ FATHER_OF(Helaman,Cuando)"
765216,737803,FATHER_OF,"SISTER_OF(Blendina,Cuando) ∧ FATHER_OF(Lehi Nephi,Cuando)"
18915,737803,FATHER_OF,"SISTER_OF(Blendina,Cuando) ∧ FATHER_OF(Isaac,Cuando)"
35453,737803,FATHER_OF,"SISTER_OF(Blendina,Cuando) ∧ FATHER_OF(Matthan,Cuando)"
12037,737803,FATHER_OF,"SISTER_OF(Blendina,Cuando) ∧ FATHER_OF(Matán,Cuando)"
19076,737803,FATHER_OF,"SISTER_OF(Blendina,Cuando) ∧ FATHER_OF(Zebedee,Cuando)"
19075,737803,FATHER_OF,"SISTER_OF(Blendina,Cuando) ∧ FATHER_OF(Alphaeus,Cuando)"
19536,737803,FATHER_OF,"SISTER_OF(Blendina,Cuando) ∧ FATHER_OF(Rachel,Cuando)"
35060,737803,FATHER_OF,"SISTER_OF(Blendina,Cuando) ∧ FATHER_OF(Jonan,Cuando)"
35037,737803,FATHER_OF,"SISTER_OF(Blendina,Cuando) ∧ FATHER_OF(Heli,Cuando)"
3416,737803,FATHER_OF,"SISTER_OF(Blendina,Cuando) ∧ FATHER_OF(Amos,Cuando)"
19109,737803,FATHER_OF,"SISTER_OF(Blendina,Cuando) ∧ FATHER_OF(Jude,Cuando)"
3553,737803,FATHER_OF,"SISTER_OF(Blendina,Cuando) ∧ FATHER_OF(Jacob (patriarch),Cuando)"
3549,737803,FATHER_OF,"SISTER_OF(Blendina,Cuando) ∧ FATHER_OF(Jacob,Cuando)"
19870,737803,FATHER_OF,"SISTER_OF(Blendina,Cuando) ∧ FATHER_OF(Brigham Young,Cuando)"
18670,737803,FATHER_OF,"SISTER_OF(Blendina,Cuando) ∧ FATHER_OF(Eli,Cuando)"
409594,737803,FATHER_OF,"SISTER_OF(Blendina,Cuando) ∧ FATHER_OF(Jonam,Cuando)"
18663,737803,FATHER_OF,"SISTER_OF(Blendina,Cuando) ∧ FATHER_OF(David,Cuando)"
15527,737803,FATHER_OF,"SISTER_OF(Blendina,Cuando) ∧ FATHER_OF(Potiphera,Cuando)"
30497,737803,FATHER_OF,"SISTER_OF(Blendina,Cuando) ∧ FATHER_OF(Hyrum,Cuando)"
5852,737803,FATHER_OF,"SISTER_OF(Blendina,Cuando) ∧ FATHER_OF(Cuando,Cuando)"
19583,737803,FATHER_OF,"SISTER_OF(Blendina,Cuando) ∧ FATHER_OF(Hyrum Smith,Cuando)"
391257,737803,FATHER_OF,"SISTER_OF(Blendina,Cuando) ∧ FATHER_OF(Patriarch,Cuando)"
36179,737803,FATHER_OF,"SISTER_OF(Blendina,Cuando) ∧ FATHER_OF(Hemdan,Cuando)"
387410,737803,FATHER_OF,"SISTER_OF(Blendina,Cuando) ∧ FATHER_OF(Bathia,Cuando)"
19088,737803,FATHER_OF,"SISTER_OF(Blendina,Cuando) ∧ FATHER_OF(Jethro,Cuando)"
459345,737803,FATHER_OF,"SISTER_OF(Blendina,Cuando) ∧ FATHER_OF(Amaram,Cuando)"
28095,737803,FATHER_OF,"SISTER_OF(Blendina,Cuando) ∧ FATHER_OF(Heth,Cuando)"
3332,737803,FATHER_OF,"SISTER_OF(Blendina,Cuando) ∧ FATHER_OF(Mormon,Cuando)"
660398,737803,FATHER_OF,"SISTER_OF(Blendina,Cuando) ∧ FATHER_OF(Prophet Mormon,Cuando)"
20145,737803,FATHER_OF,"SISTER_OF(Blendina,Cuando) ∧ FATHER_OF(Righteousness,Cuando)"
30365,737803,FATHER_OF,"SISTER_OF(Blendina,Cuando) ∧ FATHER_OF(Lamech,Cuando)"
19913,737803,FATHER_OF,"SISTER_OF(Blendina,Cuando) ∧ FATHER_OF(Zeniff,Cuando)"
36215,3247,FATHER_OF,"BROTHER_OF(Aaron,Moses) ∧ FATHER_OF(Aholibamah,Moses)"
40102,3247,FATHER_OF,"BROTHER_OF(Aaron,Moses) ∧ FATHER_OF(Beeri,Moses)"
37465,3247,FATHER_OF,"BROTHER_OF(Aaron,Moses) ∧ FATHER_OF(Elon,Moses)"
18917,3247,FATHER_OF,"BROTHER_OF(Aaron,Moses) ∧ FATHER_OF(Ishmael,Moses)"
11338,18918,FATHER_OF,"BROTHER_OF(Nephi,Jacob) ∧ FATHER_OF(Simón Iscariote,Jacob)"
19073,18918,FATHER_OF,"BROTHER_OF(Nephi,Jacob) ∧ FATHER_OF(James,Jacob)"
757218,18918,FATHER_OF,"BROTHER_OF(Nephi,Jacob) ∧ FATHER_OF(Chalphi,Jacob)"
457984,18918,FATHER_OF,"BROTHER_OF(Nephi,Jacob) ∧ FATHER_OF(Simon Iscariot,Jacob)"
35049,18918,FATHER_OF,"BROTHER_OF(Nephi,Jacob) ∧ FATHER_OF(Rhesa,Jacob)"
25524,18918,FATHER_OF,"BROTHER_OF(Nephi,Jacob) ∧ FATHER_OF(Jonas,Jacob)"
45834,18918,FATHER_OF,"BROTHER_OF(Nephi,Jacob) ∧ FATHER_OF(Jona,Jacob)"
19094,18918,FATHER_OF,"BROTHER_OF(Nephi,Jacob) ∧ FATHER_OF(Jonah,Jacob)"
650625,18918,FATHER_OF,"BROTHER_OF(Nephi,Jacob) ∧ FATHER_OF(Gioras,Jacob)"
55816,18918,FATHER_OF,"BROTHER_OF(Nephi,Jacob) ∧ FATHER_OF(Jochai,Jacob)"
465526,18918,FATHER_OF,"BROTHER_OF(Nephi,Jacob) ∧ FATHER_OF(Onias,Jacob)"
18873,18918,FATHER_OF,"BROTHER_OF(Nephi,Jacob) ∧ FATHER_OF(Gamaliel,Jacob)"
30664,18683,FATHER_OF,"BROTHER_OF(Esau,Jacob) ∧ FATHER_OF(Joseph Smith Sr.,Jacob)"
213770,18683,FATHER_OF,"BROTHER_OF(Esau,Jacob) ∧ FATHER_OF(Alexander Hale Smith,Jacob)"
520857,18683,FATHER_OF,"BROTHER_OF(Esau,Jacob) ∧ FATHER_OF(Patriarch Hyrum Smith,Jacob)"
19092,18683,FATHER_OF,"BROTHER_OF(Esau,Jacob) ∧ FATHER_OF(John,Jacob)"
106978,18683,FATHER_OF,"BROTHER_OF(Esau,Jacob) ∧ FATHER_OF(Asael Smith,Jacob)"
36535,18683,FATHER_OF,"BROTHER_OF(Esau,Jacob) ∧ FATHER_OF(Shammai,Jacob)"
19095,18683,FATHER_OF,"BROTHER_OF(Esau,Jacob) ∧ FATHER_OF(Jonathan,Jacob)"
33560,18683,FATHER_OF,"BROTHER_OF(Esau,Jacob) ∧ FATHER_OF(Tyre,Jacob)"
19499,18683,FATHER_OF,"BROTHER_OF(Esau,Jacob) ∧ FATHER_OF(Pharaoh,Jacob)"
19078,18683,FATHER_OF,"BROTHER_OF(Esau,Jacob) ∧ FATHER_OF(Jared,Jacob)"
3579,18683,FATHER_OF,"BROTHER_OF(Esau,Jacob) ∧ FATHER_OF(Cain,Jacob)"
24294,18683,FATHER_OF,"BROTHER_OF(Esau,Jacob) ∧ FATHER_OF(Midian,Jacob)"
3251,18683,FATHER_OF,"BROTHER_OF(Esau,Jacob) ∧ FATHER_OF(Mosiah,Jacob)"
19259,18683,FATHER_OF,"BROTHER_OF(Esau,Jacob) ∧ FATHER_OF(Lot,Jacob)"
18661,18683,FATHER_OF,"BROTHER_OF(Esau,Jacob) ∧ FATHER_OF(Daniel,Jacob)"
36179,18683,FATHER_OF,"BROTHER_OF(Esau,Jacob) ∧ FATHER_OF(Hemdan,Jacob)"
387410,18683,FATHER_OF,"BROTHER_OF(Esau,Jacob) ∧ FATHER_OF(Bathia,Jacob)"
19088,18683,FATHER_OF,"BROTHER_OF(Esau,Jacob) ∧ FATHER_OF(Jethro,Jacob)"
459345,18683,FATHER_OF,"BROTHER_OF(Esau,Jacob) ∧ FATHER_OF(Amaram,Jacob)"
28095,18683,FATHER_OF,"BROTHER_OF(Esau,Jacob) ∧ FATHER_OF(Heth,Jacob)"
3332,18683,FATHER_OF,"BROTHER_OF(Esau,Jacob) ∧ FATHER_OF(Mormon,Jacob)"
660398,18683,FATHER_OF,"BROTHER_OF(Esau,Jacob) ∧ FATHER_OF(Prophet Mormon,Jacob)"
20145,18683,FATHER_OF,"BROTHER_OF(Esau,Jacob) ∧ FATHER_OF(Righteousness,Jacob)"
30365,18683,FATHER_OF,"BROTHER_OF(Esau,Jacob) ∧ FATHER_OF(Lamech,Jacob)"
19913,18683,FATHER_OF,"BROTHER_OF(Esau,Jacob) ∧ FATHER_OF(Zeniff,Jacob)"
11338,18683,FATHER_OF,"BROTHER_OF(Esau,Jacob) ∧ FATHER_OF(Simón Iscariote,Jacob)"
19073,18683,FATHER_OF,"BROTHER_OF(Esau,Jacob) ∧ FATHER_OF(James,Jacob)"
757218,18683,FATHER_OF,"BROTHER_OF(Esau,Jacob) ∧ FATHER_OF(Chalphi,Jacob)"
457984,18683,FATHER_OF,"BROTHER_OF(Esau,Jacob) ∧ FATHER_OF(Simon Iscariot,Jacob)"
35049,18683,FATHER_OF,"BROTHER_OF(Esau,Jacob) ∧ FATHER_OF(Rhesa,Jacob)"
25524,18683,FATHER_OF,"BROTHER_OF(Esau,Jacob) ∧ FATHER_OF(Jonas,Jacob)"
45834,18683,FATHER_OF,"BROTHER_OF(Esau,Jacob) ∧ FATHER_OF(Jona,Jacob)"
19094,18683,FATHER_OF,"BROTHER_OF(Esau,Jacob) ∧ FATHER_OF(Jonah,Jacob)"
650625,18683,FATHER_OF,"BROTHER_OF(Esau,Jacob) ∧ FATHER_OF(Gioras,Jacob)"
55816,18683,FATHER_OF,"BROTHER_OF(Esau,Jacob) ∧ FATHER_OF(Jochai,Jacob)"
465526,18683,FATHER_OF,"BROTHER_OF(Esau,Jacob) ∧ FATHER_OF(Onias,Jacob)"
18873,18683,FATHER_OF,"BROTHER_OF(Esau,Jacob) ∧ FATHER_OF(Gamaliel,Jacob)"
19108,19202,FATHER_OF,"BROTHER_OF(Laman,Nephi) ∧ FATHER_OF(Judas,Nephi)"
494653,19202,FATHER_OF,"BROTHER_OF(Laman,Nephi) ∧ FATHER_OF(Sirach,Nephi)"
516157,19202,FATHER_OF,"BROTHER_OF(Laman,Nephi) ∧ FATHER_OF(SIR,Nephi)"
398435,19202,FATHER_OF,"BROTHER_OF(Laman,Nephi) ∧ FATHER_OF(Josedek,Nephi)"
416791,19202,FATHER_OF,"BROTHER_OF(Laman,Nephi) ∧ FATHER_OF(Ananus,Nephi)"
19581,19202,FATHER_OF,"BROTHER_OF(Laman,Nephi) ∧ FATHER_OF(Simon,Nephi)"
35452,19202,FATHER_OF,"BROTHER_OF(Laman,Nephi) ∧ FATHER_OF(Eleazar,Nephi)"
36345,19202,FATHER_OF,"BROTHER_OF(Laman,Nephi) ∧ FATHER_OF(Elkanah,Nephi)"
59317,19202,FATHER_OF,"BROTHER_OF(Laman,Nephi) ∧ FATHER_OF(Robert,Nephi)"
464107,19202,FATHER_OF,"BROTHER_OF(Laman,Nephi) ∧ FATHER_OF(An Ephraimite,Nephi)"
19108,19097,FATHER_OF,"BROTHER_OF(Joseph,Nephi) ∧ FATHER_OF(Judas,Nephi)"
494653,19097,FATHER_OF,"BROTHER_OF(Joseph,Nephi) ∧ FATHER_OF(Sirach,Nephi)"
516157,19097,FATHER_OF,"BROTHER_OF(Joseph,Nephi) ∧ FATHER_OF(SIR,Nephi)"
398435,19097,FATHER_OF,"BROTHER_OF(Joseph,Nephi) ∧ FATHER_OF(Josedek,Nephi)"
416791,19097,FATHER_OF,"BROTHER_OF(Joseph,Nephi) ∧ FATHER_OF(Ananus,Nephi)"
19581,19097,FATHER_OF,"BROTHER_OF(Joseph,Nephi) ∧ FATHER_OF(Simon,Nephi)"
35452,19097,FATHER_OF,"BROTHER_OF(Joseph,Nephi) ∧ FATHER_OF(Eleazar,Nephi)"
19108,19557,FATHER_OF,"BROTHER_OF(Sam,Nephi) ∧ FATHER_OF(Judas,Nephi)"
494653,19557,FATHER_OF,"BROTHER_OF(Sam,Nephi) ∧ FATHER_OF(Sirach,Nephi)"
516157,19557,FATHER_OF,"BROTHER_OF(Sam,Nephi) ∧ FATHER_OF(SIR,Nephi)"
398435,19557,FATHER_OF,"BROTHER_OF(Sam,Nephi) ∧ FATHER_OF(Josedek,Nephi)"
416791,19557,FATHER_OF,"BROTHER_OF(Sam,Nephi) ∧ FATHER_OF(Ananus,Nephi)"
19581,19557,FATHER_OF,"BROTHER_OF(Sam,Nephi) ∧ FATHER_OF(Simon,Nephi)"
35452,19557,FATHER_OF,"BROTHER_OF(Sam,Nephi) ∧ FATHER_OF(Eleazar,Nephi)"
36345,19557,FATHER_OF,"BROTHER_OF(Sam,Nephi) ∧ FATHER_OF(Elkanah,Nephi)"
59317,19557,FATHER_OF,"BROTHER_OF(Sam,Nephi) ∧ FATHER_OF(Robert,Nephi)"
464107,19557,FATHER_OF,"BROTHER_OF(Sam,Nephi) ∧ FATHER_OF(An Ephraimite,Nephi)"
19108,19211,FATHER_OF,"BROTHER_OF(Lemuel,Nephi) ∧ FATHER_OF(Judas,Nephi)"
494653,19211,FATHER_OF,"BROTHER_OF(Lemuel,Nephi) ∧ FATHER_OF(Sirach,Nephi)"
516157,19211,FATHER_OF,"BROTHER_OF(Lemuel,Nephi) ∧ FATHER_OF(SIR,Nephi)"
398435,19211,FATHER_OF,"BROTHER_OF(Lemuel,Nephi) ∧ FATHER_OF(Josedek,Nephi)"
416791,19211,FATHER_OF,"BROTHER_OF(Lemuel,Nephi) ∧ FATHER_OF(Ananus,Nephi)"
19581,19211,FATHER_OF,"BROTHER_OF(Lemuel,Nephi) ∧ FATHER_OF(Simon,Nephi)"
35452,19211,FATHER_OF,"BROTHER_OF(Lemuel,Nephi) ∧ FATHER_OF(Eleazar,Nephi)"
36345,19211,FATHER_OF,"BROTHER_OF(Lemuel,Nephi) ∧ FATHER_OF(Elkanah,Nephi)"
59317,19211,FATHER_OF,"BROTHER_OF(Lemuel,Nephi) ∧ FATHER_OF(Robert,Nephi)"
464107,19211,FATHER_OF,"BROTHER_OF(Lemuel,Nephi) ∧ FATHER_OF(An Ephraimite,Nephi)"
36345,3549,FATHER_OF,"BROTHER_OF(Jacob,Nephi) ∧ FATHER_OF(Elkanah,Nephi)"
59317,3549,FATHER_OF,"BROTHER_OF(Jacob,Nephi) ∧ FATHER_OF(Robert,Nephi)"
464107,3549,FATHER_OF,"BROTHER_OF(Jacob,Nephi) ∧ FATHER_OF(An Ephraimite,Nephi)"
19871,306863,FATHER_OF,"BROTHER_OF(And,Jared) ∧ FATHER_OF(Zacharias,Jared)"
397883,306863,FATHER_OF,"BROTHER_OF(And,Jared) ∧ FATHER_OF(Mathew Woodruff,Jared)"
494839,306863,FATHER_OF,"BROTHER_OF(And,Jared) ∧ FATHER_OF(Accos,Jared)"
35041,306863,FATHER_OF,"BROTHER_OF(And,Jared) ∧ FATHER_OF(Mattathias,Jared)"
19872,306863,FATHER_OF,"BROTHER_OF(And,Jared) ∧ FATHER_OF(Zechariah,Jared)"
204448,306863,FATHER_OF,"BROTHER_OF(And,Jared) ∧ FATHER_OF(Alpheus,Jared)"
499765,306863,FATHER_OF,"BROTHER_OF(And,Jared) ∧ FATHER_OF(Zehedee,Jared)"
621613,306863,FATHER_OF,"BROTHER_OF(And,Jared) ∧ FATHER_OF(Zebedee Salome,Jared)"
42109,306863,FATHER_OF,"BROTHER_OF(And,Jared) ∧ FATHER_OF(Joiada,Jared)"
19566,306863,FATHER_OF,"BROTHER_OF(And,Jared) ∧ FATHER_OF(Shaul,Jared)"
19494,306863,FATHER_OF,"BROTHER_OF(And,Jared) ∧ FATHER_OF(Paul,Jared)"
36417,306863,FATHER_OF,"BROTHER_OF(And,Jared) ∧ FATHER_OF(Shemaiah,Jared)"
36161,306863,FATHER_OF,"BROTHER_OF(And,Jared) ∧ FATHER_OF(Shage,Jared)"
36610,306863,FATHER_OF,"BROTHER_OF(And,Jared) ∧ FATHER_OF(Shimea,Jared)"
35320,306863,FATHER_OF,"BROTHER_OF(And,Jared) ∧ FATHER_OF(Abiathar,Jared)"
36418,306863,FATHER_OF,"BROTHER_OF(And,Jared) ∧ FATHER_OF(Uzziel,Jared)"
36162,306863,FATHER_OF,"BROTHER_OF(And,Jared) ∧ FATHER_OF(Shammah,Jared)"
419644,306863,FATHER_OF,"BROTHER_OF(And,Jared) ∧ FATHER_OF(Shagee,Jared)"
36830,306863,FATHER_OF,"BROTHER_OF(And,Jared) ∧ FATHER_OF(Absalom,Jared)"
36627,306863,FATHER_OF,"BROTHER_OF(And,Jared) ∧ FATHER_OF(Shimei,Jared)"
30664,306863,FATHER_OF,"BROTHER_OF(And,Jared) ∧ FATHER_OF(Joseph Smith Sr.,Jared)"
213770,306863,FATHER_OF,"BROTHER_OF(And,Jared) ∧ FATHER_OF(Alexander Hale Smith,Jared)"
520857,306863,FATHER_OF,"BROTHER_OF(And,Jared) ∧ FATHER_OF(Patriarch Hyrum Smith,Jared)"
19092,306863,FATHER_OF,"BROTHER_OF(And,Jared) ∧ FATHER_OF(John,Jared)"
19097,306863,FATHER_OF,"BROTHER_OF(And,Jared) ∧ FATHER_OF(Joseph,Jared)"
106978,306863,FATHER_OF,"BROTHER_OF(And,Jared) ∧ FATHER_OF(Asael Smith,Jared)"
19536,19108,FATHER_OF,"BROTHER_OF(Judas,James) ∧ FATHER_OF(Rachel,James)"
35060,19108,FATHER_OF,"BROTHER_OF(Judas,James) ∧ FATHER_OF(Jonan,James)"
35037,19108,FATHER_OF,"BROTHER_OF(Judas,James) ∧ FATHER_OF(Heli,James)"
3416,19108,FATHER_OF,"BROTHER_OF(Judas,James) ∧ FATHER_OF(Amos,James)"
19109,19108,FATHER_OF,"BROTHER_OF(Judas,James) ∧ FATHER_OF(Jude,James)"
18670,19108,FATHER_OF,"BROTHER_OF(Judas,James) ∧ FATHER_OF(Eli,James)"
409594,19108,FATHER_OF,"BROTHER_OF(Judas,James) ∧ FATHER_OF(Jonam,James)"
15527,19108,FATHER_OF,"BROTHER_OF(Judas,James) ∧ FATHER_OF(Potiphera,James)"
30497,19108,FATHER_OF,"BROTHER_OF(Judas,James) ∧ FATHER_OF(Hyrum,James)"
5852,19108,FATHER_OF,"BROTHER_OF(Judas,James) ∧ FATHER_OF(Cuando,James)"
19583,19108,FATHER_OF,"BROTHER_OF(Judas,James) ∧ FATHER_OF(Hyrum Smith,James)"
391257,19108,FATHER_OF,"BROTHER_OF(Judas,James) ∧ FATHER_OF(Patriarch,James)"
30358,19108,FATHER_OF,"BROTHER_OF(Judas,James) ∧ FATHER_OF(Mahalaleel,James)"
8513,19108,FATHER_OF,"BROTHER_OF(Judas,James) ∧ FATHER_OF(Omer,James)"
609199,19108,FATHER_OF,"BROTHER_OF(Judas,James) ∧ FATHER_OF(Mahaleel,James)"
19871,18680,FATHER_OF,"BROTHER_OF(Enoch,Jared) ∧ FATHER_OF(Zacharias,Jared)"
397883,18680,FATHER_OF,"BROTHER_OF(Enoch,Jared) ∧ FATHER_OF(Mathew Woodruff,Jared)"
494839,18680,FATHER_OF,"BROTHER_OF(Enoch,Jared) ∧ FATHER_OF(Accos,Jared)"
35041,18680,FATHER_OF,"BROTHER_OF(Enoch,Jared) ∧ FATHER_OF(Mattathias,Jared)"
19872,18680,FATHER_OF,"BROTHER_OF(Enoch,Jared) ∧ FATHER_OF(Zechariah,Jared)"
204448,18680,FATHER_OF,"BROTHER_OF(Enoch,Jared) ∧ FATHER_OF(Alpheus,Jared)"
499765,18680,FATHER_OF,"BROTHER_OF(Enoch,Jared) ∧ FATHER_OF(Zehedee,Jared)"
621613,18680,FATHER_OF,"BROTHER_OF(Enoch,Jared) ∧ FATHER_OF(Zebedee Salome,Jared)"
42109,18680,FATHER_OF,"BROTHER_OF(Enoch,Jared) ∧ FATHER_OF(Joiada,Jared)"
19566,18680,FATHER_OF,"BROTHER_OF(Enoch,Jared) ∧ FATHER_OF(Shaul,Jared)"
19494,18680,FATHER_OF,"BROTHER_OF(Enoch,Jared) ∧ FATHER_OF(Paul,Jared)"
36417,18680,FATHER_OF,"BROTHER_OF(Enoch,Jared) ∧ FATHER_OF(Shemaiah,Jared)"
36161,18680,FATHER_OF,"BROTHER_OF(Enoch,Jared) ∧ FATHER_OF(Shage,Jared)"
36610,18680,FATHER_OF,"BROTHER_OF(Enoch,Jared) ∧ FATHER_OF(Shimea,Jared)"
35320,18680,FATHER_OF,"BROTHER_OF(Enoch,Jared) ∧ FATHER_OF(Abiathar,Jared)"
36418,18680,FATHER_OF,"BROTHER_OF(Enoch,Jared) ∧ FATHER_OF(Uzziel,Jared)"
36162,18680,FATHER_OF,"BROTHER_OF(Enoch,Jared) ∧ FATHER_OF(Shammah,Jared)"
419644,18680,FATHER_OF,"BROTHER_OF(Enoch,Jared) ∧ FATHER_OF(Shagee,Jared)"
36830,18680,FATHER_OF,"BROTHER_OF(Enoch,Jared) ∧ FATHER_OF(Absalom,Jared)"
36627,18680,FATHER_OF,"BROTHER_OF(Enoch,Jared) ∧ FATHER_OF(Shimei,Jared)"
30664,18680,FATHER_OF,"BROTHER_OF(Enoch,Jared) ∧ FATHER_OF(Joseph Smith Sr.,Jared)"
213770,18680,FATHER_OF,"BROTHER_OF(Enoch,Jared) ∧ FATHER_OF(Alexander Hale Smith,Jared)"
520857,18680,FATHER_OF,"BROTHER_OF(Enoch,Jared) ∧ FATHER_OF(Patriarch Hyrum Smith,Jared)"
19092,18680,FATHER_OF,"BROTHER_OF(Enoch,Jared) ∧ FATHER_OF(John,Jared)"
19097,18680,FATHER_OF,"BROTHER_OF(Enoch,Jared) ∧ FATHER_OF(Joseph,Jared)"
106978,18680,FATHER_OF,"BROTHER_OF(Enoch,Jared) ∧ FATHER_OF(Asael Smith,Jared)"
19536,19109,FATHER_OF,"BROTHER_OF(Jude,James) ∧ FATHER_OF(Rachel,James)"
35060,19109,FATHER_OF,"BROTHER_OF(Jude,James) ∧ FATHER_OF(Jonan,James)"
35037,19109,FATHER_OF,"BROTHER_OF(Jude,James) ∧ FATHER_OF(Heli,James)"
3416,19109,FATHER_OF,"BROTHER_OF(Jude,James) ∧ FATHER_OF(Amos,James)"
19109,19109,FATHER_OF,"BROTHER_OF(Jude,James) ∧ FATHER_OF(Jude,James)"
18670,19109,FATHER_OF,"BROTHER_OF(Jude,James) ∧ FATHER_OF(Eli,James)"
409594,19109,FATHER_OF,"BROTHER_OF(Jude,James) ∧ FATHER_OF(Jonam,James)"
15527,19109,FATHER_OF,"BROTHER_OF(Jude,James) ∧ FATHER_OF(Potiphera,James)"
30497,19109,FATHER_OF,"BROTHER_OF(Jude,James) ∧ FATHER_OF(Hyrum,James)"
5852,19109,FATHER_OF,"BROTHER_OF(Jude,James) ∧ FATHER_OF(Cuando,James)"
19583,19109,FATHER_OF,"BROTHER_OF(Jude,James) ∧ FATHER_OF(Hyrum Smith,James)"
391257,19109,FATHER_OF,"BROTHER_OF(Jude,James) ∧ FATHER_OF(Patriarch,James)"
30358,19109,FATHER_OF,"BROTHER_OF(Jude,James) ∧ FATHER_OF(Mahalaleel,James)"
8513,19109,FATHER_OF,"BROTHER_OF(Jude,James) ∧ FATHER_OF(Omer,James)"
609199,19109,FATHER_OF,"BROTHER_OF(Jude,James) ∧ FATHER_OF(Mahaleel,James)"
19871,3399,FATHER_OF,"BROTHER_OF(Ammon,Jared) ∧ FATHER_OF(Zacharias,Jared)"
397883,3399,FATHER_OF,"BROTHER_OF(Ammon,Jared) ∧ FATHER_OF(Mathew Woodruff,Jared)"
494839,3399,FATHER_OF,"BROTHER_OF(Ammon,Jared) ∧ FATHER_OF(Accos,Jared)"
35041,3399,FATHER_OF,"BROTHER_OF(Ammon,Jared) ∧ FATHER_OF(Mattathias,Jared)"
19872,3399,FATHER_OF,"BROTHER_OF(Ammon,Jared) ∧ FATHER_OF(Zechariah,Jared)"
204448,3399,FATHER_OF,"BROTHER_OF(Ammon,Jared) ∧ FATHER_OF(Alpheus,Jared)"
499765,3399,FATHER_OF,"BROTHER_OF(Ammon,Jared) ∧ FATHER_OF(Zehedee,Jared)"
621613,3399,FATHER_OF,"BROTHER_OF(Ammon,Jared) ∧ FATHER_OF(Zebedee Salome,Jared)"
42109,3399,FATHER_OF,"BROTHER_OF(Ammon,Jared) ∧ FATHER_OF(Joiada,Jared)"
19566,3399,FATHER_OF,"BROTHER_OF(Ammon,Jared) ∧ FATHER_OF(Shaul,Jared)"
19494,3399,FATHER_OF,"BROTHER_OF(Ammon,Jared) ∧ FATHER_OF(Paul,Jared)"
36417,3399,FATHER_OF,"BROTHER_OF(Ammon,Jared) ∧ FATHER_OF(Shemaiah,Jared)"
36161,3399,FATHER_OF,"BROTHER_OF(Ammon,Jared) ∧ FATHER_OF(Shage,Jared)"
36610,3399,FATHER_OF,"BROTHER_OF(Ammon,Jared) ∧ FATHER_OF(Shimea,Jared)"
35320,3399,FATHER_OF,"BROTHER_OF(Ammon,Jared) ∧ FATHER_OF(Abiathar,Jared)"
36418,3399,FATHER_OF,"BROTHER_OF(Ammon,Jared) ∧ FATHER_OF(Uzziel,Jared)"
36162,3399,FATHER_OF,"BROTHER_OF(Ammon,Jared) ∧ FATHER_OF(Shammah,Jared)"
419644,3399,FATHER_OF,"BROTHER_OF(Ammon,Jared) ∧ FATHER_OF(Shagee,Jared)"
36830,3399,FATHER_OF,"BROTHER_OF(Ammon,Jared) ∧ FATHER_OF(Absalom,Jared)"
36627,3399,FATHER_OF,"BROTHER_OF(Ammon,Jared) ∧ FATHER_OF(Shimei,Jared)"
30664,3399,FATHER_OF,"BROTHER_OF(Ammon,Jared) ∧ FATHER_OF(Joseph Smith Sr.,Jared)"
213770,3399,FATHER_OF,"BROTHER_OF(Ammon,Jared) ∧ FATHER_OF(Alexander Hale Smith,Jared)"
520857,3399,FATHER_OF,"BROTHER_OF(Ammon,Jared) ∧ FATHER_OF(Patriarch Hyrum Smith,Jared)"
19092,3399,FATHER_OF,"BROTHER_OF(Ammon,Jared) ∧ FATHER_OF(John,Jared)"
19097,3399,FATHER_OF,"BROTHER_OF(Ammon,Jared) ∧ FATHER_OF(Joseph,Jared)"
106978,3399,FATHER_OF,"BROTHER_OF(Ammon,Jared) ∧ FATHER_OF(Asael Smith,Jared)"
19871,294247,FATHER_OF,"BROTHER_OF(Mientras,Jared) ∧ FATHER_OF(Zacharias,Jared)"
397883,294247,FATHER_OF,"BROTHER_OF(Mientras,Jared) ∧ FATHER_OF(Mathew Woodruff,Jared)"
494839,294247,FATHER_OF,"BROTHER_OF(Mientras,Jared) ∧ FATHER_OF(Accos,Jared)"
35041,294247,FATHER_OF,"BROTHER_OF(Mientras,Jared) ∧ FATHER_OF(Mattathias,Jared)"
19872,294247,FATHER_OF,"BROTHER_OF(Mientras,Jared) ∧ FATHER_OF(Zechariah,Jared)"
204448,294247,FATHER_OF,"BROTHER_OF(Mientras,Jared) ∧ FATHER_OF(Alpheus,Jared)"
499765,294247,FATHER_OF,"BROTHER_OF(Mientras,Jared) ∧ FATHER_OF(Zehedee,Jared)"
621613,294247,FATHER_OF,"BROTHER_OF(Mientras,Jared) ∧ FATHER_OF(Zebedee Salome,Jared)"
42109,294247,FATHER_OF,"BROTHER_OF(Mientras,Jared) ∧ FATHER_OF(Joiada,Jared)"
19566,294247,FATHER_OF,"BROTHER_OF(Mientras,Jared) ∧ FATHER_OF(Shaul,Jared)"
19494,294247,FATHER_OF,"BROTHER_OF(Mientras,Jared) ∧ FATHER_OF(Paul,Jared)"
36417,294247,FATHER_OF,"BROTHER_OF(Mientras,Jared) ∧ FATHER_OF(Shemaiah,Jared)"
36161,294247,FATHER_OF,"BROTHER_OF(Mientras,Jared) ∧ FATHER_OF(Shage,Jared)"
36610,294247,FATHER_OF,"BROTHER_OF(Mientras,Jared) ∧ FATHER_OF(Shimea,Jared)"
35320,294247,FATHER_OF,"BROTHER_OF(Mientras,Jared) ∧ FATHER_OF(Abiathar,Jared)"
36418,294247,FATHER_OF,"BROTHER_OF(Mientras,Jared) ∧ FATHER_OF(Uzziel,Jared)"
36162,294247,FATHER_OF,"BROTHER_OF(Mientras,Jared) ∧ FATHER_OF(Shammah,Jared)"
419644,294247,FATHER_OF,"BROTHER_OF(Mientras,Jared) ∧ FATHER_OF(Shagee,Jared)"
36830,294247,FATHER_OF,"BROTHER_OF(Mientras,Jared) ∧ FATHER_OF(Absalom,Jared)"
36627,294247,FATHER_OF,"BROTHER_OF(Mientras,Jared) ∧ FATHER_OF(Shimei,Jared)"
30664,294247,FATHER_OF,"BROTHER_OF(Mientras,Jared) ∧ FATHER_OF(Joseph Smith Sr.,Jared)"
213770,294247,FATHER_OF,"BROTHER_OF(Mientras,Jared) ∧ FATHER_OF(Alexander Hale Smith,Jared)"
520857,294247,FATHER_OF,"BROTHER_OF(Mientras,Jared) ∧ FATHER_OF(Patriarch Hyrum Smith,Jared)"
19092,294247,FATHER_OF,"BROTHER_OF(Mientras,Jared) ∧ FATHER_OF(John,Jared)"
19097,294247,FATHER_OF,"BROTHER_OF(Mientras,Jared) ∧ FATHER_OF(Joseph,Jared)"
106978,294247,FATHER_OF,"BROTHER_OF(Mientras,Jared) ∧ FATHER_OF(Asael Smith,Jared)"
19871,5655,FATHER_OF,"BROTHER_OF(Luego,Jared) ∧ FATHER_OF(Zacharias,Jared)"
397883,5655,FATHER_OF,"BROTHER_OF(Luego,Jared) ∧ FATHER_OF(Mathew Woodruff,Jared)"
494839,5655,FATHER_OF,"BROTHER_OF(Luego,Jared) ∧ FATHER_OF(Accos,Jared)"
35041,5655,FATHER_OF,"BROTHER_OF(Luego,Jared) ∧ FATHER_OF(Mattathias,Jared)"
19872,5655,FATHER_OF,"BROTHER_OF(Luego,Jared) ∧ FATHER_OF(Zechariah,Jared)"
204448,5655,FATHER_OF,"BROTHER_OF(Luego,Jared) ∧ FATHER_OF(Alpheus,Jared)"
499765,5655,FATHER_OF,"BROTHER_OF(Luego,Jared) ∧ FATHER_OF(Zehedee,Jared)"
621613,5655,FATHER_OF,"BROTHER_OF(Luego,Jared) ∧ FATHER_OF(Zebedee Salome,Jared)"
42109,5655,FATHER_OF,"BROTHER_OF(Luego,Jared) ∧ FATHER_OF(Joiada,Jared)"
19566,5655,FATHER_OF,"BROTHER_OF(Luego,Jared) ∧ FATHER_OF(Shaul,Jared)"
19494,5655,FATHER_OF,"BROTHER_OF(Luego,Jared) ∧ FATHER_OF(Paul,Jared)"
36417,5655,FATHER_OF,"BROTHER_OF(Luego,Jared) ∧ FATHER_OF(Shemaiah,Jared)"
36161,5655,FATHER_OF,"BROTHER_OF(Luego,Jared) ∧ FATHER_OF(Shage,Jared)"
36610,5655,FATHER_OF,"BROTHER_OF(Luego,Jared) ∧ FATHER_OF(Shimea,Jared)"
35320,5655,FATHER_OF,"BROTHER_OF(Luego,Jared) ∧ FATHER_OF(Abiathar,Jared)"
36418,5655,FATHER_OF,"BROTHER_OF(Luego,Jared) ∧ FATHER_OF(Uzziel,Jared)"
36162,5655,FATHER_OF,"BROTHER_OF(Luego,Jared) ∧ FATHER_OF(Shammah,Jared)"
419644,5655,FATHER_OF,"BROTHER_OF(Luego,Jared) ∧ FATHER_OF(Shagee,Jared)"
36830,5655,FATHER_OF,"BROTHER_OF(Luego,Jared) ∧ FATHER_OF(Absalom,Jared)"
36627,5655,FATHER_OF,"BROTHER_OF(Luego,Jared) ∧ FATHER_OF(Shimei,Jared)"
30664,5655,FATHER_OF,"BROTHER_OF(Luego,Jared) ∧ FATHER_OF(Joseph Smith Sr.,Jared)"
213770,5655,FATHER_OF,"BROTHER_OF(Luego,Jared) ∧ FATHER_OF(Alexander Hale Smith,Jared)"
520857,5655,FATHER_OF,"BROTHER_OF(Luego,Jared) ∧ FATHER_OF(Patriarch Hyrum Smith,Jared)"
19092,5655,FATHER_OF,"BROTHER_OF(Luego,Jared) ∧ FATHER_OF(John,Jared)"
19097,5655,FATHER_OF,"BROTHER_OF(Luego,Jared) ∧ FATHER_OF(Joseph,Jared)"
106978,5655,FATHER_OF,"BROTHER_OF(Luego,Jared) ∧ FATHER_OF(Asael Smith,Jared)"
19871,381023,FATHER_OF,"BROTHER_OF(When,Jared) ∧ FATHER_OF(Zacharias,Jared)"
397883,381023,FATHER_OF,"BROTHER_OF(When,Jared) ∧ FATHER_OF(Mathew Woodruff,Jared)"
494839,381023,FATHER_OF,"BROTHER_OF(When,Jared) ∧ FATHER_OF(Accos,Jared)"
35041,381023,FATHER_OF,"BROTHER_OF(When,Jared) ∧ FATHER_OF(Mattathias,Jared)"
19872,381023,FATHER_OF,"BROTHER_OF(When,Jared) ∧ FATHER_OF(Zechariah,Jared)"
204448,381023,FATHER_OF,"BROTHER_OF(When,Jared) ∧ FATHER_OF(Alpheus,Jared)"
499765,381023,FATHER_OF,"BROTHER_OF(When,Jared) ∧ FATHER_OF(Zehedee,Jared)"
621613,381023,FATHER_OF,"BROTHER_OF(When,Jared) ∧ FATHER_OF(Zebedee Salome,Jared)"
42109,381023,FATHER_OF,"BROTHER_OF(When,Jared) ∧ FATHER_OF(Joiada,Jared)"
19566,381023,FATHER_OF,"BROTHER_OF(When,Jared) ∧ FATHER_OF(Shaul,Jared)"
19494,381023,FATHER_OF,"BROTHER_OF(When,Jared) ∧ FATHER_OF(Paul,Jared)"
36417,381023,FATHER_OF,"BROTHER_OF(When,Jared) ∧ FATHER_OF(Shemaiah,Jared)"
36161,381023,FATHER_OF,"BROTHER_OF(When,Jared) ∧ FATHER_OF(Shage,Jared)"
36610,381023,FATHER_OF,"BROTHER_OF(When,Jared) ∧ FATHER_OF(Shimea,Jared)"
35320,381023,FATHER_OF,"BROTHER_OF(When,Jared) ∧ FATHER_OF(Abiathar,Jared)"
36418,381023,FATHER_OF,"BROTHER_OF(When,Jared) ∧ FATHER_OF(Uzziel,Jared)"
36162,381023,FATHER_OF,"BROTHER_OF(When,Jared) ∧ FATHER_OF(Shammah,Jared)"
419644,381023,FATHER_OF,"BROTHER_OF(When,Jared) ∧ FATHER_OF(Shagee,Jared)"
36830,381023,FATHER_OF,"BROTHER_OF(When,Jared) ∧ FATHER_OF(Absalom,Jared)"
36627,381023,FATHER_OF,"BROTHER_OF(When,Jared) ∧ FATHER_OF(Shimei,Jared)"
30664,381023,FATHER_OF,"BROTHER_OF(When,Jared) ∧ FATHER_OF(Joseph Smith Sr.,Jared)"
213770,381023,FATHER_OF,"BROTHER_OF(When,Jared) ∧ FATHER_OF(Alexander Hale Smith,Jared)"
520857,381023,FATHER_OF,"BROTHER_OF(When,Jared) ∧ FATHER_OF(Patriarch Hyrum Smith,Jared)"
19092,381023,FATHER_OF,"BROTHER_OF(When,Jared) ∧ FATHER_OF(John,Jared)"
19097,381023,FATHER_OF,"BROTHER_OF(When,Jared) ∧ FATHER_OF(Joseph,Jared)"
106978,381023,FATHER_OF,"BROTHER_OF(When,Jared) ∧ FATHER_OF(Asael Smith,Jared)"
19871,633893,FATHER_OF,"BROTHER_OF(Shelem,Jared) ∧ FATHER_OF(Zacharias,Jared)"
397883,633893,FATHER_OF,"BROTHER_OF(Shelem,Jared) ∧ FATHER_OF(Mathew Woodruff,Jared)"
494839,633893,FATHER_OF,"BROTHER_OF(Shelem,Jared) ∧ FATHER_OF(Accos,Jared)"
35041,633893,FATHER_OF,"BROTHER_OF(Shelem,Jared) ∧ FATHER_OF(Mattathias,Jared)"
19872,633893,FATHER_OF,"BROTHER_OF(Shelem,Jared) ∧ FATHER_OF(Zechariah,Jared)"
204448,633893,FATHER_OF,"BROTHER_OF(Shelem,Jared) ∧ FATHER_OF(Alpheus,Jared)"
499765,633893,FATHER_OF,"BROTHER_OF(Shelem,Jared) ∧ FATHER_OF(Zehedee,Jared)"
621613,633893,FATHER_OF,"BROTHER_OF(Shelem,Jared) ∧ FATHER_OF(Zebedee Salome,Jared)"
42109,633893,FATHER_OF,"BROTHER_OF(Shelem,Jared) ∧ FATHER_OF(Joiada,Jared)"
19566,633893,FATHER_OF,"BROTHER_OF(Shelem,Jared) ∧ FATHER_OF(Shaul,Jared)"
19494,633893,FATHER_OF,"BROTHER_OF(Shelem,Jared) ∧ FATHER_OF(Paul,Jared)"
36417,633893,FATHER_OF,"BROTHER_OF(Shelem,Jared) ∧ FATHER_OF(Shemaiah,Jared)"
36161,633893,FATHER_OF,"BROTHER_OF(Shelem,Jared) ∧ FATHER_OF(Shage,Jared)"
36610,633893,FATHER_OF,"BROTHER_OF(Shelem,Jared) ∧ FATHER_OF(Shimea,Jared)"
35320,633893,FATHER_OF,"BROTHER_OF(Shelem,Jared) ∧ FATHER_OF(Abiathar,Jared)"
36418,633893,FATHER_OF,"BROTHER_OF(Shelem,Jared) ∧ FATHER_OF(Uzziel,Jared)"
36162,633893,FATHER_OF,"BROTHER_OF(Shelem,Jared) ∧ FATHER_OF(Shammah,Jared)"
419644,633893,FATHER_OF,"BROTHER_OF(Shelem,Jared) ∧ FATHER_OF(Shagee,Jared)"
36830,633893,FATHER_OF,"BROTHER_OF(Shelem,Jared) ∧ FATHER_OF(Absalom,Jared)"
36627,633893,FATHER_OF,"BROTHER_OF(Shelem,Jared) ∧ FATHER_OF(Shimei,Jared)"
30664,633893,FATHER_OF,"BROTHER_OF(Shelem,Jared) ∧ FATHER_OF(Joseph Smith Sr.,Jared)"
213770,633893,FATHER_OF,"BROTHER_OF(Shelem,Jared) ∧ FATHER_OF(Alexander Hale Smith,Jared)"
520857,633893,FATHER_OF,"BROTHER_OF(Shelem,Jared) ∧ FATHER_OF(Patriarch Hyrum Smith,Jared)"
19092,633893,FATHER_OF,"BROTHER_OF(Shelem,Jared) ∧ FATHER_OF(John,Jared)"
19097,633893,FATHER_OF,"BROTHER_OF(Shelem,Jared) ∧ FATHER_OF(Joseph,Jared)"
106978,633893,FATHER_OF,"BROTHER_OF(Shelem,Jared) ∧ FATHER_OF(Asael Smith,Jared)"
19871,5852,FATHER_OF,"BROTHER_OF(Cuando,Jared) ∧ FATHER_OF(Zacharias,Jared)"
397883,5852,FATHER_OF,"BROTHER_OF(Cuando,Jared) ∧ FATHER_OF(Mathew Woodruff,Jared)"
494839,5852,FATHER_OF,"BROTHER_OF(Cuando,Jared) ∧ FATHER_OF(Accos,Jared)"
35041,5852,FATHER_OF,"BROTHER_OF(Cuando,Jared) ∧ FATHER_OF(Mattathias,Jared)"
19872,5852,FATHER_OF,"BROTHER_OF(Cuando,Jared) ∧ FATHER_OF(Zechariah,Jared)"
204448,5852,FATHER_OF,"BROTHER_OF(Cuando,Jared) ∧ FATHER_OF(Alpheus,Jared)"
499765,5852,FATHER_OF,"BROTHER_OF(Cuando,Jared) ∧ FATHER_OF(Zehedee,Jared)"
621613,5852,FATHER_OF,"BROTHER_OF(Cuando,Jared) ∧ FATHER_OF(Zebedee Salome,Jared)"
42109,5852,FATHER_OF,"BROTHER_OF(Cuando,Jared) ∧ FATHER_OF(Joiada,Jared)"
19566,5852,FATHER_OF,"BROTHER_OF(Cuando,Jared) ∧ FATHER_OF(Shaul,Jared)"
19494,5852,FATHER_OF,"BROTHER_OF(Cuando,Jared) ∧ FATHER_OF(Paul,Jared)"
36417,5852,FATHER_OF,"BROTHER_OF(Cuando,Jared) ∧ FATHER_OF(Shemaiah,Jared)"
36161,5852,FATHER_OF,"BROTHER_OF(Cuando,Jared) ∧ FATHER_OF(Shage,Jared)"
36610,5852,FATHER_OF,"BROTHER_OF(Cuando,Jared) ∧ FATHER_OF(Shimea,Jared)"
35320,5852,FATHER_OF,"BROTHER_OF(Cuando,Jared) ∧ FATHER_OF(Abiathar,Jared)"
36418,5852,FATHER_OF,"BROTHER_OF(Cuando,Jared) ∧ FATHER_OF(Uzziel,Jared)"
36162,5852,FATHER_OF,"BROTHER_OF(Cuando,Jared) ∧ FATHER_OF(Shammah,Jared)"
419644,5852,FATHER_OF,"BROTHER_OF(Cuando,Jared) ∧ FATHER_OF(Shagee,Jared)"
36830,5852,FATHER_OF,"BROTHER_OF(Cuando,Jared) ∧ FATHER_OF(Absalom,Jared)"
36627,5852,FATHER_OF,"BROTHER_OF(Cuando,Jared) ∧ FATHER_OF(Shimei,Jared)"
30664,5852,FATHER_OF,"BROTHER_OF(Cuando,Jared) ∧ FATHER_OF(Joseph Smith Sr.,Jared)"
213770,5852,FATHER_OF,"BROTHER_OF(Cuando,Jared) ∧ FATHER_OF(Alexander Hale Smith,Jared)"
520857,5852,FATHER_OF,"BROTHER_OF(Cuando,Jared) ∧ FATHER_OF(Patriarch Hyrum Smith,Jared)"
19092,5852,FATHER_OF,"BROTHER_OF(Cuando,Jared) ∧ FATHER_OF(John,Jared)"
19097,5852,FATHER_OF,"BROTHER_OF(Cuando,Jared) ∧ FATHER_OF(Joseph,Jared)"
106978,5852,FATHER_OF,"BROTHER_OF(Cuando,Jared) ∧ FATHER_OF(Asael Smith,Jared)"
19871,83519,FATHER_OF,"BROTHER_OF(Arnold Friberg,Jared) ∧ FATHER_OF(Zacharias,Jared)"
397883,83519,FATHER_OF,"BROTHER_OF(Arnold Friberg,Jared) ∧ FATHER_OF(Mathew Woodruff,Jared)"
494839,83519,FATHER_OF,"BROTHER_OF(Arnold Friberg,Jared) ∧ FATHER_OF(Accos,Jared)"
35041,83519,FATHER_OF,"BROTHER_OF(Arnold Friberg,Jared) ∧ FATHER_OF(Mattathias,Jared)"
19872,83519,FATHER_OF,"BROTHER_OF(Arnold Friberg,Jared) ∧ FATHER_OF(Zechariah,Jared)"
204448,83519,FATHER_OF,"BROTHER_OF(Arnold Friberg,Jared) ∧ FATHER_OF(Alpheus,Jared)"
499765,83519,FATHER_OF,"BROTHER_OF(Arnold Friberg,Jared) ∧ FATHER_OF(Zehedee,Jared)"
621613,83519,FATHER_OF,"BROTHER_OF(Arnold Friberg,Jared) ∧ FATHER_OF(Zebedee Salome,Jared)"
42109,83519,FATHER_OF,"BROTHER_OF(Arnold Friberg,Jared) ∧ FATHER_OF(Joiada,Jared)"
19566,83519,FATHER_OF,"BROTHER_OF(Arnold Friberg,Jared) ∧ FATHER_OF(Shaul,Jared)"
19494,83519,FATHER_OF,"BROTHER_OF(Arnold Friberg,Jared) ∧ FATHER_OF(Paul,Jared)"
36417,83519,FATHER_OF,"BROTHER_OF(Arnold Friberg,Jared) ∧ FATHER_OF(Shemaiah,Jared)"
36161,83519,FATHER_OF,"BROTHER_OF(Arnold Friberg,Jared) ∧ FATHER_OF(Shage,Jared)"
36610,83519,FATHER_OF,"BROTHER_OF(Arnold Friberg,Jared) ∧ FATHER_OF(Shimea,Jared)"
35320,83519,FATHER_OF,"BROTHER_OF(Arnold Friberg,Jared) ∧ FATHER_OF(Abiathar,Jared)"
36418,83519,FATHER_OF,"BROTHER_OF(Arnold Friberg,Jared) ∧ FATHER_OF(Uzziel,Jared)"
36162,83519,FATHER_OF,"BROTHER_OF(Arnold Friberg,Jared) ∧ FATHER_OF(Shammah,Jared)"
419644,83519,FATHER_OF,"BROTHER_OF(Arnold Friberg,Jared) ∧ FATHER_OF(Shagee,Jared)"
36830,83519,FATHER_OF,"BROTHER_OF(Arnold Friberg,Jared) ∧ FATHER_OF(Absalom,Jared)"
36627,83519,FATHER_OF,"BROTHER_OF(Arnold Friberg,Jared) ∧ FATHER_OF(Shimei,Jared)"
30664,83519,FATHER_OF,"BROTHER_OF(Arnold Friberg,Jared) ∧ FATHER_OF(Joseph Smith Sr.,Jared)"
213770,83519,FATHER_OF,"BROTHER_OF(Arnold Friberg,Jared) ∧ FATHER_OF(Alexander Hale Smith,Jared)"
520857,83519,FATHER_OF,"BROTHER_OF(Arnold Friberg,Jared) ∧ FATHER_OF(Patriarch Hyrum Smith,Jared)"
19092,83519,FATHER_OF,"BROTHER_OF(Arnold Friberg,Jared) ∧ FATHER_OF(John,Jared)"
19097,83519,FATHER_OF,"BROTHER_OF(Arnold Friberg,Jared) ∧ FATHER_OF(Joseph,Jared)"
106978,83519,FATHER_OF,"BROTHER_OF(Arnold Friberg,Jared) ∧ FATHER_OF(Asael Smith,Jared)"
19072,67829,FATHER_OF,"BROTHER_OF(Samuel Harrison Smith,José) ∧ FATHER_OF(Lehi,José)"
19536,67829,FATHER_OF,"BROTHER_OF(Samuel Harrison Smith,José) ∧ FATHER_OF(Rachel,José)"
35060,67829,FATHER_OF,"BROTHER_OF(Samuel Harrison Smith,José) ∧ FATHER_OF(Jonan,José)"
35037,67829,FATHER_OF,"BROTHER_OF(Samuel Harrison Smith,José) ∧ FATHER_OF(Heli,José)"
3416,67829,FATHER_OF,"BROTHER_OF(Samuel Harrison Smith,José) ∧ FATHER_OF(Amos,José)"
19109,67829,FATHER_OF,"BROTHER_OF(Samuel Harrison Smith,José) ∧ FATHER_OF(Jude,José)"
3553,67829,FATHER_OF,"BROTHER_OF(Samuel Harrison Smith,José) ∧ FATHER_OF(Jacob (patriarch),José)"
19870,67829,FATHER_OF,"BROTHER_OF(Samuel Harrison Smith,José) ∧ FATHER_OF(Brigham Young,José)"
18670,67829,FATHER_OF,"BROTHER_OF(Samuel Harrison Smith,José) ∧ FATHER_OF(Eli,José)"
409594,67829,FATHER_OF,"BROTHER_OF(Samuel Harrison Smith,José) ∧ FATHER_OF(Jonam,José)"
15527,67829,FATHER_OF,"BROTHER_OF(Samuel Harrison Smith,José) ∧ FATHER_OF(Potiphera,José)"
5852,67829,FATHER_OF,"BROTHER_OF(Samuel Harrison Smith,José) ∧ FATHER_OF(Cuando,José)"
19583,67829,FATHER_OF,"BROTHER_OF(Samuel Harrison Smith,José) ∧ FATHER_OF(Hyrum Smith,José)"
391257,67829,FATHER_OF,"BROTHER_OF(Samuel Harrison Smith,José) ∧ FATHER_OF(Patriarch,José)"
36573,35071,FATHER_OF,"BROTHER_OF(Terah,Abraham) ∧ FATHER_OF(Haran,Abraham)"
12743,35071,FATHER_OF,"BROTHER_OF(Terah,Abraham) ∧ FATHER_OF(Harán,Abraham)"
36573,36573,FATHER_OF,"BROTHER_OF(Haran,Abraham) ∧ FATHER_OF(Haran,Abraham)"
12743,36573,FATHER_OF,"BROTHER_OF(Haran,Abraham) ∧ FATHER_OF(Harán,Abraham)"
19871,29699,FATHER_OF,"BROTHER_OF(Hiram,Joseph) ∧ FATHER_OF(Zacharias,Joseph)"
397883,29699,FATHER_OF,"BROTHER_OF(Hiram,Joseph) ∧ FATHER_OF(Mathew Woodruff,Joseph)"
494839,29699,FATHER_OF,"BROTHER_OF(Hiram,Joseph) ∧ FATHER_OF(Accos,Joseph)"
35041,29699,FATHER_OF,"BROTHER_OF(Hiram,Joseph) ∧ FATHER_OF(Mattathias,Joseph)"
19872,29699,FATHER_OF,"BROTHER_OF(Hiram,Joseph) ∧ FATHER_OF(Zechariah,Joseph)"
204448,29699,FATHER_OF,"BROTHER_OF(Hiram,Joseph) ∧ FATHER_OF(Alpheus,Joseph)"
499765,29699,FATHER_OF,"BROTHER_OF(Hiram,Joseph) ∧ FATHER_OF(Zehedee,Joseph)"
621613,29699,FATHER_OF,"BROTHER_OF(Hiram,Joseph) ∧ FATHER_OF(Zebedee Salome,Joseph)"
42109,29699,FATHER_OF,"BROTHER_OF(Hiram,Joseph) ∧ FATHER_OF(Joiada,Joseph)"
19566,29699,FATHER_OF,"BROTHER_OF(Hiram,Joseph) ∧ FATHER_OF(Shaul,Joseph)"
19494,29699,FATHER_OF,"BROTHER_OF(Hiram,Joseph) ∧ FATHER_OF(Paul,Joseph)"
36417,29699,FATHER_OF,"BROTHER_OF(Hiram,Joseph) ∧ FATHER_OF(Shemaiah,Joseph)"
36161,29699,FATHER_OF,"BROTHER_OF(Hiram,Joseph) ∧ FATHER_OF(Shage,Joseph)"
36610,29699,FATHER_OF,"BROTHER_OF(Hiram,Joseph) ∧ FATHER_OF(Shimea,Joseph)"
35320,29699,FATHER_OF,"BROTHER_OF(Hiram,Joseph) ∧ FATHER_OF(Abiathar,Joseph)"
36418,29699,FATHER_OF,"BROTHER_OF(Hiram,Joseph) ∧ FATHER_OF(Uzziel,Joseph)"
36162,29699,FATHER_OF,"BROTHER_OF(Hiram,Joseph) ∧ FATHER_OF(Shammah,Joseph)"
419644,29699,FATHER_OF,"BROTHER_OF(Hiram,Joseph) ∧ FATHER_OF(Shagee,Joseph)"
36830,29699,FATHER_OF,"BROTHER_OF(Hiram,Joseph) ∧ FATHER_OF(Absalom,Joseph)"
36627,29699,FATHER_OF,"BROTHER_OF(Hiram,Joseph) ∧ FATHER_OF(Shimei,Joseph)"
36535,29699,FATHER_OF,"BROTHER_OF(Hiram,Joseph) ∧ FATHER_OF(Shammai,Joseph)"
19095,29699,FATHER_OF,"BROTHER_OF(Hiram,Joseph) ∧ FATHER_OF(Jonathan,Joseph)"
33560,29699,FATHER_OF,"BROTHER_OF(Hiram,Joseph) ∧ FATHER_OF(Tyre,Joseph)"
19499,29699,FATHER_OF,"BROTHER_OF(Hiram,Joseph) ∧ FATHER_OF(Pharaoh,Joseph)"
19078,29699,FATHER_OF,"BROTHER_OF(Hiram,Joseph) ∧ FATHER_OF(Jared,Joseph)"
3579,29699,FATHER_OF,"BROTHER_OF(Hiram,Joseph) ∧ FATHER_OF(Cain,Joseph)"
24294,29699,FATHER_OF,"BROTHER_OF(Hiram,Joseph) ∧ FATHER_OF(Midian,Joseph)"
3251,29699,FATHER_OF,"BROTHER_OF(Hiram,Joseph) ∧ FATHER_OF(Mosiah,Joseph)"
19259,29699,FATHER_OF,"BROTHER_OF(Hiram,Joseph) ∧ FATHER_OF(Lot,Joseph)"
18661,29699,FATHER_OF,"BROTHER_OF(Hiram,Joseph) ∧ FATHER_OF(Daniel,Joseph)"
36179,29699,FATHER_OF,"BROTHER_OF(Hiram,Joseph) ∧ FATHER_OF(Hemdan,Joseph)"
387410,29699,FATHER_OF,"BROTHER_OF(Hiram,Joseph) ∧ FATHER_OF(Bathia,Joseph)"
19088,29699,FATHER_OF,"BROTHER_OF(Hiram,Joseph) ∧ FATHER_OF(Jethro,Joseph)"
459345,29699,FATHER_OF,"BROTHER_OF(Hiram,Joseph) ∧ FATHER_OF(Amaram,Joseph)"
28095,29699,FATHER_OF,"BROTHER_OF(Hiram,Joseph) ∧ FATHER_OF(Heth,Joseph)"
3332,29699,FATHER_OF,"BROTHER_OF(Hiram,Joseph) ∧ FATHER_OF(Mormon,Joseph)"
660398,29699,FATHER_OF,"BROTHER_OF(Hiram,Joseph) ∧ FATHER_OF(Prophet Mormon,Joseph)"
20145,29699,FATHER_OF,"BROTHER_OF(Hiram,Joseph) ∧ FATHER_OF(Righteousness,Joseph)"
30365,29699,FATHER_OF,"BROTHER_OF(Hiram,Joseph) ∧ FATHER_OF(Lamech,Joseph)"
19913,29699,FATHER_OF,"BROTHER_OF(Hiram,Joseph) ∧ FATHER_OF(Zeniff,Joseph)"
19871,29832,FATHER_OF,"BROTHER_OF(William Smith,Joseph) ∧ FATHER_OF(Zacharias,Joseph)"
397883,29832,FATHER_OF,"BROTHER_OF(William Smith,Joseph) ∧ FATHER_OF(Mathew Woodruff,Joseph)"
494839,29832,FATHER_OF,"BROTHER_OF(William Smith,Joseph) ∧ FATHER_OF(Accos,Joseph)"
35041,29832,FATHER_OF,"BROTHER_OF(William Smith,Joseph) ∧ FATHER_OF(Mattathias,Joseph)"
19872,29832,FATHER_OF,"BROTHER_OF(William Smith,Joseph) ∧ FATHER_OF(Zechariah,Joseph)"
204448,29832,FATHER_OF,"BROTHER_OF(William Smith,Joseph) ∧ FATHER_OF(Alpheus,Joseph)"
499765,29832,FATHER_OF,"BROTHER_OF(William Smith,Joseph) ∧ FATHER_OF(Zehedee,Joseph)"
621613,29832,FATHER_OF,"BROTHER_OF(William Smith,Joseph) ∧ FATHER_OF(Zebedee Salome,Joseph)"
42109,29832,FATHER_OF,"BROTHER_OF(William Smith,Joseph) ∧ FATHER_OF(Joiada,Joseph)"
19566,29832,FATHER_OF,"BROTHER_OF(William Smith,Joseph) ∧ FATHER_OF(Shaul,Joseph)"
19494,29832,FATHER_OF,"BROTHER_OF(William Smith,Joseph) ∧ FATHER_OF(Paul,Joseph)"
36417,29832,FATHER_OF,"BROTHER_OF(William Smith,Joseph) ∧ FATHER_OF(Shemaiah,Joseph)"
36161,29832,FATHER_OF,"BROTHER_OF(William Smith,Joseph) ∧ FATHER_OF(Shage,Joseph)"
36610,29832,FATHER_OF,"BROTHER_OF(William Smith,Joseph) ∧ FATHER_OF(Shimea,Joseph)"
35320,29832,FATHER_OF,"BROTHER_OF(William Smith,Joseph) ∧ FATHER_OF(Abiathar,Joseph)"
36418,29832,FATHER_OF,"BROTHER_OF(William Smith,Joseph) ∧ FATHER_OF(Uzziel,Joseph)"
36162,29832,FATHER_OF,"BROTHER_OF(William Smith,Joseph) ∧ FATHER_OF(Shammah,Joseph)"
419644,29832,FATHER_OF,"BROTHER_OF(William Smith,Joseph) ∧ FATHER_OF(Shagee,Joseph)"
36830,29832,FATHER_OF,"BROTHER_OF(William Smith,Joseph) ∧ FATHER_OF(Absalom,Joseph)"
36627,29832,FATHER_OF,"BROTHER_OF(William Smith,Joseph) ∧ FATHER_OF(Shimei,Joseph)"
36535,29832,FATHER_OF,"BROTHER_OF(William Smith,Joseph) ∧ FATHER_OF(Shammai,Joseph)"
19095,29832,FATHER_OF,"BROTHER_OF(William Smith,Joseph) ∧ FATHER_OF(Jonathan,Joseph)"
33560,29832,FATHER_OF,"BROTHER_OF(William Smith,Joseph) ∧ FATHER_OF(Tyre,Joseph)"
19499,29832,FATHER_OF,"BROTHER_OF(William Smith,Joseph) ∧ FATHER_OF(Pharaoh,Joseph)"
19078,29832,FATHER_OF,"BROTHER_OF(William Smith,Joseph) ∧ FATHER_OF(Jared,Joseph)"
3579,29832,FATHER_OF,"BROTHER_OF(William Smith,Joseph) ∧ FATHER_OF(Cain,Joseph)"
24294,29832,FATHER_OF,"BROTHER_OF(William Smith,Joseph) ∧ FATHER_OF(Midian,Joseph)"
3251,29832,FATHER_OF,"BROTHER_OF(William Smith,Joseph) ∧ FATHER_OF(Mosiah,Joseph)"
19259,29832,FATHER_OF,"BROTHER_OF(William Smith,Joseph) ∧ FATHER_OF(Lot,Joseph)"
18661,29832,FATHER_OF,"BROTHER_OF(William Smith,Joseph) ∧ FATHER_OF(Daniel,Joseph)"
36179,29832,FATHER_OF,"BROTHER_OF(William Smith,Joseph) ∧ FATHER_OF(Hemdan,Joseph)"
387410,29832,FATHER_OF,"BROTHER_OF(William Smith,Joseph) ∧ FATHER_OF(Bathia,Joseph)"
19088,29832,FATHER_OF,"BROTHER_OF(William Smith,Joseph) ∧ FATHER_OF(Jethro,Joseph)"
459345,29832,FATHER_OF,"BROTHER_OF(William Smith,Joseph) ∧ FATHER_OF(Amaram,Joseph)"
28095,29832,FATHER_OF,"BROTHER_OF(William Smith,Joseph) ∧ FATHER_OF(Heth,Joseph)"
3332,29832,FATHER_OF,"BROTHER_OF(William Smith,Joseph) ∧ FATHER_OF(Mormon,Joseph)"
660398,29832,FATHER_OF,"BROTHER_OF(William Smith,Joseph) ∧ FATHER_OF(Prophet Mormon,Joseph)"
20145,29832,FATHER_OF,"BROTHER_OF(William Smith,Joseph) ∧ FATHER_OF(Righteousness,Joseph)"
30365,29832,FATHER_OF,"BROTHER_OF(William Smith,Joseph) ∧ FATHER_OF(Lamech,Joseph)"
19913,29832,FATHER_OF,"BROTHER_OF(William Smith,Joseph) ∧ FATHER_OF(Zeniff,Joseph)"
18915,209474,FATHER_OF,"BROTHER_OF(Don Carlos Smith,Hyrum Smith) ∧ FATHER_OF(Isaac,Hyrum Smith)"
35453,209474,FATHER_OF,"BROTHER_OF(Don Carlos Smith,Hyrum Smith) ∧ FATHER_OF(Matthan,Hyrum Smith)"
12037,209474,FATHER_OF,"BROTHER_OF(Don Carlos Smith,Hyrum Smith) ∧ FATHER_OF(Matán,Hyrum Smith)"
19076,209474,FATHER_OF,"BROTHER_OF(Don Carlos Smith,Hyrum Smith) ∧ FATHER_OF(Zebedee,Hyrum Smith)"
19075,209474,FATHER_OF,"BROTHER_OF(Don Carlos Smith,Hyrum Smith) ∧ FATHER_OF(Alphaeus,Hyrum Smith)"
30358,209474,FATHER_OF,"BROTHER_OF(Don Carlos Smith,Hyrum Smith) ∧ FATHER_OF(Mahalaleel,Hyrum Smith)"
8513,209474,FATHER_OF,"BROTHER_OF(Don Carlos Smith,Hyrum Smith) ∧ FATHER_OF(Omer,Hyrum Smith)"
609199,209474,FATHER_OF,"BROTHER_OF(Don Carlos Smith,Hyrum Smith) ∧ FATHER_OF(Mahaleel,Hyrum Smith)"
36573,35072,FATHER_OF,"BROTHER_OF(Nahor,Abraham) ∧ FATHER_OF(Haran,Abraham)"
12743,35072,FATHER_OF,"BROTHER_OF(Nahor,Abraham) ∧ FATHER_OF(Harán,Abraham)"
30664,19092,FATHER_OF,"BROTHER_OF(John,Jacob) ∧ FATHER_OF(Joseph Smith Sr.,Jacob)"
213770,19092,FATHER_OF,"BROTHER_OF(John,Jacob) ∧ FATHER_OF(Alexander Hale Smith,Jacob)"
520857,19092,FATHER_OF,"BROTHER_OF(John,Jacob) ∧ FATHER_OF(Patriarch Hyrum Smith,Jacob)"
106978,19092,FATHER_OF,"BROTHER_OF(John,Jacob) ∧ FATHER_OF(Asael Smith,Jacob)"
36535,19092,FATHER_OF,"BROTHER_OF(John,Jacob) ∧ FATHER_OF(Shammai,Jacob)"
19095,19092,FATHER_OF,"BROTHER_OF(John,Jacob) ∧ FATHER_OF(Jonathan,Jacob)"
33560,19092,FATHER_OF,"BROTHER_OF(John,Jacob) ∧ FATHER_OF(Tyre,Jacob)"
19499,19092,FATHER_OF,"BROTHER_OF(John,Jacob) ∧ FATHER_OF(Pharaoh,Jacob)"
19078,19092,FATHER_OF,"BROTHER_OF(John,Jacob) ∧ FATHER_OF(Jared,Jacob)"
3579,19092,FATHER_OF,"BROTHER_OF(John,Jacob) ∧ FATHER_OF(Cain,Jacob)"
24294,19092,FATHER_OF,"BROTHER_OF(John,Jacob) ∧ FATHER_OF(Midian,Jacob)"
3251,19092,FATHER_OF,"BROTHER_OF(John,Jacob) ∧ FATHER_OF(Mosiah,Jacob)"
19259,19092,FATHER_OF,"BROTHER_OF(John,Jacob) ∧ FATHER_OF(Lot,Jacob)"
18661,19092,FATHER_OF,"BROTHER_OF(John,Jacob) ∧ FATHER_OF(Daniel,Jacob)"
36179,19092,FATHER_OF,"BROTHER_OF(John,Jacob) ∧ FATHER_OF(Hemdan,Jacob)"
387410,19092,FATHER_OF,"BROTHER_OF(John,Jacob) ∧ FATHER_OF(Bathia,Jacob)"
19088,19092,FATHER_OF,"BROTHER_OF(John,Jacob) ∧ FATHER_OF(Jethro,Jacob)"
459345,19092,FATHER_OF,"BROTHER_OF(John,Jacob) ∧ FATHER_OF(Amaram,Jacob)"
28095,19092,FATHER_OF,"BROTHER_OF(John,Jacob) ∧ FATHER_OF(Heth,Jacob)"
3332,19092,FATHER_OF,"BROTHER_OF(John,Jacob) ∧ FATHER_OF(Mormon,Jacob)"
660398,19092,FATHER_OF,"BROTHER_OF(John,Jacob) ∧ FATHER_OF(Prophet Mormon,Jacob)"
20145,19092,FATHER_OF,"BROTHER_OF(John,Jacob) ∧ FATHER_OF(Righteousness,Jacob)"
30365,19092,FATHER_OF,"BROTHER_OF(John,Jacob) ∧ FATHER_OF(Lamech,Jacob)"
19913,19092,FATHER_OF,"BROTHER_OF(John,Jacob) ∧ FATHER_OF(Zeniff,Jacob)"
36215,19106,FATHER_OF,"BROTHER_OF(Judah,Jesus) ∧ FATHER_OF(Aholibamah,Jesus)"
40102,19106,FATHER_OF,"BROTHER_OF(Judah,Jesus) ∧ FATHER_OF(Beeri,Jesus)"
37465,19106,FATHER_OF,"BROTHER_OF(Judah,Jesus) ∧ FATHER_OF(Elon,Jesus)"
18917,19106,FATHER_OF,"BROTHER_OF(Judah,Jesus) ∧ FATHER_OF(Ishmael,Jesus)"
18900,19106,FATHER_OF,"BROTHER_OF(Judah,Jesus) ∧ FATHER_OF(Helaman,Jesus)"
765216,19106,FATHER_OF,"BROTHER_OF(Judah,Jesus) ∧ FATHER_OF(Lehi Nephi,Jesus)"
19871,55772,FATHER_OF,"BROTHER_OF(Samuel Smith,Joseph) ∧ FATHER_OF(Zacharias,Joseph)"
397883,55772,FATHER_OF,"BROTHER_OF(Samuel Smith,Joseph) ∧ FATHER_OF(Mathew Woodruff,Joseph)"
494839,55772,FATHER_OF,"BROTHER_OF(Samuel Smith,Joseph) ∧ FATHER_OF(Accos,Joseph)"
35041,55772,FATHER_OF,"BROTHER_OF(Samuel Smith,Joseph) ∧ FATHER_OF(Mattathias,Joseph)"
19872,55772,FATHER_OF,"BROTHER_OF(Samuel Smith,Joseph) ∧ FATHER_OF(Zechariah,Joseph)"
204448,55772,FATHER_OF,"BROTHER_OF(Samuel Smith,Joseph) ∧ FATHER_OF(Alpheus,Joseph)"
499765,55772,FATHER_OF,"BROTHER_OF(Samuel Smith,Joseph) ∧ FATHER_OF(Zehedee,Joseph)"
621613,55772,FATHER_OF,"BROTHER_OF(Samuel Smith,Joseph) ∧ FATHER_OF(Zebedee Salome,Joseph)"
42109,55772,FATHER_OF,"BROTHER_OF(Samuel Smith,Joseph) ∧ FATHER_OF(Joiada,Joseph)"
19566,55772,FATHER_OF,"BROTHER_OF(Samuel Smith,Joseph) ∧ FATHER_OF(Shaul,Joseph)"
19494,55772,FATHER_OF,"BROTHER_OF(Samuel Smith,Joseph) ∧ FATHER_OF(Paul,Joseph)"
36417,55772,FATHER_OF,"BROTHER_OF(Samuel Smith,Joseph) ∧ FATHER_OF(Shemaiah,Joseph)"
36161,55772,FATHER_OF,"BROTHER_OF(Samuel Smith,Joseph) ∧ FATHER_OF(Shage,Joseph)"
36610,55772,FATHER_OF,"BROTHER_OF(Samuel Smith,Joseph) ∧ FATHER_OF(Shimea,Joseph)"
35320,55772,FATHER_OF,"BROTHER_OF(Samuel Smith,Joseph) ∧ FATHER_OF(Abiathar,Joseph)"
36418,55772,FATHER_OF,"BROTHER_OF(Samuel Smith,Joseph) ∧ FATHER_OF(Uzziel,Joseph)"
36162,55772,FATHER_OF,"BROTHER_OF(Samuel Smith,Joseph) ∧ FATHER_OF(Shammah,Joseph)"
419644,55772,FATHER_OF,"BROTHER_OF(Samuel Smith,Joseph) ∧ FATHER_OF(Shagee,Joseph)"
36830,55772,FATHER_OF,"BROTHER_OF(Samuel Smith,Joseph) ∧ FATHER_OF(Absalom,Joseph)"
36627,55772,FATHER_OF,"BROTHER_OF(Samuel Smith,Joseph) ∧ FATHER_OF(Shimei,Joseph)"
36535,55772,FATHER_OF,"BROTHER_OF(Samuel Smith,Joseph) ∧ FATHER_OF(Shammai,Joseph)"
19095,55772,FATHER_OF,"BROTHER_OF(Samuel Smith,Joseph) ∧ FATHER_OF(Jonathan,Joseph)"
33560,55772,FATHER_OF,"BROTHER_OF(Samuel Smith,Joseph) ∧ FATHER_OF(Tyre,Joseph)"
19499,55772,FATHER_OF,"BROTHER_OF(Samuel Smith,Joseph) ∧ FATHER_OF(Pharaoh,Joseph)"
19078,55772,FATHER_OF,"BROTHER_OF(Samuel Smith,Joseph) ∧ FATHER_OF(Jared,Joseph)"
3579,55772,FATHER_OF,"BROTHER_OF(Samuel Smith,Joseph) ∧ FATHER_OF(Cain,Joseph)"
24294,55772,FATHER_OF,"BROTHER_OF(Samuel Smith,Joseph) ∧ FATHER_OF(Midian,Joseph)"
3251,55772,FATHER_OF,"BROTHER_OF(Samuel Smith,Joseph) ∧ FATHER_OF(Mosiah,Joseph)"
19259,55772,FATHER_OF,"BROTHER_OF(Samuel Smith,Joseph) ∧ FATHER_OF(Lot,Joseph)"
18661,55772,FATHER_OF,"BROTHER_OF(Samuel Smith,Joseph) ∧ FATHER_OF(Daniel,Joseph)"
36179,55772,FATHER_OF,"BROTHER_OF(Samuel Smith,Joseph) ∧ FATHER_OF(Hemdan,Joseph)"
387410,55772,FATHER_OF,"BROTHER_OF(Samuel Smith,Joseph) ∧ FATHER_OF(Bathia,Joseph)"
19088,55772,FATHER_OF,"BROTHER_OF(Samuel Smith,Joseph) ∧ FATHER_OF(Jethro,Joseph)"
459345,55772,FATHER_OF,"BROTHER_OF(Samuel Smith,Joseph) ∧ FATHER_OF(Amaram,Joseph)"
28095,55772,FATHER_OF,"BROTHER_OF(Samuel Smith,Joseph) ∧ FATHER_OF(Heth,Joseph)"
3332,55772,FATHER_OF,"BROTHER_OF(Samuel Smith,Joseph) ∧ FATHER_OF(Mormon,Joseph)"
660398,55772,FATHER_OF,"BROTHER_OF(Samuel Smith,Joseph) ∧ FATHER_OF(Prophet Mormon,Joseph)"
20145,55772,FATHER_OF,"BROTHER_OF(Samuel Smith,Joseph) ∧ FATHER_OF(Righteousness,Joseph)"
30365,55772,FATHER_OF,"BROTHER_OF(Samuel Smith,Joseph) ∧ FATHER_OF(Lamech,Joseph)"
19913,55772,FATHER_OF,"BROTHER_OF(Samuel Smith,Joseph) ∧ FATHER_OF(Zeniff,Joseph)"
19871,515909,FATHER_OF,"BROTHER_OF(Elder Hyrum Smith,Joseph) ∧ FATHER_OF(Zacharias,Joseph)"
397883,515909,FATHER_OF,"BROTHER_OF(Elder Hyrum Smith,Joseph) ∧ FATHER_OF(Mathew Woodruff,Joseph)"
494839,515909,FATHER_OF,"BROTHER_OF(Elder Hyrum Smith,Joseph) ∧ FATHER_OF(Accos,Joseph)"
35041,515909,FATHER_OF,"BROTHER_OF(Elder Hyrum Smith,Joseph) ∧ FATHER_OF(Mattathias,Joseph)"
19872,515909,FATHER_OF,"BROTHER_OF(Elder Hyrum Smith,Joseph) ∧ FATHER_OF(Zechariah,Joseph)"
204448,515909,FATHER_OF,"BROTHER_OF(Elder Hyrum Smith,Joseph) ∧ FATHER_OF(Alpheus,Joseph)"
499765,515909,FATHER_OF,"BROTHER_OF(Elder Hyrum Smith,Joseph) ∧ FATHER_OF(Zehedee,Joseph)"
621613,515909,FATHER_OF,"BROTHER_OF(Elder Hyrum Smith,Joseph) ∧ FATHER_OF(Zebedee Salome,Joseph)"
42109,515909,FATHER_OF,"BROTHER_OF(Elder Hyrum Smith,Joseph) ∧ FATHER_OF(Joiada,Joseph)"
19566,515909,FATHER_OF,"BROTHER_OF(Elder Hyrum Smith,Joseph) ∧ FATHER_OF(Shaul,Joseph)"
19494,515909,FATHER_OF,"BROTHER_OF(Elder Hyrum Smith,Joseph) ∧ FATHER_OF(Paul,Joseph)"
36417,515909,FATHER_OF,"BROTHER_OF(Elder Hyrum Smith,Joseph) ∧ FATHER_OF(Shemaiah,Joseph)"
36161,515909,FATHER_OF,"BROTHER_OF(Elder Hyrum Smith,Joseph) ∧ FATHER_OF(Shage,Joseph)"
36610,515909,FATHER_OF,"BROTHER_OF(Elder Hyrum Smith,Joseph) ∧ FATHER_OF(Shimea,Joseph)"
35320,515909,FATHER_OF,"BROTHER_OF(Elder Hyrum Smith,Joseph) ∧ FATHER_OF(Abiathar,Joseph)"
36418,515909,FATHER_OF,"BROTHER_OF(Elder Hyrum Smith,Joseph) ∧ FATHER_OF(Uzziel,Joseph)"
36162,515909,FATHER_OF,"BROTHER_OF(Elder Hyrum Smith,Joseph) ∧ FATHER_OF(Shammah,Joseph)"
419644,515909,FATHER_OF,"BROTHER_OF(Elder Hyrum Smith,Joseph) ∧ FATHER_OF(Shagee,Joseph)"
36830,515909,FATHER_OF,"BROTHER_OF(Elder Hyrum Smith,Joseph) ∧ FATHER_OF(Absalom,Joseph)"
36627,515909,FATHER_OF,"BROTHER_OF(Elder Hyrum Smith,Joseph) ∧ FATHER_OF(Shimei,Joseph)"
36535,515909,FATHER_OF,"BROTHER_OF(Elder Hyrum Smith,Joseph) ∧ FATHER_OF(Shammai,Joseph)"
19095,515909,FATHER_OF,"BROTHER_OF(Elder Hyrum Smith,Joseph) ∧ FATHER_OF(Jonathan,Joseph)"
33560,515909,FATHER_OF,"BROTHER_OF(Elder Hyrum Smith,Joseph) ∧ FATHER_OF(Tyre,Joseph)"
19499,515909,FATHER_OF,"BROTHER_OF(Elder Hyrum Smith,Joseph) ∧ FATHER_OF(Pharaoh,Joseph)"
19078,515909,FATHER_OF,"BROTHER_OF(Elder Hyrum Smith,Joseph) ∧ FATHER_OF(Jared,Joseph)"
3579,515909,FATHER_OF,"BROTHER_OF(Elder Hyrum Smith,Joseph) ∧ FATHER_OF(Cain,Joseph)"
24294,515909,FATHER_OF,"BROTHER_OF(Elder Hyrum Smith,Joseph) ∧ FATHER_OF(Midian,Joseph)"
3251,515909,FATHER_OF,"BROTHER_OF(Elder Hyrum Smith,Joseph) ∧ FATHER_OF(Mosiah,Joseph)"
19259,515909,FATHER_OF,"BROTHER_OF(Elder Hyrum Smith,Joseph) ∧ FATHER_OF(Lot,Joseph)"
18661,515909,FATHER_OF,"BROTHER_OF(Elder Hyrum Smith,Joseph) ∧ FATHER_OF(Daniel,Joseph)"
36179,515909,FATHER_OF,"BROTHER_OF(Elder Hyrum Smith,Joseph) ∧ FATHER_OF(Hemdan,Joseph)"
387410,515909,FATHER_OF,"BROTHER_OF(Elder Hyrum Smith,Joseph) ∧ FATHER_OF(Bathia,Joseph)"
19088,515909,FATHER_OF,"BROTHER_OF(Elder Hyrum Smith,Joseph) ∧ FATHER_OF(Jethro,Joseph)"
459345,515909,FATHER_OF,"BROTHER_OF(Elder Hyrum Smith,Joseph) ∧ FATHER_OF(Amaram,Joseph)"
28095,515909,FATHER_OF,"BROTHER_OF(Elder Hyrum Smith,Joseph) ∧ FATHER_OF(Heth,Joseph)"
3332,515909,FATHER_OF,"BROTHER_OF(Elder Hyrum Smith,Joseph) ∧ FATHER_OF(Mormon,Joseph)"
660398,515909,FATHER_OF,"BROTHER_OF(Elder Hyrum Smith,Joseph) ∧ FATHER_OF(Prophet Mormon,Joseph)"
20145,515909,FATHER_OF,"BROTHER_OF(Elder Hyrum Smith,Joseph) ∧ FATHER_OF(Righteousness,Joseph)"
30365,515909,FATHER_OF,"BROTHER_OF(Elder Hyrum Smith,Joseph) ∧ FATHER_OF(Lamech,Joseph)"
19913,515909,FATHER_OF,"BROTHER_OF(Elder Hyrum Smith,Joseph) ∧ FATHER_OF(Zeniff,Joseph)"
19871,3249,FATHER_OF,"BROTHER_OF(Moses,Jared) ∧ FATHER_OF(Zacharias,Jared)"
397883,3249,FATHER_OF,"BROTHER_OF(Moses,Jared) ∧ FATHER_OF(Mathew Woodruff,Jared)"
494839,3249,FATHER_OF,"BROTHER_OF(Moses,Jared) ∧ FATHER_OF(Accos,Jared)"
35041,3249,FATHER_OF,"BROTHER_OF(Moses,Jared) ∧ FATHER_OF(Mattathias,Jared)"
19872,3249,FATHER_OF,"BROTHER_OF(Moses,Jared) ∧ FATHER_OF(Zechariah,Jared)"
204448,3249,FATHER_OF,"BROTHER_OF(Moses,Jared) ∧ FATHER_OF(Alpheus,Jared)"
499765,3249,FATHER_OF,"BROTHER_OF(Moses,Jared) ∧ FATHER_OF(Zehedee,Jared)"
621613,3249,FATHER_OF,"BROTHER_OF(Moses,Jared) ∧ FATHER_OF(Zebedee Salome,Jared)"
42109,3249,FATHER_OF,"BROTHER_OF(Moses,Jared) ∧ FATHER_OF(Joiada,Jared)"
19566,3249,FATHER_OF,"BROTHER_OF(Moses,Jared) ∧ FATHER_OF(Shaul,Jared)"
19494,3249,FATHER_OF,"BROTHER_OF(Moses,Jared) ∧ FATHER_OF(Paul,Jared)"
36417,3249,FATHER_OF,"BROTHER_OF(Moses,Jared) ∧ FATHER_OF(Shemaiah,Jared)"
36161,3249,FATHER_OF,"BROTHER_OF(Moses,Jared) ∧ FATHER_OF(Shage,Jared)"
36610,3249,FATHER_OF,"BROTHER_OF(Moses,Jared) ∧ FATHER_OF(Shimea,Jared)"
35320,3249,FATHER_OF,"BROTHER_OF(Moses,Jared) ∧ FATHER_OF(Abiathar,Jared)"
36418,3249,FATHER_OF,"BROTHER_OF(Moses,Jared) ∧ FATHER_OF(Uzziel,Jared)"
36162,3249,FATHER_OF,"BROTHER_OF(Moses,Jared) ∧ FATHER_OF(Shammah,Jared)"
419644,3249,FATHER_OF,"BROTHER_OF(Moses,Jared) ∧ FATHER_OF(Shagee,Jared)"
36830,3249,FATHER_OF,"BROTHER_OF(Moses,Jared) ∧ FATHER_OF(Absalom,Jared)"
36627,3249,FATHER_OF,"BROTHER_OF(Moses,Jared) ∧ FATHER_OF(Shimei,Jared)"
30664,3249,FATHER_OF,"BROTHER_OF(Moses,Jared) ∧ FATHER_OF(Joseph Smith Sr.,Jared)"
213770,3249,FATHER_OF,"BROTHER_OF(Moses,Jared) ∧ FATHER_OF(Alexander Hale Smith,Jared)"
520857,3249,FATHER_OF,"BROTHER_OF(Moses,Jared) ∧ FATHER_OF(Patriarch Hyrum Smith,Jared)"
19092,3249,FATHER_OF,"BROTHER_OF(Moses,Jared) ∧ FATHER_OF(John,Jared)"
19097,3249,FATHER_OF,"BROTHER_OF(Moses,Jared) ∧ FATHER_OF(Joseph,Jared)"
106978,3249,FATHER_OF,"BROTHER_OF(Moses,Jared) ∧ FATHER_OF(Asael Smith,Jared)"
18915,150532,FATHER_OF,"BROTHER_OF(Alvin Smith,Joseph Smith) ∧ FATHER_OF(Isaac,Joseph Smith)"
35453,150532,FATHER_OF,"BROTHER_OF(Alvin Smith,Joseph Smith) ∧ FATHER_OF(Matthan,Joseph Smith)"
12037,150532,FATHER_OF,"BROTHER_OF(Alvin Smith,Joseph Smith) ∧ FATHER_OF(Matán,Joseph Smith)"
19076,150532,FATHER_OF,"BROTHER_OF(Alvin Smith,Joseph Smith) ∧ FATHER_OF(Zebedee,Joseph Smith)"
19075,150532,FATHER_OF,"BROTHER_OF(Alvin Smith,Joseph Smith) ∧ FATHER_OF(Alphaeus,Joseph Smith)"
30358,150532,FATHER_OF,"BROTHER_OF(Alvin Smith,Joseph Smith) ∧ FATHER_OF(Mahalaleel,Joseph Smith)"
8513,150532,FATHER_OF,"BROTHER_OF(Alvin Smith,Joseph Smith) ∧ FATHER_OF(Omer,Joseph Smith)"
609199,150532,FATHER_OF,"BROTHER_OF(Alvin Smith,Joseph Smith) ∧ FATHER_OF(Mahaleel,Joseph Smith)"
19871,31138,FATHER_OF,"BROTHER_OF(Smith,Joseph) ∧ FATHER_OF(Zacharias,Joseph)"
397883,31138,FATHER_OF,"BROTHER_OF(Smith,Joseph) ∧ FATHER_OF(Mathew Woodruff,Joseph)"
494839,31138,FATHER_OF,"BROTHER_OF(Smith,Joseph) ∧ FATHER_OF(Accos,Joseph)"
35041,31138,FATHER_OF,"BROTHER_OF(Smith,Joseph) ∧ FATHER_OF(Mattathias,Joseph)"
19872,31138,FATHER_OF,"BROTHER_OF(Smith,Joseph) ∧ FATHER_OF(Zechariah,Joseph)"
204448,31138,FATHER_OF,"BROTHER_OF(Smith,Joseph) ∧ FATHER_OF(Alpheus,Joseph)"
499765,31138,FATHER_OF,"BROTHER_OF(Smith,Joseph) ∧ FATHER_OF(Zehedee,Joseph)"
621613,31138,FATHER_OF,"BROTHER_OF(Smith,Joseph) ∧ FATHER_OF(Zebedee Salome,Joseph)"
42109,31138,FATHER_OF,"BROTHER_OF(Smith,Joseph) ∧ FATHER_OF(Joiada,Joseph)"
19566,31138,FATHER_OF,"BROTHER_OF(Smith,Joseph) ∧ FATHER_OF(Shaul,Joseph)"
19494,31138,FATHER_OF,"BROTHER_OF(Smith,Joseph) ∧ FATHER_OF(Paul,Joseph)"
36417,31138,FATHER_OF,"BROTHER_OF(Smith,Joseph) ∧ FATHER_OF(Shemaiah,Joseph)"
36161,31138,FATHER_OF,"BROTHER_OF(Smith,Joseph) ∧ FATHER_OF(Shage,Joseph)"
36610,31138,FATHER_OF,"BROTHER_OF(Smith,Joseph) ∧ FATHER_OF(Shimea,Joseph)"
35320,31138,FATHER_OF,"BROTHER_OF(Smith,Joseph) ∧ FATHER_OF(Abiathar,Joseph)"
36418,31138,FATHER_OF,"BROTHER_OF(Smith,Joseph) ∧ FATHER_OF(Uzziel,Joseph)"
36162,31138,FATHER_OF,"BROTHER_OF(Smith,Joseph) ∧ FATHER_OF(Shammah,Joseph)"
419644,31138,FATHER_OF,"BROTHER_OF(Smith,Joseph) ∧ FATHER_OF(Shagee,Joseph)"
36830,31138,FATHER_OF,"BROTHER_OF(Smith,Joseph) ∧ FATHER_OF(Absalom,Joseph)"
36627,31138,FATHER_OF,"BROTHER_OF(Smith,Joseph) ∧ FATHER_OF(Shimei,Joseph)"
36535,31138,FATHER_OF,"BROTHER_OF(Smith,Joseph) ∧ FATHER_OF(Shammai,Joseph)"
19095,31138,FATHER_OF,"BROTHER_OF(Smith,Joseph) ∧ FATHER_OF(Jonathan,Joseph)"
33560,31138,FATHER_OF,"BROTHER_OF(Smith,Joseph) ∧ FATHER_OF(Tyre,Joseph)"
19499,31138,FATHER_OF,"BROTHER_OF(Smith,Joseph) ∧ FATHER_OF(Pharaoh,Joseph)"
19078,31138,FATHER_OF,"BROTHER_OF(Smith,Joseph) ∧ FATHER_OF(Jared,Joseph)"
3579,31138,FATHER_OF,"BROTHER_OF(Smith,Joseph) ∧ FATHER_OF(Cain,Joseph)"
24294,31138,FATHER_OF,"BROTHER_OF(Smith,Joseph) ∧ FATHER_OF(Midian,Joseph)"
3251,31138,FATHER_OF,"BROTHER_OF(Smith,Joseph) ∧ FATHER_OF(Mosiah,Joseph)"
19259,31138,FATHER_OF,"BROTHER_OF(Smith,Joseph) ∧ FATHER_OF(Lot,Joseph)"
18661,31138,FATHER_OF,"BROTHER_OF(Smith,Joseph) ∧ FATHER_OF(Daniel,Joseph)"
36179,31138,FATHER_OF,"BROTHER_OF(Smith,Joseph) ∧ FATHER_OF(Hemdan,Joseph)"
387410,31138,FATHER_OF,"BROTHER_OF(Smith,Joseph) ∧ FATHER_OF(Bathia,Joseph)"
19088,31138,FATHER_OF,"BROTHER_OF(Smith,Joseph) ∧ FATHER_OF(Jethro,Joseph)"
459345,31138,FATHER_OF,"BROTHER_OF(Smith,Joseph) ∧ FATHER_OF(Amaram,Joseph)"
28095,31138,FATHER_OF,"BROTHER_OF(Smith,Joseph) ∧ FATHER_OF(Heth,Joseph)"
3332,31138,FATHER_OF,"BROTHER_OF(Smith,Joseph) ∧ FATHER_OF(Mormon,Joseph)"
660398,31138,FATHER_OF,"BROTHER_OF(Smith,Joseph) ∧ FATHER_OF(Prophet Mormon,Joseph)"
20145,31138,FATHER_OF,"BROTHER_OF(Smith,Joseph) ∧ FATHER_OF(Righteousness,Joseph)"
30365,31138,FATHER_OF,"BROTHER_OF(Smith,Joseph) ∧ FATHER_OF(Lamech,Joseph)"
19913,31138,FATHER_OF,"BROTHER_OF(Smith,Joseph) ∧ FATHER_OF(Zeniff,Joseph)"
19871,527465,FATHER_OF,"BROTHER_OF(Moriancumr,Jared) ∧ FATHER_OF(Zacharias,Jared)"
397883,527465,FATHER_OF,"BROTHER_OF(Moriancumr,Jared) ∧ FATHER_OF(Mathew Woodruff,Jared)"
494839,527465,FATHER_OF,"BROTHER_OF(Moriancumr,Jared) ∧ FATHER_OF(Accos,Jared)"
35041,527465,FATHER_OF,"BROTHER_OF(Moriancumr,Jared) ∧ FATHER_OF(Mattathias,Jared)"
19872,527465,FATHER_OF,"BROTHER_OF(Moriancumr,Jared) ∧ FATHER_OF(Zechariah,Jared)"
204448,527465,FATHER_OF,"BROTHER_OF(Moriancumr,Jared) ∧ FATHER_OF(Alpheus,Jared)"
499765,527465,FATHER_OF,"BROTHER_OF(Moriancumr,Jared) ∧ FATHER_OF(Zehedee,Jared)"
621613,527465,FATHER_OF,"BROTHER_OF(Moriancumr,Jared) ∧ FATHER_OF(Zebedee Salome,Jared)"
42109,527465,FATHER_OF,"BROTHER_OF(Moriancumr,Jared) ∧ FATHER_OF(Joiada,Jared)"
19566,527465,FATHER_OF,"BROTHER_OF(Moriancumr,Jared) ∧ FATHER_OF(Shaul,Jared)"
19494,527465,FATHER_OF,"BROTHER_OF(Moriancumr,Jared) ∧ FATHER_OF(Paul,Jared)"
36417,527465,FATHER_OF,"BROTHER_OF(Moriancumr,Jared) ∧ FATHER_OF(Shemaiah,Jared)"
36161,527465,FATHER_OF,"BROTHER_OF(Moriancumr,Jared) ∧ FATHER_OF(Shage,Jared)"
36610,527465,FATHER_OF,"BROTHER_OF(Moriancumr,Jared) ∧ FATHER_OF(Shimea,Jared)"
35320,527465,FATHER_OF,"BROTHER_OF(Moriancumr,Jared) ∧ FATHER_OF(Abiathar,Jared)"
36418,527465,FATHER_OF,"BROTHER_OF(Moriancumr,Jared) ∧ FATHER_OF(Uzziel,Jared)"
36162,527465,FATHER_OF,"BROTHER_OF(Moriancumr,Jared) ∧ FATHER_OF(Shammah,Jared)"
419644,527465,FATHER_OF,"BROTHER_OF(Moriancumr,Jared) ∧ FATHER_OF(Shagee,Jared)"
36830,527465,FATHER_OF,"BROTHER_OF(Moriancumr,Jared) ∧ FATHER_OF(Absalom,Jared)"
36627,527465,FATHER_OF,"BROTHER_OF(Moriancumr,Jared) ∧ FATHER_OF(Shimei,Jared)"
30664,527465,FATHER_OF,"BROTHER_OF(Moriancumr,Jared) ∧ FATHER_OF(Joseph Smith Sr.,Jared)"
213770,527465,FATHER_OF,"BROTHER_OF(Moriancumr,Jared) ∧ FATHER_OF(Alexander Hale Smith,Jared)"
520857,527465,FATHER_OF,"BROTHER_OF(Moriancumr,Jared) ∧ FATHER_OF(Patriarch Hyrum Smith,Jared)"
19092,527465,FATHER_OF,"BROTHER_OF(Moriancumr,Jared) ∧ FATHER_OF(John,Jared)"
19097,527465,FATHER_OF,"BROTHER_OF(Moriancumr,Jared) ∧ FATHER_OF(Joseph,Jared)"
106978,527465,FATHER_OF,"BROTHER_OF(Moriancumr,Jared) ∧ FATHER_OF(Asael Smith,Jared)"
19871,28282,FATHER_OF,"BROTHER_OF(Moriancumer,Jared) ∧ FATHER_OF(Zacharias,Jared)"
397883,28282,FATHER_OF,"BROTHER_OF(Moriancumer,Jared) ∧ FATHER_OF(Mathew Woodruff,Jared)"
494839,28282,FATHER_OF,"BROTHER_OF(Moriancumer,Jared) ∧ FATHER_OF(Accos,Jared)"
35041,28282,FATHER_OF,"BROTHER_OF(Moriancumer,Jared) ∧ FATHER_OF(Mattathias,Jared)"
19872,28282,FATHER_OF,"BROTHER_OF(Moriancumer,Jared) ∧ FATHER_OF(Zechariah,Jared)"
204448,28282,FATHER_OF,"BROTHER_OF(Moriancumer,Jared) ∧ FATHER_OF(Alpheus,Jared)"
499765,28282,FATHER_OF,"BROTHER_OF(Moriancumer,Jared) ∧ FATHER_OF(Zehedee,Jared)"
621613,28282,FATHER_OF,"BROTHER_OF(Moriancumer,Jared) ∧ FATHER_OF(Zebedee Salome,Jared)"
42109,28282,FATHER_OF,"BROTHER_OF(Moriancumer,Jared) ∧ FATHER_OF(Joiada,Jared)"
19566,28282,FATHER_OF,"BROTHER_OF(Moriancumer,Jared) ∧ FATHER_OF(Shaul,Jared)"
19494,28282,FATHER_OF,"BROTHER_OF(Moriancumer,Jared) ∧ FATHER_OF(Paul,Jared)"
36417,28282,FATHER_OF,"BROTHER_OF(Moriancumer,Jared) ∧ FATHER_OF(Shemaiah,Jared)"
36161,28282,FATHER_OF,"BROTHER_OF(Moriancumer,Jared) ∧ FATHER_OF(Shage,Jared)"
36610,28282,FATHER_OF,"BROTHER_OF(Moriancumer,Jared) ∧ FATHER_OF(Shimea,Jared)"
35320,28282,FATHER_OF,"BROTHER_OF(Moriancumer,Jared) ∧ FATHER_OF(Abiathar,Jared)"
36418,28282,FATHER_OF,"BROTHER_OF(Moriancumer,Jared) ∧ FATHER_OF(Uzziel,Jared)"
36162,28282,FATHER_OF,"BROTHER_OF(Moriancumer,Jared) ∧ FATHER_OF(Shammah,Jared)"
419644,28282,FATHER_OF,"BROTHER_OF(Moriancumer,Jared) ∧ FATHER_OF(Shagee,Jared)"
36830,28282,FATHER_OF,"BROTHER_OF(Moriancumer,Jared) ∧ FATHER_OF(Absalom,Jared)"
36627,28282,FATHER_OF,"BROTHER_OF(Moriancumer,Jared) ∧ FATHER_OF(Shimei,Jared)"
30664,28282,FATHER_OF,"BROTHER_OF(Moriancumer,Jared) ∧ FATHER_OF(Joseph Smith Sr.,Jared)"
213770,28282,FATHER_OF,"BROTHER_OF(Moriancumer,Jared) ∧ FATHER_OF(Alexander Hale Smith,Jared)"
520857,28282,FATHER_OF,"BROTHER_OF(Moriancumer,Jared) ∧ FATHER_OF(Patriarch Hyrum Smith,Jared)"
19092,28282,FATHER_OF,"BROTHER_OF(Moriancumer,Jared) ∧ FATHER_OF(John,Jared)"
19097,28282,FATHER_OF,"BROTHER_OF(Moriancumer,Jared) ∧ FATHER_OF(Joseph,Jared)"
106978,28282,FATHER_OF,"BROTHER_OF(Moriancumer,Jared) ∧ FATHER_OF(Asael Smith,Jared)"
19871,647867,FATHER_OF,"BROTHER_OF(First,Jared) ∧ FATHER_OF(Zacharias,Jared)"
397883,647867,FATHER_OF,"BROTHER_OF(First,Jared) ∧ FATHER_OF(Mathew Woodruff,Jared)"
494839,647867,FATHER_OF,"BROTHER_OF(First,Jared) ∧ FATHER_OF(Accos,Jared)"
35041,647867,FATHER_OF,"BROTHER_OF(First,Jared) ∧ FATHER_OF(Mattathias,Jared)"
19872,647867,FATHER_OF,"BROTHER_OF(First,Jared) ∧ FATHER_OF(Zechariah,Jared)"
204448,647867,FATHER_OF,"BROTHER_OF(First,Jared) ∧ FATHER_OF(Alpheus,Jared)"
499765,647867,FATHER_OF,"BROTHER_OF(First,Jared) ∧ FATHER_OF(Zehedee,Jared)"
621613,647867,FATHER_OF,"BROTHER_OF(First,Jared) ∧ FATHER_OF(Zebedee Salome,Jared)"
42109,647867,FATHER_OF,"BROTHER_OF(First,Jared) ∧ FATHER_OF(Joiada,Jared)"
19566,647867,FATHER_OF,"BROTHER_OF(First,Jared) ∧ FATHER_OF(Shaul,Jared)"
19494,647867,FATHER_OF,"BROTHER_OF(First,Jared) ∧ FATHER_OF(Paul,Jared)"
36417,647867,FATHER_OF,"BROTHER_OF(First,Jared) ∧ FATHER_OF(Shemaiah,Jared)"
36161,647867,FATHER_OF,"BROTHER_OF(First,Jared) ∧ FATHER_OF(Shage,Jared)"
36610,647867,FATHER_OF,"BROTHER_OF(First,Jared) ∧ FATHER_OF(Shimea,Jared)"
35320,647867,FATHER_OF,"BROTHER_OF(First,Jared) ∧ FATHER_OF(Abiathar,Jared)"
36418,647867,FATHER_OF,"BROTHER_OF(First,Jared) ∧ FATHER_OF(Uzziel,Jared)"
36162,647867,FATHER_OF,"BROTHER_OF(First,Jared) ∧ FATHER_OF(Shammah,Jared)"
419644,647867,FATHER_OF,"BROTHER_OF(First,Jared) ∧ FATHER_OF(Shagee,Jared)"
36830,647867,FATHER_OF,"BROTHER_OF(First,Jared) ∧ FATHER_OF(Absalom,Jared)"
36627,647867,FATHER_OF,"BROTHER_OF(First,Jared) ∧ FATHER_OF(Shimei,Jared)"
30664,647867,FATHER_OF,"BROTHER_OF(First,Jared) ∧ FATHER_OF(Joseph Smith Sr.,Jared)"
213770,647867,FATHER_OF,"BROTHER_OF(First,Jared) ∧ FATHER_OF(Alexander Hale Smith,Jared)"
520857,647867,FATHER_OF,"BROTHER_OF(First,Jared) ∧ FATHER_OF(Patriarch Hyrum Smith,Jared)"
19092,647867,FATHER_OF,"BROTHER_OF(First,Jared) ∧ FATHER_OF(John,Jared)"
19097,647867,FATHER_OF,"BROTHER_OF(First,Jared) ∧ FATHER_OF(Joseph,Jared)"
106978,647867,FATHER_OF,"BROTHER_OF(First,Jared) ∧ FATHER_OF(Asael Smith,Jared)"
19871,19324,FATHER_OF,"BROTHER_OF(Moroni,Jared) ∧ FATHER_OF(Zacharias,Jared)"
397883,19324,FATHER_OF,"BROTHER_OF(Moroni,Jared) ∧ FATHER_OF(Mathew Woodruff,Jared)"
494839,19324,FATHER_OF,"BROTHER_OF(Moroni,Jared) ∧ FATHER_OF(Accos,Jared)"
35041,19324,FATHER_OF,"BROTHER_OF(Moroni,Jared) ∧ FATHER_OF(Mattathias,Jared)"
19872,19324,FATHER_OF,"BROTHER_OF(Moroni,Jared) ∧ FATHER_OF(Zechariah,Jared)"
204448,19324,FATHER_OF,"BROTHER_OF(Moroni,Jared) ∧ FATHER_OF(Alpheus,Jared)"
499765,19324,FATHER_OF,"BROTHER_OF(Moroni,Jared) ∧ FATHER_OF(Zehedee,Jared)"
621613,19324,FATHER_OF,"BROTHER_OF(Moroni,Jared) ∧ FATHER_OF(Zebedee Salome,Jared)"
42109,19324,FATHER_OF,"BROTHER_OF(Moroni,Jared) ∧ FATHER_OF(Joiada,Jared)"
19566,19324,FATHER_OF,"BROTHER_OF(Moroni,Jared) ∧ FATHER_OF(Shaul,Jared)"
19494,19324,FATHER_OF,"BROTHER_OF(Moroni,Jared) ∧ FATHER_OF(Paul,Jared)"
36417,19324,FATHER_OF,"BROTHER_OF(Moroni,Jared) ∧ FATHER_OF(Shemaiah,Jared)"
36161,19324,FATHER_OF,"BROTHER_OF(Moroni,Jared) ∧ FATHER_OF(Shage,Jared)"
36610,19324,FATHER_OF,"BROTHER_OF(Moroni,Jared) ∧ FATHER_OF(Shimea,Jared)"
35320,19324,FATHER_OF,"BROTHER_OF(Moroni,Jared) ∧ FATHER_OF(Abiathar,Jared)"
36418,19324,FATHER_OF,"BROTHER_OF(Moroni,Jared) ∧ FATHER_OF(Uzziel,Jared)"
36162,19324,FATHER_OF,"BROTHER_OF(Moroni,Jared) ∧ FATHER_OF(Shammah,Jared)"
419644,19324,FATHER_OF,"BROTHER_OF(Moroni,Jared) ∧ FATHER_OF(Shagee,Jared)"
36830,19324,FATHER_OF,"BROTHER_OF(Moroni,Jared) ∧ FATHER_OF(Absalom,Jared)"
36627,19324,FATHER_OF,"BROTHER_OF(Moroni,Jared) ∧ FATHER_OF(Shimei,Jared)"
30664,19324,FATHER_OF,"BROTHER_OF(Moroni,Jared) ∧ FATHER_OF(Joseph Smith Sr.,Jared)"
213770,19324,FATHER_OF,"BROTHER_OF(Moroni,Jared) ∧ FATHER_OF(Alexander Hale Smith,Jared)"
520857,19324,FATHER_OF,"BROTHER_OF(Moroni,Jared) ∧ FATHER_OF(Patriarch Hyrum Smith,Jared)"
19092,19324,FATHER_OF,"BROTHER_OF(Moroni,Jared) ∧ FATHER_OF(John,Jared)"
19097,19324,FATHER_OF,"BROTHER_OF(Moroni,Jared) ∧ FATHER_OF(Joseph,Jared)"
106978,19324,FATHER_OF,"BROTHER_OF(Moroni,Jared) ∧ FATHER_OF(Asael Smith,Jared)"
19871,39795,FATHER_OF,"BROTHER_OF(Babel,Jared) ∧ FATHER_OF(Zacharias,Jared)"
397883,39795,FATHER_OF,"BROTHER_OF(Babel,Jared) ∧ FATHER_OF(Mathew Woodruff,Jared)"
494839,39795,FATHER_OF,"BROTHER_OF(Babel,Jared) ∧ FATHER_OF(Accos,Jared)"
35041,39795,FATHER_OF,"BROTHER_OF(Babel,Jared) ∧ FATHER_OF(Mattathias,Jared)"
19872,39795,FATHER_OF,"BROTHER_OF(Babel,Jared) ∧ FATHER_OF(Zechariah,Jared)"
204448,39795,FATHER_OF,"BROTHER_OF(Babel,Jared) ∧ FATHER_OF(Alpheus,Jared)"
499765,39795,FATHER_OF,"BROTHER_OF(Babel,Jared) ∧ FATHER_OF(Zehedee,Jared)"
621613,39795,FATHER_OF,"BROTHER_OF(Babel,Jared) ∧ FATHER_OF(Zebedee Salome,Jared)"
42109,39795,FATHER_OF,"BROTHER_OF(Babel,Jared) ∧ FATHER_OF(Joiada,Jared)"
19566,39795,FATHER_OF,"BROTHER_OF(Babel,Jared) ∧ FATHER_OF(Shaul,Jared)"
19494,39795,FATHER_OF,"BROTHER_OF(Babel,Jared) ∧ FATHER_OF(Paul,Jared)"
36417,39795,FATHER_OF,"BROTHER_OF(Babel,Jared) ∧ FATHER_OF(Shemaiah,Jared)"
36161,39795,FATHER_OF,"BROTHER_OF(Babel,Jared) ∧ FATHER_OF(Shage,Jared)"
36610,39795,FATHER_OF,"BROTHER_OF(Babel,Jared) ∧ FATHER_OF(Shimea,Jared)"
35320,39795,FATHER_OF,"BROTHER_OF(Babel,Jared) ∧ FATHER_OF(Abiathar,Jared)"
36418,39795,FATHER_OF,"BROTHER_OF(Babel,Jared) ∧ FATHER_OF(Uzziel,Jared)"
36162,39795,FATHER_OF,"BROTHER_OF(Babel,Jared) ∧ FATHER_OF(Shammah,Jared)"
419644,39795,FATHER_OF,"BROTHER_OF(Babel,Jared) ∧ FATHER_OF(Shagee,Jared)"
36830,39795,FATHER_OF,"BROTHER_OF(Babel,Jared) ∧ FATHER_OF(Absalom,Jared)"
36627,39795,FATHER_OF,"BROTHER_OF(Babel,Jared) ∧ FATHER_OF(Shimei,Jared)"
30664,39795,FATHER_OF,"BROTHER_OF(Babel,Jared) ∧ FATHER_OF(Joseph Smith Sr.,Jared)"
213770,39795,FATHER_OF,"BROTHER_OF(Babel,Jared) ∧ FATHER_OF(Alexander Hale Smith,Jared)"
520857,39795,FATHER_OF,"BROTHER_OF(Babel,Jared) ∧ FATHER_OF(Patriarch Hyrum Smith,Jared)"
19092,39795,FATHER_OF,"BROTHER_OF(Babel,Jared) ∧ FATHER_OF(John,Jared)"
19097,39795,FATHER_OF,"BROTHER_OF(Babel,Jared) ∧ FATHER_OF(Joseph,Jared)"
106978,39795,FATHER_OF,"BROTHER_OF(Babel,Jared) ∧ FATHER_OF(Asael Smith,Jared)"
19871,158076,FATHER_OF,"BROTHER_OF(Because,Jared) ∧ FATHER_OF(Zacharias,Jared)"
397883,158076,FATHER_OF,"BROTHER_OF(Because,Jared) ∧ FATHER_OF(Mathew Woodruff,Jared)"
494839,158076,FATHER_OF,"BROTHER_OF(Because,Jared) ∧ FATHER_OF(Accos,Jared)"
35041,158076,FATHER_OF,"BROTHER_OF(Because,Jared) ∧ FATHER_OF(Mattathias,Jared)"
19872,158076,FATHER_OF,"BROTHER_OF(Because,Jared) ∧ FATHER_OF(Zechariah,Jared)"
204448,158076,FATHER_OF,"BROTHER_OF(Because,Jared) ∧ FATHER_OF(Alpheus,Jared)"
499765,158076,FATHER_OF,"BROTHER_OF(Because,Jared) ∧ FATHER_OF(Zehedee,Jared)"
621613,158076,FATHER_OF,"BROTHER_OF(Because,Jared) ∧ FATHER_OF(Zebedee Salome,Jared)"
42109,158076,FATHER_OF,"BROTHER_OF(Because,Jared) ∧ FATHER_OF(Joiada,Jared)"
19566,158076,FATHER_OF,"BROTHER_OF(Because,Jared) ∧ FATHER_OF(Shaul,Jared)"
19494,158076,FATHER_OF,"BROTHER_OF(Because,Jared) ∧ FATHER_OF(Paul,Jared)"
36417,158076,FATHER_OF,"BROTHER_OF(Because,Jared) ∧ FATHER_OF(Shemaiah,Jared)"
36161,158076,FATHER_OF,"BROTHER_OF(Because,Jared) ∧ FATHER_OF(Shage,Jared)"
36610,158076,FATHER_OF,"BROTHER_OF(Because,Jared) ∧ FATHER_OF(Shimea,Jared)"
35320,158076,FATHER_OF,"BROTHER_OF(Because,Jared) ∧ FATHER_OF(Abiathar,Jared)"
36418,158076,FATHER_OF,"BROTHER_OF(Because,Jared) ∧ FATHER_OF(Uzziel,Jared)"
36162,158076,FATHER_OF,"BROTHER_OF(Because,Jared) ∧ FATHER_OF(Shammah,Jared)"
419644,158076,FATHER_OF,"BROTHER_OF(Because,Jared) ∧ FATHER_OF(Shagee,Jared)"
36830,158076,FATHER_OF,"BROTHER_OF(Because,Jared) ∧ FATHER_OF(Absalom,Jared)"
36627,158076,FATHER_OF,"BROTHER_OF(Because,Jared) ∧ FATHER_OF(Shimei,Jared)"
30664,158076,FATHER_OF,"BROTHER_OF(Because,Jared) ∧ FATHER_OF(Joseph Smith Sr.,Jared)"
213770,158076,FATHER_OF,"BROTHER_OF(Because,Jared) ∧ FATHER_OF(Alexander Hale Smith,Jared)"
520857,158076,FATHER_OF,"BROTHER_OF(Because,Jared) ∧ FATHER_OF(Patriarch Hyrum Smith,Jared)"
19092,158076,FATHER_OF,"BROTHER_OF(Because,Jared) ∧ FATHER_OF(John,Jared)"
19097,158076,FATHER_OF,"BROTHER_OF(Because,Jared) ∧ FATHER_OF(Joseph,Jared)"
106978,158076,FATHER_OF,"BROTHER_OF(Because,Jared) ∧ FATHER_OF(Asael Smith,Jared)"
19871,453097,FATHER_OF,"BROTHER_OF(WELL,Jared) ∧ FATHER_OF(Zacharias,Jared)"
397883,453097,FATHER_OF,"BROTHER_OF(WELL,Jared) ∧ FATHER_OF(Mathew Woodruff,Jared)"
494839,453097,FATHER_OF,"BROTHER_OF(WELL,Jared) ∧ FATHER_OF(Accos,Jared)"
35041,453097,FATHER_OF,"BROTHER_OF(WELL,Jared) ∧ FATHER_OF(Mattathias,Jared)"
19872,453097,FATHER_OF,"BROTHER_OF(WELL,Jared) ∧ FATHER_OF(Zechariah,Jared)"
204448,453097,FATHER_OF,"BROTHER_OF(WELL,Jared) ∧ FATHER_OF(Alpheus,Jared)"
499765,453097,FATHER_OF,"BROTHER_OF(WELL,Jared) ∧ FATHER_OF(Zehedee,Jared)"
621613,453097,FATHER_OF,"BROTHER_OF(WELL,Jared) ∧ FATHER_OF(Zebedee Salome,Jared)"
42109,453097,FATHER_OF,"BROTHER_OF(WELL,Jared) ∧ FATHER_OF(Joiada,Jared)"
19566,453097,FATHER_OF,"BROTHER_OF(WELL,Jared) ∧ FATHER_OF(Shaul,Jared)"
19494,453097,FATHER_OF,"BROTHER_OF(WELL,Jared) ∧ FATHER_OF(Paul,Jared)"
36417,453097,FATHER_OF,"BROTHER_OF(WELL,Jared) ∧ FATHER_OF(Shemaiah,Jared)"
36161,453097,FATHER_OF,"BROTHER_OF(WELL,Jared) ∧ FATHER_OF(Shage,Jared)"
36610,453097,FATHER_OF,"BROTHER_OF(WELL,Jared) ∧ FATHER_OF(Shimea,Jared)"
35320,453097,FATHER_OF,"BROTHER_OF(WELL,Jared) ∧ FATHER_OF(Abiathar,Jared)"
36418,453097,FATHER_OF,"BROTHER_OF(WELL,Jared) ∧ FATHER_OF(Uzziel,Jared)"
36162,453097,FATHER_OF,"BROTHER_OF(WELL,Jared) ∧ FATHER_OF(Shammah,Jared)"
419644,453097,FATHER_OF,"BROTHER_OF(WELL,Jared) ∧ FATHER_OF(Shagee,Jared)"
36830,453097,FATHER_OF,"BROTHER_OF(WELL,Jared) ∧ FATHER_OF(Absalom,Jared)"
36627,453097,FATHER_OF,"BROTHER_OF(WELL,Jared) ∧ FATHER_OF(Shimei,Jared)"
30664,453097,FATHER_OF,"BROTHER_OF(WELL,Jared) ∧ FATHER_OF(Joseph Smith Sr.,Jared)"
213770,453097,FATHER_OF,"BROTHER_OF(WELL,Jared) ∧ FATHER_OF(Alexander Hale Smith,Jared)"
520857,453097,FATHER_OF,"BROTHER_OF(WELL,Jared) ∧ FATHER_OF(Patriarch Hyrum Smith,Jared)"
19092,453097,FATHER_OF,"BROTHER_OF(WELL,Jared) ∧ FATHER_OF(John,Jared)"
19097,453097,FATHER_OF,"BROTHER_OF(WELL,Jared) ∧ FATHER_OF(Joseph,Jared)"
106978,453097,FATHER_OF,"BROTHER_OF(WELL,Jared) ∧ FATHER_OF(Asael Smith,Jared)"
19871,3332,FATHER_OF,"BROTHER_OF(Mormon,Jared) ∧ FATHER_OF(Zacharias,Jared)"
397883,3332,FATHER_OF,"BROTHER_OF(Mormon,Jared) ∧ FATHER_OF(Mathew Woodruff,Jared)"
494839,3332,FATHER_OF,"BROTHER_OF(Mormon,Jared) ∧ FATHER_OF(Accos,Jared)"
35041,3332,FATHER_OF,"BROTHER_OF(Mormon,Jared) ∧ FATHER_OF(Mattathias,Jared)"
19872,3332,FATHER_OF,"BROTHER_OF(Mormon,Jared) ∧ FATHER_OF(Zechariah,Jared)"
204448,3332,FATHER_OF,"BROTHER_OF(Mormon,Jared) ∧ FATHER_OF(Alpheus,Jared)"
499765,3332,FATHER_OF,"BROTHER_OF(Mormon,Jared) ∧ FATHER_OF(Zehedee,Jared)"
621613,3332,FATHER_OF,"BROTHER_OF(Mormon,Jared) ∧ FATHER_OF(Zebedee Salome,Jared)"
42109,3332,FATHER_OF,"BROTHER_OF(Mormon,Jared) ∧ FATHER_OF(Joiada,Jared)"
19566,3332,FATHER_OF,"BROTHER_OF(Mormon,Jared) ∧ FATHER_OF(Shaul,Jared)"
19494,3332,FATHER_OF,"BROTHER_OF(Mormon,Jared) ∧ FATHER_OF(Paul,Jared)"
36417,3332,FATHER_OF,"BROTHER_OF(Mormon,Jared) ∧ FATHER_OF(Shemaiah,Jared)"
36161,3332,FATHER_OF,"BROTHER_OF(Mormon,Jared) ∧ FATHER_OF(Shage,Jared)"
36610,3332,FATHER_OF,"BROTHER_OF(Mormon,Jared) ∧ FATHER_OF(Shimea,Jared)"
35320,3332,FATHER_OF,"BROTHER_OF(Mormon,Jared) ∧ FATHER_OF(Abiathar,Jared)"
36418,3332,FATHER_OF,"BROTHER_OF(Mormon,Jared) ∧ FATHER_OF(Uzziel,Jared)"
36162,3332,FATHER_OF,"BROTHER_OF(Mormon,Jared) ∧ FATHER_OF(Shammah,Jared)"
419644,3332,FATHER_OF,"BROTHER_OF(Mormon,Jared) ∧ FATHER_OF(Shagee,Jared)"
36830,3332,FATHER_OF,"BROTHER_OF(Mormon,Jared) ∧ FATHER_OF(Absalom,Jared)"
36627,3332,FATHER_OF,"BROTHER_OF(Mormon,Jared) ∧ FATHER_OF(Shimei,Jared)"
30664,3332,FATHER_OF,"BROTHER_OF(Mormon,Jared) ∧ FATHER_OF(Joseph Smith Sr.,Jared)"
213770,3332,FATHER_OF,"BROTHER_OF(Mormon,Jared) ∧ FATHER_OF(Alexander Hale Smith,Jared)"
520857,3332,FATHER_OF,"BROTHER_OF(Mormon,Jared) ∧ FATHER_OF(Patriarch Hyrum Smith,Jared)"
19092,3332,FATHER_OF,"BROTHER_OF(Mormon,Jared) ∧ FATHER_OF(John,Jared)"
19097,3332,FATHER_OF,"BROTHER_OF(Mormon,Jared) ∧ FATHER_OF(Joseph,Jared)"
106978,3332,FATHER_OF,"BROTHER_OF(Mormon,Jared) ∧ FATHER_OF(Asael Smith,Jared)"
19871,304044,FATHER_OF,"BROTHER_OF(But,Jared) ∧ FATHER_OF(Zacharias,Jared)"
397883,304044,FATHER_OF,"BROTHER_OF(But,Jared) ∧ FATHER_OF(Mathew Woodruff,Jared)"
494839,304044,FATHER_OF,"BROTHER_OF(But,Jared) ∧ FATHER_OF(Accos,Jared)"
35041,304044,FATHER_OF,"BROTHER_OF(But,Jared) ∧ FATHER_OF(Mattathias,Jared)"
19872,304044,FATHER_OF,"BROTHER_OF(But,Jared) ∧ FATHER_OF(Zechariah,Jared)"
204448,304044,FATHER_OF,"BROTHER_OF(But,Jared) ∧ FATHER_OF(Alpheus,Jared)"
499765,304044,FATHER_OF,"BROTHER_OF(But,Jared) ∧ FATHER_OF(Zehedee,Jared)"
621613,304044,FATHER_OF,"BROTHER_OF(But,Jared) ∧ FATHER_OF(Zebedee Salome,Jared)"
42109,304044,FATHER_OF,"BROTHER_OF(But,Jared) ∧ FATHER_OF(Joiada,Jared)"
19566,304044,FATHER_OF,"BROTHER_OF(But,Jared) ∧ FATHER_OF(Shaul,Jared)"
19494,304044,FATHER_OF,"BROTHER_OF(But,Jared) ∧ FATHER_OF(Paul,Jared)"
36417,304044,FATHER_OF,"BROTHER_OF(But,Jared) ∧ FATHER_OF(Shemaiah,Jared)"
36161,304044,FATHER_OF,"BROTHER_OF(But,Jared) ∧ FATHER_OF(Shage,Jared)"
36610,304044,FATHER_OF,"BROTHER_OF(But,Jared) ∧ FATHER_OF(Shimea,Jared)"
35320,304044,FATHER_OF,"BROTHER_OF(But,Jared) ∧ FATHER_OF(Abiathar,Jared)"
36418,304044,FATHER_OF,"BROTHER_OF(But,Jared) ∧ FATHER_OF(Uzziel,Jared)"
36162,304044,FATHER_OF,"BROTHER_OF(But,Jared) ∧ FATHER_OF(Shammah,Jared)"
419644,304044,FATHER_OF,"BROTHER_OF(But,Jared) ∧ FATHER_OF(Shagee,Jared)"
36830,304044,FATHER_OF,"BROTHER_OF(But,Jared) ∧ FATHER_OF(Absalom,Jared)"
36627,304044,FATHER_OF,"BROTHER_OF(But,Jared) ∧ FATHER_OF(Shimei,Jared)"
30664,304044,FATHER_OF,"BROTHER_OF(But,Jared) ∧ FATHER_OF(Joseph Smith Sr.,Jared)"
213770,304044,FATHER_OF,"BROTHER_OF(But,Jared) ∧ FATHER_OF(Alexander Hale Smith,Jared)"
520857,304044,FATHER_OF,"BROTHER_OF(But,Jared) ∧ FATHER_OF(Patriarch Hyrum Smith,Jared)"
19092,304044,FATHER_OF,"BROTHER_OF(But,Jared) ∧ FATHER_OF(John,Jared)"
19097,304044,FATHER_OF,"BROTHER_OF(But,Jared) ∧ FATHER_OF(Joseph,Jared)"
106978,304044,FATHER_OF,"BROTHER_OF(But,Jared) ∧ FATHER_OF(Asael Smith,Jared)"
19871,18866,FATHER_OF,"BROTHER_OF(Noah,Jared) ∧ FATHER_OF(Zacharias,Jared)"
397883,18866,FATHER_OF,"BROTHER_OF(Noah,Jared) ∧ FATHER_OF(Mathew Woodruff,Jared)"
494839,18866,FATHER_OF,"BROTHER_OF(Noah,Jared) ∧ FATHER_OF(Accos,Jared)"
35041,18866,FATHER_OF,"BROTHER_OF(Noah,Jared) ∧ FATHER_OF(Mattathias,Jared)"
19872,18866,FATHER_OF,"BROTHER_OF(Noah,Jared) ∧ FATHER_OF(Zechariah,Jared)"
204448,18866,FATHER_OF,"BROTHER_OF(Noah,Jared) ∧ FATHER_OF(Alpheus,Jared)"
499765,18866,FATHER_OF,"BROTHER_OF(Noah,Jared) ∧ FATHER_OF(Zehedee,Jared)"
621613,18866,FATHER_OF,"BROTHER_OF(Noah,Jared) ∧ FATHER_OF(Zebedee Salome,Jared)"
42109,18866,FATHER_OF,"BROTHER_OF(Noah,Jared) ∧ FATHER_OF(Joiada,Jared)"
19566,18866,FATHER_OF,"BROTHER_OF(Noah,Jared) ∧ FATHER_OF(Shaul,Jared)"
19494,18866,FATHER_OF,"BROTHER_OF(Noah,Jared) ∧ FATHER_OF(Paul,Jared)"
36417,18866,FATHER_OF,"BROTHER_OF(Noah,Jared) ∧ FATHER_OF(Shemaiah,Jared)"
36161,18866,FATHER_OF,"BROTHER_OF(Noah,Jared) ∧ FATHER_OF(Shage,Jared)"
36610,18866,FATHER_OF,"BROTHER_OF(Noah,Jared) ∧ FATHER_OF(Shimea,Jared)"
35320,18866,FATHER_OF,"BROTHER_OF(Noah,Jared) ∧ FATHER_OF(Abiathar,Jared)"
36418,18866,FATHER_OF,"BROTHER_OF(Noah,Jared) ∧ FATHER_OF(Uzziel,Jared)"
36162,18866,FATHER_OF,"BROTHER_OF(Noah,Jared) ∧ FATHER_OF(Shammah,Jared)"
419644,18866,FATHER_OF,"BROTHER_OF(Noah,Jared) ∧ FATHER_OF(Shagee,Jared)"
36830,18866,FATHER_OF,"BROTHER_OF(Noah,Jared) ∧ FATHER_OF(Absalom,Jared)"
36627,18866,FATHER_OF,"BROTHER_OF(Noah,Jared) ∧ FATHER_OF(Shimei,Jared)"
30664,18866,FATHER_OF,"BROTHER_OF(Noah,Jared) ∧ FATHER_OF(Joseph Smith Sr.,Jared)"
213770,18866,FATHER_OF,"BROTHER_OF(Noah,Jared) ∧ FATHER_OF(Alexander Hale Smith,Jared)"
520857,18866,FATHER_OF,"BROTHER_OF(Noah,Jared) ∧ FATHER_OF(Patriarch Hyrum Smith,Jared)"
19092,18866,FATHER_OF,"BROTHER_OF(Noah,Jared) ∧ FATHER_OF(John,Jared)"
19097,18866,FATHER_OF,"BROTHER_OF(Noah,Jared) ∧ FATHER_OF(Joseph,Jared)"
106978,18866,FATHER_OF,"BROTHER_OF(Noah,Jared) ∧ FATHER_OF(Asael Smith,Jared)"
19871,639260,FATHER_OF,"BROTHER_OF(REMEMBER,Jared) ∧ FATHER_OF(Zacharias,Jared)"
397883,639260,FATHER_OF,"BROTHER_OF(REMEMBER,Jared) ∧ FATHER_OF(Mathew Woodruff,Jared)"
494839,639260,FATHER_OF,"BROTHER_OF(REMEMBER,Jared) ∧ FATHER_OF(Accos,Jared)"
35041,639260,FATHER_OF,"BROTHER_OF(REMEMBER,Jared) ∧ FATHER_OF(Mattathias,Jared)"
19872,639260,FATHER_OF,"BROTHER_OF(REMEMBER,Jared) ∧ FATHER_OF(Zechariah,Jared)"
204448,639260,FATHER_OF,"BROTHER_OF(REMEMBER,Jared) ∧ FATHER_OF(Alpheus,Jared)"
499765,639260,FATHER_OF,"BROTHER_OF(REMEMBER,Jared) ∧ FATHER_OF(Zehedee,Jared)"
621613,639260,FATHER_OF,"BROTHER_OF(REMEMBER,Jared) ∧ FATHER_OF(Zebedee Salome,Jared)"
42109,639260,FATHER_OF,"BROTHER_OF(REMEMBER,Jared) ∧ FATHER_OF(Joiada,Jared)"
19566,639260,FATHER_OF,"BROTHER_OF(REMEMBER,Jared) ∧ FATHER_OF(Shaul,Jared)"
19494,639260,FATHER_OF,"BROTHER_OF(REMEMBER,Jared) ∧ FATHER_OF(Paul,Jared)"
36417,639260,FATHER_OF,"BROTHER_OF(REMEMBER,Jared) ∧ FATHER_OF(Shemaiah,Jared)"
36161,639260,FATHER_OF,"BROTHER_OF(REMEMBER,Jared) ∧ FATHER_OF(Shage,Jared)"
36610,639260,FATHER_OF,"BROTHER_OF(REMEMBER,Jared) ∧ FATHER_OF(Shimea,Jared)"
35320,639260,FATHER_OF,"BROTHER_OF(REMEMBER,Jared) ∧ FATHER_OF(Abiathar,Jared)"
36418,639260,FATHER_OF,"BROTHER_OF(REMEMBER,Jared) ∧ FATHER_OF(Uzziel,Jared)"
36162,639260,FATHER_OF,"BROTHER_OF(REMEMBER,Jared) ∧ FATHER_OF(Shammah,Jared)"
419644,639260,FATHER_OF,"BROTHER_OF(REMEMBER,Jared) ∧ FATHER_OF(Shagee,Jared)"
36830,639260,FATHER_OF,"BROTHER_OF(REMEMBER,Jared) ∧ FATHER_OF(Absalom,Jared)"
36627,639260,FATHER_OF,"BROTHER_OF(REMEMBER,Jared) ∧ FATHER_OF(Shimei,Jared)"
30664,639260,FATHER_OF,"BROTHER_OF(REMEMBER,Jared) ∧ FATHER_OF(Joseph Smith Sr.,Jared)"
213770,639260,FATHER_OF,"BROTHER_OF(REMEMBER,Jared) ∧ FATHER_OF(Alexander Hale Smith,Jared)"
520857,639260,FATHER_OF,"BROTHER_OF(REMEMBER,Jared) ∧ FATHER_OF(Patriarch Hyrum Smith,Jared)"
19092,639260,FATHER_OF,"BROTHER_OF(REMEMBER,Jared) ∧ FATHER_OF(John,Jared)"
19097,639260,FATHER_OF,"BROTHER_OF(REMEMBER,Jared) ∧ FATHER_OF(Joseph,Jared)"
106978,639260,FATHER_OF,"BROTHER_OF(REMEMBER,Jared) ∧ FATHER_OF(Asael Smith,Jared)"
19871,306734,FATHER_OF,"BROTHER_OF(Probablemente,Jared) ∧ FATHER_OF(Zacharias,Jared)"
397883,306734,FATHER_OF,"BROTHER_OF(Probablemente,Jared) ∧ FATHER_OF(Mathew Woodruff,Jared)"
494839,306734,FATHER_OF,"BROTHER_OF(Probablemente,Jared) ∧ FATHER_OF(Accos,Jared)"
35041,306734,FATHER_OF,"BROTHER_OF(Probablemente,Jared) ∧ FATHER_OF(Mattathias,Jared)"
19872,306734,FATHER_OF,"BROTHER_OF(Probablemente,Jared) ∧ FATHER_OF(Zechariah,Jared)"
204448,306734,FATHER_OF,"BROTHER_OF(Probablemente,Jared) ∧ FATHER_OF(Alpheus,Jared)"
499765,306734,FATHER_OF,"BROTHER_OF(Probablemente,Jared) ∧ FATHER_OF(Zehedee,Jared)"
621613,306734,FATHER_OF,"BROTHER_OF(Probablemente,Jared) ∧ FATHER_OF(Zebedee Salome,Jared)"
42109,306734,FATHER_OF,"BROTHER_OF(Probablemente,Jared) ∧ FATHER_OF(Joiada,Jared)"
19566,306734,FATHER_OF,"BROTHER_OF(Probablemente,Jared) ∧ FATHER_OF(Shaul,Jared)"
19494,306734,FATHER_OF,"BROTHER_OF(Probablemente,Jared) ∧ FATHER_OF(Paul,Jared)"
36417,306734,FATHER_OF,"BROTHER_OF(Probablemente,Jared) ∧ FATHER_OF(Shemaiah,Jared)"
36161,306734,FATHER_OF,"BROTHER_OF(Probablemente,Jared) ∧ FATHER_OF(Shage,Jared)"
36610,306734,FATHER_OF,"BROTHER_OF(Probablemente,Jared) ∧ FATHER_OF(Shimea,Jared)"
35320,306734,FATHER_OF,"BROTHER_OF(Probablemente,Jared) ∧ FATHER_OF(Abiathar,Jared)"
36418,306734,FATHER_OF,"BROTHER_OF(Probablemente,Jared) ∧ FATHER_OF(Uzziel,Jared)"
36162,306734,FATHER_OF,"BROTHER_OF(Probablemente,Jared) ∧ FATHER_OF(Shammah,Jared)"
419644,306734,FATHER_OF,"BROTHER_OF(Probablemente,Jared) ∧ FATHER_OF(Shagee,Jared)"
36830,306734,FATHER_OF,"BROTHER_OF(Probablemente,Jared) ∧ FATHER_OF(Absalom,Jared)"
36627,306734,FATHER_OF,"BROTHER_OF(Probablemente,Jared) ∧ FATHER_OF(Shimei,Jared)"
30664,306734,FATHER_OF,"BROTHER_OF(Probablemente,Jared) ∧ FATHER_OF(Joseph Smith Sr.,Jared)"
213770,306734,FATHER_OF,"BROTHER_OF(Probablemente,Jared) ∧ FATHER_OF(Alexander Hale Smith,Jared)"
520857,306734,FATHER_OF,"BROTHER_OF(Probablemente,Jared) ∧ FATHER_OF(Patriarch Hyrum Smith,Jared)"
19092,306734,FATHER_OF,"BROTHER_OF(Probablemente,Jared) ∧ FATHER_OF(John,Jared)"
19097,306734,FATHER_OF,"BROTHER_OF(Probablemente,Jared) ∧ FATHER_OF(Joseph,Jared)"
106978,306734,FATHER_OF,"BROTHER_OF(Probablemente,Jared) ∧ FATHER_OF(Asael Smith,Jared)"
19871,764231,FATHER_OF,"BROTHER_OF(Del,Jared) ∧ FATHER_OF(Zacharias,Jared)"
397883,764231,FATHER_OF,"BROTHER_OF(Del,Jared) ∧ FATHER_OF(Mathew Woodruff,Jared)"
494839,764231,FATHER_OF,"BROTHER_OF(Del,Jared) ∧ FATHER_OF(Accos,Jared)"
35041,764231,FATHER_OF,"BROTHER_OF(Del,Jared) ∧ FATHER_OF(Mattathias,Jared)"
19872,764231,FATHER_OF,"BROTHER_OF(Del,Jared) ∧ FATHER_OF(Zechariah,Jared)"
204448,764231,FATHER_OF,"BROTHER_OF(Del,Jared) ∧ FATHER_OF(Alpheus,Jared)"
499765,764231,FATHER_OF,"BROTHER_OF(Del,Jared) ∧ FATHER_OF(Zehedee,Jared)"
621613,764231,FATHER_OF,"BROTHER_OF(Del,Jared) ∧ FATHER_OF(Zebedee Salome,Jared)"
42109,764231,FATHER_OF,"BROTHER_OF(Del,Jared) ∧ FATHER_OF(Joiada,Jared)"
19566,764231,FATHER_OF,"BROTHER_OF(Del,Jared) ∧ FATHER_OF(Shaul,Jared)"
19494,764231,FATHER_OF,"BROTHER_OF(Del,Jared) ∧ FATHER_OF(Paul,Jared)"
36417,764231,FATHER_OF,"BROTHER_OF(Del,Jared) ∧ FATHER_OF(Shemaiah,Jared)"
36161,764231,FATHER_OF,"BROTHER_OF(Del,Jared) ∧ FATHER_OF(Shage,Jared)"
36610,764231,FATHER_OF,"BROTHER_OF(Del,Jared) ∧ FATHER_OF(Shimea,Jared)"
35320,764231,FATHER_OF,"BROTHER_OF(Del,Jared) ∧ FATHER_OF(Abiathar,Jared)"
36418,764231,FATHER_OF,"BROTHER_OF(Del,Jared) ∧ FATHER_OF(Uzziel,Jared)"
36162,764231,FATHER_OF,"BROTHER_OF(Del,Jared) ∧ FATHER_OF(Shammah,Jared)"
419644,764231,FATHER_OF,"BROTHER_OF(Del,Jared) ∧ FATHER_OF(Shagee,Jared)"
36830,764231,FATHER_OF,"BROTHER_OF(Del,Jared) ∧ FATHER_OF(Absalom,Jared)"
36627,764231,FATHER_OF,"BROTHER_OF(Del,Jared) ∧ FATHER_OF(Shimei,Jared)"
30664,764231,FATHER_OF,"BROTHER_OF(Del,Jared) ∧ FATHER_OF(Joseph Smith Sr.,Jared)"
213770,764231,FATHER_OF,"BROTHER_OF(Del,Jared) ∧ FATHER_OF(Alexander Hale Smith,Jared)"
520857,764231,FATHER_OF,"BROTHER_OF(Del,Jared) ∧ FATHER_OF(Patriarch Hyrum Smith,Jared)"
19092,764231,FATHER_OF,"BROTHER_OF(Del,Jared) ∧ FATHER_OF(John,Jared)"
19097,764231,FATHER_OF,"BROTHER_OF(Del,Jared) ∧ FATHER_OF(Joseph,Jared)"
106978,764231,FATHER_OF,"BROTHER_OF(Del,Jared) ∧ FATHER_OF(Asael Smith,Jared)"
19871,7501,FATHER_OF,"BROTHER_OF(Entonces,Jared) ∧ FATHER_OF(Zacharias,Jared)"
397883,7501,FATHER_OF,"BROTHER_OF(Entonces,Jared) ∧ FATHER_OF(Mathew Woodruff,Jared)"
494839,7501,FATHER_OF,"BROTHER_OF(Entonces,Jared) ∧ FATHER_OF(Accos,Jared)"
35041,7501,FATHER_OF,"BROTHER_OF(Entonces,Jared) ∧ FATHER_OF(Mattathias,Jared)"
19872,7501,FATHER_OF,"BROTHER_OF(Entonces,Jared) ∧ FATHER_OF(Zechariah,Jared)"
204448,7501,FATHER_OF,"BROTHER_OF(Entonces,Jared) ∧ FATHER_OF(Alpheus,Jared)"
499765,7501,FATHER_OF,"BROTHER_OF(Entonces,Jared) ∧ FATHER_OF(Zehedee,Jared)"
621613,7501,FATHER_OF,"BROTHER_OF(Entonces,Jared) ∧ FATHER_OF(Zebedee Salome,Jared)"
42109,7501,FATHER_OF,"BROTHER_OF(Entonces,Jared) ∧ FATHER_OF(Joiada,Jared)"
19566,7501,FATHER_OF,"BROTHER_OF(Entonces,Jared) ∧ FATHER_OF(Shaul,Jared)"
19494,7501,FATHER_OF,"BROTHER_OF(Entonces,Jared) ∧ FATHER_OF(Paul,Jared)"
36417,7501,FATHER_OF,"BROTHER_OF(Entonces,Jared) ∧ FATHER_OF(Shemaiah,Jared)"
36161,7501,FATHER_OF,"BROTHER_OF(Entonces,Jared) ∧ FATHER_OF(Shage,Jared)"
36610,7501,FATHER_OF,"BROTHER_OF(Entonces,Jared) ∧ FATHER_OF(Shimea,Jared)"
35320,7501,FATHER_OF,"BROTHER_OF(Entonces,Jared) ∧ FATHER_OF(Abiathar,Jared)"
36418,7501,FATHER_OF,"BROTHER_OF(Entonces,Jared) ∧ FATHER_OF(Uzziel,Jared)"
36162,7501,FATHER_OF,"BROTHER_OF(Entonces,Jared) ∧ FATHER_OF(Shammah,Jared)"
419644,7501,FATHER_OF,"BROTHER_OF(Entonces,Jared) ∧ FATHER_OF(Shagee,Jared)"
36830,7501,FATHER_OF,"BROTHER_OF(Entonces,Jared) ∧ FATHER_OF(Absalom,Jared)"
36627,7501,FATHER_OF,"BROTHER_OF(Entonces,Jared) ∧ FATHER_OF(Shimei,Jared)"
30664,7501,FATHER_OF,"BROTHER_OF(Entonces,Jared) ∧ FATHER_OF(Joseph Smith Sr.,Jared)"
213770,7501,FATHER_OF,"BROTHER_OF(Entonces,Jared) ∧ FATHER_OF(Alexander Hale Smith,Jared)"
520857,7501,FATHER_OF,"BROTHER_OF(Entonces,Jared) ∧ FATHER_OF(Patriarch Hyrum Smith,Jared)"
19092,7501,FATHER_OF,"BROTHER_OF(Entonces,Jared) ∧ FATHER_OF(John,Jared)"
19097,7501,FATHER_OF,"BROTHER_OF(Entonces,Jared) ∧ FATHER_OF(Joseph,Jared)"
106978,7501,FATHER_OF,"BROTHER_OF(Entonces,Jared) ∧ FATHER_OF(Asael Smith,Jared)"
19536,19581,FATHER_OF,"BROTHER_OF(Simon,Jonathan) ∧ FATHER_OF(Rachel,Jonathan)"
35060,19581,FATHER_OF,"BROTHER_OF(Simon,Jonathan) ∧ FATHER_OF(Jonan,Jonathan)"
35037,19581,FATHER_OF,"BROTHER_OF(Simon,Jonathan) ∧ FATHER_OF(Heli,Jonathan)"
3416,19581,FATHER_OF,"BROTHER_OF(Simon,Jonathan) ∧ FATHER_OF(Amos,Jonathan)"
19109,19581,FATHER_OF,"BROTHER_OF(Simon,Jonathan) ∧ FATHER_OF(Jude,Jonathan)"
18670,19581,FATHER_OF,"BROTHER_OF(Simon,Jonathan) ∧ FATHER_OF(Eli,Jonathan)"
409594,19581,FATHER_OF,"BROTHER_OF(Simon,Jonathan) ∧ FATHER_OF(Jonam,Jonathan)"
15527,19581,FATHER_OF,"BROTHER_OF(Simon,Jonathan) ∧ FATHER_OF(Potiphera,Jonathan)"
30497,19581,FATHER_OF,"BROTHER_OF(Simon,Jonathan) ∧ FATHER_OF(Hyrum,Jonathan)"
5852,19581,FATHER_OF,"BROTHER_OF(Simon,Jonathan) ∧ FATHER_OF(Cuando,Jonathan)"
19583,19581,FATHER_OF,"BROTHER_OF(Simon,Jonathan) ∧ FATHER_OF(Hyrum Smith,Jonathan)"
391257,19581,FATHER_OF,"BROTHER_OF(Simon,Jonathan) ∧ FATHER_OF(Patriarch,Jonathan)"
30358,19581,FATHER_OF,"BROTHER_OF(Simon,Jonathan) ∧ FATHER_OF(Mahalaleel,Jonathan)"
8513,19581,FATHER_OF,"BROTHER_OF(Simon,Jonathan) ∧ FATHER_OF(Omer,Jonathan)"
609199,19581,FATHER_OF,"BROTHER_OF(Simon,Jonathan) ∧ FATHER_OF(Mahaleel,Jonathan)"
19871,19268,FATHER_OF,"BROTHER_OF(Thomas,Jared) ∧ FATHER_OF(Zacharias,Jared)"
397883,19268,FATHER_OF,"BROTHER_OF(Thomas,Jared) ∧ FATHER_OF(Mathew Woodruff,Jared)"
494839,19268,FATHER_OF,"BROTHER_OF(Thomas,Jared) ∧ FATHER_OF(Accos,Jared)"
35041,19268,FATHER_OF,"BROTHER_OF(Thomas,Jared) ∧ FATHER_OF(Mattathias,Jared)"
19872,19268,FATHER_OF,"BROTHER_OF(Thomas,Jared) ∧ FATHER_OF(Zechariah,Jared)"
204448,19268,FATHER_OF,"BROTHER_OF(Thomas,Jared) ∧ FATHER_OF(Alpheus,Jared)"
499765,19268,FATHER_OF,"BROTHER_OF(Thomas,Jared) ∧ FATHER_OF(Zehedee,Jared)"
621613,19268,FATHER_OF,"BROTHER_OF(Thomas,Jared) ∧ FATHER_OF(Zebedee Salome,Jared)"
42109,19268,FATHER_OF,"BROTHER_OF(Thomas,Jared) ∧ FATHER_OF(Joiada,Jared)"
19566,19268,FATHER_OF,"BROTHER_OF(Thomas,Jared) ∧ FATHER_OF(Shaul,Jared)"
19494,19268,FATHER_OF,"BROTHER_OF(Thomas,Jared) ∧ FATHER_OF(Paul,Jared)"
36417,19268,FATHER_OF,"BROTHER_OF(Thomas,Jared) ∧ FATHER_OF(Shemaiah,Jared)"
36161,19268,FATHER_OF,"BROTHER_OF(Thomas,Jared) ∧ FATHER_OF(Shage,Jared)"
36610,19268,FATHER_OF,"BROTHER_OF(Thomas,Jared) ∧ FATHER_OF(Shimea,Jared)"
35320,19268,FATHER_OF,"BROTHER_OF(Thomas,Jared) ∧ FATHER_OF(Abiathar,Jared)"
36418,19268,FATHER_OF,"BROTHER_OF(Thomas,Jared) ∧ FATHER_OF(Uzziel,Jared)"
36162,19268,FATHER_OF,"BROTHER_OF(Thomas,Jared) ∧ FATHER_OF(Shammah,Jared)"
419644,19268,FATHER_OF,"BROTHER_OF(Thomas,Jared) ∧ FATHER_OF(Shagee,Jared)"
36830,19268,FATHER_OF,"BROTHER_OF(Thomas,Jared) ∧ FATHER_OF(Absalom,Jared)"
36627,19268,FATHER_OF,"BROTHER_OF(Thomas,Jared) ∧ FATHER_OF(Shimei,Jared)"
30664,19268,FATHER_OF,"BROTHER_OF(Thomas,Jared) ∧ FATHER_OF(Joseph Smith Sr.,Jared)"
213770,19268,FATHER_OF,"BROTHER_OF(Thomas,Jared) ∧ FATHER_OF(Alexander Hale Smith,Jared)"
520857,19268,FATHER_OF,"BROTHER_OF(Thomas,Jared) ∧ FATHER_OF(Patriarch Hyrum Smith,Jared)"
19092,19268,FATHER_OF,"BROTHER_OF(Thomas,Jared) ∧ FATHER_OF(John,Jared)"
19097,19268,FATHER_OF,"BROTHER_OF(Thomas,Jared) ∧ FATHER_OF(Joseph,Jared)"
106978,19268,FATHER_OF,"BROTHER_OF(Thomas,Jared) ∧ FATHER_OF(Asael Smith,Jared)"
19871,106852,FATHER_OF,"BROTHER_OF(Mount Shelem,Jared) ∧ FATHER_OF(Zacharias,Jared)"
397883,106852,FATHER_OF,"BROTHER_OF(Mount Shelem,Jared) ∧ FATHER_OF(Mathew Woodruff,Jared)"
494839,106852,FATHER_OF,"BROTHER_OF(Mount Shelem,Jared) ∧ FATHER_OF(Accos,Jared)"
35041,106852,FATHER_OF,"BROTHER_OF(Mount Shelem,Jared) ∧ FATHER_OF(Mattathias,Jared)"
19872,106852,FATHER_OF,"BROTHER_OF(Mount Shelem,Jared) ∧ FATHER_OF(Zechariah,Jared)"
204448,106852,FATHER_OF,"BROTHER_OF(Mount Shelem,Jared) ∧ FATHER_OF(Alpheus,Jared)"
499765,106852,FATHER_OF,"BROTHER_OF(Mount Shelem,Jared) ∧ FATHER_OF(Zehedee,Jared)"
621613,106852,FATHER_OF,"BROTHER_OF(Mount Shelem,Jared) ∧ FATHER_OF(Zebedee Salome,Jared)"
42109,106852,FATHER_OF,"BROTHER_OF(Mount Shelem,Jared) ∧ FATHER_OF(Joiada,Jared)"
19566,106852,FATHER_OF,"BROTHER_OF(Mount Shelem,Jared) ∧ FATHER_OF(Shaul,Jared)"
19494,106852,FATHER_OF,"BROTHER_OF(Mount Shelem,Jared) ∧ FATHER_OF(Paul,Jared)"
36417,106852,FATHER_OF,"BROTHER_OF(Mount Shelem,Jared) ∧ FATHER_OF(Shemaiah,Jared)"
36161,106852,FATHER_OF,"BROTHER_OF(Mount Shelem,Jared) ∧ FATHER_OF(Shage,Jared)"
36610,106852,FATHER_OF,"BROTHER_OF(Mount Shelem,Jared) ∧ FATHER_OF(Shimea,Jared)"
35320,106852,FATHER_OF,"BROTHER_OF(Mount Shelem,Jared) ∧ FATHER_OF(Abiathar,Jared)"
36418,106852,FATHER_OF,"BROTHER_OF(Mount Shelem,Jared) ∧ FATHER_OF(Uzziel,Jared)"
36162,106852,FATHER_OF,"BROTHER_OF(Mount Shelem,Jared) ∧ FATHER_OF(Shammah,Jared)"
419644,106852,FATHER_OF,"BROTHER_OF(Mount Shelem,Jared) ∧ FATHER_OF(Shagee,Jared)"
36830,106852,FATHER_OF,"BROTHER_OF(Mount Shelem,Jared) ∧ FATHER_OF(Absalom,Jared)"
36627,106852,FATHER_OF,"BROTHER_OF(Mount Shelem,Jared) ∧ FATHER_OF(Shimei,Jared)"
30664,106852,FATHER_OF,"BROTHER_OF(Mount Shelem,Jared) ∧ FATHER_OF(Joseph Smith Sr.,Jared)"
213770,106852,FATHER_OF,"BROTHER_OF(Mount Shelem,Jared) ∧ FATHER_OF(Alexander Hale Smith,Jared)"
520857,106852,FATHER_OF,"BROTHER_OF(Mount Shelem,Jared) ∧ FATHER_OF(Patriarch Hyrum Smith,Jared)"
19092,106852,FATHER_OF,"BROTHER_OF(Mount Shelem,Jared) ∧ FATHER_OF(John,Jared)"
19097,106852,FATHER_OF,"BROTHER_OF(Mount Shelem,Jared) ∧ FATHER_OF(Joseph,Jared)"
106978,106852,FATHER_OF,"BROTHER_OF(Mount Shelem,Jared) ∧ FATHER_OF(Asael Smith,Jared)"
19871,168591,FATHER_OF,"BROTHER_OF(Likewise,Jared) ∧ FATHER_OF(Zacharias,Jared)"
397883,168591,FATHER_OF,"BROTHER_OF(Likewise,Jared) ∧ FATHER_OF(Mathew Woodruff,Jared)"
494839,168591,FATHER_OF,"BROTHER_OF(Likewise,Jared) ∧ FATHER_OF(Accos,Jared)"
35041,168591,FATHER_OF,"BROTHER_OF(Likewise,Jared) ∧ FATHER_OF(Mattathias,Jared)"
19872,168591,FATHER_OF,"BROTHER_OF(Likewise,Jared) ∧ FATHER_OF(Zechariah,Jared)"
204448,168591,FATHER_OF,"BROTHER_OF(Likewise,Jared) ∧ FATHER_OF(Alpheus,Jared)"
499765,168591,FATHER_OF,"BROTHER_OF(Likewise,Jared) ∧ FATHER_OF(Zehedee,Jared)"
621613,168591,FATHER_OF,"BROTHER_OF(Likewise,Jared) ∧ FATHER_OF(Zebedee Salome,Jared)"
42109,168591,FATHER_OF,"BROTHER_OF(Likewise,Jared) ∧ FATHER_OF(Joiada,Jared)"
19566,168591,FATHER_OF,"BROTHER_OF(Likewise,Jared) ∧ FATHER_OF(Shaul,Jared)"
19494,168591,FATHER_OF,"BROTHER_OF(Likewise,Jared) ∧ FATHER_OF(Paul,Jared)"
36417,168591,FATHER_OF,"BROTHER_OF(Likewise,Jared) ∧ FATHER_OF(Shemaiah,Jared)"
36161,168591,FATHER_OF,"BROTHER_OF(Likewise,Jared) ∧ FATHER_OF(Shage,Jared)"
36610,168591,FATHER_OF,"BROTHER_OF(Likewise,Jared) ∧ FATHER_OF(Shimea,Jared)"
35320,168591,FATHER_OF,"BROTHER_OF(Likewise,Jared) ∧ FATHER_OF(Abiathar,Jared)"
36418,168591,FATHER_OF,"BROTHER_OF(Likewise,Jared) ∧ FATHER_OF(Uzziel,Jared)"
36162,168591,FATHER_OF,"BROTHER_OF(Likewise,Jared) ∧ FATHER_OF(Shammah,Jared)"
419644,168591,FATHER_OF,"BROTHER_OF(Likewise,Jared) ∧ FATHER_OF(Shagee,Jared)"
36830,168591,FATHER_OF,"BROTHER_OF(Likewise,Jared) ∧ FATHER_OF(Absalom,Jared)"
36627,168591,FATHER_OF,"BROTHER_OF(Likewise,Jared) ∧ FATHER_OF(Shimei,Jared)"
30664,168591,FATHER_OF,"BROTHER_OF(Likewise,Jared) ∧ FATHER_OF(Joseph Smith Sr.,Jared)"
213770,168591,FATHER_OF,"BROTHER_OF(Likewise,Jared) ∧ FATHER_OF(Alexander Hale Smith,Jared)"
520857,168591,FATHER_OF,"BROTHER_OF(Likewise,Jared) ∧ FATHER_OF(Patriarch Hyrum Smith,Jared)"
19092,168591,FATHER_OF,"BROTHER_OF(Likewise,Jared) ∧ FATHER_OF(John,Jared)"
19097,168591,FATHER_OF,"BROTHER_OF(Likewise,Jared) ∧ FATHER_OF(Joseph,Jared)"
106978,168591,FATHER_OF,"BROTHER_OF(Likewise,Jared) ∧ FATHER_OF(Asael Smith,Jared)"
19871,779306,FATHER_OF,"BROTHER_OF(INTERESTINGLY,Jared) ∧ FATHER_OF(Zacharias,Jared)"
397883,779306,FATHER_OF,"BROTHER_OF(INTERESTINGLY,Jared) ∧ FATHER_OF(Mathew Woodruff,Jared)"
494839,779306,FATHER_OF,"BROTHER_OF(INTERESTINGLY,Jared) ∧ FATHER_OF(Accos,Jared)"
35041,779306,FATHER_OF,"BROTHER_OF(INTERESTINGLY,Jared) ∧ FATHER_OF(Mattathias,Jared)"
19872,779306,FATHER_OF,"BROTHER_OF(INTERESTINGLY,Jared) ∧ FATHER_OF(Zechariah,Jared)"
204448,779306,FATHER_OF,"BROTHER_OF(INTERESTINGLY,Jared) ∧ FATHER_OF(Alpheus,Jared)"
499765,779306,FATHER_OF,"BROTHER_OF(INTERESTINGLY,Jared) ∧ FATHER_OF(Zehedee,Jared)"
621613,779306,FATHER_OF,"BROTHER_OF(INTERESTINGLY,Jared) ∧ FATHER_OF(Zebedee Salome,Jared)"
42109,779306,FATHER_OF,"BROTHER_OF(INTERESTINGLY,Jared) ∧ FATHER_OF(Joiada,Jared)"
19566,779306,FATHER_OF,"BROTHER_OF(INTERESTINGLY,Jared) ∧ FATHER_OF(Shaul,Jared)"
19494,779306,FATHER_OF,"BROTHER_OF(INTERESTINGLY,Jared) ∧ FATHER_OF(Paul,Jared)"
36417,779306,FATHER_OF,"BROTHER_OF(INTERESTINGLY,Jared) ∧ FATHER_OF(Shemaiah,Jared)"
36161,779306,FATHER_OF,"BROTHER_OF(INTERESTINGLY,Jared) ∧ FATHER_OF(Shage,Jared)"
36610,779306,FATHER_OF,"BROTHER_OF(INTERESTINGLY,Jared) ∧ FATHER_OF(Shimea,Jared)"
35320,779306,FATHER_OF,"BROTHER_OF(INTERESTINGLY,Jared) ∧ FATHER_OF(Abiathar,Jared)"
36418,779306,FATHER_OF,"BROTHER_OF(INTERESTINGLY,Jared) ∧ FATHER_OF(Uzziel,Jared)"
36162,779306,FATHER_OF,"BROTHER_OF(INTERESTINGLY,Jared) ∧ FATHER_OF(Shammah,Jared)"
419644,779306,FATHER_OF,"BROTHER_OF(INTERESTINGLY,Jared) ∧ FATHER_OF(Shagee,Jared)"
36830,779306,FATHER_OF,"BROTHER_OF(INTERESTINGLY,Jared) ∧ FATHER_OF(Absalom,Jared)"
36627,779306,FATHER_OF,"BROTHER_OF(INTERESTINGLY,Jared) ∧ FATHER_OF(Shimei,Jared)"
30664,779306,FATHER_OF,"BROTHER_OF(INTERESTINGLY,Jared) ∧ FATHER_OF(Joseph Smith Sr.,Jared)"
213770,779306,FATHER_OF,"BROTHER_OF(INTERESTINGLY,Jared) ∧ FATHER_OF(Alexander Hale Smith,Jared)"
520857,779306,FATHER_OF,"BROTHER_OF(INTERESTINGLY,Jared) ∧ FATHER_OF(Patriarch Hyrum Smith,Jared)"
19092,779306,FATHER_OF,"BROTHER_OF(INTERESTINGLY,Jared) ∧ FATHER_OF(John,Jared)"
19097,779306,FATHER_OF,"BROTHER_OF(INTERESTINGLY,Jared) ∧ FATHER_OF(Joseph,Jared)"
106978,779306,FATHER_OF,"BROTHER_OF(INTERESTINGLY,Jared) ∧ FATHER_OF(Asael Smith,Jared)"
19871,355075,FATHER_OF,"BROTHER_OF(Ultimately,Jared) ∧ FATHER_OF(Zacharias,Jared)"
397883,355075,FATHER_OF,"BROTHER_OF(Ultimately,Jared) ∧ FATHER_OF(Mathew Woodruff,Jared)"
494839,355075,FATHER_OF,"BROTHER_OF(Ultimately,Jared) ∧ FATHER_OF(Accos,Jared)"
35041,355075,FATHER_OF,"BROTHER_OF(Ultimately,Jared) ∧ FATHER_OF(Mattathias,Jared)"
19872,355075,FATHER_OF,"BROTHER_OF(Ultimately,Jared) ∧ FATHER_OF(Zechariah,Jared)"
204448,355075,FATHER_OF,"BROTHER_OF(Ultimately,Jared) ∧ FATHER_OF(Alpheus,Jared)"
499765,355075,FATHER_OF,"BROTHER_OF(Ultimately,Jared) ∧ FATHER_OF(Zehedee,Jared)"
621613,355075,FATHER_OF,"BROTHER_OF(Ultimately,Jared) ∧ FATHER_OF(Zebedee Salome,Jared)"
42109,355075,FATHER_OF,"BROTHER_OF(Ultimately,Jared) ∧ FATHER_OF(Joiada,Jared)"
19566,355075,FATHER_OF,"BROTHER_OF(Ultimately,Jared) ∧ FATHER_OF(Shaul,Jared)"
19494,355075,FATHER_OF,"BROTHER_OF(Ultimately,Jared) ∧ FATHER_OF(Paul,Jared)"
36417,355075,FATHER_OF,"BROTHER_OF(Ultimately,Jared) ∧ FATHER_OF(Shemaiah,Jared)"
36161,355075,FATHER_OF,"BROTHER_OF(Ultimately,Jared) ∧ FATHER_OF(Shage,Jared)"
36610,355075,FATHER_OF,"BROTHER_OF(Ultimately,Jared) ∧ FATHER_OF(Shimea,Jared)"
35320,355075,FATHER_OF,"BROTHER_OF(Ultimately,Jared) ∧ FATHER_OF(Abiathar,Jared)"
36418,355075,FATHER_OF,"BROTHER_OF(Ultimately,Jared) ∧ FATHER_OF(Uzziel,Jared)"
36162,355075,FATHER_OF,"BROTHER_OF(Ultimately,Jared) ∧ FATHER_OF(Shammah,Jared)"
419644,355075,FATHER_OF,"BROTHER_OF(Ultimately,Jared) ∧ FATHER_OF(Shagee,Jared)"
36830,355075,FATHER_OF,"BROTHER_OF(Ultimately,Jared) ∧ FATHER_OF(Absalom,Jared)"
36627,355075,FATHER_OF,"BROTHER_OF(Ultimately,Jared) ∧ FATHER_OF(Shimei,Jared)"
30664,355075,FATHER_OF,"BROTHER_OF(Ultimately,Jared) ∧ FATHER_OF(Joseph Smith Sr.,Jared)"
213770,355075,FATHER_OF,"BROTHER_OF(Ultimately,Jared) ∧ FATHER_OF(Alexander Hale Smith,Jared)"
520857,355075,FATHER_OF,"BROTHER_OF(Ultimately,Jared) ∧ FATHER_OF(Patriarch Hyrum Smith,Jared)"
19092,355075,FATHER_OF,"BROTHER_OF(Ultimately,Jared) ∧ FATHER_OF(John,Jared)"
19097,355075,FATHER_OF,"BROTHER_OF(Ultimately,Jared) ∧ FATHER_OF(Joseph,Jared)"
106978,355075,FATHER_OF,"BROTHER_OF(Ultimately,Jared) ∧ FATHER_OF(Asael Smith,Jared)"
19871,155782,FATHER_OF,"BROTHER_OF(Once,Jared) ∧ FATHER_OF(Zacharias,Jared)"
397883,155782,FATHER_OF,"BROTHER_OF(Once,Jared) ∧ FATHER_OF(Mathew Woodruff,Jared)"
494839,155782,FATHER_OF,"BROTHER_OF(Once,Jared) ∧ FATHER_OF(Accos,Jared)"
35041,155782,FATHER_OF,"BROTHER_OF(Once,Jared) ∧ FATHER_OF(Mattathias,Jared)"
19872,155782,FATHER_OF,"BROTHER_OF(Once,Jared) ∧ FATHER_OF(Zechariah,Jared)"
204448,155782,FATHER_OF,"BROTHER_OF(Once,Jared) ∧ FATHER_OF(Alpheus,Jared)"
499765,155782,FATHER_OF,"BROTHER_OF(Once,Jared) ∧ FATHER_OF(Zehedee,Jared)"
621613,155782,FATHER_OF,"BROTHER_OF(Once,Jared) ∧ FATHER_OF(Zebedee Salome,Jared)"
42109,155782,FATHER_OF,"BROTHER_OF(Once,Jared) ∧ FATHER_OF(Joiada,Jared)"
19566,155782,FATHER_OF,"BROTHER_OF(Once,Jared) ∧ FATHER_OF(Shaul,Jared)"
19494,155782,FATHER_OF,"BROTHER_OF(Once,Jared) ∧ FATHER_OF(Paul,Jared)"
36417,155782,FATHER_OF,"BROTHER_OF(Once,Jared) ∧ FATHER_OF(Shemaiah,Jared)"
36161,155782,FATHER_OF,"BROTHER_OF(Once,Jared) ∧ FATHER_OF(Shage,Jared)"
36610,155782,FATHER_OF,"BROTHER_OF(Once,Jared) ∧ FATHER_OF(Shimea,Jared)"
35320,155782,FATHER_OF,"BROTHER_OF(Once,Jared) ∧ FATHER_OF(Abiathar,Jared)"
36418,155782,FATHER_OF,"BROTHER_OF(Once,Jared) ∧ FATHER_OF(Uzziel,Jared)"
36162,155782,FATHER_OF,"BROTHER_OF(Once,Jared) ∧ FATHER_OF(Shammah,Jared)"
419644,155782,FATHER_OF,"BROTHER_OF(Once,Jared) ∧ FATHER_OF(Shagee,Jared)"
36830,155782,FATHER_OF,"BROTHER_OF(Once,Jared) ∧ FATHER_OF(Absalom,Jared)"
36627,155782,FATHER_OF,"BROTHER_OF(Once,Jared) ∧ FATHER_OF(Shimei,Jared)"
30664,155782,FATHER_OF,"BROTHER_OF(Once,Jared) ∧ FATHER_OF(Joseph Smith Sr.,Jared)"
213770,155782,FATHER_OF,"BROTHER_OF(Once,Jared) ∧ FATHER_OF(Alexander Hale Smith,Jared)"
520857,155782,FATHER_OF,"BROTHER_OF(Once,Jared) ∧ FATHER_OF(Patriarch Hyrum Smith,Jared)"
19092,155782,FATHER_OF,"BROTHER_OF(Once,Jared) ∧ FATHER_OF(John,Jared)"
19097,155782,FATHER_OF,"BROTHER_OF(Once,Jared) ∧ FATHER_OF(Joseph,Jared)"
106978,155782,FATHER_OF,"BROTHER_OF(Once,Jared) ∧ FATHER_OF(Asael Smith,Jared)"
19072,209992,FATHER_OF,"SISTER_OF(Sophronia,José) ∧ FATHER_OF(Lehi,José)"
19536,209992,FATHER_OF,"SISTER_OF(Sophronia,José) ∧ FATHER_OF(Rachel,José)"
35060,209992,FATHER_OF,"SISTER_OF(Sophronia,José) ∧ FATHER_OF(Jonan,José)"
35037,209992,FATHER_OF,"SISTER_OF(Sophronia,José) ∧ FATHER_OF(Heli,José)"
3416,209992,FATHER_OF,"SISTER_OF(Sophronia,José) ∧ FATHER_OF(Amos,José)"
19109,209992,FATHER_OF,"SISTER_OF(Sophronia,José) ∧ FATHER_OF(Jude,José)"
3553,209992,FATHER_OF,"SISTER_OF(Sophronia,José) ∧ FATHER_OF(Jacob (patriarch),José)"
19870,209992,FATHER_OF,"SISTER_OF(Sophronia,José) ∧ FATHER_OF(Brigham Young,José)"
18670,209992,FATHER_OF,"SISTER_OF(Sophronia,José) ∧ FATHER_OF(Eli,José)"
409594,209992,FATHER_OF,"SISTER_OF(Sophronia,José) ∧ FATHER_OF(Jonam,José)"
15527,209992,FATHER_OF,"SISTER_OF(Sophronia,José) ∧ FATHER_OF(Potiphera,José)"
5852,209992,FATHER_OF,"SISTER_OF(Sophronia,José) ∧ FATHER_OF(Cuando,José)"
19583,209992,FATHER_OF,"SISTER_OF(Sophronia,José) ∧ FATHER_OF(Hyrum Smith,José)"
391257,209992,FATHER_OF,"SISTER_OF(Sophronia,José) ∧ FATHER_OF(Patriarch,José)"
12670,12670,FATHER_OF,"SISTER_OF(Nahas,Sarvia) ∧ FATHER_OF(Nahas,Sarvia)"
36486,12670,FATHER_OF,"SISTER_OF(Nahas,Sarvia) ∧ FATHER_OF(Nahash,Sarvia)"
19871,117822,FATHER_OF,"SISTER_OF(Patrick,Joseph) ∧ FATHER_OF(Zacharias,Joseph)"
397883,117822,FATHER_OF,"SISTER_OF(Patrick,Joseph) ∧ FATHER_OF(Mathew Woodruff,Joseph)"
494839,117822,FATHER_OF,"SISTER_OF(Patrick,Joseph) ∧ FATHER_OF(Accos,Joseph)"
35041,117822,FATHER_OF,"SISTER_OF(Patrick,Joseph) ∧ FATHER_OF(Mattathias,Joseph)"
19872,117822,FATHER_OF,"SISTER_OF(Patrick,Joseph) ∧ FATHER_OF(Zechariah,Joseph)"
204448,117822,FATHER_OF,"SISTER_OF(Patrick,Joseph) ∧ FATHER_OF(Alpheus,Joseph)"
499765,117822,FATHER_OF,"SISTER_OF(Patrick,Joseph) ∧ FATHER_OF(Zehedee,Joseph)"
621613,117822,FATHER_OF,"SISTER_OF(Patrick,Joseph) ∧ FATHER_OF(Zebedee Salome,Joseph)"
42109,117822,FATHER_OF,"SISTER_OF(Patrick,Joseph) ∧ FATHER_OF(Joiada,Joseph)"
19566,117822,FATHER_OF,"SISTER_OF(Patrick,Joseph) ∧ FATHER_OF(Shaul,Joseph)"
19494,117822,FATHER_OF,"SISTER_OF(Patrick,Joseph) ∧ FATHER_OF(Paul,Joseph)"
36417,117822,FATHER_OF,"SISTER_OF(Patrick,Joseph) ∧ FATHER_OF(Shemaiah,Joseph)"
36161,117822,FATHER_OF,"SISTER_OF(Patrick,Joseph) ∧ FATHER_OF(Shage,Joseph)"
36610,117822,FATHER_OF,"SISTER_OF(Patrick,Joseph) ∧ FATHER_OF(Shimea,Joseph)"
35320,117822,FATHER_OF,"SISTER_OF(Patrick,Joseph) ∧ FATHER_OF(Abiathar,Joseph)"
36418,117822,FATHER_OF,"SISTER_OF(Patrick,Joseph) ∧ FATHER_OF(Uzziel,Joseph)"
36162,117822,FATHER_OF,"SISTER_OF(Patrick,Joseph) ∧ FATHER_OF(Shammah,Joseph)"
419644,117822,FATHER_OF,"SISTER_OF(Patrick,Joseph) ∧ FATHER_OF(Shagee,Joseph)"
36830,117822,FATHER_OF,"SISTER_OF(Patrick,Joseph) ∧ FATHER_OF(Absalom,Joseph)"
36627,117822,FATHER_OF,"SISTER_OF(Patrick,Joseph) ∧ FATHER_OF(Shimei,Joseph)"
36535,117822,FATHER_OF,"SISTER_OF(Patrick,Joseph) ∧ FATHER_OF(Shammai,Joseph)"
19095,117822,FATHER_OF,"SISTER_OF(Patrick,Joseph) ∧ FATHER_OF(Jonathan,Joseph)"
33560,117822,FATHER_OF,"SISTER_OF(Patrick,Joseph) ∧ FATHER_OF(Tyre,Joseph)"
19499,117822,FATHER_OF,"SISTER_OF(Patrick,Joseph) ∧ FATHER_OF(Pharaoh,Joseph)"
19078,117822,FATHER_OF,"SISTER_OF(Patrick,Joseph) ∧ FATHER_OF(Jared,Joseph)"
3579,117822,FATHER_OF,"SISTER_OF(Patrick,Joseph) ∧ FATHER_OF(Cain,Joseph)"
24294,117822,FATHER_OF,"SISTER_OF(Patrick,Joseph) ∧ FATHER_OF(Midian,Joseph)"
3251,117822,FATHER_OF,"SISTER_OF(Patrick,Joseph) ∧ FATHER_OF(Mosiah,Joseph)"
19259,117822,FATHER_OF,"SISTER_OF(Patrick,Joseph) ∧ FATHER_OF(Lot,Joseph)"
18661,117822,FATHER_OF,"SISTER_OF(Patrick,Joseph) ∧ FATHER_OF(Daniel,Joseph)"
36179,117822,FATHER_OF,"SISTER_OF(Patrick,Joseph) ∧ FATHER_OF(Hemdan,Joseph)"
387410,117822,FATHER_OF,"SISTER_OF(Patrick,Joseph) ∧ FATHER_OF(Bathia,Joseph)"
19088,117822,FATHER_OF,"SISTER_OF(Patrick,Joseph) ∧ FATHER_OF(Jethro,Joseph)"
459345,117822,FATHER_OF,"SISTER_OF(Patrick,Joseph) ∧ FATHER_OF(Amaram,Joseph)"
28095,117822,FATHER_OF,"SISTER_OF(Patrick,Joseph) ∧ FATHER_OF(Heth,Joseph)"
3332,117822,FATHER_OF,"SISTER_OF(Patrick,Joseph) ∧ FATHER_OF(Mormon,Joseph)"
660398,117822,FATHER_OF,"SISTER_OF(Patrick,Joseph) ∧ FATHER_OF(Prophet Mormon,Joseph)"
20145,117822,FATHER_OF,"SISTER_OF(Patrick,Joseph) ∧ FATHER_OF(Righteousness,Joseph)"
30365,117822,FATHER_OF,"SISTER_OF(Patrick,Joseph) ∧ FATHER_OF(Lamech,Joseph)"
19913,117822,FATHER_OF,"SISTER_OF(Patrick,Joseph) ∧ FATHER_OF(Zeniff,Joseph)"
19871,561682,FATHER_OF,"SISTER_OF(Rhoda Ann Jennetta Richards,Joseph) ∧ FATHER_OF(Zacharias,Joseph)"
397883,561682,FATHER_OF,"SISTER_OF(Rhoda Ann Jennetta Richards,Joseph) ∧ FATHER_OF(Mathew Woodruff,Joseph)"
494839,561682,FATHER_OF,"SISTER_OF(Rhoda Ann Jennetta Richards,Joseph) ∧ FATHER_OF(Accos,Joseph)"
35041,561682,FATHER_OF,"SISTER_OF(Rhoda Ann Jennetta Richards,Joseph) ∧ FATHER_OF(Mattathias,Joseph)"
19872,561682,FATHER_OF,"SISTER_OF(Rhoda Ann Jennetta Richards,Joseph) ∧ FATHER_OF(Zechariah,Joseph)"
204448,561682,FATHER_OF,"SISTER_OF(Rhoda Ann Jennetta Richards,Joseph) ∧ FATHER_OF(Alpheus,Joseph)"
499765,561682,FATHER_OF,"SISTER_OF(Rhoda Ann Jennetta Richards,Joseph) ∧ FATHER_OF(Zehedee,Joseph)"
621613,561682,FATHER_OF,"SISTER_OF(Rhoda Ann Jennetta Richards,Joseph) ∧ FATHER_OF(Zebedee Salome,Joseph)"
42109,561682,FATHER_OF,"SISTER_OF(Rhoda Ann Jennetta Richards,Joseph) ∧ FATHER_OF(Joiada,Joseph)"
19566,561682,FATHER_OF,"SISTER_OF(Rhoda Ann Jennetta Richards,Joseph) ∧ FATHER_OF(Shaul,Joseph)"
19494,561682,FATHER_OF,"SISTER_OF(Rhoda Ann Jennetta Richards,Joseph) ∧ FATHER_OF(Paul,Joseph)"
36417,561682,FATHER_OF,"SISTER_OF(Rhoda Ann Jennetta Richards,Joseph) ∧ FATHER_OF(Shemaiah,Joseph)"
36161,561682,FATHER_OF,"SISTER_OF(Rhoda Ann Jennetta Richards,Joseph) ∧ FATHER_OF(Shage,Joseph)"
36610,561682,FATHER_OF,"SISTER_OF(Rhoda Ann Jennetta Richards,Joseph) ∧ FATHER_OF(Shimea,Joseph)"
35320,561682,FATHER_OF,"SISTER_OF(Rhoda Ann Jennetta Richards,Joseph) ∧ FATHER_OF(Abiathar,Joseph)"
36418,561682,FATHER_OF,"SISTER_OF(Rhoda Ann Jennetta Richards,Joseph) ∧ FATHER_OF(Uzziel,Joseph)"
36162,561682,FATHER_OF,"SISTER_OF(Rhoda Ann Jennetta Richards,Joseph) ∧ FATHER_OF(Shammah,Joseph)"
419644,561682,FATHER_OF,"SISTER_OF(Rhoda Ann Jennetta Richards,Joseph) ∧ FATHER_OF(Shagee,Joseph)"
36830,561682,FATHER_OF,"SISTER_OF(Rhoda Ann Jennetta Richards,Joseph) ∧ FATHER_OF(Absalom,Joseph)"
36627,561682,FATHER_OF,"SISTER_OF(Rhoda Ann Jennetta Richards,Joseph) ∧ FATHER_OF(Shimei,Joseph)"
36535,561682,FATHER_OF,"SISTER_OF(Rhoda Ann Jennetta Richards,Joseph) ∧ FATHER_OF(Shammai,Joseph)"
19095,561682,FATHER_OF,"SISTER_OF(Rhoda Ann Jennetta Richards,Joseph) ∧ FATHER_OF(Jonathan,Joseph)"
33560,561682,FATHER_OF,"SISTER_OF(Rhoda Ann Jennetta Richards,Joseph) ∧ FATHER_OF(Tyre,Joseph)"
19499,561682,FATHER_OF,"SISTER_OF(Rhoda Ann Jennetta Richards,Joseph) ∧ FATHER_OF(Pharaoh,Joseph)"
19078,561682,FATHER_OF,"SISTER_OF(Rhoda Ann Jennetta Richards,Joseph) ∧ FATHER_OF(Jared,Joseph)"
3579,561682,FATHER_OF,"SISTER_OF(Rhoda Ann Jennetta Richards,Joseph) ∧ FATHER_OF(Cain,Joseph)"
24294,561682,FATHER_OF,"SISTER_OF(Rhoda Ann Jennetta Richards,Joseph) ∧ FATHER_OF(Midian,Joseph)"
3251,561682,FATHER_OF,"SISTER_OF(Rhoda Ann Jennetta Richards,Joseph) ∧ FATHER_OF(Mosiah,Joseph)"
19259,561682,FATHER_OF,"SISTER_OF(Rhoda Ann Jennetta Richards,Joseph) ∧ FATHER_OF(Lot,Joseph)"
18661,561682,FATHER_OF,"SISTER_OF(Rhoda Ann Jennetta Richards,Joseph) ∧ FATHER_OF(Daniel,Joseph)"
36179,561682,FATHER_OF,"SISTER_OF(Rhoda Ann Jennetta Richards,Joseph) ∧ FATHER_OF(Hemdan,Joseph)"
387410,561682,FATHER_OF,"SISTER_OF(Rhoda Ann Jennetta Richards,Joseph) ∧ FATHER_OF(Bathia,Joseph)"
19088,561682,FATHER_OF,"SISTER_OF(Rhoda Ann Jennetta Richards,Joseph) ∧ FATHER_OF(Jethro,Joseph)"
459345,561682,FATHER_OF,"SISTER_OF(Rhoda Ann Jennetta Richards,Joseph) ∧ FATHER_OF(Amaram,Joseph)"
28095,561682,FATHER_OF,"SISTER_OF(Rhoda Ann Jennetta Richards,Joseph) ∧ FATHER_OF(Heth,Joseph)"
3332,561682,FATHER_OF,"SISTER_OF(Rhoda Ann Jennetta Richards,Joseph) ∧ FATHER_OF(Mormon,Joseph)"
660398,561682,FATHER_OF,"SISTER_OF(Rhoda Ann Jennetta Richards,Joseph) ∧ FATHER_OF(Prophet Mormon,Joseph)"
20145,561682,FATHER_OF,"SISTER_OF(Rhoda Ann Jennetta Richards,Joseph) ∧ FATHER_OF(Righteousness,Joseph)"
30365,561682,FATHER_OF,"SISTER_OF(Rhoda Ann Jennetta Richards,Joseph) ∧ FATHER_OF(Lamech,Joseph)"
19913,561682,FATHER_OF,"SISTER_OF(Rhoda Ann Jennetta Richards,Joseph) ∧ FATHER_OF(Zeniff,Joseph)"
36215,19321,FATHER_OF,"SISTER_OF(Miriam,Moses) ∧ FATHER_OF(Aholibamah,Moses)"
40102,19321,FATHER_OF,"SISTER_OF(Miriam,Moses) ∧ FATHER_OF(Beeri,Moses)"
37465,19321,FATHER_OF,"SISTER_OF(Miriam,Moses) ∧ FATHER_OF(Elon,Moses)"
18917,19321,FATHER_OF,"SISTER_OF(Miriam,Moses) ∧ FATHER_OF(Ishmael,Moses)"
35074,39823,FATHER_OF,"SISTER_OF(Milcah,Laban) ∧ FATHER_OF(Reu,Laban)"
35073,39823,FATHER_OF,"SISTER_OF(Milcah,Laban) ∧ FATHER_OF(Serug,Laban)"
392321,39823,FATHER_OF,"SISTER_OF(Milcah,Laban) ∧ FATHER_OF(Serug Branch,Laban)"
19871,19079,FATHER_OF,"BROTHER_OF(Brother of Jared,Jared) ∧ FATHER_OF(Zacharias,Jared)"
397883,19079,FATHER_OF,"BROTHER_OF(Brother of Jared,Jared) ∧ FATHER_OF(Mathew Woodruff,Jared)"
494839,19079,FATHER_OF,"BROTHER_OF(Brother of Jared,Jared) ∧ FATHER_OF(Accos,Jared)"
35041,19079,FATHER_OF,"BROTHER_OF(Brother of Jared,Jared) ∧ FATHER_OF(Mattathias,Jared)"
19872,19079,FATHER_OF,"BROTHER_OF(Brother of Jared,Jared) ∧ FATHER_OF(Zechariah,Jared)"
204448,19079,FATHER_OF,"BROTHER_OF(Brother of Jared,Jared) ∧ FATHER_OF(Alpheus,Jared)"
499765,19079,FATHER_OF,"BROTHER_OF(Brother of Jared,Jared) ∧ FATHER_OF(Zehedee,Jared)"
621613,19079,FATHER_OF,"BROTHER_OF(Brother of Jared,Jared) ∧ FATHER_OF(Zebedee Salome,Jared)"
42109,19079,FATHER_OF,"BROTHER_OF(Brother of Jared,Jared) ∧ FATHER_OF(Joiada,Jared)"
19566,19079,FATHER_OF,"BROTHER_OF(Brother of Jared,Jared) ∧ FATHER_OF(Shaul,Jared)"
19494,19079,FATHER_OF,"BROTHER_OF(Brother of Jared,Jared) ∧ FATHER_OF(Paul,Jared)"
36417,19079,FATHER_OF,"BROTHER_OF(Brother of Jared,Jared) ∧ FATHER_OF(Shemaiah,Jared)"
36161,19079,FATHER_OF,"BROTHER_OF(Brother of Jared,Jared) ∧ FATHER_OF(Shage,Jared)"
36610,19079,FATHER_OF,"BROTHER_OF(Brother of Jared,Jared) ∧ FATHER_OF(Shimea,Jared)"
35320,19079,FATHER_OF,"BROTHER_OF(Brother of Jared,Jared) ∧ FATHER_OF(Abiathar,Jared)"
36418,19079,FATHER_OF,"BROTHER_OF(Brother of Jared,Jared) ∧ FATHER_OF(Uzziel,Jared)"
36162,19079,FATHER_OF,"BROTHER_OF(Brother of Jared,Jared) ∧ FATHER_OF(Shammah,Jared)"
419644,19079,FATHER_OF,"BROTHER_OF(Brother of Jared,Jared) ∧ FATHER_OF(Shagee,Jared)"
36830,19079,FATHER_OF,"BROTHER_OF(Brother of Jared,Jared) ∧ FATHER_OF(Absalom,Jared)"
36627,19079,FATHER_OF,"BROTHER_OF(Brother of Jared,Jared) ∧ FATHER_OF(Shimei,Jared)"
30664,19079,FATHER_OF,"BROTHER_OF(Brother of Jared,Jared) ∧ FATHER_OF(Joseph Smith Sr.,Jared)"
213770,19079,FATHER_OF,"BROTHER_OF(Brother of Jared,Jared) ∧ FATHER_OF(Alexander Hale Smith,Jared)"
520857,19079,FATHER_OF,"BROTHER_OF(Brother of Jared,Jared) ∧ FATHER_OF(Patriarch Hyrum Smith,Jared)"
19092,19079,FATHER_OF,"BROTHER_OF(Brother of Jared,Jared) ∧ FATHER_OF(John,Jared)"
19097,19079,FATHER_OF,"BROTHER_OF(Brother of Jared,Jared) ∧ FATHER_OF(Joseph,Jared)"
106978,19079,FATHER_OF,"BROTHER_OF(Brother of Jared,Jared) ∧ FATHER_OF(Asael Smith,Jared)"
36215,28149,FATHER_OF,"BROTHER_OF(Shiblom,And) ∧ FATHER_OF(Aholibamah,And)"
40102,28149,FATHER_OF,"BROTHER_OF(Shiblom,And) ∧ FATHER_OF(Beeri,And)"
37465,28149,FATHER_OF,"BROTHER_OF(Shiblom,And) ∧ FATHER_OF(Elon,And)"
18917,28149,FATHER_OF,"BROTHER_OF(Shiblom,And) ∧ FATHER_OF(Ishmael,And)"
19108,19078,FATHER_OF,"BROTHER_OF(Jared,Nephi) ∧ FATHER_OF(Judas,Nephi)"
494653,19078,FATHER_OF,"BROTHER_OF(Jared,Nephi) ∧ FATHER_OF(Sirach,Nephi)"
516157,19078,FATHER_OF,"BROTHER_OF(Jared,Nephi) ∧ FATHER_OF(SIR,Nephi)"
398435,19078,FATHER_OF,"BROTHER_OF(Jared,Nephi) ∧ FATHER_OF(Josedek,Nephi)"
416791,19078,FATHER_OF,"BROTHER_OF(Jared,Nephi) ∧ FATHER_OF(Ananus,Nephi)"
19581,19078,FATHER_OF,"BROTHER_OF(Jared,Nephi) ∧ FATHER_OF(Simon,Nephi)"
35452,19078,FATHER_OF,"BROTHER_OF(Jared,Nephi) ∧ FATHER_OF(Eleazar,Nephi)"
36345,19078,FATHER_OF,"BROTHER_OF(Jared,Nephi) ∧ FATHER_OF(Elkanah,Nephi)"
59317,19078,FATHER_OF,"BROTHER_OF(Jared,Nephi) ∧ FATHER_OF(Robert,Nephi)"
464107,19078,FATHER_OF,"BROTHER_OF(Jared,Nephi) ∧ FATHER_OF(An Ephraimite,Nephi)"
19536,18645,FATHER_OF,"BROTHER_OF(Jesus,James) ∧ FATHER_OF(Rachel,James)"
35060,18645,FATHER_OF,"BROTHER_OF(Jesus,James) ∧ FATHER_OF(Jonan,James)"
35037,18645,FATHER_OF,"BROTHER_OF(Jesus,James) ∧ FATHER_OF(Heli,James)"
3416,18645,FATHER_OF,"BROTHER_OF(Jesus,James) ∧ FATHER_OF(Amos,James)"
19109,18645,FATHER_OF,"BROTHER_OF(Jesus,James) ∧ FATHER_OF(Jude,James)"
18670,18645,FATHER_OF,"BROTHER_OF(Jesus,James) ∧ FATHER_OF(Eli,James)"
409594,18645,FATHER_OF,"BROTHER_OF(Jesus,James) ∧ FATHER_OF(Jonam,James)"
15527,18645,FATHER_OF,"BROTHER_OF(Jesus,James) ∧ FATHER_OF(Potiphera,James)"
30497,18645,FATHER_OF,"BROTHER_OF(Jesus,James) ∧ FATHER_OF(Hyrum,James)"
5852,18645,FATHER_OF,"BROTHER_OF(Jesus,James) ∧ FATHER_OF(Cuando,James)"
19583,18645,FATHER_OF,"BROTHER_OF(Jesus,James) ∧ FATHER_OF(Hyrum Smith,James)"
391257,18645,FATHER_OF,"BROTHER_OF(Jesus,James) ∧ FATHER_OF(Patriarch,James)"
30358,18645,FATHER_OF,"BROTHER_OF(Jesus,James) ∧ FATHER_OF(Mahalaleel,James)"
8513,18645,FATHER_OF,"BROTHER_OF(Jesus,James) ∧ FATHER_OF(Omer,James)"
609199,18645,FATHER_OF,"BROTHER_OF(Jesus,James) ∧ FATHER_OF(Mahaleel,James)"
36215,792244,FATHER_OF,"BROTHER_OF(Jared Sees,Arnold Friberg) ∧ FATHER_OF(Aholibamah,Arnold Friberg)"
40102,792244,FATHER_OF,"BROTHER_OF(Jared Sees,Arnold Friberg) ∧ FATHER_OF(Beeri,Arnold Friberg)"
37465,792244,FATHER_OF,"BROTHER_OF(Jared Sees,Arnold Friberg) ∧ FATHER_OF(Elon,Arnold Friberg)"
18917,792244,FATHER_OF,"BROTHER_OF(Jared Sees,Arnold Friberg) ∧ FATHER_OF(Ishmael,Arnold Friberg)"
213770,19735,FATHER_OF,"BROTHER_OF(José,Samuel) ∧ FATHER_OF(Alexander Hale Smith,Samuel)"
520857,19735,FATHER_OF,"BROTHER_OF(José,Samuel) ∧ FATHER_OF(Patriarch Hyrum Smith,Samuel)"
19092,19735,FATHER_OF,"BROTHER_OF(José,Samuel) ∧ FATHER_OF(John,Samuel)"
18900,19735,FATHER_OF,"BROTHER_OF(José,Samuel) ∧ FATHER_OF(Helaman,Samuel)"
765216,19735,FATHER_OF,"BROTHER_OF(José,Samuel) ∧ FATHER_OF(Lehi Nephi,Samuel)"
213770,176512,FATHER_OF,"BROTHER_OF(WILLIAM,Samuel) ∧ FATHER_OF(Alexander Hale Smith,Samuel)"
520857,176512,FATHER_OF,"BROTHER_OF(WILLIAM,Samuel) ∧ FATHER_OF(Patriarch Hyrum Smith,Samuel)"
19092,176512,FATHER_OF,"BROTHER_OF(WILLIAM,Samuel) ∧ FATHER_OF(John,Samuel)"
18900,176512,FATHER_OF,"BROTHER_OF(WILLIAM,Samuel) ∧ FATHER_OF(Helaman,Samuel)"
765216,176512,FATHER_OF,"BROTHER_OF(WILLIAM,Samuel) ∧ FATHER_OF(Lehi Nephi,Samuel)"
19536,104442,FATHER_OF,"BROTHER_OF(Burnett,James) ∧ FATHER_OF(Rachel,James)"
35060,104442,FATHER_OF,"BROTHER_OF(Burnett,James) ∧ FATHER_OF(Jonan,James)"
35037,104442,FATHER_OF,"BROTHER_OF(Burnett,James) ∧ FATHER_OF(Heli,James)"
3416,104442,FATHER_OF,"BROTHER_OF(Burnett,James) ∧ FATHER_OF(Amos,James)"
19109,104442,FATHER_OF,"BROTHER_OF(Burnett,James) ∧ FATHER_OF(Jude,James)"
18670,104442,FATHER_OF,"BROTHER_OF(Burnett,James) ∧ FATHER_OF(Eli,James)"
409594,104442,FATHER_OF,"BROTHER_OF(Burnett,James) ∧ FATHER_OF(Jonam,James)"
15527,104442,FATHER_OF,"BROTHER_OF(Burnett,James) ∧ FATHER_OF(Potiphera,James)"
30497,104442,FATHER_OF,"BROTHER_OF(Burnett,James) ∧ FATHER_OF(Hyrum,James)"
5852,104442,FATHER_OF,"BROTHER_OF(Burnett,James) ∧ FATHER_OF(Cuando,James)"
19583,104442,FATHER_OF,"BROTHER_OF(Burnett,James) ∧ FATHER_OF(Hyrum Smith,James)"
391257,104442,FATHER_OF,"BROTHER_OF(Burnett,James) ∧ FATHER_OF(Patriarch,James)"
30358,104442,FATHER_OF,"BROTHER_OF(Burnett,James) ∧ FATHER_OF(Mahalaleel,James)"
8513,104442,FATHER_OF,"BROTHER_OF(Burnett,James) ∧ FATHER_OF(Omer,James)"
609199,104442,FATHER_OF,"BROTHER_OF(Burnett,James) ∧ FATHER_OF(Mahaleel,James)"
39823,36121,FATHER_OF,"BROTHER_OF(Abram,Haran) ∧ FATHER_OF(Milcah,Haran)"
19210,3549,FATHER_OF,"BROTHER_OF(Jacob,John) ∧ FATHER_OF(Leah,John)"
19199,3549,FATHER_OF,"BROTHER_OF(Jacob,John) ∧ FATHER_OF(Laban,John)"
42086,3549,FATHER_OF,"BROTHER_OF(Jacob,John) ∧ FATHER_OF(Senuah,John)"
38002,3549,FATHER_OF,"BROTHER_OF(Jacob,John) ∧ FATHER_OF(Jehoash,John)"
36330,3549,FATHER_OF,"BROTHER_OF(Jacob,John) ∧ FATHER_OF(Joash,John)"
19082,3549,FATHER_OF,"BROTHER_OF(Jacob,John) ∧ FATHER_OF(Jehoshaphat,John)"
19540,3549,FATHER_OF,"BROTHER_OF(Jacob,John) ∧ FATHER_OF(Rehoboam,John)"
36522,3549,FATHER_OF,"BROTHER_OF(Jacob,John) ∧ FATHER_OF(Uri,John)"
24119,3549,FATHER_OF,"BROTHER_OF(Jacob,John) ∧ FATHER_OF(Jotham,John)"
35433,3549,FATHER_OF,"BROTHER_OF(Jacob,John) ∧ FATHER_OF(Jehoram,John)"
3504,3549,FATHER_OF,"BROTHER_OF(Jacob,John) ∧ FATHER_OF(Asa,John)"
36576,3549,FATHER_OF,"BROTHER_OF(Jacob,John) ∧ FATHER_OF(Jahdai,John)"
36557,3549,FATHER_OF,"BROTHER_OF(Jacob,John) ∧ FATHER_OF(Azariah,John)"
36542,3549,FATHER_OF,"BROTHER_OF(Jacob,John) ∧ FATHER_OF(Appaim,John)"
36724,3549,FATHER_OF,"BROTHER_OF(Jacob,John) ∧ FATHER_OF(Jehohanan,John)"
18906,3549,FATHER_OF,"BROTHER_OF(Jacob,John) ∧ FATHER_OF(Hezekiah,John)"
36563,3549,FATHER_OF,"BROTHER_OF(Jacob,John) ∧ FATHER_OF(Jekamiah,John)"
402110,3549,FATHER_OF,"BROTHER_OF(Jacob,John) ∧ FATHER_OF(Hassenuah,John)"
36905,3549,FATHER_OF,"BROTHER_OF(Jacob,John) ∧ FATHER_OF(Meonothai,John)"
36898,3549,FATHER_OF,"BROTHER_OF(Jacob,John) ∧ FATHER_OF(Eshton,John)"
37051,3549,FATHER_OF,"BROTHER_OF(Jacob,John) ∧ FATHER_OF(Adaiah,John)"
24105,3549,FATHER_OF,"BROTHER_OF(Jacob,John) ∧ FATHER_OF(Uzziah,John)"
36797,3549,FATHER_OF,"BROTHER_OF(Jacob,John) ∧ FATHER_OF(Chelub,John)"
36215,19583,FATHER_OF,"BROTHER_OF(Hyrum Smith,William Smith) ∧ FATHER_OF(Aholibamah,William Smith)"
40102,19583,FATHER_OF,"BROTHER_OF(Hyrum Smith,William Smith) ∧ FATHER_OF(Beeri,William Smith)"
37465,19583,FATHER_OF,"BROTHER_OF(Hyrum Smith,William Smith) ∧ FATHER_OF(Elon,William Smith)"
18917,19583,FATHER_OF,"BROTHER_OF(Hyrum Smith,William Smith) ∧ FATHER_OF(Ishmael,William Smith)"
18915,18897,FATHER_OF,"BROTHER_OF(Samuel,Hyrum Smith) ∧ FATHER_OF(Isaac,Hyrum Smith)"
35453,18897,FATHER_OF,"BROTHER_OF(Samuel,Hyrum Smith) ∧ FATHER_OF(Matthan,Hyrum Smith)"
12037,18897,FATHER_OF,"BROTHER_OF(Samuel,Hyrum Smith) ∧ FATHER_OF(Matán,Hyrum Smith)"
19076,18897,FATHER_OF,"BROTHER_OF(Samuel,Hyrum Smith) ∧ FATHER_OF(Zebedee,Hyrum Smith)"
19075,18897,FATHER_OF,"BROTHER_OF(Samuel,Hyrum Smith) ∧ FATHER_OF(Alphaeus,Hyrum Smith)"
30358,18897,FATHER_OF,"BROTHER_OF(Samuel,Hyrum Smith) ∧ FATHER_OF(Mahalaleel,Hyrum Smith)"
8513,18897,FATHER_OF,"BROTHER_OF(Samuel,Hyrum Smith) ∧ FATHER_OF(Omer,Hyrum Smith)"
609199,18897,FATHER_OF,"BROTHER_OF(Samuel,Hyrum Smith) ∧ FATHER_OF(Mahaleel,Hyrum Smith)"
36215,73734,FATHER_OF,"BROTHER_OF(Janet,Cuando) ∧ FATHER_OF(Aholibamah,Cuando)"
40102,73734,FATHER_OF,"BROTHER_OF(Janet,Cuando) ∧ FATHER_OF(Beeri,Cuando)"
37465,73734,FATHER_OF,"BROTHER_OF(Janet,Cuando) ∧ FATHER_OF(Elon,Cuando)"
18917,73734,FATHER_OF,"BROTHER_OF(Janet,Cuando) ∧ FATHER_OF(Ishmael,Cuando)"
35049,203561,FATHER_OF,"BROTHER_OF(Judas Maccabeus,Simon) ∧ FATHER_OF(Rhesa,Simon)"
36215,203561,FATHER_OF,"BROTHER_OF(Judas Maccabeus,Simon) ∧ FATHER_OF(Aholibamah,Simon)"
40102,203561,FATHER_OF,"BROTHER_OF(Judas Maccabeus,Simon) ∧ FATHER_OF(Beeri,Simon)"
37465,203561,FATHER_OF,"BROTHER_OF(Judas Maccabeus,Simon) ∧ FATHER_OF(Elon,Simon)"
18917,203561,FATHER_OF,"BROTHER_OF(Judas Maccabeus,Simon) ∧ FATHER_OF(Ishmael,Simon)"
18900,203561,FATHER_OF,"BROTHER_OF(Judas Maccabeus,Simon) ∧ FATHER_OF(Helaman,Simon)"
765216,203561,FATHER_OF,"BROTHER_OF(Judas Maccabeus,Simon) ∧ FATHER_OF(Lehi Nephi,Simon)"
35049,441241,FATHER_OF,"BROTHER_OF(Judas Maccabee,Jonathan) ∧ FATHER_OF(Rhesa,Jonathan)"
19536,441241,FATHER_OF,"BROTHER_OF(Judas Maccabee,Jonathan) ∧ FATHER_OF(Rachel,Jonathan)"
35060,441241,FATHER_OF,"BROTHER_OF(Judas Maccabee,Jonathan) ∧ FATHER_OF(Jonan,Jonathan)"
35037,441241,FATHER_OF,"BROTHER_OF(Judas Maccabee,Jonathan) ∧ FATHER_OF(Heli,Jonathan)"
3416,441241,FATHER_OF,"BROTHER_OF(Judas Maccabee,Jonathan) ∧ FATHER_OF(Amos,Jonathan)"
19109,441241,FATHER_OF,"BROTHER_OF(Judas Maccabee,Jonathan) ∧ FATHER_OF(Jude,Jonathan)"
3553,441241,FATHER_OF,"BROTHER_OF(Judas Maccabee,Jonathan) ∧ FATHER_OF(Jacob (patriarch),Jonathan)"
18670,441241,FATHER_OF,"BROTHER_OF(Judas Maccabee,Jonathan) ∧ FATHER_OF(Eli,Jonathan)"
409594,441241,FATHER_OF,"BROTHER_OF(Judas Maccabee,Jonathan) ∧ FATHER_OF(Jonam,Jonathan)"
15527,441241,FATHER_OF,"BROTHER_OF(Judas Maccabee,Jonathan) ∧ FATHER_OF(Potiphera,Jonathan)"
30497,441241,FATHER_OF,"BROTHER_OF(Judas Maccabee,Jonathan) ∧ FATHER_OF(Hyrum,Jonathan)"
5852,441241,FATHER_OF,"BROTHER_OF(Judas Maccabee,Jonathan) ∧ FATHER_OF(Cuando,Jonathan)"
19583,441241,FATHER_OF,"BROTHER_OF(Judas Maccabee,Jonathan) ∧ FATHER_OF(Hyrum Smith,Jonathan)"
391257,441241,FATHER_OF,"BROTHER_OF(Judas Maccabee,Jonathan) ∧ FATHER_OF(Patriarch,Jonathan)"
30358,441241,FATHER_OF,"BROTHER_OF(Judas Maccabee,Jonathan) ∧ FATHER_OF(Mahalaleel,Jonathan)"
8513,441241,FATHER_OF,"BROTHER_OF(Judas Maccabee,Jonathan) ∧ FATHER_OF(Omer,Jonathan)"
609199,441241,FATHER_OF,"BROTHER_OF(Judas Maccabee,Jonathan) ∧ FATHER_OF(Mahaleel,Jonathan)"
19210,441241,FATHER_OF,"BROTHER_OF(Judas Maccabee,Jonathan) ∧ FATHER_OF(Leah,Jonathan)"
19199,441241,FATHER_OF,"BROTHER_OF(Judas Maccabee,Jonathan) ∧ FATHER_OF(Laban,Jonathan)"
42086,441241,FATHER_OF,"BROTHER_OF(Judas Maccabee,Jonathan) ∧ FATHER_OF(Senuah,Jonathan)"
38002,441241,FATHER_OF,"BROTHER_OF(Judas Maccabee,Jonathan) ∧ FATHER_OF(Jehoash,Jonathan)"
36330,441241,FATHER_OF,"BROTHER_OF(Judas Maccabee,Jonathan) ∧ FATHER_OF(Joash,Jonathan)"
19082,441241,FATHER_OF,"BROTHER_OF(Judas Maccabee,Jonathan) ∧ FATHER_OF(Jehoshaphat,Jonathan)"
19540,441241,FATHER_OF,"BROTHER_OF(Judas Maccabee,Jonathan) ∧ FATHER_OF(Rehoboam,Jonathan)"
36522,441241,FATHER_OF,"BROTHER_OF(Judas Maccabee,Jonathan) ∧ FATHER_OF(Uri,Jonathan)"
24119,441241,FATHER_OF,"BROTHER_OF(Judas Maccabee,Jonathan) ∧ FATHER_OF(Jotham,Jonathan)"
35433,441241,FATHER_OF,"BROTHER_OF(Judas Maccabee,Jonathan) ∧ FATHER_OF(Jehoram,Jonathan)"
3504,441241,FATHER_OF,"BROTHER_OF(Judas Maccabee,Jonathan) ∧ FATHER_OF(Asa,Jonathan)"
36576,441241,FATHER_OF,"BROTHER_OF(Judas Maccabee,Jonathan) ∧ FATHER_OF(Jahdai,Jonathan)"
36557,441241,FATHER_OF,"BROTHER_OF(Judas Maccabee,Jonathan) ∧ FATHER_OF(Azariah,Jonathan)"
36542,441241,FATHER_OF,"BROTHER_OF(Judas Maccabee,Jonathan) ∧ FATHER_OF(Appaim,Jonathan)"
36724,441241,FATHER_OF,"BROTHER_OF(Judas Maccabee,Jonathan) ∧ FATHER_OF(Jehohanan,Jonathan)"
18906,441241,FATHER_OF,"BROTHER_OF(Judas Maccabee,Jonathan) ∧ FATHER_OF(Hezekiah,Jonathan)"
36563,441241,FATHER_OF,"BROTHER_OF(Judas Maccabee,Jonathan) ∧ FATHER_OF(Jekamiah,Jonathan)"
402110,441241,FATHER_OF,"BROTHER_OF(Judas Maccabee,Jonathan) ∧ FATHER_OF(Hassenuah,Jonathan)"
36905,441241,FATHER_OF,"BROTHER_OF(Judas Maccabee,Jonathan) ∧ FATHER_OF(Meonothai,Jonathan)"
36898,441241,FATHER_OF,"BROTHER_OF(Judas Maccabee,Jonathan) ∧ FATHER_OF(Eshton,Jonathan)"
37051,441241,FATHER_OF,"BROTHER_OF(Judas Maccabee,Jonathan) ∧ FATHER_OF(Adaiah,Jonathan)"
24105,441241,FATHER_OF,"BROTHER_OF(Judas Maccabee,Jonathan) ∧ FATHER_OF(Uzziah,Jonathan)"
36797,441241,FATHER_OF,"BROTHER_OF(Judas Maccabee,Jonathan) ∧ FATHER_OF(Chelub,Jonathan)"
213770,30497,FATHER_OF,"BROTHER_OF(Hyrum,Samuel) ∧ FATHER_OF(Alexander Hale Smith,Samuel)"
520857,30497,FATHER_OF,"BROTHER_OF(Hyrum,Samuel) ∧ FATHER_OF(Patriarch Hyrum Smith,Samuel)"
19092,30497,FATHER_OF,"BROTHER_OF(Hyrum,Samuel) ∧ FATHER_OF(John,Samuel)"
18900,30497,FATHER_OF,"BROTHER_OF(Hyrum,Samuel) ∧ FATHER_OF(Helaman,Samuel)"
765216,30497,FATHER_OF,"BROTHER_OF(Hyrum,Samuel) ∧ FATHER_OF(Lehi Nephi,Samuel)"
36215,19102,FATHER_OF,"BROTHER_OF(Joseph Smith,Smith) ∧ FATHER_OF(Aholibamah,Smith)"
40102,19102,FATHER_OF,"BROTHER_OF(Joseph Smith,Smith) ∧ FATHER_OF(Beeri,Smith)"
37465,19102,FATHER_OF,"BROTHER_OF(Joseph Smith,Smith) ∧ FATHER_OF(Elon,Smith)"
18917,19102,FATHER_OF,"BROTHER_OF(Joseph Smith,Smith) ∧ FATHER_OF(Ishmael,Smith)"
36215,37311,FATHER_OF,"SISTER_OF(Tahpenes,And) ∧ FATHER_OF(Aholibamah,And)"
40102,37311,FATHER_OF,"SISTER_OF(Tahpenes,And) ∧ FATHER_OF(Beeri,And)"
37465,37311,FATHER_OF,"SISTER_OF(Tahpenes,And) ∧ FATHER_OF(Elon,And)"
18917,37311,FATHER_OF,"SISTER_OF(Tahpenes,And) ∧ FATHER_OF(Ishmael,And)"
36215,43432,FATHER_OF,"SISTER_OF(Tubal Cain,And) ∧ FATHER_OF(Aholibamah,And)"
40102,43432,FATHER_OF,"SISTER_OF(Tubal Cain,And) ∧ FATHER_OF(Beeri,And)"
37465,43432,FATHER_OF,"SISTER_OF(Tubal Cain,And) ∧ FATHER_OF(Elon,And)"
18917,43432,FATHER_OF,"SISTER_OF(Tubal Cain,And) ∧ FATHER_OF(Ishmael,And)"
36573,12460,FATHER_OF,"SISTER_OF(Nebaiot,Abraham) ∧ FATHER_OF(Haran,Abraham)"
12743,12460,FATHER_OF,"SISTER_OF(Nebaiot,Abraham) ∧ FATHER_OF(Harán,Abraham)"
36215,152911,FATHER_OF,"SISTER_OF(Taiwán,Entonces) ∧ FATHER_OF(Aholibamah,Entonces)"
40102,152911,FATHER_OF,"SISTER_OF(Taiwán,Entonces) ∧ FATHER_OF(Beeri,Entonces)"
37465,152911,FATHER_OF,"SISTER_OF(Taiwán,Entonces) ∧ FATHER_OF(Elon,Entonces)"
18917,152911,FATHER_OF,"SISTER_OF(Taiwán,Entonces) ∧ FATHER_OF(Ishmael,Entonces)"
36215,737803,FATHER_OF,"SISTER_OF(Blendina,Cuando) ∧ FATHER_OF(Aholibamah,Cuando)"
40102,737803,FATHER_OF,"SISTER_OF(Blendina,Cuando) ∧ FATHER_OF(Beeri,Cuando)"
37465,737803,FATHER_OF,"SISTER_OF(Blendina,Cuando) ∧ FATHER_OF(Elon,Cuando)"
18917,737803,FATHER_OF,"SISTER_OF(Blendina,Cuando) ∧ FATHER_OF(Ishmael,Cuando)"
35071,19259,FATHER_OF,"SISTER_OF(Lot,Milcah) ∧ FATHER_OF(Terah,Milcah)"
36136,19259,FATHER_OF,"SISTER_OF(Lot,Milcah) ∧ FATHER_OF(Keturah,Milcah)"
412558,19259,FATHER_OF,"SISTER_OF(Lot,Milcah) ∧ FATHER_OF(Thara Terah,Milcah)"
39823,19259,FATHER_OF,"SISTER_OF(Lot,Milcah) ∧ FATHER_OF(Milcah,Milcah)"
19871,3247,FATHER_OF,"BROTHER_OF(Aaron,Moses) ∧ FATHER_OF(Zacharias,Moses)"
397883,3247,FATHER_OF,"BROTHER_OF(Aaron,Moses) ∧ FATHER_OF(Mathew Woodruff,Moses)"
494839,3247,FATHER_OF,"BROTHER_OF(Aaron,Moses) ∧ FATHER_OF(Accos,Moses)"
35041,3247,FATHER_OF,"BROTHER_OF(Aaron,Moses) ∧ FATHER_OF(Mattathias,Moses)"
19872,3247,FATHER_OF,"BROTHER_OF(Aaron,Moses) ∧ FATHER_OF(Zechariah,Moses)"
204448,3247,FATHER_OF,"BROTHER_OF(Aaron,Moses) ∧ FATHER_OF(Alpheus,Moses)"
499765,3247,FATHER_OF,"BROTHER_OF(Aaron,Moses) ∧ FATHER_OF(Zehedee,Moses)"
621613,3247,FATHER_OF,"BROTHER_OF(Aaron,Moses) ∧ FATHER_OF(Zebedee Salome,Moses)"
42109,3247,FATHER_OF,"BROTHER_OF(Aaron,Moses) ∧ FATHER_OF(Joiada,Moses)"
19566,3247,FATHER_OF,"BROTHER_OF(Aaron,Moses) ∧ FATHER_OF(Shaul,Moses)"
19494,3247,FATHER_OF,"BROTHER_OF(Aaron,Moses) ∧ FATHER_OF(Paul,Moses)"
36417,3247,FATHER_OF,"BROTHER_OF(Aaron,Moses) ∧ FATHER_OF(Shemaiah,Moses)"
36161,3247,FATHER_OF,"BROTHER_OF(Aaron,Moses) ∧ FATHER_OF(Shage,Moses)"
36610,3247,FATHER_OF,"BROTHER_OF(Aaron,Moses) ∧ FATHER_OF(Shimea,Moses)"
35320,3247,FATHER_OF,"BROTHER_OF(Aaron,Moses) ∧ FATHER_OF(Abiathar,Moses)"
36418,3247,FATHER_OF,"BROTHER_OF(Aaron,Moses) ∧ FATHER_OF(Uzziel,Moses)"
36162,3247,FATHER_OF,"BROTHER_OF(Aaron,Moses) ∧ FATHER_OF(Shammah,Moses)"
419644,3247,FATHER_OF,"BROTHER_OF(Aaron,Moses) ∧ FATHER_OF(Shagee,Moses)"
36830,3247,FATHER_OF,"BROTHER_OF(Aaron,Moses) ∧ FATHER_OF(Absalom,Moses)"
36627,3247,FATHER_OF,"BROTHER_OF(Aaron,Moses) ∧ FATHER_OF(Shimei,Moses)"
30664,3247,FATHER_OF,"BROTHER_OF(Aaron,Moses) ∧ FATHER_OF(Joseph Smith Sr.,Moses)"
213770,3247,FATHER_OF,"BROTHER_OF(Aaron,Moses) ∧ FATHER_OF(Alexander Hale Smith,Moses)"
520857,3247,FATHER_OF,"BROTHER_OF(Aaron,Moses) ∧ FATHER_OF(Patriarch Hyrum Smith,Moses)"
19092,3247,FATHER_OF,"BROTHER_OF(Aaron,Moses) ∧ FATHER_OF(John,Moses)"
19097,3247,FATHER_OF,"BROTHER_OF(Aaron,Moses) ∧ FATHER_OF(Joseph,Moses)"
106978,3247,FATHER_OF,"BROTHER_OF(Aaron,Moses) ∧ FATHER_OF(Asael Smith,Moses)"
19210,18918,FATHER_OF,"BROTHER_OF(Nephi,Jacob) ∧ FATHER_OF(Leah,Jacob)"
19199,18918,FATHER_OF,"BROTHER_OF(Nephi,Jacob) ∧ FATHER_OF(Laban,Jacob)"
42086,18918,FATHER_OF,"BROTHER_OF(Nephi,Jacob) ∧ FATHER_OF(Senuah,Jacob)"
38002,18918,FATHER_OF,"BROTHER_OF(Nephi,Jacob) ∧ FATHER_OF(Jehoash,Jacob)"
36330,18918,FATHER_OF,"BROTHER_OF(Nephi,Jacob) ∧ FATHER_OF(Joash,Jacob)"
19082,18918,FATHER_OF,"BROTHER_OF(Nephi,Jacob) ∧ FATHER_OF(Jehoshaphat,Jacob)"
19540,18918,FATHER_OF,"BROTHER_OF(Nephi,Jacob) ∧ FATHER_OF(Rehoboam,Jacob)"
36522,18918,FATHER_OF,"BROTHER_OF(Nephi,Jacob) ∧ FATHER_OF(Uri,Jacob)"
24119,18918,FATHER_OF,"BROTHER_OF(Nephi,Jacob) ∧ FATHER_OF(Jotham,Jacob)"
35433,18918,FATHER_OF,"BROTHER_OF(Nephi,Jacob) ∧ FATHER_OF(Jehoram,Jacob)"
3504,18918,FATHER_OF,"BROTHER_OF(Nephi,Jacob) ∧ FATHER_OF(Asa,Jacob)"
36576,18918,FATHER_OF,"BROTHER_OF(Nephi,Jacob) ∧ FATHER_OF(Jahdai,Jacob)"
36557,18918,FATHER_OF,"BROTHER_OF(Nephi,Jacob) ∧ FATHER_OF(Azariah,Jacob)"
36542,18918,FATHER_OF,"BROTHER_OF(Nephi,Jacob) ∧ FATHER_OF(Appaim,Jacob)"
36724,18918,FATHER_OF,"BROTHER_OF(Nephi,Jacob) ∧ FATHER_OF(Jehohanan,Jacob)"
18906,18918,FATHER_OF,"BROTHER_OF(Nephi,Jacob) ∧ FATHER_OF(Hezekiah,Jacob)"
36563,18918,FATHER_OF,"BROTHER_OF(Nephi,Jacob) ∧ FATHER_OF(Jekamiah,Jacob)"
402110,18918,FATHER_OF,"BROTHER_OF(Nephi,Jacob) ∧ FATHER_OF(Hassenuah,Jacob)"
36905,18918,FATHER_OF,"BROTHER_OF(Nephi,Jacob) ∧ FATHER_OF(Meonothai,Jacob)"
36898,18918,FATHER_OF,"BROTHER_OF(Nephi,Jacob) ∧ FATHER_OF(Eshton,Jacob)"
37051,18918,FATHER_OF,"BROTHER_OF(Nephi,Jacob) ∧ FATHER_OF(Adaiah,Jacob)"
24105,18918,FATHER_OF,"BROTHER_OF(Nephi,Jacob) ∧ FATHER_OF(Uzziah,Jacob)"
36797,18918,FATHER_OF,"BROTHER_OF(Nephi,Jacob) ∧ FATHER_OF(Chelub,Jacob)"
36345,18683,FATHER_OF,"BROTHER_OF(Esau,Jacob) ∧ FATHER_OF(Elkanah,Jacob)"
59317,18683,FATHER_OF,"BROTHER_OF(Esau,Jacob) ∧ FATHER_OF(Robert,Jacob)"
464107,18683,FATHER_OF,"BROTHER_OF(Esau,Jacob) ∧ FATHER_OF(An Ephraimite,Jacob)"
19210,18683,FATHER_OF,"BROTHER_OF(Esau,Jacob) ∧ FATHER_OF(Leah,Jacob)"
19199,18683,FATHER_OF,"BROTHER_OF(Esau,Jacob) ∧ FATHER_OF(Laban,Jacob)"
42086,18683,FATHER_OF,"BROTHER_OF(Esau,Jacob) ∧ FATHER_OF(Senuah,Jacob)"
38002,18683,FATHER_OF,"BROTHER_OF(Esau,Jacob) ∧ FATHER_OF(Jehoash,Jacob)"
36330,18683,FATHER_OF,"BROTHER_OF(Esau,Jacob) ∧ FATHER_OF(Joash,Jacob)"
19082,18683,FATHER_OF,"BROTHER_OF(Esau,Jacob) ∧ FATHER_OF(Jehoshaphat,Jacob)"
19540,18683,FATHER_OF,"BROTHER_OF(Esau,Jacob) ∧ FATHER_OF(Rehoboam,Jacob)"
36522,18683,FATHER_OF,"BROTHER_OF(Esau,Jacob) ∧ FATHER_OF(Uri,Jacob)"
24119,18683,FATHER_OF,"BROTHER_OF(Esau,Jacob) ∧ FATHER_OF(Jotham,Jacob)"
35433,18683,FATHER_OF,"BROTHER_OF(Esau,Jacob) ∧ FATHER_OF(Jehoram,Jacob)"
3504,18683,FATHER_OF,"BROTHER_OF(Esau,Jacob) ∧ FATHER_OF(Asa,Jacob)"
36576,18683,FATHER_OF,"BROTHER_OF(Esau,Jacob) ∧ FATHER_OF(Jahdai,Jacob)"
36557,18683,FATHER_OF,"BROTHER_OF(Esau,Jacob) ∧ FATHER_OF(Azariah,Jacob)"
36542,18683,FATHER_OF,"BROTHER_OF(Esau,Jacob) ∧ FATHER_OF(Appaim,Jacob)"
36724,18683,FATHER_OF,"BROTHER_OF(Esau,Jacob) ∧ FATHER_OF(Jehohanan,Jacob)"
18906,18683,FATHER_OF,"BROTHER_OF(Esau,Jacob) ∧ FATHER_OF(Hezekiah,Jacob)"
36563,18683,FATHER_OF,"BROTHER_OF(Esau,Jacob) ∧ FATHER_OF(Jekamiah,Jacob)"
402110,18683,FATHER_OF,"BROTHER_OF(Esau,Jacob) ∧ FATHER_OF(Hassenuah,Jacob)"
36905,18683,FATHER_OF,"BROTHER_OF(Esau,Jacob) ∧ FATHER_OF(Meonothai,Jacob)"
36898,18683,FATHER_OF,"BROTHER_OF(Esau,Jacob) ∧ FATHER_OF(Eshton,Jacob)"
37051,18683,FATHER_OF,"BROTHER_OF(Esau,Jacob) ∧ FATHER_OF(Adaiah,Jacob)"
24105,18683,FATHER_OF,"BROTHER_OF(Esau,Jacob) ∧ FATHER_OF(Uzziah,Jacob)"
36797,18683,FATHER_OF,"BROTHER_OF(Esau,Jacob) ∧ FATHER_OF(Chelub,Jacob)"
11338,19202,FATHER_OF,"BROTHER_OF(Laman,Nephi) ∧ FATHER_OF(Simón Iscariote,Nephi)"
19073,19202,FATHER_OF,"BROTHER_OF(Laman,Nephi) ∧ FATHER_OF(James,Nephi)"
757218,19202,FATHER_OF,"BROTHER_OF(Laman,Nephi) ∧ FATHER_OF(Chalphi,Nephi)"
457984,19202,FATHER_OF,"BROTHER_OF(Laman,Nephi) ∧ FATHER_OF(Simon Iscariot,Nephi)"
35049,19202,FATHER_OF,"BROTHER_OF(Laman,Nephi) ∧ FATHER_OF(Rhesa,Nephi)"
25524,19202,FATHER_OF,"BROTHER_OF(Laman,Nephi) ∧ FATHER_OF(Jonas,Nephi)"
45834,19202,FATHER_OF,"BROTHER_OF(Laman,Nephi) ∧ FATHER_OF(Jona,Nephi)"
19094,19202,FATHER_OF,"BROTHER_OF(Laman,Nephi) ∧ FATHER_OF(Jonah,Nephi)"
650625,19202,FATHER_OF,"BROTHER_OF(Laman,Nephi) ∧ FATHER_OF(Gioras,Nephi)"
55816,19202,FATHER_OF,"BROTHER_OF(Laman,Nephi) ∧ FATHER_OF(Jochai,Nephi)"
465526,19202,FATHER_OF,"BROTHER_OF(Laman,Nephi) ∧ FATHER_OF(Onias,Nephi)"
18873,19202,FATHER_OF,"BROTHER_OF(Laman,Nephi) ∧ FATHER_OF(Gamaliel,Nephi)"
11338,19097,FATHER_OF,"BROTHER_OF(Joseph,Nephi) ∧ FATHER_OF(Simón Iscariote,Nephi)"
19073,19097,FATHER_OF,"BROTHER_OF(Joseph,Nephi) ∧ FATHER_OF(James,Nephi)"
757218,19097,FATHER_OF,"BROTHER_OF(Joseph,Nephi) ∧ FATHER_OF(Chalphi,Nephi)"
457984,19097,FATHER_OF,"BROTHER_OF(Joseph,Nephi) ∧ FATHER_OF(Simon Iscariot,Nephi)"
35049,19097,FATHER_OF,"BROTHER_OF(Joseph,Nephi) ∧ FATHER_OF(Rhesa,Nephi)"
25524,19097,FATHER_OF,"BROTHER_OF(Joseph,Nephi) ∧ FATHER_OF(Jonas,Nephi)"
45834,19097,FATHER_OF,"BROTHER_OF(Joseph,Nephi) ∧ FATHER_OF(Jona,Nephi)"
19094,19097,FATHER_OF,"BROTHER_OF(Joseph,Nephi) ∧ FATHER_OF(Jonah,Nephi)"
650625,19097,FATHER_OF,"BROTHER_OF(Joseph,Nephi) ∧ FATHER_OF(Gioras,Nephi)"
55816,19097,FATHER_OF,"BROTHER_OF(Joseph,Nephi) ∧ FATHER_OF(Jochai,Nephi)"
465526,19097,FATHER_OF,"BROTHER_OF(Joseph,Nephi) ∧ FATHER_OF(Onias,Nephi)"
18873,19097,FATHER_OF,"BROTHER_OF(Joseph,Nephi) ∧ FATHER_OF(Gamaliel,Nephi)"
11338,19557,FATHER_OF,"BROTHER_OF(Sam,Nephi) ∧ FATHER_OF(Simón Iscariote,Nephi)"
19073,19557,FATHER_OF,"BROTHER_OF(Sam,Nephi) ∧ FATHER_OF(James,Nephi)"
757218,19557,FATHER_OF,"BROTHER_OF(Sam,Nephi) ∧ FATHER_OF(Chalphi,Nephi)"
457984,19557,FATHER_OF,"BROTHER_OF(Sam,Nephi) ∧ FATHER_OF(Simon Iscariot,Nephi)"
35049,19557,FATHER_OF,"BROTHER_OF(Sam,Nephi) ∧ FATHER_OF(Rhesa,Nephi)"
25524,19557,FATHER_OF,"BROTHER_OF(Sam,Nephi) ∧ FATHER_OF(Jonas,Nephi)"
45834,19557,FATHER_OF,"BROTHER_OF(Sam,Nephi) ∧ FATHER_OF(Jona,Nephi)"
19094,19557,FATHER_OF,"BROTHER_OF(Sam,Nephi) ∧ FATHER_OF(Jonah,Nephi)"
650625,19557,FATHER_OF,"BROTHER_OF(Sam,Nephi) ∧ FATHER_OF(Gioras,Nephi)"
55816,19557,FATHER_OF,"BROTHER_OF(Sam,Nephi) ∧ FATHER_OF(Jochai,Nephi)"
465526,19557,FATHER_OF,"BROTHER_OF(Sam,Nephi) ∧ FATHER_OF(Onias,Nephi)"
18873,19557,FATHER_OF,"BROTHER_OF(Sam,Nephi) ∧ FATHER_OF(Gamaliel,Nephi)"
11338,19211,FATHER_OF,"BROTHER_OF(Lemuel,Nephi) ∧ FATHER_OF(Simón Iscariote,Nephi)"
19073,19211,FATHER_OF,"BROTHER_OF(Lemuel,Nephi) ∧ FATHER_OF(James,Nephi)"
757218,19211,FATHER_OF,"BROTHER_OF(Lemuel,Nephi) ∧ FATHER_OF(Chalphi,Nephi)"
457984,19211,FATHER_OF,"BROTHER_OF(Lemuel,Nephi) ∧ FATHER_OF(Simon Iscariot,Nephi)"
35049,19211,FATHER_OF,"BROTHER_OF(Lemuel,Nephi) ∧ FATHER_OF(Rhesa,Nephi)"
25524,19211,FATHER_OF,"BROTHER_OF(Lemuel,Nephi) ∧ FATHER_OF(Jonas,Nephi)"
45834,19211,FATHER_OF,"BROTHER_OF(Lemuel,Nephi) ∧ FATHER_OF(Jona,Nephi)"
19094,19211,FATHER_OF,"BROTHER_OF(Lemuel,Nephi) ∧ FATHER_OF(Jonah,Nephi)"
650625,19211,FATHER_OF,"BROTHER_OF(Lemuel,Nephi) ∧ FATHER_OF(Gioras,Nephi)"
55816,19211,FATHER_OF,"BROTHER_OF(Lemuel,Nephi) ∧ FATHER_OF(Jochai,Nephi)"
465526,19211,FATHER_OF,"BROTHER_OF(Lemuel,Nephi) ∧ FATHER_OF(Onias,Nephi)"
18873,19211,FATHER_OF,"BROTHER_OF(Lemuel,Nephi) ∧ FATHER_OF(Gamaliel,Nephi)"
30664,19073,FATHER_OF,"BROTHER_OF(James,John) ∧ FATHER_OF(Joseph Smith Sr.,John)"
213770,19073,FATHER_OF,"BROTHER_OF(James,John) ∧ FATHER_OF(Alexander Hale Smith,John)"
520857,19073,FATHER_OF,"BROTHER_OF(James,John) ∧ FATHER_OF(Patriarch Hyrum Smith,John)"
106978,19073,FATHER_OF,"BROTHER_OF(James,John) ∧ FATHER_OF(Asael Smith,John)"
36535,19073,FATHER_OF,"BROTHER_OF(James,John) ∧ FATHER_OF(Shammai,John)"
19095,19073,FATHER_OF,"BROTHER_OF(James,John) ∧ FATHER_OF(Jonathan,John)"
33560,19073,FATHER_OF,"BROTHER_OF(James,John) ∧ FATHER_OF(Tyre,John)"
19499,19073,FATHER_OF,"BROTHER_OF(James,John) ∧ FATHER_OF(Pharaoh,John)"
19078,19073,FATHER_OF,"BROTHER_OF(James,John) ∧ FATHER_OF(Jared,John)"
3579,19073,FATHER_OF,"BROTHER_OF(James,John) ∧ FATHER_OF(Cain,John)"
24294,19073,FATHER_OF,"BROTHER_OF(James,John) ∧ FATHER_OF(Midian,John)"
3251,19073,FATHER_OF,"BROTHER_OF(James,John) ∧ FATHER_OF(Mosiah,John)"
19259,19073,FATHER_OF,"BROTHER_OF(James,John) ∧ FATHER_OF(Lot,John)"
18661,19073,FATHER_OF,"BROTHER_OF(James,John) ∧ FATHER_OF(Daniel,John)"
36179,19073,FATHER_OF,"BROTHER_OF(James,John) ∧ FATHER_OF(Hemdan,John)"
387410,19073,FATHER_OF,"BROTHER_OF(James,John) ∧ FATHER_OF(Bathia,John)"
19088,19073,FATHER_OF,"BROTHER_OF(James,John) ∧ FATHER_OF(Jethro,John)"
459345,19073,FATHER_OF,"BROTHER_OF(James,John) ∧ FATHER_OF(Amaram,John)"
28095,19073,FATHER_OF,"BROTHER_OF(James,John) ∧ FATHER_OF(Heth,John)"
3332,19073,FATHER_OF,"BROTHER_OF(James,John) ∧ FATHER_OF(Mormon,John)"
660398,19073,FATHER_OF,"BROTHER_OF(James,John) ∧ FATHER_OF(Prophet Mormon,John)"
20145,19073,FATHER_OF,"BROTHER_OF(James,John) ∧ FATHER_OF(Righteousness,John)"
30365,19073,FATHER_OF,"BROTHER_OF(James,John) ∧ FATHER_OF(Lamech,John)"
19913,19073,FATHER_OF,"BROTHER_OF(James,John) ∧ FATHER_OF(Zeniff,John)"
19108,306863,FATHER_OF,"BROTHER_OF(And,Jared) ∧ FATHER_OF(Judas,Jared)"
494653,306863,FATHER_OF,"BROTHER_OF(And,Jared) ∧ FATHER_OF(Sirach,Jared)"
516157,306863,FATHER_OF,"BROTHER_OF(And,Jared) ∧ FATHER_OF(SIR,Jared)"
398435,306863,FATHER_OF,"BROTHER_OF(And,Jared) ∧ FATHER_OF(Josedek,Jared)"
416791,306863,FATHER_OF,"BROTHER_OF(And,Jared) ∧ FATHER_OF(Ananus,Jared)"
19581,306863,FATHER_OF,"BROTHER_OF(And,Jared) ∧ FATHER_OF(Simon,Jared)"
35452,306863,FATHER_OF,"BROTHER_OF(And,Jared) ∧ FATHER_OF(Eleazar,Jared)"
36345,306863,FATHER_OF,"BROTHER_OF(And,Jared) ∧ FATHER_OF(Elkanah,Jared)"
59317,306863,FATHER_OF,"BROTHER_OF(And,Jared) ∧ FATHER_OF(Robert,Jared)"
464107,306863,FATHER_OF,"BROTHER_OF(And,Jared) ∧ FATHER_OF(An Ephraimite,Jared)"
19108,18680,FATHER_OF,"BROTHER_OF(Enoch,Jared) ∧ FATHER_OF(Judas,Jared)"
494653,18680,FATHER_OF,"BROTHER_OF(Enoch,Jared) ∧ FATHER_OF(Sirach,Jared)"
516157,18680,FATHER_OF,"BROTHER_OF(Enoch,Jared) ∧ FATHER_OF(SIR,Jared)"
398435,18680,FATHER_OF,"BROTHER_OF(Enoch,Jared) ∧ FATHER_OF(Josedek,Jared)"
416791,18680,FATHER_OF,"BROTHER_OF(Enoch,Jared) ∧ FATHER_OF(Ananus,Jared)"
19581,18680,FATHER_OF,"BROTHER_OF(Enoch,Jared) ∧ FATHER_OF(Simon,Jared)"
35452,18680,FATHER_OF,"BROTHER_OF(Enoch,Jared) ∧ FATHER_OF(Eleazar,Jared)"
36345,18680,FATHER_OF,"BROTHER_OF(Enoch,Jared) ∧ FATHER_OF(Elkanah,Jared)"
59317,18680,FATHER_OF,"BROTHER_OF(Enoch,Jared) ∧ FATHER_OF(Robert,Jared)"
464107,18680,FATHER_OF,"BROTHER_OF(Enoch,Jared) ∧ FATHER_OF(An Ephraimite,Jared)"
19108,3399,FATHER_OF,"BROTHER_OF(Ammon,Jared) ∧ FATHER_OF(Judas,Jared)"
494653,3399,FATHER_OF,"BROTHER_OF(Ammon,Jared) ∧ FATHER_OF(Sirach,Jared)"
516157,3399,FATHER_OF,"BROTHER_OF(Ammon,Jared) ∧ FATHER_OF(SIR,Jared)"
398435,3399,FATHER_OF,"BROTHER_OF(Ammon,Jared) ∧ FATHER_OF(Josedek,Jared)"
416791,3399,FATHER_OF,"BROTHER_OF(Ammon,Jared) ∧ FATHER_OF(Ananus,Jared)"
19581,3399,FATHER_OF,"BROTHER_OF(Ammon,Jared) ∧ FATHER_OF(Simon,Jared)"
35452,3399,FATHER_OF,"BROTHER_OF(Ammon,Jared) ∧ FATHER_OF(Eleazar,Jared)"
36345,3399,FATHER_OF,"BROTHER_OF(Ammon,Jared) ∧ FATHER_OF(Elkanah,Jared)"
59317,3399,FATHER_OF,"BROTHER_OF(Ammon,Jared) ∧ FATHER_OF(Robert,Jared)"
464107,3399,FATHER_OF,"BROTHER_OF(Ammon,Jared) ∧ FATHER_OF(An Ephraimite,Jared)"
19108,294247,FATHER_OF,"BROTHER_OF(Mientras,Jared) ∧ FATHER_OF(Judas,Jared)"
494653,294247,FATHER_OF,"BROTHER_OF(Mientras,Jared) ∧ FATHER_OF(Sirach,Jared)"
516157,294247,FATHER_OF,"BROTHER_OF(Mientras,Jared) ∧ FATHER_OF(SIR,Jared)"
398435,294247,FATHER_OF,"BROTHER_OF(Mientras,Jared) ∧ FATHER_OF(Josedek,Jared)"
416791,294247,FATHER_OF,"BROTHER_OF(Mientras,Jared) ∧ FATHER_OF(Ananus,Jared)"
19581,294247,FATHER_OF,"BROTHER_OF(Mientras,Jared) ∧ FATHER_OF(Simon,Jared)"
35452,294247,FATHER_OF,"BROTHER_OF(Mientras,Jared) ∧ FATHER_OF(Eleazar,Jared)"
36345,294247,FATHER_OF,"BROTHER_OF(Mientras,Jared) ∧ FATHER_OF(Elkanah,Jared)"
59317,294247,FATHER_OF,"BROTHER_OF(Mientras,Jared) ∧ FATHER_OF(Robert,Jared)"
464107,294247,FATHER_OF,"BROTHER_OF(Mientras,Jared) ∧ FATHER_OF(An Ephraimite,Jared)"
19108,5655,FATHER_OF,"BROTHER_OF(Luego,Jared) ∧ FATHER_OF(Judas,Jared)"
494653,5655,FATHER_OF,"BROTHER_OF(Luego,Jared) ∧ FATHER_OF(Sirach,Jared)"
516157,5655,FATHER_OF,"BROTHER_OF(Luego,Jared) ∧ FATHER_OF(SIR,Jared)"
398435,5655,FATHER_OF,"BROTHER_OF(Luego,Jared) ∧ FATHER_OF(Josedek,Jared)"
416791,5655,FATHER_OF,"BROTHER_OF(Luego,Jared) ∧ FATHER_OF(Ananus,Jared)"
19581,5655,FATHER_OF,"BROTHER_OF(Luego,Jared) ∧ FATHER_OF(Simon,Jared)"
35452,5655,FATHER_OF,"BROTHER_OF(Luego,Jared) ∧ FATHER_OF(Eleazar,Jared)"
36345,5655,FATHER_OF,"BROTHER_OF(Luego,Jared) ∧ FATHER_OF(Elkanah,Jared)"
59317,5655,FATHER_OF,"BROTHER_OF(Luego,Jared) ∧ FATHER_OF(Robert,Jared)"
464107,5655,FATHER_OF,"BROTHER_OF(Luego,Jared) ∧ FATHER_OF(An Ephraimite,Jared)"
19108,381023,FATHER_OF,"BROTHER_OF(When,Jared) ∧ FATHER_OF(Judas,Jared)"
494653,381023,FATHER_OF,"BROTHER_OF(When,Jared) ∧ FATHER_OF(Sirach,Jared)"
516157,381023,FATHER_OF,"BROTHER_OF(When,Jared) ∧ FATHER_OF(SIR,Jared)"
398435,381023,FATHER_OF,"BROTHER_OF(When,Jared) ∧ FATHER_OF(Josedek,Jared)"
416791,381023,FATHER_OF,"BROTHER_OF(When,Jared) ∧ FATHER_OF(Ananus,Jared)"
19581,381023,FATHER_OF,"BROTHER_OF(When,Jared) ∧ FATHER_OF(Simon,Jared)"
35452,381023,FATHER_OF,"BROTHER_OF(When,Jared) ∧ FATHER_OF(Eleazar,Jared)"
36345,381023,FATHER_OF,"BROTHER_OF(When,Jared) ∧ FATHER_OF(Elkanah,Jared)"
59317,381023,FATHER_OF,"BROTHER_OF(When,Jared) ∧ FATHER_OF(Robert,Jared)"
464107,381023,FATHER_OF,"BROTHER_OF(When,Jared) ∧ FATHER_OF(An Ephraimite,Jared)"
19108,633893,FATHER_OF,"BROTHER_OF(Shelem,Jared) ∧ FATHER_OF(Judas,Jared)"
494653,633893,FATHER_OF,"BROTHER_OF(Shelem,Jared) ∧ FATHER_OF(Sirach,Jared)"
516157,633893,FATHER_OF,"BROTHER_OF(Shelem,Jared) ∧ FATHER_OF(SIR,Jared)"
398435,633893,FATHER_OF,"BROTHER_OF(Shelem,Jared) ∧ FATHER_OF(Josedek,Jared)"
416791,633893,FATHER_OF,"BROTHER_OF(Shelem,Jared) ∧ FATHER_OF(Ananus,Jared)"
19581,633893,FATHER_OF,"BROTHER_OF(Shelem,Jared) ∧ FATHER_OF(Simon,Jared)"
35452,633893,FATHER_OF,"BROTHER_OF(Shelem,Jared) ∧ FATHER_OF(Eleazar,Jared)"
36345,633893,FATHER_OF,"BROTHER_OF(Shelem,Jared) ∧ FATHER_OF(Elkanah,Jared)"
59317,633893,FATHER_OF,"BROTHER_OF(Shelem,Jared) ∧ FATHER_OF(Robert,Jared)"
464107,633893,FATHER_OF,"BROTHER_OF(Shelem,Jared) ∧ FATHER_OF(An Ephraimite,Jared)"
19108,5852,FATHER_OF,"BROTHER_OF(Cuando,Jared) ∧ FATHER_OF(Judas,Jared)"
494653,5852,FATHER_OF,"BROTHER_OF(Cuando,Jared) ∧ FATHER_OF(Sirach,Jared)"
516157,5852,FATHER_OF,"BROTHER_OF(Cuando,Jared) ∧ FATHER_OF(SIR,Jared)"
398435,5852,FATHER_OF,"BROTHER_OF(Cuando,Jared) ∧ FATHER_OF(Josedek,Jared)"
416791,5852,FATHER_OF,"BROTHER_OF(Cuando,Jared) ∧ FATHER_OF(Ananus,Jared)"
19581,5852,FATHER_OF,"BROTHER_OF(Cuando,Jared) ∧ FATHER_OF(Simon,Jared)"
35452,5852,FATHER_OF,"BROTHER_OF(Cuando,Jared) ∧ FATHER_OF(Eleazar,Jared)"
36345,5852,FATHER_OF,"BROTHER_OF(Cuando,Jared) ∧ FATHER_OF(Elkanah,Jared)"
59317,5852,FATHER_OF,"BROTHER_OF(Cuando,Jared) ∧ FATHER_OF(Robert,Jared)"
464107,5852,FATHER_OF,"BROTHER_OF(Cuando,Jared) ∧ FATHER_OF(An Ephraimite,Jared)"
19108,83519,FATHER_OF,"BROTHER_OF(Arnold Friberg,Jared) ∧ FATHER_OF(Judas,Jared)"
494653,83519,FATHER_OF,"BROTHER_OF(Arnold Friberg,Jared) ∧ FATHER_OF(Sirach,Jared)"
516157,83519,FATHER_OF,"BROTHER_OF(Arnold Friberg,Jared) ∧ FATHER_OF(SIR,Jared)"
398435,83519,FATHER_OF,"BROTHER_OF(Arnold Friberg,Jared) ∧ FATHER_OF(Josedek,Jared)"
416791,83519,FATHER_OF,"BROTHER_OF(Arnold Friberg,Jared) ∧ FATHER_OF(Ananus,Jared)"
19581,83519,FATHER_OF,"BROTHER_OF(Arnold Friberg,Jared) ∧ FATHER_OF(Simon,Jared)"
35452,83519,FATHER_OF,"BROTHER_OF(Arnold Friberg,Jared) ∧ FATHER_OF(Eleazar,Jared)"
36345,83519,FATHER_OF,"BROTHER_OF(Arnold Friberg,Jared) ∧ FATHER_OF(Elkanah,Jared)"
59317,83519,FATHER_OF,"BROTHER_OF(Arnold Friberg,Jared) ∧ FATHER_OF(Robert,Jared)"
464107,83519,FATHER_OF,"BROTHER_OF(Arnold Friberg,Jared) ∧ FATHER_OF(An Ephraimite,Jared)"
213770,67829,FATHER_OF,"BROTHER_OF(Samuel Harrison Smith,José) ∧ FATHER_OF(Alexander Hale Smith,José)"
520857,67829,FATHER_OF,"BROTHER_OF(Samuel Harrison Smith,José) ∧ FATHER_OF(Patriarch Hyrum Smith,José)"
19092,67829,FATHER_OF,"BROTHER_OF(Samuel Harrison Smith,José) ∧ FATHER_OF(John,José)"
18900,67829,FATHER_OF,"BROTHER_OF(Samuel Harrison Smith,José) ∧ FATHER_OF(Helaman,José)"
765216,67829,FATHER_OF,"BROTHER_OF(Samuel Harrison Smith,José) ∧ FATHER_OF(Lehi Nephi,José)"
19108,29699,FATHER_OF,"BROTHER_OF(Hiram,Joseph) ∧ FATHER_OF(Judas,Joseph)"
494653,29699,FATHER_OF,"BROTHER_OF(Hiram,Joseph) ∧ FATHER_OF(Sirach,Joseph)"
516157,29699,FATHER_OF,"BROTHER_OF(Hiram,Joseph) ∧ FATHER_OF(SIR,Joseph)"
398435,29699,FATHER_OF,"BROTHER_OF(Hiram,Joseph) ∧ FATHER_OF(Josedek,Joseph)"
416791,29699,FATHER_OF,"BROTHER_OF(Hiram,Joseph) ∧ FATHER_OF(Ananus,Joseph)"
19581,29699,FATHER_OF,"BROTHER_OF(Hiram,Joseph) ∧ FATHER_OF(Simon,Joseph)"
35452,29699,FATHER_OF,"BROTHER_OF(Hiram,Joseph) ∧ FATHER_OF(Eleazar,Joseph)"
19108,29832,FATHER_OF,"BROTHER_OF(William Smith,Joseph) ∧ FATHER_OF(Judas,Joseph)"
494653,29832,FATHER_OF,"BROTHER_OF(William Smith,Joseph) ∧ FATHER_OF(Sirach,Joseph)"
516157,29832,FATHER_OF,"BROTHER_OF(William Smith,Joseph) ∧ FATHER_OF(SIR,Joseph)"
398435,29832,FATHER_OF,"BROTHER_OF(William Smith,Joseph) ∧ FATHER_OF(Josedek,Joseph)"
416791,29832,FATHER_OF,"BROTHER_OF(William Smith,Joseph) ∧ FATHER_OF(Ananus,Joseph)"
19581,29832,FATHER_OF,"BROTHER_OF(William Smith,Joseph) ∧ FATHER_OF(Simon,Joseph)"
35452,29832,FATHER_OF,"BROTHER_OF(William Smith,Joseph) ∧ FATHER_OF(Eleazar,Joseph)"
36215,209474,FATHER_OF,"BROTHER_OF(Don Carlos Smith,Hyrum Smith) ∧ FATHER_OF(Aholibamah,Hyrum Smith)"
40102,209474,FATHER_OF,"BROTHER_OF(Don Carlos Smith,Hyrum Smith) ∧ FATHER_OF(Beeri,Hyrum Smith)"
37465,209474,FATHER_OF,"BROTHER_OF(Don Carlos Smith,Hyrum Smith) ∧ FATHER_OF(Elon,Hyrum Smith)"
18917,209474,FATHER_OF,"BROTHER_OF(Don Carlos Smith,Hyrum Smith) ∧ FATHER_OF(Ishmael,Hyrum Smith)"
36345,19092,FATHER_OF,"BROTHER_OF(John,Jacob) ∧ FATHER_OF(Elkanah,Jacob)"
59317,19092,FATHER_OF,"BROTHER_OF(John,Jacob) ∧ FATHER_OF(Robert,Jacob)"
464107,19092,FATHER_OF,"BROTHER_OF(John,Jacob) ∧ FATHER_OF(An Ephraimite,Jacob)"
19536,19106,FATHER_OF,"BROTHER_OF(Judah,Jesus) ∧ FATHER_OF(Rachel,Jesus)"
35060,19106,FATHER_OF,"BROTHER_OF(Judah,Jesus) ∧ FATHER_OF(Jonan,Jesus)"
35037,19106,FATHER_OF,"BROTHER_OF(Judah,Jesus) ∧ FATHER_OF(Heli,Jesus)"
3416,19106,FATHER_OF,"BROTHER_OF(Judah,Jesus) ∧ FATHER_OF(Amos,Jesus)"
19109,19106,FATHER_OF,"BROTHER_OF(Judah,Jesus) ∧ FATHER_OF(Jude,Jesus)"
18670,19106,FATHER_OF,"BROTHER_OF(Judah,Jesus) ∧ FATHER_OF(Eli,Jesus)"
409594,19106,FATHER_OF,"BROTHER_OF(Judah,Jesus) ∧ FATHER_OF(Jonam,Jesus)"
15527,19106,FATHER_OF,"BROTHER_OF(Judah,Jesus) ∧ FATHER_OF(Potiphera,Jesus)"
30497,19106,FATHER_OF,"BROTHER_OF(Judah,Jesus) ∧ FATHER_OF(Hyrum,Jesus)"
5852,19106,FATHER_OF,"BROTHER_OF(Judah,Jesus) ∧ FATHER_OF(Cuando,Jesus)"
19583,19106,FATHER_OF,"BROTHER_OF(Judah,Jesus) ∧ FATHER_OF(Hyrum Smith,Jesus)"
391257,19106,FATHER_OF,"BROTHER_OF(Judah,Jesus) ∧ FATHER_OF(Patriarch,Jesus)"
30358,19106,FATHER_OF,"BROTHER_OF(Judah,Jesus) ∧ FATHER_OF(Mahalaleel,Jesus)"
8513,19106,FATHER_OF,"BROTHER_OF(Judah,Jesus) ∧ FATHER_OF(Omer,Jesus)"
609199,19106,FATHER_OF,"BROTHER_OF(Judah,Jesus) ∧ FATHER_OF(Mahaleel,Jesus)"
19108,55772,FATHER_OF,"BROTHER_OF(Samuel Smith,Joseph) ∧ FATHER_OF(Judas,Joseph)"
494653,55772,FATHER_OF,"BROTHER_OF(Samuel Smith,Joseph) ∧ FATHER_OF(Sirach,Joseph)"
516157,55772,FATHER_OF,"BROTHER_OF(Samuel Smith,Joseph) ∧ FATHER_OF(SIR,Joseph)"
398435,55772,FATHER_OF,"BROTHER_OF(Samuel Smith,Joseph) ∧ FATHER_OF(Josedek,Joseph)"
416791,55772,FATHER_OF,"BROTHER_OF(Samuel Smith,Joseph) ∧ FATHER_OF(Ananus,Joseph)"
19581,55772,FATHER_OF,"BROTHER_OF(Samuel Smith,Joseph) ∧ FATHER_OF(Simon,Joseph)"
35452,55772,FATHER_OF,"BROTHER_OF(Samuel Smith,Joseph) ∧ FATHER_OF(Eleazar,Joseph)"
19108,515909,FATHER_OF,"BROTHER_OF(Elder Hyrum Smith,Joseph) ∧ FATHER_OF(Judas,Joseph)"
494653,515909,FATHER_OF,"BROTHER_OF(Elder Hyrum Smith,Joseph) ∧ FATHER_OF(Sirach,Joseph)"
516157,515909,FATHER_OF,"BROTHER_OF(Elder Hyrum Smith,Joseph) ∧ FATHER_OF(SIR,Joseph)"
398435,515909,FATHER_OF,"BROTHER_OF(Elder Hyrum Smith,Joseph) ∧ FATHER_OF(Josedek,Joseph)"
416791,515909,FATHER_OF,"BROTHER_OF(Elder Hyrum Smith,Joseph) ∧ FATHER_OF(Ananus,Joseph)"
19581,515909,FATHER_OF,"BROTHER_OF(Elder Hyrum Smith,Joseph) ∧ FATHER_OF(Simon,Joseph)"
35452,515909,FATHER_OF,"BROTHER_OF(Elder Hyrum Smith,Joseph) ∧ FATHER_OF(Eleazar,Joseph)"
19108,3249,FATHER_OF,"BROTHER_OF(Moses,Jared) ∧ FATHER_OF(Judas,Jared)"
494653,3249,FATHER_OF,"BROTHER_OF(Moses,Jared) ∧ FATHER_OF(Sirach,Jared)"
516157,3249,FATHER_OF,"BROTHER_OF(Moses,Jared) ∧ FATHER_OF(SIR,Jared)"
398435,3249,FATHER_OF,"BROTHER_OF(Moses,Jared) ∧ FATHER_OF(Josedek,Jared)"
416791,3249,FATHER_OF,"BROTHER_OF(Moses,Jared) ∧ FATHER_OF(Ananus,Jared)"
19581,3249,FATHER_OF,"BROTHER_OF(Moses,Jared) ∧ FATHER_OF(Simon,Jared)"
35452,3249,FATHER_OF,"BROTHER_OF(Moses,Jared) ∧ FATHER_OF(Eleazar,Jared)"
36345,3249,FATHER_OF,"BROTHER_OF(Moses,Jared) ∧ FATHER_OF(Elkanah,Jared)"
59317,3249,FATHER_OF,"BROTHER_OF(Moses,Jared) ∧ FATHER_OF(Robert,Jared)"
464107,3249,FATHER_OF,"BROTHER_OF(Moses,Jared) ∧ FATHER_OF(An Ephraimite,Jared)"
36215,150532,FATHER_OF,"BROTHER_OF(Alvin Smith,Joseph Smith) ∧ FATHER_OF(Aholibamah,Joseph Smith)"
40102,150532,FATHER_OF,"BROTHER_OF(Alvin Smith,Joseph Smith) ∧ FATHER_OF(Beeri,Joseph Smith)"
37465,150532,FATHER_OF,"BROTHER_OF(Alvin Smith,Joseph Smith) ∧ FATHER_OF(Elon,Joseph Smith)"
18917,150532,FATHER_OF,"BROTHER_OF(Alvin Smith,Joseph Smith) ∧ FATHER_OF(Ishmael,Joseph Smith)"
19108,31138,FATHER_OF,"BROTHER_OF(Smith,Joseph) ∧ FATHER_OF(Judas,Joseph)"
494653,31138,FATHER_OF,"BROTHER_OF(Smith,Joseph) ∧ FATHER_OF(Sirach,Joseph)"
516157,31138,FATHER_OF,"BROTHER_OF(Smith,Joseph) ∧ FATHER_OF(SIR,Joseph)"
398435,31138,FATHER_OF,"BROTHER_OF(Smith,Joseph) ∧ FATHER_OF(Josedek,Joseph)"
416791,31138,FATHER_OF,"BROTHER_OF(Smith,Joseph) ∧ FATHER_OF(Ananus,Joseph)"
19581,31138,FATHER_OF,"BROTHER_OF(Smith,Joseph) ∧ FATHER_OF(Simon,Joseph)"
35452,31138,FATHER_OF,"BROTHER_OF(Smith,Joseph) ∧ FATHER_OF(Eleazar,Joseph)"
19108,527465,FATHER_OF,"BROTHER_OF(Moriancumr,Jared) ∧ FATHER_OF(Judas,Jared)"
494653,527465,FATHER_OF,"BROTHER_OF(Moriancumr,Jared) ∧ FATHER_OF(Sirach,Jared)"
516157,527465,FATHER_OF,"BROTHER_OF(Moriancumr,Jared) ∧ FATHER_OF(SIR,Jared)"
398435,527465,FATHER_OF,"BROTHER_OF(Moriancumr,Jared) ∧ FATHER_OF(Josedek,Jared)"
416791,527465,FATHER_OF,"BROTHER_OF(Moriancumr,Jared) ∧ FATHER_OF(Ananus,Jared)"
19581,527465,FATHER_OF,"BROTHER_OF(Moriancumr,Jared) ∧ FATHER_OF(Simon,Jared)"
35452,527465,FATHER_OF,"BROTHER_OF(Moriancumr,Jared) ∧ FATHER_OF(Eleazar,Jared)"
36345,527465,FATHER_OF,"BROTHER_OF(Moriancumr,Jared) ∧ FATHER_OF(Elkanah,Jared)"
59317,527465,FATHER_OF,"BROTHER_OF(Moriancumr,Jared) ∧ FATHER_OF(Robert,Jared)"
464107,527465,FATHER_OF,"BROTHER_OF(Moriancumr,Jared) ∧ FATHER_OF(An Ephraimite,Jared)"
19108,28282,FATHER_OF,"BROTHER_OF(Moriancumer,Jared) ∧ FATHER_OF(Judas,Jared)"
494653,28282,FATHER_OF,"BROTHER_OF(Moriancumer,Jared) ∧ FATHER_OF(Sirach,Jared)"
516157,28282,FATHER_OF,"BROTHER_OF(Moriancumer,Jared) ∧ FATHER_OF(SIR,Jared)"
398435,28282,FATHER_OF,"BROTHER_OF(Moriancumer,Jared) ∧ FATHER_OF(Josedek,Jared)"
416791,28282,FATHER_OF,"BROTHER_OF(Moriancumer,Jared) ∧ FATHER_OF(Ananus,Jared)"
19581,28282,FATHER_OF,"BROTHER_OF(Moriancumer,Jared) ∧ FATHER_OF(Simon,Jared)"
35452,28282,FATHER_OF,"BROTHER_OF(Moriancumer,Jared) ∧ FATHER_OF(Eleazar,Jared)"
36345,28282,FATHER_OF,"BROTHER_OF(Moriancumer,Jared) ∧ FATHER_OF(Elkanah,Jared)"
59317,28282,FATHER_OF,"BROTHER_OF(Moriancumer,Jared) ∧ FATHER_OF(Robert,Jared)"
464107,28282,FATHER_OF,"BROTHER_OF(Moriancumer,Jared) ∧ FATHER_OF(An Ephraimite,Jared)"
19108,647867,FATHER_OF,"BROTHER_OF(First,Jared) ∧ FATHER_OF(Judas,Jared)"
494653,647867,FATHER_OF,"BROTHER_OF(First,Jared) ∧ FATHER_OF(Sirach,Jared)"
516157,647867,FATHER_OF,"BROTHER_OF(First,Jared) ∧ FATHER_OF(SIR,Jared)"
398435,647867,FATHER_OF,"BROTHER_OF(First,Jared) ∧ FATHER_OF(Josedek,Jared)"
416791,647867,FATHER_OF,"BROTHER_OF(First,Jared) ∧ FATHER_OF(Ananus,Jared)"
19581,647867,FATHER_OF,"BROTHER_OF(First,Jared) ∧ FATHER_OF(Simon,Jared)"
35452,647867,FATHER_OF,"BROTHER_OF(First,Jared) ∧ FATHER_OF(Eleazar,Jared)"
36345,647867,FATHER_OF,"BROTHER_OF(First,Jared) ∧ FATHER_OF(Elkanah,Jared)"
59317,647867,FATHER_OF,"BROTHER_OF(First,Jared) ∧ FATHER_OF(Robert,Jared)"
464107,647867,FATHER_OF,"BROTHER_OF(First,Jared) ∧ FATHER_OF(An Ephraimite,Jared)"
19108,19324,FATHER_OF,"BROTHER_OF(Moroni,Jared) ∧ FATHER_OF(Judas,Jared)"
494653,19324,FATHER_OF,"BROTHER_OF(Moroni,Jared) ∧ FATHER_OF(Sirach,Jared)"
516157,19324,FATHER_OF,"BROTHER_OF(Moroni,Jared) ∧ FATHER_OF(SIR,Jared)"
398435,19324,FATHER_OF,"BROTHER_OF(Moroni,Jared) ∧ FATHER_OF(Josedek,Jared)"
416791,19324,FATHER_OF,"BROTHER_OF(Moroni,Jared) ∧ FATHER_OF(Ananus,Jared)"
19581,19324,FATHER_OF,"BROTHER_OF(Moroni,Jared) ∧ FATHER_OF(Simon,Jared)"
35452,19324,FATHER_OF,"BROTHER_OF(Moroni,Jared) ∧ FATHER_OF(Eleazar,Jared)"
36345,19324,FATHER_OF,"BROTHER_OF(Moroni,Jared) ∧ FATHER_OF(Elkanah,Jared)"
59317,19324,FATHER_OF,"BROTHER_OF(Moroni,Jared) ∧ FATHER_OF(Robert,Jared)"
464107,19324,FATHER_OF,"BROTHER_OF(Moroni,Jared) ∧ FATHER_OF(An Ephraimite,Jared)"
19108,39795,FATHER_OF,"BROTHER_OF(Babel,Jared) ∧ FATHER_OF(Judas,Jared)"
494653,39795,FATHER_OF,"BROTHER_OF(Babel,Jared) ∧ FATHER_OF(Sirach,Jared)"
516157,39795,FATHER_OF,"BROTHER_OF(Babel,Jared) ∧ FATHER_OF(SIR,Jared)"
398435,39795,FATHER_OF,"BROTHER_OF(Babel,Jared) ∧ FATHER_OF(Josedek,Jared)"
416791,39795,FATHER_OF,"BROTHER_OF(Babel,Jared) ∧ FATHER_OF(Ananus,Jared)"
19581,39795,FATHER_OF,"BROTHER_OF(Babel,Jared) ∧ FATHER_OF(Simon,Jared)"
35452,39795,FATHER_OF,"BROTHER_OF(Babel,Jared) ∧ FATHER_OF(Eleazar,Jared)"
36345,39795,FATHER_OF,"BROTHER_OF(Babel,Jared) ∧ FATHER_OF(Elkanah,Jared)"
59317,39795,FATHER_OF,"BROTHER_OF(Babel,Jared) ∧ FATHER_OF(Robert,Jared)"
464107,39795,FATHER_OF,"BROTHER_OF(Babel,Jared) ∧ FATHER_OF(An Ephraimite,Jared)"
19108,158076,FATHER_OF,"BROTHER_OF(Because,Jared) ∧ FATHER_OF(Judas,Jared)"
494653,158076,FATHER_OF,"BROTHER_OF(Because,Jared) ∧ FATHER_OF(Sirach,Jared)"
516157,158076,FATHER_OF,"BROTHER_OF(Because,Jared) ∧ FATHER_OF(SIR,Jared)"
398435,158076,FATHER_OF,"BROTHER_OF(Because,Jared) ∧ FATHER_OF(Josedek,Jared)"
416791,158076,FATHER_OF,"BROTHER_OF(Because,Jared) ∧ FATHER_OF(Ananus,Jared)"
19581,158076,FATHER_OF,"BROTHER_OF(Because,Jared) ∧ FATHER_OF(Simon,Jared)"
35452,158076,FATHER_OF,"BROTHER_OF(Because,Jared) ∧ FATHER_OF(Eleazar,Jared)"
36345,158076,FATHER_OF,"BROTHER_OF(Because,Jared) ∧ FATHER_OF(Elkanah,Jared)"
59317,158076,FATHER_OF,"BROTHER_OF(Because,Jared) ∧ FATHER_OF(Robert,Jared)"
464107,158076,FATHER_OF,"BROTHER_OF(Because,Jared) ∧ FATHER_OF(An Ephraimite,Jared)"
19108,453097,FATHER_OF,"BROTHER_OF(WELL,Jared) ∧ FATHER_OF(Judas,Jared)"
494653,453097,FATHER_OF,"BROTHER_OF(WELL,Jared) ∧ FATHER_OF(Sirach,Jared)"
516157,453097,FATHER_OF,"BROTHER_OF(WELL,Jared) ∧ FATHER_OF(SIR,Jared)"
398435,453097,FATHER_OF,"BROTHER_OF(WELL,Jared) ∧ FATHER_OF(Josedek,Jared)"
416791,453097,FATHER_OF,"BROTHER_OF(WELL,Jared) ∧ FATHER_OF(Ananus,Jared)"
19581,453097,FATHER_OF,"BROTHER_OF(WELL,Jared) ∧ FATHER_OF(Simon,Jared)"
35452,453097,FATHER_OF,"BROTHER_OF(WELL,Jared) ∧ FATHER_OF(Eleazar,Jared)"
36345,453097,FATHER_OF,"BROTHER_OF(WELL,Jared) ∧ FATHER_OF(Elkanah,Jared)"
59317,453097,FATHER_OF,"BROTHER_OF(WELL,Jared) ∧ FATHER_OF(Robert,Jared)"
464107,453097,FATHER_OF,"BROTHER_OF(WELL,Jared) ∧ FATHER_OF(An Ephraimite,Jared)"
19108,3332,FATHER_OF,"BROTHER_OF(Mormon,Jared) ∧ FATHER_OF(Judas,Jared)"
494653,3332,FATHER_OF,"BROTHER_OF(Mormon,Jared) ∧ FATHER_OF(Sirach,Jared)"
516157,3332,FATHER_OF,"BROTHER_OF(Mormon,Jared) ∧ FATHER_OF(SIR,Jared)"
398435,3332,FATHER_OF,"BROTHER_OF(Mormon,Jared) ∧ FATHER_OF(Josedek,Jared)"
416791,3332,FATHER_OF,"BROTHER_OF(Mormon,Jared) ∧ FATHER_OF(Ananus,Jared)"
19581,3332,FATHER_OF,"BROTHER_OF(Mormon,Jared) ∧ FATHER_OF(Simon,Jared)"
35452,3332,FATHER_OF,"BROTHER_OF(Mormon,Jared) ∧ FATHER_OF(Eleazar,Jared)"
36345,3332,FATHER_OF,"BROTHER_OF(Mormon,Jared) ∧ FATHER_OF(Elkanah,Jared)"
59317,3332,FATHER_OF,"BROTHER_OF(Mormon,Jared) ∧ FATHER_OF(Robert,Jared)"
464107,3332,FATHER_OF,"BROTHER_OF(Mormon,Jared) ∧ FATHER_OF(An Ephraimite,Jared)"
19108,304044,FATHER_OF,"BROTHER_OF(But,Jared) ∧ FATHER_OF(Judas,Jared)"
494653,304044,FATHER_OF,"BROTHER_OF(But,Jared) ∧ FATHER_OF(Sirach,Jared)"
516157,304044,FATHER_OF,"BROTHER_OF(But,Jared) ∧ FATHER_OF(SIR,Jared)"
398435,304044,FATHER_OF,"BROTHER_OF(But,Jared) ∧ FATHER_OF(Josedek,Jared)"
416791,304044,FATHER_OF,"BROTHER_OF(But,Jared) ∧ FATHER_OF(Ananus,Jared)"
19581,304044,FATHER_OF,"BROTHER_OF(But,Jared) ∧ FATHER_OF(Simon,Jared)"
35452,304044,FATHER_OF,"BROTHER_OF(But,Jared) ∧ FATHER_OF(Eleazar,Jared)"
36345,304044,FATHER_OF,"BROTHER_OF(But,Jared) ∧ FATHER_OF(Elkanah,Jared)"
59317,304044,FATHER_OF,"BROTHER_OF(But,Jared) ∧ FATHER_OF(Robert,Jared)"
464107,304044,FATHER_OF,"BROTHER_OF(But,Jared) ∧ FATHER_OF(An Ephraimite,Jared)"
19108,18866,FATHER_OF,"BROTHER_OF(Noah,Jared) ∧ FATHER_OF(Judas,Jared)"
494653,18866,FATHER_OF,"BROTHER_OF(Noah,Jared) ∧ FATHER_OF(Sirach,Jared)"
516157,18866,FATHER_OF,"BROTHER_OF(Noah,Jared) ∧ FATHER_OF(SIR,Jared)"
398435,18866,FATHER_OF,"BROTHER_OF(Noah,Jared) ∧ FATHER_OF(Josedek,Jared)"
416791,18866,FATHER_OF,"BROTHER_OF(Noah,Jared) ∧ FATHER_OF(Ananus,Jared)"
19581,18866,FATHER_OF,"BROTHER_OF(Noah,Jared) ∧ FATHER_OF(Simon,Jared)"
35452,18866,FATHER_OF,"BROTHER_OF(Noah,Jared) ∧ FATHER_OF(Eleazar,Jared)"
36345,18866,FATHER_OF,"BROTHER_OF(Noah,Jared) ∧ FATHER_OF(Elkanah,Jared)"
59317,18866,FATHER_OF,"BROTHER_OF(Noah,Jared) ∧ FATHER_OF(Robert,Jared)"
464107,18866,FATHER_OF,"BROTHER_OF(Noah,Jared) ∧ FATHER_OF(An Ephraimite,Jared)"
19108,639260,FATHER_OF,"BROTHER_OF(REMEMBER,Jared) ∧ FATHER_OF(Judas,Jared)"
494653,639260,FATHER_OF,"BROTHER_OF(REMEMBER,Jared) ∧ FATHER_OF(Sirach,Jared)"
516157,639260,FATHER_OF,"BROTHER_OF(REMEMBER,Jared) ∧ FATHER_OF(SIR,Jared)"
398435,639260,FATHER_OF,"BROTHER_OF(REMEMBER,Jared) ∧ FATHER_OF(Josedek,Jared)"
416791,639260,FATHER_OF,"BROTHER_OF(REMEMBER,Jared) ∧ FATHER_OF(Ananus,Jared)"
19581,639260,FATHER_OF,"BROTHER_OF(REMEMBER,Jared) ∧ FATHER_OF(Simon,Jared)"
35452,639260,FATHER_OF,"BROTHER_OF(REMEMBER,Jared) ∧ FATHER_OF(Eleazar,Jared)"
36345,639260,FATHER_OF,"BROTHER_OF(REMEMBER,Jared) ∧ FATHER_OF(Elkanah,Jared)"
59317,639260,FATHER_OF,"BROTHER_OF(REMEMBER,Jared) ∧ FATHER_OF(Robert,Jared)"
464107,639260,FATHER_OF,"BROTHER_OF(REMEMBER,Jared) ∧ FATHER_OF(An Ephraimite,Jared)"
19108,306734,FATHER_OF,"BROTHER_OF(Probablemente,Jared) ∧ FATHER_OF(Judas,Jared)"
494653,306734,FATHER_OF,"BROTHER_OF(Probablemente,Jared) ∧ FATHER_OF(Sirach,Jared)"
516157,306734,FATHER_OF,"BROTHER_OF(Probablemente,Jared) ∧ FATHER_OF(SIR,Jared)"
398435,306734,FATHER_OF,"BROTHER_OF(Probablemente,Jared) ∧ FATHER_OF(Josedek,Jared)"
416791,306734,FATHER_OF,"BROTHER_OF(Probablemente,Jared) ∧ FATHER_OF(Ananus,Jared)"
19581,306734,FATHER_OF,"BROTHER_OF(Probablemente,Jared) ∧ FATHER_OF(Simon,Jared)"
35452,306734,FATHER_OF,"BROTHER_OF(Probablemente,Jared) ∧ FATHER_OF(Eleazar,Jared)"
36345,306734,FATHER_OF,"BROTHER_OF(Probablemente,Jared) ∧ FATHER_OF(Elkanah,Jared)"
59317,306734,FATHER_OF,"BROTHER_OF(Probablemente,Jared) ∧ FATHER_OF(Robert,Jared)"
464107,306734,FATHER_OF,"BROTHER_OF(Probablemente,Jared) ∧ FATHER_OF(An Ephraimite,Jared)"
19108,764231,FATHER_OF,"BROTHER_OF(Del,Jared) ∧ FATHER_OF(Judas,Jared)"
494653,764231,FATHER_OF,"BROTHER_OF(Del,Jared) ∧ FATHER_OF(Sirach,Jared)"
516157,764231,FATHER_OF,"BROTHER_OF(Del,Jared) ∧ FATHER_OF(SIR,Jared)"
398435,764231,FATHER_OF,"BROTHER_OF(Del,Jared) ∧ FATHER_OF(Josedek,Jared)"
416791,764231,FATHER_OF,"BROTHER_OF(Del,Jared) ∧ FATHER_OF(Ananus,Jared)"
19581,764231,FATHER_OF,"BROTHER_OF(Del,Jared) ∧ FATHER_OF(Simon,Jared)"
35452,764231,FATHER_OF,"BROTHER_OF(Del,Jared) ∧ FATHER_OF(Eleazar,Jared)"
36345,764231,FATHER_OF,"BROTHER_OF(Del,Jared) ∧ FATHER_OF(Elkanah,Jared)"
59317,764231,FATHER_OF,"BROTHER_OF(Del,Jared) ∧ FATHER_OF(Robert,Jared)"
464107,764231,FATHER_OF,"BROTHER_OF(Del,Jared) ∧ FATHER_OF(An Ephraimite,Jared)"
19108,7501,FATHER_OF,"BROTHER_OF(Entonces,Jared) ∧ FATHER_OF(Judas,Jared)"
494653,7501,FATHER_OF,"BROTHER_OF(Entonces,Jared) ∧ FATHER_OF(Sirach,Jared)"
516157,7501,FATHER_OF,"BROTHER_OF(Entonces,Jared) ∧ FATHER_OF(SIR,Jared)"
398435,7501,FATHER_OF,"BROTHER_OF(Entonces,Jared) ∧ FATHER_OF(Josedek,Jared)"
416791,7501,FATHER_OF,"BROTHER_OF(Entonces,Jared) ∧ FATHER_OF(Ananus,Jared)"
19581,7501,FATHER_OF,"BROTHER_OF(Entonces,Jared) ∧ FATHER_OF(Simon,Jared)"
35452,7501,FATHER_OF,"BROTHER_OF(Entonces,Jared) ∧ FATHER_OF(Eleazar,Jared)"
36345,7501,FATHER_OF,"BROTHER_OF(Entonces,Jared) ∧ FATHER_OF(Elkanah,Jared)"
59317,7501,FATHER_OF,"BROTHER_OF(Entonces,Jared) ∧ FATHER_OF(Robert,Jared)"
464107,7501,FATHER_OF,"BROTHER_OF(Entonces,Jared) ∧ FATHER_OF(An Ephraimite,Jared)"
19108,19268,FATHER_OF,"BROTHER_OF(Thomas,Jared) ∧ FATHER_OF(Judas,Jared)"
494653,19268,FATHER_OF,"BROTHER_OF(Thomas,Jared) ∧ FATHER_OF(Sirach,Jared)"
516157,19268,FATHER_OF,"BROTHER_OF(Thomas,Jared) ∧ FATHER_OF(SIR,Jared)"
398435,19268,FATHER_OF,"BROTHER_OF(Thomas,Jared) ∧ FATHER_OF(Josedek,Jared)"
416791,19268,FATHER_OF,"BROTHER_OF(Thomas,Jared) ∧ FATHER_OF(Ananus,Jared)"
19581,19268,FATHER_OF,"BROTHER_OF(Thomas,Jared) ∧ FATHER_OF(Simon,Jared)"
35452,19268,FATHER_OF,"BROTHER_OF(Thomas,Jared) ∧ FATHER_OF(Eleazar,Jared)"
36345,19268,FATHER_OF,"BROTHER_OF(Thomas,Jared) ∧ FATHER_OF(Elkanah,Jared)"
59317,19268,FATHER_OF,"BROTHER_OF(Thomas,Jared) ∧ FATHER_OF(Robert,Jared)"
464107,19268,FATHER_OF,"BROTHER_OF(Thomas,Jared) ∧ FATHER_OF(An Ephraimite,Jared)"
19108,106852,FATHER_OF,"BROTHER_OF(Mount Shelem,Jared) ∧ FATHER_OF(Judas,Jared)"
494653,106852,FATHER_OF,"BROTHER_OF(Mount Shelem,Jared) ∧ FATHER_OF(Sirach,Jared)"
516157,106852,FATHER_OF,"BROTHER_OF(Mount Shelem,Jared) ∧ FATHER_OF(SIR,Jared)"
398435,106852,FATHER_OF,"BROTHER_OF(Mount Shelem,Jared) ∧ FATHER_OF(Josedek,Jared)"
416791,106852,FATHER_OF,"BROTHER_OF(Mount Shelem,Jared) ∧ FATHER_OF(Ananus,Jared)"
19581,106852,FATHER_OF,"BROTHER_OF(Mount Shelem,Jared) ∧ FATHER_OF(Simon,Jared)"
35452,106852,FATHER_OF,"BROTHER_OF(Mount Shelem,Jared) ∧ FATHER_OF(Eleazar,Jared)"
36345,106852,FATHER_OF,"BROTHER_OF(Mount Shelem,Jared) ∧ FATHER_OF(Elkanah,Jared)"
59317,106852,FATHER_OF,"BROTHER_OF(Mount Shelem,Jared) ∧ FATHER_OF(Robert,Jared)"
464107,106852,FATHER_OF,"BROTHER_OF(Mount Shelem,Jared) ∧ FATHER_OF(An Ephraimite,Jared)"
19108,168591,FATHER_OF,"BROTHER_OF(Likewise,Jared) ∧ FATHER_OF(Judas,Jared)"
494653,168591,FATHER_OF,"BROTHER_OF(Likewise,Jared) ∧ FATHER_OF(Sirach,Jared)"
516157,168591,FATHER_OF,"BROTHER_OF(Likewise,Jared) ∧ FATHER_OF(SIR,Jared)"
398435,168591,FATHER_OF,"BROTHER_OF(Likewise,Jared) ∧ FATHER_OF(Josedek,Jared)"
416791,168591,FATHER_OF,"BROTHER_OF(Likewise,Jared) ∧ FATHER_OF(Ananus,Jared)"
19581,168591,FATHER_OF,"BROTHER_OF(Likewise,Jared) ∧ FATHER_OF(Simon,Jared)"
35452,168591,FATHER_OF,"BROTHER_OF(Likewise,Jared) ∧ FATHER_OF(Eleazar,Jared)"
36345,168591,FATHER_OF,"BROTHER_OF(Likewise,Jared) ∧ FATHER_OF(Elkanah,Jared)"
59317,168591,FATHER_OF,"BROTHER_OF(Likewise,Jared) ∧ FATHER_OF(Robert,Jared)"
464107,168591,FATHER_OF,"BROTHER_OF(Likewise,Jared) ∧ FATHER_OF(An Ephraimite,Jared)"
19108,779306,FATHER_OF,"BROTHER_OF(INTERESTINGLY,Jared) ∧ FATHER_OF(Judas,Jared)"
494653,779306,FATHER_OF,"BROTHER_OF(INTERESTINGLY,Jared) ∧ FATHER_OF(Sirach,Jared)"
516157,779306,FATHER_OF,"BROTHER_OF(INTERESTINGLY,Jared) ∧ FATHER_OF(SIR,Jared)"
398435,779306,FATHER_OF,"BROTHER_OF(INTERESTINGLY,Jared) ∧ FATHER_OF(Josedek,Jared)"
416791,779306,FATHER_OF,"BROTHER_OF(INTERESTINGLY,Jared) ∧ FATHER_OF(Ananus,Jared)"
19581,779306,FATHER_OF,"BROTHER_OF(INTERESTINGLY,Jared) ∧ FATHER_OF(Simon,Jared)"
35452,779306,FATHER_OF,"BROTHER_OF(INTERESTINGLY,Jared) ∧ FATHER_OF(Eleazar,Jared)"
36345,779306,FATHER_OF,"BROTHER_OF(INTERESTINGLY,Jared) ∧ FATHER_OF(Elkanah,Jared)"
59317,779306,FATHER_OF,"BROTHER_OF(INTERESTINGLY,Jared) ∧ FATHER_OF(Robert,Jared)"
464107,779306,FATHER_OF,"BROTHER_OF(INTERESTINGLY,Jared) ∧ FATHER_OF(An Ephraimite,Jared)"
19108,355075,FATHER_OF,"BROTHER_OF(Ultimately,Jared) ∧ FATHER_OF(Judas,Jared)"
494653,355075,FATHER_OF,"BROTHER_OF(Ultimately,Jared) ∧ FATHER_OF(Sirach,Jared)"
516157,355075,FATHER_OF,"BROTHER_OF(Ultimately,Jared) ∧ FATHER_OF(SIR,Jared)"
398435,355075,FATHER_OF,"BROTHER_OF(Ultimately,Jared) ∧ FATHER_OF(Josedek,Jared)"
416791,355075,FATHER_OF,"BROTHER_OF(Ultimately,Jared) ∧ FATHER_OF(Ananus,Jared)"
19581,355075,FATHER_OF,"BROTHER_OF(Ultimately,Jared) ∧ FATHER_OF(Simon,Jared)"
35452,355075,FATHER_OF,"BROTHER_OF(Ultimately,Jared) ∧ FATHER_OF(Eleazar,Jared)"
36345,355075,FATHER_OF,"BROTHER_OF(Ultimately,Jared) ∧ FATHER_OF(Elkanah,Jared)"
59317,355075,FATHER_OF,"BROTHER_OF(Ultimately,Jared) ∧ FATHER_OF(Robert,Jared)"
464107,355075,FATHER_OF,"BROTHER_OF(Ultimately,Jared) ∧ FATHER_OF(An Ephraimite,Jared)"
19108,155782,FATHER_OF,"BROTHER_OF(Once,Jared) ∧ FATHER_OF(Judas,Jared)"
494653,155782,FATHER_OF,"BROTHER_OF(Once,Jared) ∧ FATHER_OF(Sirach,Jared)"
516157,155782,FATHER_OF,"BROTHER_OF(Once,Jared) ∧ FATHER_OF(SIR,Jared)"
398435,155782,FATHER_OF,"BROTHER_OF(Once,Jared) ∧ FATHER_OF(Josedek,Jared)"
416791,155782,FATHER_OF,"BROTHER_OF(Once,Jared) ∧ FATHER_OF(Ananus,Jared)"
19581,155782,FATHER_OF,"BROTHER_OF(Once,Jared) ∧ FATHER_OF(Simon,Jared)"
35452,155782,FATHER_OF,"BROTHER_OF(Once,Jared) ∧ FATHER_OF(Eleazar,Jared)"
36345,155782,FATHER_OF,"BROTHER_OF(Once,Jared) ∧ FATHER_OF(Elkanah,Jared)"
59317,155782,FATHER_OF,"BROTHER_OF(Once,Jared) ∧ FATHER_OF(Robert,Jared)"
464107,155782,FATHER_OF,"BROTHER_OF(Once,Jared) ∧ FATHER_OF(An Ephraimite,Jared)"
213770,209992,FATHER_OF,"SISTER_OF(Sophronia,José) ∧ FATHER_OF(Alexander Hale Smith,José)"
520857,209992,FATHER_OF,"SISTER_OF(Sophronia,José) ∧ FATHER_OF(Patriarch Hyrum Smith,José)"
19092,209992,FATHER_OF,"SISTER_OF(Sophronia,José) ∧ FATHER_OF(John,José)"
18900,209992,FATHER_OF,"SISTER_OF(Sophronia,José) ∧ FATHER_OF(Helaman,José)"
765216,209992,FATHER_OF,"SISTER_OF(Sophronia,José) ∧ FATHER_OF(Lehi Nephi,José)"
19108,117822,FATHER_OF,"SISTER_OF(Patrick,Joseph) ∧ FATHER_OF(Judas,Joseph)"
494653,117822,FATHER_OF,"SISTER_OF(Patrick,Joseph) ∧ FATHER_OF(Sirach,Joseph)"
516157,117822,FATHER_OF,"SISTER_OF(Patrick,Joseph) ∧ FATHER_OF(SIR,Joseph)"
398435,117822,FATHER_OF,"SISTER_OF(Patrick,Joseph) ∧ FATHER_OF(Josedek,Joseph)"
416791,117822,FATHER_OF,"SISTER_OF(Patrick,Joseph) ∧ FATHER_OF(Ananus,Joseph)"
19581,117822,FATHER_OF,"SISTER_OF(Patrick,Joseph) ∧ FATHER_OF(Simon,Joseph)"
35452,117822,FATHER_OF,"SISTER_OF(Patrick,Joseph) ∧ FATHER_OF(Eleazar,Joseph)"
19108,561682,FATHER_OF,"SISTER_OF(Rhoda Ann Jennetta Richards,Joseph) ∧ FATHER_OF(Judas,Joseph)"
494653,561682,FATHER_OF,"SISTER_OF(Rhoda Ann Jennetta Richards,Joseph) ∧ FATHER_OF(Sirach,Joseph)"
516157,561682,FATHER_OF,"SISTER_OF(Rhoda Ann Jennetta Richards,Joseph) ∧ FATHER_OF(SIR,Joseph)"
398435,561682,FATHER_OF,"SISTER_OF(Rhoda Ann Jennetta Richards,Joseph) ∧ FATHER_OF(Josedek,Joseph)"
416791,561682,FATHER_OF,"SISTER_OF(Rhoda Ann Jennetta Richards,Joseph) ∧ FATHER_OF(Ananus,Joseph)"
19581,561682,FATHER_OF,"SISTER_OF(Rhoda Ann Jennetta Richards,Joseph) ∧ FATHER_OF(Simon,Joseph)"
35452,561682,FATHER_OF,"SISTER_OF(Rhoda Ann Jennetta Richards,Joseph) ∧ FATHER_OF(Eleazar,Joseph)"
19871,19321,FATHER_OF,"SISTER_OF(Miriam,Moses) ∧ FATHER_OF(Zacharias,Moses)"
397883,19321,FATHER_OF,"SISTER_OF(Miriam,Moses) ∧ FATHER_OF(Mathew Woodruff,Moses)"
494839,19321,FATHER_OF,"SISTER_OF(Miriam,Moses) ∧ FATHER_OF(Accos,Moses)"
35041,19321,FATHER_OF,"SISTER_OF(Miriam,Moses) ∧ FATHER_OF(Mattathias,Moses)"
19872,19321,FATHER_OF,"SISTER_OF(Miriam,Moses) ∧ FATHER_OF(Zechariah,Moses)"
204448,19321,FATHER_OF,"SISTER_OF(Miriam,Moses) ∧ FATHER_OF(Alpheus,Moses)"
499765,19321,FATHER_OF,"SISTER_OF(Miriam,Moses) ∧ FATHER_OF(Zehedee,Moses)"
621613,19321,FATHER_OF,"SISTER_OF(Miriam,Moses) ∧ FATHER_OF(Zebedee Salome,Moses)"
42109,19321,FATHER_OF,"SISTER_OF(Miriam,Moses) ∧ FATHER_OF(Joiada,Moses)"
19566,19321,FATHER_OF,"SISTER_OF(Miriam,Moses) ∧ FATHER_OF(Shaul,Moses)"
19494,19321,FATHER_OF,"SISTER_OF(Miriam,Moses) ∧ FATHER_OF(Paul,Moses)"
36417,19321,FATHER_OF,"SISTER_OF(Miriam,Moses) ∧ FATHER_OF(Shemaiah,Moses)"
36161,19321,FATHER_OF,"SISTER_OF(Miriam,Moses) ∧ FATHER_OF(Shage,Moses)"
36610,19321,FATHER_OF,"SISTER_OF(Miriam,Moses) ∧ FATHER_OF(Shimea,Moses)"
35320,19321,FATHER_OF,"SISTER_OF(Miriam,Moses) ∧ FATHER_OF(Abiathar,Moses)"
36418,19321,FATHER_OF,"SISTER_OF(Miriam,Moses) ∧ FATHER_OF(Uzziel,Moses)"
36162,19321,FATHER_OF,"SISTER_OF(Miriam,Moses) ∧ FATHER_OF(Shammah,Moses)"
419644,19321,FATHER_OF,"SISTER_OF(Miriam,Moses) ∧ FATHER_OF(Shagee,Moses)"
36830,19321,FATHER_OF,"SISTER_OF(Miriam,Moses) ∧ FATHER_OF(Absalom,Moses)"
36627,19321,FATHER_OF,"SISTER_OF(Miriam,Moses) ∧ FATHER_OF(Shimei,Moses)"
30664,19321,FATHER_OF,"SISTER_OF(Miriam,Moses) ∧ FATHER_OF(Joseph Smith Sr.,Moses)"
213770,19321,FATHER_OF,"SISTER_OF(Miriam,Moses) ∧ FATHER_OF(Alexander Hale Smith,Moses)"
520857,19321,FATHER_OF,"SISTER_OF(Miriam,Moses) ∧ FATHER_OF(Patriarch Hyrum Smith,Moses)"
19092,19321,FATHER_OF,"SISTER_OF(Miriam,Moses) ∧ FATHER_OF(John,Moses)"
19097,19321,FATHER_OF,"SISTER_OF(Miriam,Moses) ∧ FATHER_OF(Joseph,Moses)"
106978,19321,FATHER_OF,"SISTER_OF(Miriam,Moses) ∧ FATHER_OF(Asael Smith,Moses)"
19108,19079,FATHER_OF,"BROTHER_OF(Brother of Jared,Jared) ∧ FATHER_OF(Judas,Jared)"
494653,19079,FATHER_OF,"BROTHER_OF(Brother of Jared,Jared) ∧ FATHER_OF(Sirach,Jared)"
516157,19079,FATHER_OF,"BROTHER_OF(Brother of Jared,Jared) ∧ FATHER_OF(SIR,Jared)"
398435,19079,FATHER_OF,"BROTHER_OF(Brother of Jared,Jared) ∧ FATHER_OF(Josedek,Jared)"
416791,19079,FATHER_OF,"BROTHER_OF(Brother of Jared,Jared) ∧ FATHER_OF(Ananus,Jared)"
19581,19079,FATHER_OF,"BROTHER_OF(Brother of Jared,Jared) ∧ FATHER_OF(Simon,Jared)"
35452,19079,FATHER_OF,"BROTHER_OF(Brother of Jared,Jared) ∧ FATHER_OF(Eleazar,Jared)"
36345,19079,FATHER_OF,"BROTHER_OF(Brother of Jared,Jared) ∧ FATHER_OF(Elkanah,Jared)"
59317,19079,FATHER_OF,"BROTHER_OF(Brother of Jared,Jared) ∧ FATHER_OF(Robert,Jared)"
464107,19079,FATHER_OF,"BROTHER_OF(Brother of Jared,Jared) ∧ FATHER_OF(An Ephraimite,Jared)"
19871,28149,FATHER_OF,"BROTHER_OF(Shiblom,And) ∧ FATHER_OF(Zacharias,And)"
397883,28149,FATHER_OF,"BROTHER_OF(Shiblom,And) ∧ FATHER_OF(Mathew Woodruff,And)"
494839,28149,FATHER_OF,"BROTHER_OF(Shiblom,And) ∧ FATHER_OF(Accos,And)"
35041,28149,FATHER_OF,"BROTHER_OF(Shiblom,And) ∧ FATHER_OF(Mattathias,And)"
19872,28149,FATHER_OF,"BROTHER_OF(Shiblom,And) ∧ FATHER_OF(Zechariah,And)"
204448,28149,FATHER_OF,"BROTHER_OF(Shiblom,And) ∧ FATHER_OF(Alpheus,And)"
499765,28149,FATHER_OF,"BROTHER_OF(Shiblom,And) ∧ FATHER_OF(Zehedee,And)"
621613,28149,FATHER_OF,"BROTHER_OF(Shiblom,And) ∧ FATHER_OF(Zebedee Salome,And)"
42109,28149,FATHER_OF,"BROTHER_OF(Shiblom,And) ∧ FATHER_OF(Joiada,And)"
19566,28149,FATHER_OF,"BROTHER_OF(Shiblom,And) ∧ FATHER_OF(Shaul,And)"
19494,28149,FATHER_OF,"BROTHER_OF(Shiblom,And) ∧ FATHER_OF(Paul,And)"
36417,28149,FATHER_OF,"BROTHER_OF(Shiblom,And) ∧ FATHER_OF(Shemaiah,And)"
36161,28149,FATHER_OF,"BROTHER_OF(Shiblom,And) ∧ FATHER_OF(Shage,And)"
36610,28149,FATHER_OF,"BROTHER_OF(Shiblom,And) ∧ FATHER_OF(Shimea,And)"
35320,28149,FATHER_OF,"BROTHER_OF(Shiblom,And) ∧ FATHER_OF(Abiathar,And)"
36418,28149,FATHER_OF,"BROTHER_OF(Shiblom,And) ∧ FATHER_OF(Uzziel,And)"
36162,28149,FATHER_OF,"BROTHER_OF(Shiblom,And) ∧ FATHER_OF(Shammah,And)"
419644,28149,FATHER_OF,"BROTHER_OF(Shiblom,And) ∧ FATHER_OF(Shagee,And)"
36830,28149,FATHER_OF,"BROTHER_OF(Shiblom,And) ∧ FATHER_OF(Absalom,And)"
36627,28149,FATHER_OF,"BROTHER_OF(Shiblom,And) ∧ FATHER_OF(Shimei,And)"
30664,28149,FATHER_OF,"BROTHER_OF(Shiblom,And) ∧ FATHER_OF(Joseph Smith Sr.,And)"
213770,28149,FATHER_OF,"BROTHER_OF(Shiblom,And) ∧ FATHER_OF(Alexander Hale Smith,And)"
520857,28149,FATHER_OF,"BROTHER_OF(Shiblom,And) ∧ FATHER_OF(Patriarch Hyrum Smith,And)"
19092,28149,FATHER_OF,"BROTHER_OF(Shiblom,And) ∧ FATHER_OF(John,And)"
19097,28149,FATHER_OF,"BROTHER_OF(Shiblom,And) ∧ FATHER_OF(Joseph,And)"
106978,28149,FATHER_OF,"BROTHER_OF(Shiblom,And) ∧ FATHER_OF(Asael Smith,And)"
11338,19078,FATHER_OF,"BROTHER_OF(Jared,Nephi) ∧ FATHER_OF(Simón Iscariote,Nephi)"
19073,19078,FATHER_OF,"BROTHER_OF(Jared,Nephi) ∧ FATHER_OF(James,Nephi)"
757218,19078,FATHER_OF,"BROTHER_OF(Jared,Nephi) ∧ FATHER_OF(Chalphi,Nephi)"
457984,19078,FATHER_OF,"BROTHER_OF(Jared,Nephi) ∧ FATHER_OF(Simon Iscariot,Nephi)"
35049,19078,FATHER_OF,"BROTHER_OF(Jared,Nephi) ∧ FATHER_OF(Rhesa,Nephi)"
25524,19078,FATHER_OF,"BROTHER_OF(Jared,Nephi) ∧ FATHER_OF(Jonas,Nephi)"
45834,19078,FATHER_OF,"BROTHER_OF(Jared,Nephi) ∧ FATHER_OF(Jona,Nephi)"
19094,19078,FATHER_OF,"BROTHER_OF(Jared,Nephi) ∧ FATHER_OF(Jonah,Nephi)"
650625,19078,FATHER_OF,"BROTHER_OF(Jared,Nephi) ∧ FATHER_OF(Gioras,Nephi)"
55816,19078,FATHER_OF,"BROTHER_OF(Jared,Nephi) ∧ FATHER_OF(Jochai,Nephi)"
465526,19078,FATHER_OF,"BROTHER_OF(Jared,Nephi) ∧ FATHER_OF(Onias,Nephi)"
18873,19078,FATHER_OF,"BROTHER_OF(Jared,Nephi) ∧ FATHER_OF(Gamaliel,Nephi)"
19871,792244,FATHER_OF,"BROTHER_OF(Jared Sees,Arnold Friberg) ∧ FATHER_OF(Zacharias,Arnold Friberg)"
397883,792244,FATHER_OF,"BROTHER_OF(Jared Sees,Arnold Friberg) ∧ FATHER_OF(Mathew Woodruff,Arnold Friberg)"
494839,792244,FATHER_OF,"BROTHER_OF(Jared Sees,Arnold Friberg) ∧ FATHER_OF(Accos,Arnold Friberg)"
35041,792244,FATHER_OF,"BROTHER_OF(Jared Sees,Arnold Friberg) ∧ FATHER_OF(Mattathias,Arnold Friberg)"
19872,792244,FATHER_OF,"BROTHER_OF(Jared Sees,Arnold Friberg) ∧ FATHER_OF(Zechariah,Arnold Friberg)"
204448,792244,FATHER_OF,"BROTHER_OF(Jared Sees,Arnold Friberg) ∧ FATHER_OF(Alpheus,Arnold Friberg)"
499765,792244,FATHER_OF,"BROTHER_OF(Jared Sees,Arnold Friberg) ∧ FATHER_OF(Zehedee,Arnold Friberg)"
621613,792244,FATHER_OF,"BROTHER_OF(Jared Sees,Arnold Friberg) ∧ FATHER_OF(Zebedee Salome,Arnold Friberg)"
42109,792244,FATHER_OF,"BROTHER_OF(Jared Sees,Arnold Friberg) ∧ FATHER_OF(Joiada,Arnold Friberg)"
19566,792244,FATHER_OF,"BROTHER_OF(Jared Sees,Arnold Friberg) ∧ FATHER_OF(Shaul,Arnold Friberg)"
19494,792244,FATHER_OF,"BROTHER_OF(Jared Sees,Arnold Friberg) ∧ FATHER_OF(Paul,Arnold Friberg)"
36417,792244,FATHER_OF,"BROTHER_OF(Jared Sees,Arnold Friberg) ∧ FATHER_OF(Shemaiah,Arnold Friberg)"
36161,792244,FATHER_OF,"BROTHER_OF(Jared Sees,Arnold Friberg) ∧ FATHER_OF(Shage,Arnold Friberg)"
36610,792244,FATHER_OF,"BROTHER_OF(Jared Sees,Arnold Friberg) ∧ FATHER_OF(Shimea,Arnold Friberg)"
35320,792244,FATHER_OF,"BROTHER_OF(Jared Sees,Arnold Friberg) ∧ FATHER_OF(Abiathar,Arnold Friberg)"
36418,792244,FATHER_OF,"BROTHER_OF(Jared Sees,Arnold Friberg) ∧ FATHER_OF(Uzziel,Arnold Friberg)"
36162,792244,FATHER_OF,"BROTHER_OF(Jared Sees,Arnold Friberg) ∧ FATHER_OF(Shammah,Arnold Friberg)"
419644,792244,FATHER_OF,"BROTHER_OF(Jared Sees,Arnold Friberg) ∧ FATHER_OF(Shagee,Arnold Friberg)"
36830,792244,FATHER_OF,"BROTHER_OF(Jared Sees,Arnold Friberg) ∧ FATHER_OF(Absalom,Arnold Friberg)"
36627,792244,FATHER_OF,"BROTHER_OF(Jared Sees,Arnold Friberg) ∧ FATHER_OF(Shimei,Arnold Friberg)"
30664,792244,FATHER_OF,"BROTHER_OF(Jared Sees,Arnold Friberg) ∧ FATHER_OF(Joseph Smith Sr.,Arnold Friberg)"
213770,792244,FATHER_OF,"BROTHER_OF(Jared Sees,Arnold Friberg) ∧ FATHER_OF(Alexander Hale Smith,Arnold Friberg)"
520857,792244,FATHER_OF,"BROTHER_OF(Jared Sees,Arnold Friberg) ∧ FATHER_OF(Patriarch Hyrum Smith,Arnold Friberg)"
19092,792244,FATHER_OF,"BROTHER_OF(Jared Sees,Arnold Friberg) ∧ FATHER_OF(John,Arnold Friberg)"
19097,792244,FATHER_OF,"BROTHER_OF(Jared Sees,Arnold Friberg) ∧ FATHER_OF(Joseph,Arnold Friberg)"
106978,792244,FATHER_OF,"BROTHER_OF(Jared Sees,Arnold Friberg) ∧ FATHER_OF(Asael Smith,Arnold Friberg)"
18915,19735,FATHER_OF,"BROTHER_OF(José,Samuel) ∧ FATHER_OF(Isaac,Samuel)"
35453,19735,FATHER_OF,"BROTHER_OF(José,Samuel) ∧ FATHER_OF(Matthan,Samuel)"
12037,19735,FATHER_OF,"BROTHER_OF(José,Samuel) ∧ FATHER_OF(Matán,Samuel)"
19076,19735,FATHER_OF,"BROTHER_OF(José,Samuel) ∧ FATHER_OF(Zebedee,Samuel)"
19075,19735,FATHER_OF,"BROTHER_OF(José,Samuel) ∧ FATHER_OF(Alphaeus,Samuel)"
30358,19735,FATHER_OF,"BROTHER_OF(José,Samuel) ∧ FATHER_OF(Mahalaleel,Samuel)"
8513,19735,FATHER_OF,"BROTHER_OF(José,Samuel) ∧ FATHER_OF(Omer,Samuel)"
609199,19735,FATHER_OF,"BROTHER_OF(José,Samuel) ∧ FATHER_OF(Mahaleel,Samuel)"
18915,176512,FATHER_OF,"BROTHER_OF(WILLIAM,Samuel) ∧ FATHER_OF(Isaac,Samuel)"
35453,176512,FATHER_OF,"BROTHER_OF(WILLIAM,Samuel) ∧ FATHER_OF(Matthan,Samuel)"
12037,176512,FATHER_OF,"BROTHER_OF(WILLIAM,Samuel) ∧ FATHER_OF(Matán,Samuel)"
19076,176512,FATHER_OF,"BROTHER_OF(WILLIAM,Samuel) ∧ FATHER_OF(Zebedee,Samuel)"
19075,176512,FATHER_OF,"BROTHER_OF(WILLIAM,Samuel) ∧ FATHER_OF(Alphaeus,Samuel)"
30358,176512,FATHER_OF,"BROTHER_OF(WILLIAM,Samuel) ∧ FATHER_OF(Mahalaleel,Samuel)"
8513,176512,FATHER_OF,"BROTHER_OF(WILLIAM,Samuel) ∧ FATHER_OF(Omer,Samuel)"
609199,176512,FATHER_OF,"BROTHER_OF(WILLIAM,Samuel) ∧ FATHER_OF(Mahaleel,Samuel)"
36573,36121,FATHER_OF,"BROTHER_OF(Abram,Haran) ∧ FATHER_OF(Haran,Haran)"
12743,36121,FATHER_OF,"BROTHER_OF(Abram,Haran) ∧ FATHER_OF(Harán,Haran)"
19871,19583,FATHER_OF,"BROTHER_OF(Hyrum Smith,William Smith) ∧ FATHER_OF(Zacharias,William Smith)"
397883,19583,FATHER_OF,"BROTHER_OF(Hyrum Smith,William Smith) ∧ FATHER_OF(Mathew Woodruff,William Smith)"
494839,19583,FATHER_OF,"BROTHER_OF(Hyrum Smith,William Smith) ∧ FATHER_OF(Accos,William Smith)"
35041,19583,FATHER_OF,"BROTHER_OF(Hyrum Smith,William Smith) ∧ FATHER_OF(Mattathias,William Smith)"
19872,19583,FATHER_OF,"BROTHER_OF(Hyrum Smith,William Smith) ∧ FATHER_OF(Zechariah,William Smith)"
204448,19583,FATHER_OF,"BROTHER_OF(Hyrum Smith,William Smith) ∧ FATHER_OF(Alpheus,William Smith)"
499765,19583,FATHER_OF,"BROTHER_OF(Hyrum Smith,William Smith) ∧ FATHER_OF(Zehedee,William Smith)"
621613,19583,FATHER_OF,"BROTHER_OF(Hyrum Smith,William Smith) ∧ FATHER_OF(Zebedee Salome,William Smith)"
42109,19583,FATHER_OF,"BROTHER_OF(Hyrum Smith,William Smith) ∧ FATHER_OF(Joiada,William Smith)"
19566,19583,FATHER_OF,"BROTHER_OF(Hyrum Smith,William Smith) ∧ FATHER_OF(Shaul,William Smith)"
19494,19583,FATHER_OF,"BROTHER_OF(Hyrum Smith,William Smith) ∧ FATHER_OF(Paul,William Smith)"
36417,19583,FATHER_OF,"BROTHER_OF(Hyrum Smith,William Smith) ∧ FATHER_OF(Shemaiah,William Smith)"
36161,19583,FATHER_OF,"BROTHER_OF(Hyrum Smith,William Smith) ∧ FATHER_OF(Shage,William Smith)"
36610,19583,FATHER_OF,"BROTHER_OF(Hyrum Smith,William Smith) ∧ FATHER_OF(Shimea,William Smith)"
35320,19583,FATHER_OF,"BROTHER_OF(Hyrum Smith,William Smith) ∧ FATHER_OF(Abiathar,William Smith)"
36418,19583,FATHER_OF,"BROTHER_OF(Hyrum Smith,William Smith) ∧ FATHER_OF(Uzziel,William Smith)"
36162,19583,FATHER_OF,"BROTHER_OF(Hyrum Smith,William Smith) ∧ FATHER_OF(Shammah,William Smith)"
419644,19583,FATHER_OF,"BROTHER_OF(Hyrum Smith,William Smith) ∧ FATHER_OF(Shagee,William Smith)"
36830,19583,FATHER_OF,"BROTHER_OF(Hyrum Smith,William Smith) ∧ FATHER_OF(Absalom,William Smith)"
36627,19583,FATHER_OF,"BROTHER_OF(Hyrum Smith,William Smith) ∧ FATHER_OF(Shimei,William Smith)"
36535,19583,FATHER_OF,"BROTHER_OF(Hyrum Smith,William Smith) ∧ FATHER_OF(Shammai,William Smith)"
19095,19583,FATHER_OF,"BROTHER_OF(Hyrum Smith,William Smith) ∧ FATHER_OF(Jonathan,William Smith)"
33560,19583,FATHER_OF,"BROTHER_OF(Hyrum Smith,William Smith) ∧ FATHER_OF(Tyre,William Smith)"
19499,19583,FATHER_OF,"BROTHER_OF(Hyrum Smith,William Smith) ∧ FATHER_OF(Pharaoh,William Smith)"
19078,19583,FATHER_OF,"BROTHER_OF(Hyrum Smith,William Smith) ∧ FATHER_OF(Jared,William Smith)"
3579,19583,FATHER_OF,"BROTHER_OF(Hyrum Smith,William Smith) ∧ FATHER_OF(Cain,William Smith)"
24294,19583,FATHER_OF,"BROTHER_OF(Hyrum Smith,William Smith) ∧ FATHER_OF(Midian,William Smith)"
3251,19583,FATHER_OF,"BROTHER_OF(Hyrum Smith,William Smith) ∧ FATHER_OF(Mosiah,William Smith)"
19259,19583,FATHER_OF,"BROTHER_OF(Hyrum Smith,William Smith) ∧ FATHER_OF(Lot,William Smith)"
18661,19583,FATHER_OF,"BROTHER_OF(Hyrum Smith,William Smith) ∧ FATHER_OF(Daniel,William Smith)"
36179,19583,FATHER_OF,"BROTHER_OF(Hyrum Smith,William Smith) ∧ FATHER_OF(Hemdan,William Smith)"
387410,19583,FATHER_OF,"BROTHER_OF(Hyrum Smith,William Smith) ∧ FATHER_OF(Bathia,William Smith)"
19088,19583,FATHER_OF,"BROTHER_OF(Hyrum Smith,William Smith) ∧ FATHER_OF(Jethro,William Smith)"
459345,19583,FATHER_OF,"BROTHER_OF(Hyrum Smith,William Smith) ∧ FATHER_OF(Amaram,William Smith)"
28095,19583,FATHER_OF,"BROTHER_OF(Hyrum Smith,William Smith) ∧ FATHER_OF(Heth,William Smith)"
3332,19583,FATHER_OF,"BROTHER_OF(Hyrum Smith,William Smith) ∧ FATHER_OF(Mormon,William Smith)"
660398,19583,FATHER_OF,"BROTHER_OF(Hyrum Smith,William Smith) ∧ FATHER_OF(Prophet Mormon,William Smith)"
20145,19583,FATHER_OF,"BROTHER_OF(Hyrum Smith,William Smith) ∧ FATHER_OF(Righteousness,William Smith)"
30365,19583,FATHER_OF,"BROTHER_OF(Hyrum Smith,William Smith) ∧ FATHER_OF(Lamech,William Smith)"
19913,19583,FATHER_OF,"BROTHER_OF(Hyrum Smith,William Smith) ∧ FATHER_OF(Zeniff,William Smith)"
36215,18897,FATHER_OF,"BROTHER_OF(Samuel,Hyrum Smith) ∧ FATHER_OF(Aholibamah,Hyrum Smith)"
40102,18897,FATHER_OF,"BROTHER_OF(Samuel,Hyrum Smith) ∧ FATHER_OF(Beeri,Hyrum Smith)"
37465,18897,FATHER_OF,"BROTHER_OF(Samuel,Hyrum Smith) ∧ FATHER_OF(Elon,Hyrum Smith)"
18917,18897,FATHER_OF,"BROTHER_OF(Samuel,Hyrum Smith) ∧ FATHER_OF(Ishmael,Hyrum Smith)"
19871,73734,FATHER_OF,"BROTHER_OF(Janet,Cuando) ∧ FATHER_OF(Zacharias,Cuando)"
397883,73734,FATHER_OF,"BROTHER_OF(Janet,Cuando) ∧ FATHER_OF(Mathew Woodruff,Cuando)"
494839,73734,FATHER_OF,"BROTHER_OF(Janet,Cuando) ∧ FATHER_OF(Accos,Cuando)"
35041,73734,FATHER_OF,"BROTHER_OF(Janet,Cuando) ∧ FATHER_OF(Mattathias,Cuando)"
19872,73734,FATHER_OF,"BROTHER_OF(Janet,Cuando) ∧ FATHER_OF(Zechariah,Cuando)"
204448,73734,FATHER_OF,"BROTHER_OF(Janet,Cuando) ∧ FATHER_OF(Alpheus,Cuando)"
499765,73734,FATHER_OF,"BROTHER_OF(Janet,Cuando) ∧ FATHER_OF(Zehedee,Cuando)"
621613,73734,FATHER_OF,"BROTHER_OF(Janet,Cuando) ∧ FATHER_OF(Zebedee Salome,Cuando)"
42109,73734,FATHER_OF,"BROTHER_OF(Janet,Cuando) ∧ FATHER_OF(Joiada,Cuando)"
19566,73734,FATHER_OF,"BROTHER_OF(Janet,Cuando) ∧ FATHER_OF(Shaul,Cuando)"
19494,73734,FATHER_OF,"BROTHER_OF(Janet,Cuando) ∧ FATHER_OF(Paul,Cuando)"
36417,73734,FATHER_OF,"BROTHER_OF(Janet,Cuando) ∧ FATHER_OF(Shemaiah,Cuando)"
36161,73734,FATHER_OF,"BROTHER_OF(Janet,Cuando) ∧ FATHER_OF(Shage,Cuando)"
36610,73734,FATHER_OF,"BROTHER_OF(Janet,Cuando) ∧ FATHER_OF(Shimea,Cuando)"
35320,73734,FATHER_OF,"BROTHER_OF(Janet,Cuando) ∧ FATHER_OF(Abiathar,Cuando)"
36418,73734,FATHER_OF,"BROTHER_OF(Janet,Cuando) ∧ FATHER_OF(Uzziel,Cuando)"
36162,73734,FATHER_OF,"BROTHER_OF(Janet,Cuando) ∧ FATHER_OF(Shammah,Cuando)"
419644,73734,FATHER_OF,"BROTHER_OF(Janet,Cuando) ∧ FATHER_OF(Shagee,Cuando)"
36830,73734,FATHER_OF,"BROTHER_OF(Janet,Cuando) ∧ FATHER_OF(Absalom,Cuando)"
36627,73734,FATHER_OF,"BROTHER_OF(Janet,Cuando) ∧ FATHER_OF(Shimei,Cuando)"
30664,73734,FATHER_OF,"BROTHER_OF(Janet,Cuando) ∧ FATHER_OF(Joseph Smith Sr.,Cuando)"
213770,73734,FATHER_OF,"BROTHER_OF(Janet,Cuando) ∧ FATHER_OF(Alexander Hale Smith,Cuando)"
520857,73734,FATHER_OF,"BROTHER_OF(Janet,Cuando) ∧ FATHER_OF(Patriarch Hyrum Smith,Cuando)"
19092,73734,FATHER_OF,"BROTHER_OF(Janet,Cuando) ∧ FATHER_OF(John,Cuando)"
19097,73734,FATHER_OF,"BROTHER_OF(Janet,Cuando) ∧ FATHER_OF(Joseph,Cuando)"
106978,73734,FATHER_OF,"BROTHER_OF(Janet,Cuando) ∧ FATHER_OF(Asael Smith,Cuando)"
30664,19095,FATHER_OF,"BROTHER_OF(Jonathan,John) ∧ FATHER_OF(Joseph Smith Sr.,John)"
213770,19095,FATHER_OF,"BROTHER_OF(Jonathan,John) ∧ FATHER_OF(Alexander Hale Smith,John)"
520857,19095,FATHER_OF,"BROTHER_OF(Jonathan,John) ∧ FATHER_OF(Patriarch Hyrum Smith,John)"
106978,19095,FATHER_OF,"BROTHER_OF(Jonathan,John) ∧ FATHER_OF(Asael Smith,John)"
36535,19095,FATHER_OF,"BROTHER_OF(Jonathan,John) ∧ FATHER_OF(Shammai,John)"
19095,19095,FATHER_OF,"BROTHER_OF(Jonathan,John) ∧ FATHER_OF(Jonathan,John)"
33560,19095,FATHER_OF,"BROTHER_OF(Jonathan,John) ∧ FATHER_OF(Tyre,John)"
19499,19095,FATHER_OF,"BROTHER_OF(Jonathan,John) ∧ FATHER_OF(Pharaoh,John)"
19078,19095,FATHER_OF,"BROTHER_OF(Jonathan,John) ∧ FATHER_OF(Jared,John)"
3579,19095,FATHER_OF,"BROTHER_OF(Jonathan,John) ∧ FATHER_OF(Cain,John)"
24294,19095,FATHER_OF,"BROTHER_OF(Jonathan,John) ∧ FATHER_OF(Midian,John)"
3251,19095,FATHER_OF,"BROTHER_OF(Jonathan,John) ∧ FATHER_OF(Mosiah,John)"
19259,19095,FATHER_OF,"BROTHER_OF(Jonathan,John) ∧ FATHER_OF(Lot,John)"
18661,19095,FATHER_OF,"BROTHER_OF(Jonathan,John) ∧ FATHER_OF(Daniel,John)"
36179,19095,FATHER_OF,"BROTHER_OF(Jonathan,John) ∧ FATHER_OF(Hemdan,John)"
387410,19095,FATHER_OF,"BROTHER_OF(Jonathan,John) ∧ FATHER_OF(Bathia,John)"
19088,19095,FATHER_OF,"BROTHER_OF(Jonathan,John) ∧ FATHER_OF(Jethro,John)"
459345,19095,FATHER_OF,"BROTHER_OF(Jonathan,John) ∧ FATHER_OF(Amaram,John)"
28095,19095,FATHER_OF,"BROTHER_OF(Jonathan,John) ∧ FATHER_OF(Heth,John)"
3332,19095,FATHER_OF,"BROTHER_OF(Jonathan,John) ∧ FATHER_OF(Mormon,John)"
660398,19095,FATHER_OF,"BROTHER_OF(Jonathan,John) ∧ FATHER_OF(Prophet Mormon,John)"
20145,19095,FATHER_OF,"BROTHER_OF(Jonathan,John) ∧ FATHER_OF(Righteousness,John)"
30365,19095,FATHER_OF,"BROTHER_OF(Jonathan,John) ∧ FATHER_OF(Lamech,John)"
19913,19095,FATHER_OF,"BROTHER_OF(Jonathan,John) ∧ FATHER_OF(Zeniff,John)"
19536,203561,FATHER_OF,"BROTHER_OF(Judas Maccabeus,Simon) ∧ FATHER_OF(Rachel,Simon)"
35060,203561,FATHER_OF,"BROTHER_OF(Judas Maccabeus,Simon) ∧ FATHER_OF(Jonan,Simon)"
35037,203561,FATHER_OF,"BROTHER_OF(Judas Maccabeus,Simon) ∧ FATHER_OF(Heli,Simon)"
3416,203561,FATHER_OF,"BROTHER_OF(Judas Maccabeus,Simon) ∧ FATHER_OF(Amos,Simon)"
19109,203561,FATHER_OF,"BROTHER_OF(Judas Maccabeus,Simon) ∧ FATHER_OF(Jude,Simon)"
18670,203561,FATHER_OF,"BROTHER_OF(Judas Maccabeus,Simon) ∧ FATHER_OF(Eli,Simon)"
409594,203561,FATHER_OF,"BROTHER_OF(Judas Maccabeus,Simon) ∧ FATHER_OF(Jonam,Simon)"
15527,203561,FATHER_OF,"BROTHER_OF(Judas Maccabeus,Simon) ∧ FATHER_OF(Potiphera,Simon)"
30497,203561,FATHER_OF,"BROTHER_OF(Judas Maccabeus,Simon) ∧ FATHER_OF(Hyrum,Simon)"
5852,203561,FATHER_OF,"BROTHER_OF(Judas Maccabeus,Simon) ∧ FATHER_OF(Cuando,Simon)"
19583,203561,FATHER_OF,"BROTHER_OF(Judas Maccabeus,Simon) ∧ FATHER_OF(Hyrum Smith,Simon)"
391257,203561,FATHER_OF,"BROTHER_OF(Judas Maccabeus,Simon) ∧ FATHER_OF(Patriarch,Simon)"
30358,203561,FATHER_OF,"BROTHER_OF(Judas Maccabeus,Simon) ∧ FATHER_OF(Mahalaleel,Simon)"
8513,203561,FATHER_OF,"BROTHER_OF(Judas Maccabeus,Simon) ∧ FATHER_OF(Omer,Simon)"
609199,203561,FATHER_OF,"BROTHER_OF(Judas Maccabeus,Simon) ∧ FATHER_OF(Mahaleel,Simon)"
18915,30497,FATHER_OF,"BROTHER_OF(Hyrum,Samuel) ∧ FATHER_OF(Isaac,Samuel)"
35453,30497,FATHER_OF,"BROTHER_OF(Hyrum,Samuel) ∧ FATHER_OF(Matthan,Samuel)"
12037,30497,FATHER_OF,"BROTHER_OF(Hyrum,Samuel) ∧ FATHER_OF(Matán,Samuel)"
19076,30497,FATHER_OF,"BROTHER_OF(Hyrum,Samuel) ∧ FATHER_OF(Zebedee,Samuel)"
19075,30497,FATHER_OF,"BROTHER_OF(Hyrum,Samuel) ∧ FATHER_OF(Alphaeus,Samuel)"
30358,30497,FATHER_OF,"BROTHER_OF(Hyrum,Samuel) ∧ FATHER_OF(Mahalaleel,Samuel)"
8513,30497,FATHER_OF,"BROTHER_OF(Hyrum,Samuel) ∧ FATHER_OF(Omer,Samuel)"
609199,30497,FATHER_OF,"BROTHER_OF(Hyrum,Samuel) ∧ FATHER_OF(Mahaleel,Samuel)"
19871,19102,FATHER_OF,"BROTHER_OF(Joseph Smith,Smith) ∧ FATHER_OF(Zacharias,Smith)"
397883,19102,FATHER_OF,"BROTHER_OF(Joseph Smith,Smith) ∧ FATHER_OF(Mathew Woodruff,Smith)"
494839,19102,FATHER_OF,"BROTHER_OF(Joseph Smith,Smith) ∧ FATHER_OF(Accos,Smith)"
35041,19102,FATHER_OF,"BROTHER_OF(Joseph Smith,Smith) ∧ FATHER_OF(Mattathias,Smith)"
19872,19102,FATHER_OF,"BROTHER_OF(Joseph Smith,Smith) ∧ FATHER_OF(Zechariah,Smith)"
204448,19102,FATHER_OF,"BROTHER_OF(Joseph Smith,Smith) ∧ FATHER_OF(Alpheus,Smith)"
499765,19102,FATHER_OF,"BROTHER_OF(Joseph Smith,Smith) ∧ FATHER_OF(Zehedee,Smith)"
621613,19102,FATHER_OF,"BROTHER_OF(Joseph Smith,Smith) ∧ FATHER_OF(Zebedee Salome,Smith)"
42109,19102,FATHER_OF,"BROTHER_OF(Joseph Smith,Smith) ∧ FATHER_OF(Joiada,Smith)"
19566,19102,FATHER_OF,"BROTHER_OF(Joseph Smith,Smith) ∧ FATHER_OF(Shaul,Smith)"
19494,19102,FATHER_OF,"BROTHER_OF(Joseph Smith,Smith) ∧ FATHER_OF(Paul,Smith)"
36417,19102,FATHER_OF,"BROTHER_OF(Joseph Smith,Smith) ∧ FATHER_OF(Shemaiah,Smith)"
36161,19102,FATHER_OF,"BROTHER_OF(Joseph Smith,Smith) ∧ FATHER_OF(Shage,Smith)"
36610,19102,FATHER_OF,"BROTHER_OF(Joseph Smith,Smith) ∧ FATHER_OF(Shimea,Smith)"
35320,19102,FATHER_OF,"BROTHER_OF(Joseph Smith,Smith) ∧ FATHER_OF(Abiathar,Smith)"
36418,19102,FATHER_OF,"BROTHER_OF(Joseph Smith,Smith) ∧ FATHER_OF(Uzziel,Smith)"
36162,19102,FATHER_OF,"BROTHER_OF(Joseph Smith,Smith) ∧ FATHER_OF(Shammah,Smith)"
419644,19102,FATHER_OF,"BROTHER_OF(Joseph Smith,Smith) ∧ FATHER_OF(Shagee,Smith)"
36830,19102,FATHER_OF,"BROTHER_OF(Joseph Smith,Smith) ∧ FATHER_OF(Absalom,Smith)"
36627,19102,FATHER_OF,"BROTHER_OF(Joseph Smith,Smith) ∧ FATHER_OF(Shimei,Smith)"
36535,19102,FATHER_OF,"BROTHER_OF(Joseph Smith,Smith) ∧ FATHER_OF(Shammai,Smith)"
19095,19102,FATHER_OF,"BROTHER_OF(Joseph Smith,Smith) ∧ FATHER_OF(Jonathan,Smith)"
33560,19102,FATHER_OF,"BROTHER_OF(Joseph Smith,Smith) ∧ FATHER_OF(Tyre,Smith)"
19499,19102,FATHER_OF,"BROTHER_OF(Joseph Smith,Smith) ∧ FATHER_OF(Pharaoh,Smith)"
19078,19102,FATHER_OF,"BROTHER_OF(Joseph Smith,Smith) ∧ FATHER_OF(Jared,Smith)"
3579,19102,FATHER_OF,"BROTHER_OF(Joseph Smith,Smith) ∧ FATHER_OF(Cain,Smith)"
24294,19102,FATHER_OF,"BROTHER_OF(Joseph Smith,Smith) ∧ FATHER_OF(Midian,Smith)"
3251,19102,FATHER_OF,"BROTHER_OF(Joseph Smith,Smith) ∧ FATHER_OF(Mosiah,Smith)"
19259,19102,FATHER_OF,"BROTHER_OF(Joseph Smith,Smith) ∧ FATHER_OF(Lot,Smith)"
18661,19102,FATHER_OF,"BROTHER_OF(Joseph Smith,Smith) ∧ FATHER_OF(Daniel,Smith)"
36179,19102,FATHER_OF,"BROTHER_OF(Joseph Smith,Smith) ∧ FATHER_OF(Hemdan,Smith)"
387410,19102,FATHER_OF,"BROTHER_OF(Joseph Smith,Smith) ∧ FATHER_OF(Bathia,Smith)"
19088,19102,FATHER_OF,"BROTHER_OF(Joseph Smith,Smith) ∧ FATHER_OF(Jethro,Smith)"
459345,19102,FATHER_OF,"BROTHER_OF(Joseph Smith,Smith) ∧ FATHER_OF(Amaram,Smith)"
28095,19102,FATHER_OF,"BROTHER_OF(Joseph Smith,Smith) ∧ FATHER_OF(Heth,Smith)"
3332,19102,FATHER_OF,"BROTHER_OF(Joseph Smith,Smith) ∧ FATHER_OF(Mormon,Smith)"
660398,19102,FATHER_OF,"BROTHER_OF(Joseph Smith,Smith) ∧ FATHER_OF(Prophet Mormon,Smith)"
20145,19102,FATHER_OF,"BROTHER_OF(Joseph Smith,Smith) ∧ FATHER_OF(Righteousness,Smith)"
30365,19102,FATHER_OF,"BROTHER_OF(Joseph Smith,Smith) ∧ FATHER_OF(Lamech,Smith)"
19913,19102,FATHER_OF,"BROTHER_OF(Joseph Smith,Smith) ∧ FATHER_OF(Zeniff,Smith)"
19871,37311,FATHER_OF,"SISTER_OF(Tahpenes,And) ∧ FATHER_OF(Zacharias,And)"
397883,37311,FATHER_OF,"SISTER_OF(Tahpenes,And) ∧ FATHER_OF(Mathew Woodruff,And)"
494839,37311,FATHER_OF,"SISTER_OF(Tahpenes,And) ∧ FATHER_OF(Accos,And)"
35041,37311,FATHER_OF,"SISTER_OF(Tahpenes,And) ∧ FATHER_OF(Mattathias,And)"
19872,37311,FATHER_OF,"SISTER_OF(Tahpenes,And) ∧ FATHER_OF(Zechariah,And)"
204448,37311,FATHER_OF,"SISTER_OF(Tahpenes,And) ∧ FATHER_OF(Alpheus,And)"
499765,37311,FATHER_OF,"SISTER_OF(Tahpenes,And) ∧ FATHER_OF(Zehedee,And)"
621613,37311,FATHER_OF,"SISTER_OF(Tahpenes,And) ∧ FATHER_OF(Zebedee Salome,And)"
42109,37311,FATHER_OF,"SISTER_OF(Tahpenes,And) ∧ FATHER_OF(Joiada,And)"
19566,37311,FATHER_OF,"SISTER_OF(Tahpenes,And) ∧ FATHER_OF(Shaul,And)"
19494,37311,FATHER_OF,"SISTER_OF(Tahpenes,And) ∧ FATHER_OF(Paul,And)"
36417,37311,FATHER_OF,"SISTER_OF(Tahpenes,And) ∧ FATHER_OF(Shemaiah,And)"
36161,37311,FATHER_OF,"SISTER_OF(Tahpenes,And) ∧ FATHER_OF(Shage,And)"
36610,37311,FATHER_OF,"SISTER_OF(Tahpenes,And) ∧ FATHER_OF(Shimea,And)"
35320,37311,FATHER_OF,"SISTER_OF(Tahpenes,And) ∧ FATHER_OF(Abiathar,And)"
36418,37311,FATHER_OF,"SISTER_OF(Tahpenes,And) ∧ FATHER_OF(Uzziel,And)"
36162,37311,FATHER_OF,"SISTER_OF(Tahpenes,And) ∧ FATHER_OF(Shammah,And)"
419644,37311,FATHER_OF,"SISTER_OF(Tahpenes,And) ∧ FATHER_OF(Shagee,And)"
36830,37311,FATHER_OF,"SISTER_OF(Tahpenes,And) ∧ FATHER_OF(Absalom,And)"
36627,37311,FATHER_OF,"SISTER_OF(Tahpenes,And) ∧ FATHER_OF(Shimei,And)"
30664,37311,FATHER_OF,"SISTER_OF(Tahpenes,And) ∧ FATHER_OF(Joseph Smith Sr.,And)"
213770,37311,FATHER_OF,"SISTER_OF(Tahpenes,And) ∧ FATHER_OF(Alexander Hale Smith,And)"
520857,37311,FATHER_OF,"SISTER_OF(Tahpenes,And) ∧ FATHER_OF(Patriarch Hyrum Smith,And)"
19092,37311,FATHER_OF,"SISTER_OF(Tahpenes,And) ∧ FATHER_OF(John,And)"
19097,37311,FATHER_OF,"SISTER_OF(Tahpenes,And) ∧ FATHER_OF(Joseph,And)"
106978,37311,FATHER_OF,"SISTER_OF(Tahpenes,And) ∧ FATHER_OF(Asael Smith,And)"
19871,43432,FATHER_OF,"SISTER_OF(Tubal Cain,And) ∧ FATHER_OF(Zacharias,And)"
397883,43432,FATHER_OF,"SISTER_OF(Tubal Cain,And) ∧ FATHER_OF(Mathew Woodruff,And)"
494839,43432,FATHER_OF,"SISTER_OF(Tubal Cain,And) ∧ FATHER_OF(Accos,And)"
35041,43432,FATHER_OF,"SISTER_OF(Tubal Cain,And) ∧ FATHER_OF(Mattathias,And)"
19872,43432,FATHER_OF,"SISTER_OF(Tubal Cain,And) ∧ FATHER_OF(Zechariah,And)"
204448,43432,FATHER_OF,"SISTER_OF(Tubal Cain,And) ∧ FATHER_OF(Alpheus,And)"
499765,43432,FATHER_OF,"SISTER_OF(Tubal Cain,And) ∧ FATHER_OF(Zehedee,And)"
621613,43432,FATHER_OF,"SISTER_OF(Tubal Cain,And) ∧ FATHER_OF(Zebedee Salome,And)"
42109,43432,FATHER_OF,"SISTER_OF(Tubal Cain,And) ∧ FATHER_OF(Joiada,And)"
19566,43432,FATHER_OF,"SISTER_OF(Tubal Cain,And) ∧ FATHER_OF(Shaul,And)"
19494,43432,FATHER_OF,"SISTER_OF(Tubal Cain,And) ∧ FATHER_OF(Paul,And)"
36417,43432,FATHER_OF,"SISTER_OF(Tubal Cain,And) ∧ FATHER_OF(Shemaiah,And)"
36161,43432,FATHER_OF,"SISTER_OF(Tubal Cain,And) ∧ FATHER_OF(Shage,And)"
36610,43432,FATHER_OF,"SISTER_OF(Tubal Cain,And) ∧ FATHER_OF(Shimea,And)"
35320,43432,FATHER_OF,"SISTER_OF(Tubal Cain,And) ∧ FATHER_OF(Abiathar,And)"
36418,43432,FATHER_OF,"SISTER_OF(Tubal Cain,And) ∧ FATHER_OF(Uzziel,And)"
36162,43432,FATHER_OF,"SISTER_OF(Tubal Cain,And) ∧ FATHER_OF(Shammah,And)"
419644,43432,FATHER_OF,"SISTER_OF(Tubal Cain,And) ∧ FATHER_OF(Shagee,And)"
36830,43432,FATHER_OF,"SISTER_OF(Tubal Cain,And) ∧ FATHER_OF(Absalom,And)"
36627,43432,FATHER_OF,"SISTER_OF(Tubal Cain,And) ∧ FATHER_OF(Shimei,And)"
30664,43432,FATHER_OF,"SISTER_OF(Tubal Cain,And) ∧ FATHER_OF(Joseph Smith Sr.,And)"
213770,43432,FATHER_OF,"SISTER_OF(Tubal Cain,And) ∧ FATHER_OF(Alexander Hale Smith,And)"
520857,43432,FATHER_OF,"SISTER_OF(Tubal Cain,And) ∧ FATHER_OF(Patriarch Hyrum Smith,And)"
19092,43432,FATHER_OF,"SISTER_OF(Tubal Cain,And) ∧ FATHER_OF(John,And)"
19097,43432,FATHER_OF,"SISTER_OF(Tubal Cain,And) ∧ FATHER_OF(Joseph,And)"
106978,43432,FATHER_OF,"SISTER_OF(Tubal Cain,And) ∧ FATHER_OF(Asael Smith,And)"
19871,152911,FATHER_OF,"SISTER_OF(Taiwán,Entonces) ∧ FATHER_OF(Zacharias,Entonces)"
397883,152911,FATHER_OF,"SISTER_OF(Taiwán,Entonces) ∧ FATHER_OF(Mathew Woodruff,Entonces)"
494839,152911,FATHER_OF,"SISTER_OF(Taiwán,Entonces) ∧ FATHER_OF(Accos,Entonces)"
35041,152911,FATHER_OF,"SISTER_OF(Taiwán,Entonces) ∧ FATHER_OF(Mattathias,Entonces)"
19872,152911,FATHER_OF,"SISTER_OF(Taiwán,Entonces) ∧ FATHER_OF(Zechariah,Entonces)"
204448,152911,FATHER_OF,"SISTER_OF(Taiwán,Entonces) ∧ FATHER_OF(Alpheus,Entonces)"
499765,152911,FATHER_OF,"SISTER_OF(Taiwán,Entonces) ∧ FATHER_OF(Zehedee,Entonces)"
621613,152911,FATHER_OF,"SISTER_OF(Taiwán,Entonces) ∧ FATHER_OF(Zebedee Salome,Entonces)"
42109,152911,FATHER_OF,"SISTER_OF(Taiwán,Entonces) ∧ FATHER_OF(Joiada,Entonces)"
19566,152911,FATHER_OF,"SISTER_OF(Taiwán,Entonces) ∧ FATHER_OF(Shaul,Entonces)"
19494,152911,FATHER_OF,"SISTER_OF(Taiwán,Entonces) ∧ FATHER_OF(Paul,Entonces)"
36417,152911,FATHER_OF,"SISTER_OF(Taiwán,Entonces) ∧ FATHER_OF(Shemaiah,Entonces)"
36161,152911,FATHER_OF,"SISTER_OF(Taiwán,Entonces) ∧ FATHER_OF(Shage,Entonces)"
36610,152911,FATHER_OF,"SISTER_OF(Taiwán,Entonces) ∧ FATHER_OF(Shimea,Entonces)"
35320,152911,FATHER_OF,"SISTER_OF(Taiwán,Entonces) ∧ FATHER_OF(Abiathar,Entonces)"
36418,152911,FATHER_OF,"SISTER_OF(Taiwán,Entonces) ∧ FATHER_OF(Uzziel,Entonces)"
36162,152911,FATHER_OF,"SISTER_OF(Taiwán,Entonces) ∧ FATHER_OF(Shammah,Entonces)"
419644,152911,FATHER_OF,"SISTER_OF(Taiwán,Entonces) ∧ FATHER_OF(Shagee,Entonces)"
36830,152911,FATHER_OF,"SISTER_OF(Taiwán,Entonces) ∧ FATHER_OF(Absalom,Entonces)"
36627,152911,FATHER_OF,"SISTER_OF(Taiwán,Entonces) ∧ FATHER_OF(Shimei,Entonces)"
30664,152911,FATHER_OF,"SISTER_OF(Taiwán,Entonces) ∧ FATHER_OF(Joseph Smith Sr.,Entonces)"
213770,152911,FATHER_OF,"SISTER_OF(Taiwán,Entonces) ∧ FATHER_OF(Alexander Hale Smith,Entonces)"
520857,152911,FATHER_OF,"SISTER_OF(Taiwán,Entonces) ∧ FATHER_OF(Patriarch Hyrum Smith,Entonces)"
19092,152911,FATHER_OF,"SISTER_OF(Taiwán,Entonces) ∧ FATHER_OF(John,Entonces)"
19097,152911,FATHER_OF,"SISTER_OF(Taiwán,Entonces) ∧ FATHER_OF(Joseph,Entonces)"
106978,152911,FATHER_OF,"SISTER_OF(Taiwán,Entonces) ∧ FATHER_OF(Asael Smith,Entonces)"
19871,737803,FATHER_OF,"SISTER_OF(Blendina,Cuando) ∧ FATHER_OF(Zacharias,Cuando)"
397883,737803,FATHER_OF,"SISTER_OF(Blendina,Cuando) ∧ FATHER_OF(Mathew Woodruff,Cuando)"
494839,737803,FATHER_OF,"SISTER_OF(Blendina,Cuando) ∧ FATHER_OF(Accos,Cuando)"
35041,737803,FATHER_OF,"SISTER_OF(Blendina,Cuando) ∧ FATHER_OF(Mattathias,Cuando)"
19872,737803,FATHER_OF,"SISTER_OF(Blendina,Cuando) ∧ FATHER_OF(Zechariah,Cuando)"
204448,737803,FATHER_OF,"SISTER_OF(Blendina,Cuando) ∧ FATHER_OF(Alpheus,Cuando)"
499765,737803,FATHER_OF,"SISTER_OF(Blendina,Cuando) ∧ FATHER_OF(Zehedee,Cuando)"
621613,737803,FATHER_OF,"SISTER_OF(Blendina,Cuando) ∧ FATHER_OF(Zebedee Salome,Cuando)"
42109,737803,FATHER_OF,"SISTER_OF(Blendina,Cuando) ∧ FATHER_OF(Joiada,Cuando)"
19566,737803,FATHER_OF,"SISTER_OF(Blendina,Cuando) ∧ FATHER_OF(Shaul,Cuando)"
19494,737803,FATHER_OF,"SISTER_OF(Blendina,Cuando) ∧ FATHER_OF(Paul,Cuando)"
36417,737803,FATHER_OF,"SISTER_OF(Blendina,Cuando) ∧ FATHER_OF(Shemaiah,Cuando)"
36161,737803,FATHER_OF,"SISTER_OF(Blendina,Cuando) ∧ FATHER_OF(Shage,Cuando)"
36610,737803,FATHER_OF,"SISTER_OF(Blendina,Cuando) ∧ FATHER_OF(Shimea,Cuando)"
35320,737803,FATHER_OF,"SISTER_OF(Blendina,Cuando) ∧ FATHER_OF(Abiathar,Cuando)"
36418,737803,FATHER_OF,"SISTER_OF(Blendina,Cuando) ∧ FATHER_OF(Uzziel,Cuando)"
36162,737803,FATHER_OF,"SISTER_OF(Blendina,Cuando) ∧ FATHER_OF(Shammah,Cuando)"
419644,737803,FATHER_OF,"SISTER_OF(Blendina,Cuando) ∧ FATHER_OF(Shagee,Cuando)"
36830,737803,FATHER_OF,"SISTER_OF(Blendina,Cuando) ∧ FATHER_OF(Absalom,Cuando)"
36627,737803,FATHER_OF,"SISTER_OF(Blendina,Cuando) ∧ FATHER_OF(Shimei,Cuando)"
30664,737803,FATHER_OF,"SISTER_OF(Blendina,Cuando) ∧ FATHER_OF(Joseph Smith Sr.,Cuando)"
213770,737803,FATHER_OF,"SISTER_OF(Blendina,Cuando) ∧ FATHER_OF(Alexander Hale Smith,Cuando)"
520857,737803,FATHER_OF,"SISTER_OF(Blendina,Cuando) ∧ FATHER_OF(Patriarch Hyrum Smith,Cuando)"
19092,737803,FATHER_OF,"SISTER_OF(Blendina,Cuando) ∧ FATHER_OF(John,Cuando)"
19097,737803,FATHER_OF,"SISTER_OF(Blendina,Cuando) ∧ FATHER_OF(Joseph,Cuando)"
106978,737803,FATHER_OF,"SISTER_OF(Blendina,Cuando) ∧ FATHER_OF(Asael Smith,Cuando)"
35074,19259,FATHER_OF,"SISTER_OF(Lot,Milcah) ∧ FATHER_OF(Reu,Milcah)"
35073,19259,FATHER_OF,"SISTER_OF(Lot,Milcah) ∧ FATHER_OF(Serug,Milcah)"
392321,19259,FATHER_OF,"SISTER_OF(Lot,Milcah) ∧ FATHER_OF(Serug Branch,Milcah)"
19108,3247,FATHER_OF,"BROTHER_OF(Aaron,Moses) ∧ FATHER_OF(Judas,Moses)"
494653,3247,FATHER_OF,"BROTHER_OF(Aaron,Moses) ∧ FATHER_OF(Sirach,Moses)"
516157,3247,FATHER_OF,"BROTHER_OF(Aaron,Moses) ∧ FATHER_OF(SIR,Moses)"
398435,3247,FATHER_OF,"BROTHER_OF(Aaron,Moses) ∧ FATHER_OF(Josedek,Moses)"
416791,3247,FATHER_OF,"BROTHER_OF(Aaron,Moses) ∧ FATHER_OF(Ananus,Moses)"
19581,3247,FATHER_OF,"BROTHER_OF(Aaron,Moses) ∧ FATHER_OF(Simon,Moses)"
35452,3247,FATHER_OF,"BROTHER_OF(Aaron,Moses) ∧ FATHER_OF(Eleazar,Moses)"
36345,3247,FATHER_OF,"BROTHER_OF(Aaron,Moses) ∧ FATHER_OF(Elkanah,Moses)"
59317,3247,FATHER_OF,"BROTHER_OF(Aaron,Moses) ∧ FATHER_OF(Robert,Moses)"
464107,3247,FATHER_OF,"BROTHER_OF(Aaron,Moses) ∧ FATHER_OF(An Ephraimite,Moses)"
19210,19202,FATHER_OF,"BROTHER_OF(Laman,Nephi) ∧ FATHER_OF(Leah,Nephi)"
19199,19202,FATHER_OF,"BROTHER_OF(Laman,Nephi) ∧ FATHER_OF(Laban,Nephi)"
42086,19202,FATHER_OF,"BROTHER_OF(Laman,Nephi) ∧ FATHER_OF(Senuah,Nephi)"
38002,19202,FATHER_OF,"BROTHER_OF(Laman,Nephi) ∧ FATHER_OF(Jehoash,Nephi)"
36330,19202,FATHER_OF,"BROTHER_OF(Laman,Nephi) ∧ FATHER_OF(Joash,Nephi)"
19082,19202,FATHER_OF,"BROTHER_OF(Laman,Nephi) ∧ FATHER_OF(Jehoshaphat,Nephi)"
19540,19202,FATHER_OF,"BROTHER_OF(Laman,Nephi) ∧ FATHER_OF(Rehoboam,Nephi)"
36522,19202,FATHER_OF,"BROTHER_OF(Laman,Nephi) ∧ FATHER_OF(Uri,Nephi)"
24119,19202,FATHER_OF,"BROTHER_OF(Laman,Nephi) ∧ FATHER_OF(Jotham,Nephi)"
35433,19202,FATHER_OF,"BROTHER_OF(Laman,Nephi) ∧ FATHER_OF(Jehoram,Nephi)"
3504,19202,FATHER_OF,"BROTHER_OF(Laman,Nephi) ∧ FATHER_OF(Asa,Nephi)"
36576,19202,FATHER_OF,"BROTHER_OF(Laman,Nephi) ∧ FATHER_OF(Jahdai,Nephi)"
36557,19202,FATHER_OF,"BROTHER_OF(Laman,Nephi) ∧ FATHER_OF(Azariah,Nephi)"
36542,19202,FATHER_OF,"BROTHER_OF(Laman,Nephi) ∧ FATHER_OF(Appaim,Nephi)"
36724,19202,FATHER_OF,"BROTHER_OF(Laman,Nephi) ∧ FATHER_OF(Jehohanan,Nephi)"
18906,19202,FATHER_OF,"BROTHER_OF(Laman,Nephi) ∧ FATHER_OF(Hezekiah,Nephi)"
36563,19202,FATHER_OF,"BROTHER_OF(Laman,Nephi) ∧ FATHER_OF(Jekamiah,Nephi)"
402110,19202,FATHER_OF,"BROTHER_OF(Laman,Nephi) ∧ FATHER_OF(Hassenuah,Nephi)"
36905,19202,FATHER_OF,"BROTHER_OF(Laman,Nephi) ∧ FATHER_OF(Meonothai,Nephi)"
36898,19202,FATHER_OF,"BROTHER_OF(Laman,Nephi) ∧ FATHER_OF(Eshton,Nephi)"
37051,19202,FATHER_OF,"BROTHER_OF(Laman,Nephi) ∧ FATHER_OF(Adaiah,Nephi)"
24105,19202,FATHER_OF,"BROTHER_OF(Laman,Nephi) ∧ FATHER_OF(Uzziah,Nephi)"
36797,19202,FATHER_OF,"BROTHER_OF(Laman,Nephi) ∧ FATHER_OF(Chelub,Nephi)"
19210,19097,FATHER_OF,"BROTHER_OF(Joseph,Nephi) ∧ FATHER_OF(Leah,Nephi)"
19199,19097,FATHER_OF,"BROTHER_OF(Joseph,Nephi) ∧ FATHER_OF(Laban,Nephi)"
42086,19097,FATHER_OF,"BROTHER_OF(Joseph,Nephi) ∧ FATHER_OF(Senuah,Nephi)"
38002,19097,FATHER_OF,"BROTHER_OF(Joseph,Nephi) ∧ FATHER_OF(Jehoash,Nephi)"
36330,19097,FATHER_OF,"BROTHER_OF(Joseph,Nephi) ∧ FATHER_OF(Joash,Nephi)"
19082,19097,FATHER_OF,"BROTHER_OF(Joseph,Nephi) ∧ FATHER_OF(Jehoshaphat,Nephi)"
19540,19097,FATHER_OF,"BROTHER_OF(Joseph,Nephi) ∧ FATHER_OF(Rehoboam,Nephi)"
36522,19097,FATHER_OF,"BROTHER_OF(Joseph,Nephi) ∧ FATHER_OF(Uri,Nephi)"
24119,19097,FATHER_OF,"BROTHER_OF(Joseph,Nephi) ∧ FATHER_OF(Jotham,Nephi)"
35433,19097,FATHER_OF,"BROTHER_OF(Joseph,Nephi) ∧ FATHER_OF(Jehoram,Nephi)"
3504,19097,FATHER_OF,"BROTHER_OF(Joseph,Nephi) ∧ FATHER_OF(Asa,Nephi)"
36576,19097,FATHER_OF,"BROTHER_OF(Joseph,Nephi) ∧ FATHER_OF(Jahdai,Nephi)"
36557,19097,FATHER_OF,"BROTHER_OF(Joseph,Nephi) ∧ FATHER_OF(Azariah,Nephi)"
36542,19097,FATHER_OF,"BROTHER_OF(Joseph,Nephi) ∧ FATHER_OF(Appaim,Nephi)"
36724,19097,FATHER_OF,"BROTHER_OF(Joseph,Nephi) ∧ FATHER_OF(Jehohanan,Nephi)"
18906,19097,FATHER_OF,"BROTHER_OF(Joseph,Nephi) ∧ FATHER_OF(Hezekiah,Nephi)"
36563,19097,FATHER_OF,"BROTHER_OF(Joseph,Nephi) ∧ FATHER_OF(Jekamiah,Nephi)"
402110,19097,FATHER_OF,"BROTHER_OF(Joseph,Nephi) ∧ FATHER_OF(Hassenuah,Nephi)"
36905,19097,FATHER_OF,"BROTHER_OF(Joseph,Nephi) ∧ FATHER_OF(Meonothai,Nephi)"
36898,19097,FATHER_OF,"BROTHER_OF(Joseph,Nephi) ∧ FATHER_OF(Eshton,Nephi)"
37051,19097,FATHER_OF,"BROTHER_OF(Joseph,Nephi) ∧ FATHER_OF(Adaiah,Nephi)"
24105,19097,FATHER_OF,"BROTHER_OF(Joseph,Nephi) ∧ FATHER_OF(Uzziah,Nephi)"
36797,19097,FATHER_OF,"BROTHER_OF(Joseph,Nephi) ∧ FATHER_OF(Chelub,Nephi)"
19210,19557,FATHER_OF,"BROTHER_OF(Sam,Nephi) ∧ FATHER_OF(Leah,Nephi)"
19199,19557,FATHER_OF,"BROTHER_OF(Sam,Nephi) ∧ FATHER_OF(Laban,Nephi)"
42086,19557,FATHER_OF,"BROTHER_OF(Sam,Nephi) ∧ FATHER_OF(Senuah,Nephi)"
38002,19557,FATHER_OF,"BROTHER_OF(Sam,Nephi) ∧ FATHER_OF(Jehoash,Nephi)"
36330,19557,FATHER_OF,"BROTHER_OF(Sam,Nephi) ∧ FATHER_OF(Joash,Nephi)"
19082,19557,FATHER_OF,"BROTHER_OF(Sam,Nephi) ∧ FATHER_OF(Jehoshaphat,Nephi)"
19540,19557,FATHER_OF,"BROTHER_OF(Sam,Nephi) ∧ FATHER_OF(Rehoboam,Nephi)"
36522,19557,FATHER_OF,"BROTHER_OF(Sam,Nephi) ∧ FATHER_OF(Uri,Nephi)"
24119,19557,FATHER_OF,"BROTHER_OF(Sam,Nephi) ∧ FATHER_OF(Jotham,Nephi)"
35433,19557,FATHER_OF,"BROTHER_OF(Sam,Nephi) ∧ FATHER_OF(Jehoram,Nephi)"
3504,19557,FATHER_OF,"BROTHER_OF(Sam,Nephi) ∧ FATHER_OF(Asa,Nephi)"
36576,19557,FATHER_OF,"BROTHER_OF(Sam,Nephi) ∧ FATHER_OF(Jahdai,Nephi)"
36557,19557,FATHER_OF,"BROTHER_OF(Sam,Nephi) ∧ FATHER_OF(Azariah,Nephi)"
36542,19557,FATHER_OF,"BROTHER_OF(Sam,Nephi) ∧ FATHER_OF(Appaim,Nephi)"
36724,19557,FATHER_OF,"BROTHER_OF(Sam,Nephi) ∧ FATHER_OF(Jehohanan,Nephi)"
18906,19557,FATHER_OF,"BROTHER_OF(Sam,Nephi) ∧ FATHER_OF(Hezekiah,Nephi)"
36563,19557,FATHER_OF,"BROTHER_OF(Sam,Nephi) ∧ FATHER_OF(Jekamiah,Nephi)"
402110,19557,FATHER_OF,"BROTHER_OF(Sam,Nephi) ∧ FATHER_OF(Hassenuah,Nephi)"
36905,19557,FATHER_OF,"BROTHER_OF(Sam,Nephi) ∧ FATHER_OF(Meonothai,Nephi)"
36898,19557,FATHER_OF,"BROTHER_OF(Sam,Nephi) ∧ FATHER_OF(Eshton,Nephi)"
37051,19557,FATHER_OF,"BROTHER_OF(Sam,Nephi) ∧ FATHER_OF(Adaiah,Nephi)"
24105,19557,FATHER_OF,"BROTHER_OF(Sam,Nephi) ∧ FATHER_OF(Uzziah,Nephi)"
36797,19557,FATHER_OF,"BROTHER_OF(Sam,Nephi) ∧ FATHER_OF(Chelub,Nephi)"
19210,19211,FATHER_OF,"BROTHER_OF(Lemuel,Nephi) ∧ FATHER_OF(Leah,Nephi)"
19199,19211,FATHER_OF,"BROTHER_OF(Lemuel,Nephi) ∧ FATHER_OF(Laban,Nephi)"
42086,19211,FATHER_OF,"BROTHER_OF(Lemuel,Nephi) ∧ FATHER_OF(Senuah,Nephi)"
38002,19211,FATHER_OF,"BROTHER_OF(Lemuel,Nephi) ∧ FATHER_OF(Jehoash,Nephi)"
36330,19211,FATHER_OF,"BROTHER_OF(Lemuel,Nephi) ∧ FATHER_OF(Joash,Nephi)"
19082,19211,FATHER_OF,"BROTHER_OF(Lemuel,Nephi) ∧ FATHER_OF(Jehoshaphat,Nephi)"
19540,19211,FATHER_OF,"BROTHER_OF(Lemuel,Nephi) ∧ FATHER_OF(Rehoboam,Nephi)"
36522,19211,FATHER_OF,"BROTHER_OF(Lemuel,Nephi) ∧ FATHER_OF(Uri,Nephi)"
24119,19211,FATHER_OF,"BROTHER_OF(Lemuel,Nephi) ∧ FATHER_OF(Jotham,Nephi)"
35433,19211,FATHER_OF,"BROTHER_OF(Lemuel,Nephi) ∧ FATHER_OF(Jehoram,Nephi)"
3504,19211,FATHER_OF,"BROTHER_OF(Lemuel,Nephi) ∧ FATHER_OF(Asa,Nephi)"
36576,19211,FATHER_OF,"BROTHER_OF(Lemuel,Nephi) ∧ FATHER_OF(Jahdai,Nephi)"
36557,19211,FATHER_OF,"BROTHER_OF(Lemuel,Nephi) ∧ FATHER_OF(Azariah,Nephi)"
36542,19211,FATHER_OF,"BROTHER_OF(Lemuel,Nephi) ∧ FATHER_OF(Appaim,Nephi)"
36724,19211,FATHER_OF,"BROTHER_OF(Lemuel,Nephi) ∧ FATHER_OF(Jehohanan,Nephi)"
18906,19211,FATHER_OF,"BROTHER_OF(Lemuel,Nephi) ∧ FATHER_OF(Hezekiah,Nephi)"
36563,19211,FATHER_OF,"BROTHER_OF(Lemuel,Nephi) ∧ FATHER_OF(Jekamiah,Nephi)"
402110,19211,FATHER_OF,"BROTHER_OF(Lemuel,Nephi) ∧ FATHER_OF(Hassenuah,Nephi)"
36905,19211,FATHER_OF,"BROTHER_OF(Lemuel,Nephi) ∧ FATHER_OF(Meonothai,Nephi)"
36898,19211,FATHER_OF,"BROTHER_OF(Lemuel,Nephi) ∧ FATHER_OF(Eshton,Nephi)"
37051,19211,FATHER_OF,"BROTHER_OF(Lemuel,Nephi) ∧ FATHER_OF(Adaiah,Nephi)"
24105,19211,FATHER_OF,"BROTHER_OF(Lemuel,Nephi) ∧ FATHER_OF(Uzziah,Nephi)"
36797,19211,FATHER_OF,"BROTHER_OF(Lemuel,Nephi) ∧ FATHER_OF(Chelub,Nephi)"
36345,19073,FATHER_OF,"BROTHER_OF(James,John) ∧ FATHER_OF(Elkanah,John)"
59317,19073,FATHER_OF,"BROTHER_OF(James,John) ∧ FATHER_OF(Robert,John)"
464107,19073,FATHER_OF,"BROTHER_OF(James,John) ∧ FATHER_OF(An Ephraimite,John)"
11338,306863,FATHER_OF,"BROTHER_OF(And,Jared) ∧ FATHER_OF(Simón Iscariote,Jared)"
19073,306863,FATHER_OF,"BROTHER_OF(And,Jared) ∧ FATHER_OF(James,Jared)"
757218,306863,FATHER_OF,"BROTHER_OF(And,Jared) ∧ FATHER_OF(Chalphi,Jared)"
457984,306863,FATHER_OF,"BROTHER_OF(And,Jared) ∧ FATHER_OF(Simon Iscariot,Jared)"
35049,306863,FATHER_OF,"BROTHER_OF(And,Jared) ∧ FATHER_OF(Rhesa,Jared)"
25524,306863,FATHER_OF,"BROTHER_OF(And,Jared) ∧ FATHER_OF(Jonas,Jared)"
45834,306863,FATHER_OF,"BROTHER_OF(And,Jared) ∧ FATHER_OF(Jona,Jared)"
19094,306863,FATHER_OF,"BROTHER_OF(And,Jared) ∧ FATHER_OF(Jonah,Jared)"
650625,306863,FATHER_OF,"BROTHER_OF(And,Jared) ∧ FATHER_OF(Gioras,Jared)"
55816,306863,FATHER_OF,"BROTHER_OF(And,Jared) ∧ FATHER_OF(Jochai,Jared)"
465526,306863,FATHER_OF,"BROTHER_OF(And,Jared) ∧ FATHER_OF(Onias,Jared)"
18873,306863,FATHER_OF,"BROTHER_OF(And,Jared) ∧ FATHER_OF(Gamaliel,Jared)"
30664,19108,FATHER_OF,"BROTHER_OF(Judas,James) ∧ FATHER_OF(Joseph Smith Sr.,James)"
213770,19108,FATHER_OF,"BROTHER_OF(Judas,James) ∧ FATHER_OF(Alexander Hale Smith,James)"
520857,19108,FATHER_OF,"BROTHER_OF(Judas,James) ∧ FATHER_OF(Patriarch Hyrum Smith,James)"
106978,19108,FATHER_OF,"BROTHER_OF(Judas,James) ∧ FATHER_OF(Asael Smith,James)"
36535,19108,FATHER_OF,"BROTHER_OF(Judas,James) ∧ FATHER_OF(Shammai,James)"
19095,19108,FATHER_OF,"BROTHER_OF(Judas,James) ∧ FATHER_OF(Jonathan,James)"
33560,19108,FATHER_OF,"BROTHER_OF(Judas,James) ∧ FATHER_OF(Tyre,James)"
19499,19108,FATHER_OF,"BROTHER_OF(Judas,James) ∧ FATHER_OF(Pharaoh,James)"
19078,19108,FATHER_OF,"BROTHER_OF(Judas,James) ∧ FATHER_OF(Jared,James)"
3579,19108,FATHER_OF,"BROTHER_OF(Judas,James) ∧ FATHER_OF(Cain,James)"
24294,19108,FATHER_OF,"BROTHER_OF(Judas,James) ∧ FATHER_OF(Midian,James)"
3251,19108,FATHER_OF,"BROTHER_OF(Judas,James) ∧ FATHER_OF(Mosiah,James)"
19259,19108,FATHER_OF,"BROTHER_OF(Judas,James) ∧ FATHER_OF(Lot,James)"
18661,19108,FATHER_OF,"BROTHER_OF(Judas,James) ∧ FATHER_OF(Daniel,James)"
36179,19108,FATHER_OF,"BROTHER_OF(Judas,James) ∧ FATHER_OF(Hemdan,James)"
387410,19108,FATHER_OF,"BROTHER_OF(Judas,James) ∧ FATHER_OF(Bathia,James)"
19088,19108,FATHER_OF,"BROTHER_OF(Judas,James) ∧ FATHER_OF(Jethro,James)"
459345,19108,FATHER_OF,"BROTHER_OF(Judas,James) ∧ FATHER_OF(Amaram,James)"
28095,19108,FATHER_OF,"BROTHER_OF(Judas,James) ∧ FATHER_OF(Heth,James)"
3332,19108,FATHER_OF,"BROTHER_OF(Judas,James) ∧ FATHER_OF(Mormon,James)"
660398,19108,FATHER_OF,"BROTHER_OF(Judas,James) ∧ FATHER_OF(Prophet Mormon,James)"
20145,19108,FATHER_OF,"BROTHER_OF(Judas,James) ∧ FATHER_OF(Righteousness,James)"
30365,19108,FATHER_OF,"BROTHER_OF(Judas,James) ∧ FATHER_OF(Lamech,James)"
19913,19108,FATHER_OF,"BROTHER_OF(Judas,James) ∧ FATHER_OF(Zeniff,James)"
11338,18680,FATHER_OF,"BROTHER_OF(Enoch,Jared) ∧ FATHER_OF(Simón Iscariote,Jared)"
19073,18680,FATHER_OF,"BROTHER_OF(Enoch,Jared) ∧ FATHER_OF(James,Jared)"
757218,18680,FATHER_OF,"BROTHER_OF(Enoch,Jared) ∧ FATHER_OF(Chalphi,Jared)"
457984,18680,FATHER_OF,"BROTHER_OF(Enoch,Jared) ∧ FATHER_OF(Simon Iscariot,Jared)"
35049,18680,FATHER_OF,"BROTHER_OF(Enoch,Jared) ∧ FATHER_OF(Rhesa,Jared)"
25524,18680,FATHER_OF,"BROTHER_OF(Enoch,Jared) ∧ FATHER_OF(Jonas,Jared)"
45834,18680,FATHER_OF,"BROTHER_OF(Enoch,Jared) ∧ FATHER_OF(Jona,Jared)"
19094,18680,FATHER_OF,"BROTHER_OF(Enoch,Jared) ∧ FATHER_OF(Jonah,Jared)"
650625,18680,FATHER_OF,"BROTHER_OF(Enoch,Jared) ∧ FATHER_OF(Gioras,Jared)"
55816,18680,FATHER_OF,"BROTHER_OF(Enoch,Jared) ∧ FATHER_OF(Jochai,Jared)"
465526,18680,FATHER_OF,"BROTHER_OF(Enoch,Jared) ∧ FATHER_OF(Onias,Jared)"
18873,18680,FATHER_OF,"BROTHER_OF(Enoch,Jared) ∧ FATHER_OF(Gamaliel,Jared)"
30664,19109,FATHER_OF,"BROTHER_OF(Jude,James) ∧ FATHER_OF(Joseph Smith Sr.,James)"
213770,19109,FATHER_OF,"BROTHER_OF(Jude,James) ∧ FATHER_OF(Alexander Hale Smith,James)"
520857,19109,FATHER_OF,"BROTHER_OF(Jude,James) ∧ FATHER_OF(Patriarch Hyrum Smith,James)"
106978,19109,FATHER_OF,"BROTHER_OF(Jude,James) ∧ FATHER_OF(Asael Smith,James)"
36535,19109,FATHER_OF,"BROTHER_OF(Jude,James) ∧ FATHER_OF(Shammai,James)"
19095,19109,FATHER_OF,"BROTHER_OF(Jude,James) ∧ FATHER_OF(Jonathan,James)"
33560,19109,FATHER_OF,"BROTHER_OF(Jude,James) ∧ FATHER_OF(Tyre,James)"
19499,19109,FATHER_OF,"BROTHER_OF(Jude,James) ∧ FATHER_OF(Pharaoh,James)"
19078,19109,FATHER_OF,"BROTHER_OF(Jude,James) ∧ FATHER_OF(Jared,James)"
3579,19109,FATHER_OF,"BROTHER_OF(Jude,James) ∧ FATHER_OF(Cain,James)"
24294,19109,FATHER_OF,"BROTHER_OF(Jude,James) ∧ FATHER_OF(Midian,James)"
3251,19109,FATHER_OF,"BROTHER_OF(Jude,James) ∧ FATHER_OF(Mosiah,James)"
19259,19109,FATHER_OF,"BROTHER_OF(Jude,James) ∧ FATHER_OF(Lot,James)"
18661,19109,FATHER_OF,"BROTHER_OF(Jude,James) ∧ FATHER_OF(Daniel,James)"
36179,19109,FATHER_OF,"BROTHER_OF(Jude,James) ∧ FATHER_OF(Hemdan,James)"
387410,19109,FATHER_OF,"BROTHER_OF(Jude,James) ∧ FATHER_OF(Bathia,James)"
19088,19109,FATHER_OF,"BROTHER_OF(Jude,James) ∧ FATHER_OF(Jethro,James)"
459345,19109,FATHER_OF,"BROTHER_OF(Jude,James) ∧ FATHER_OF(Amaram,James)"
28095,19109,FATHER_OF,"BROTHER_OF(Jude,James) ∧ FATHER_OF(Heth,James)"
3332,19109,FATHER_OF,"BROTHER_OF(Jude,James) ∧ FATHER_OF(Mormon,James)"
660398,19109,FATHER_OF,"BROTHER_OF(Jude,James) ∧ FATHER_OF(Prophet Mormon,James)"
20145,19109,FATHER_OF,"BROTHER_OF(Jude,James) ∧ FATHER_OF(Righteousness,James)"
30365,19109,FATHER_OF,"BROTHER_OF(Jude,James) ∧ FATHER_OF(Lamech,James)"
19913,19109,FATHER_OF,"BROTHER_OF(Jude,James) ∧ FATHER_OF(Zeniff,James)"
11338,3399,FATHER_OF,"BROTHER_OF(Ammon,Jared) ∧ FATHER_OF(Simón Iscariote,Jared)"
19073,3399,FATHER_OF,"BROTHER_OF(Ammon,Jared) ∧ FATHER_OF(James,Jared)"
757218,3399,FATHER_OF,"BROTHER_OF(Ammon,Jared) ∧ FATHER_OF(Chalphi,Jared)"
457984,3399,FATHER_OF,"BROTHER_OF(Ammon,Jared) ∧ FATHER_OF(Simon Iscariot,Jared)"
35049,3399,FATHER_OF,"BROTHER_OF(Ammon,Jared) ∧ FATHER_OF(Rhesa,Jared)"
25524,3399,FATHER_OF,"BROTHER_OF(Ammon,Jared) ∧ FATHER_OF(Jonas,Jared)"
45834,3399,FATHER_OF,"BROTHER_OF(Ammon,Jared) ∧ FATHER_OF(Jona,Jared)"
19094,3399,FATHER_OF,"BROTHER_OF(Ammon,Jared) ∧ FATHER_OF(Jonah,Jared)"
650625,3399,FATHER_OF,"BROTHER_OF(Ammon,Jared) ∧ FATHER_OF(Gioras,Jared)"
55816,3399,FATHER_OF,"BROTHER_OF(Ammon,Jared) ∧ FATHER_OF(Jochai,Jared)"
465526,3399,FATHER_OF,"BROTHER_OF(Ammon,Jared) ∧ FATHER_OF(Onias,Jared)"
18873,3399,FATHER_OF,"BROTHER_OF(Ammon,Jared) ∧ FATHER_OF(Gamaliel,Jared)"
11338,294247,FATHER_OF,"BROTHER_OF(Mientras,Jared) ∧ FATHER_OF(Simón Iscariote,Jared)"
19073,294247,FATHER_OF,"BROTHER_OF(Mientras,Jared) ∧ FATHER_OF(James,Jared)"
757218,294247,FATHER_OF,"BROTHER_OF(Mientras,Jared) ∧ FATHER_OF(Chalphi,Jared)"
457984,294247,FATHER_OF,"BROTHER_OF(Mientras,Jared) ∧ FATHER_OF(Simon Iscariot,Jared)"
35049,294247,FATHER_OF,"BROTHER_OF(Mientras,Jared) ∧ FATHER_OF(Rhesa,Jared)"
25524,294247,FATHER_OF,"BROTHER_OF(Mientras,Jared) ∧ FATHER_OF(Jonas,Jared)"
45834,294247,FATHER_OF,"BROTHER_OF(Mientras,Jared) ∧ FATHER_OF(Jona,Jared)"
19094,294247,FATHER_OF,"BROTHER_OF(Mientras,Jared) ∧ FATHER_OF(Jonah,Jared)"
650625,294247,FATHER_OF,"BROTHER_OF(Mientras,Jared) ∧ FATHER_OF(Gioras,Jared)"
55816,294247,FATHER_OF,"BROTHER_OF(Mientras,Jared) ∧ FATHER_OF(Jochai,Jared)"
465526,294247,FATHER_OF,"BROTHER_OF(Mientras,Jared) ∧ FATHER_OF(Onias,Jared)"
18873,294247,FATHER_OF,"BROTHER_OF(Mientras,Jared) ∧ FATHER_OF(Gamaliel,Jared)"
11338,5655,FATHER_OF,"BROTHER_OF(Luego,Jared) ∧ FATHER_OF(Simón Iscariote,Jared)"
19073,5655,FATHER_OF,"BROTHER_OF(Luego,Jared) ∧ FATHER_OF(James,Jared)"
757218,5655,FATHER_OF,"BROTHER_OF(Luego,Jared) ∧ FATHER_OF(Chalphi,Jared)"
457984,5655,FATHER_OF,"BROTHER_OF(Luego,Jared) ∧ FATHER_OF(Simon Iscariot,Jared)"
35049,5655,FATHER_OF,"BROTHER_OF(Luego,Jared) ∧ FATHER_OF(Rhesa,Jared)"
25524,5655,FATHER_OF,"BROTHER_OF(Luego,Jared) ∧ FATHER_OF(Jonas,Jared)"
45834,5655,FATHER_OF,"BROTHER_OF(Luego,Jared) ∧ FATHER_OF(Jona,Jared)"
19094,5655,FATHER_OF,"BROTHER_OF(Luego,Jared) ∧ FATHER_OF(Jonah,Jared)"
650625,5655,FATHER_OF,"BROTHER_OF(Luego,Jared) ∧ FATHER_OF(Gioras,Jared)"
55816,5655,FATHER_OF,"BROTHER_OF(Luego,Jared) ∧ FATHER_OF(Jochai,Jared)"
465526,5655,FATHER_OF,"BROTHER_OF(Luego,Jared) ∧ FATHER_OF(Onias,Jared)"
18873,5655,FATHER_OF,"BROTHER_OF(Luego,Jared) ∧ FATHER_OF(Gamaliel,Jared)"
11338,381023,FATHER_OF,"BROTHER_OF(When,Jared) ∧ FATHER_OF(Simón Iscariote,Jared)"
19073,381023,FATHER_OF,"BROTHER_OF(When,Jared) ∧ FATHER_OF(James,Jared)"
757218,381023,FATHER_OF,"BROTHER_OF(When,Jared) ∧ FATHER_OF(Chalphi,Jared)"
457984,381023,FATHER_OF,"BROTHER_OF(When,Jared) ∧ FATHER_OF(Simon Iscariot,Jared)"
35049,381023,FATHER_OF,"BROTHER_OF(When,Jared) ∧ FATHER_OF(Rhesa,Jared)"
25524,381023,FATHER_OF,"BROTHER_OF(When,Jared) ∧ FATHER_OF(Jonas,Jared)"
45834,381023,FATHER_OF,"BROTHER_OF(When,Jared) ∧ FATHER_OF(Jona,Jared)"
19094,381023,FATHER_OF,"BROTHER_OF(When,Jared) ∧ FATHER_OF(Jonah,Jared)"
650625,381023,FATHER_OF,"BROTHER_OF(When,Jared) ∧ FATHER_OF(Gioras,Jared)"
55816,381023,FATHER_OF,"BROTHER_OF(When,Jared) ∧ FATHER_OF(Jochai,Jared)"
465526,381023,FATHER_OF,"BROTHER_OF(When,Jared) ∧ FATHER_OF(Onias,Jared)"
18873,381023,FATHER_OF,"BROTHER_OF(When,Jared) ∧ FATHER_OF(Gamaliel,Jared)"
11338,633893,FATHER_OF,"BROTHER_OF(Shelem,Jared) ∧ FATHER_OF(Simón Iscariote,Jared)"
19073,633893,FATHER_OF,"BROTHER_OF(Shelem,Jared) ∧ FATHER_OF(James,Jared)"
757218,633893,FATHER_OF,"BROTHER_OF(Shelem,Jared) ∧ FATHER_OF(Chalphi,Jared)"
457984,633893,FATHER_OF,"BROTHER_OF(Shelem,Jared) ∧ FATHER_OF(Simon Iscariot,Jared)"
35049,633893,FATHER_OF,"BROTHER_OF(Shelem,Jared) ∧ FATHER_OF(Rhesa,Jared)"
25524,633893,FATHER_OF,"BROTHER_OF(Shelem,Jared) ∧ FATHER_OF(Jonas,Jared)"
45834,633893,FATHER_OF,"BROTHER_OF(Shelem,Jared) ∧ FATHER_OF(Jona,Jared)"
19094,633893,FATHER_OF,"BROTHER_OF(Shelem,Jared) ∧ FATHER_OF(Jonah,Jared)"
650625,633893,FATHER_OF,"BROTHER_OF(Shelem,Jared) ∧ FATHER_OF(Gioras,Jared)"
55816,633893,FATHER_OF,"BROTHER_OF(Shelem,Jared) ∧ FATHER_OF(Jochai,Jared)"
465526,633893,FATHER_OF,"BROTHER_OF(Shelem,Jared) ∧ FATHER_OF(Onias,Jared)"
18873,633893,FATHER_OF,"BROTHER_OF(Shelem,Jared) ∧ FATHER_OF(Gamaliel,Jared)"
11338,5852,FATHER_OF,"BROTHER_OF(Cuando,Jared) ∧ FATHER_OF(Simón Iscariote,Jared)"
19073,5852,FATHER_OF,"BROTHER_OF(Cuando,Jared) ∧ FATHER_OF(James,Jared)"
757218,5852,FATHER_OF,"BROTHER_OF(Cuando,Jared) ∧ FATHER_OF(Chalphi,Jared)"
457984,5852,FATHER_OF,"BROTHER_OF(Cuando,Jared) ∧ FATHER_OF(Simon Iscariot,Jared)"
35049,5852,FATHER_OF,"BROTHER_OF(Cuando,Jared) ∧ FATHER_OF(Rhesa,Jared)"
25524,5852,FATHER_OF,"BROTHER_OF(Cuando,Jared) ∧ FATHER_OF(Jonas,Jared)"
45834,5852,FATHER_OF,"BROTHER_OF(Cuando,Jared) ∧ FATHER_OF(Jona,Jared)"
19094,5852,FATHER_OF,"BROTHER_OF(Cuando,Jared) ∧ FATHER_OF(Jonah,Jared)"
650625,5852,FATHER_OF,"BROTHER_OF(Cuando,Jared) ∧ FATHER_OF(Gioras,Jared)"
55816,5852,FATHER_OF,"BROTHER_OF(Cuando,Jared) ∧ FATHER_OF(Jochai,Jared)"
465526,5852,FATHER_OF,"BROTHER_OF(Cuando,Jared) ∧ FATHER_OF(Onias,Jared)"
18873,5852,FATHER_OF,"BROTHER_OF(Cuando,Jared) ∧ FATHER_OF(Gamaliel,Jared)"
11338,83519,FATHER_OF,"BROTHER_OF(Arnold Friberg,Jared) ∧ FATHER_OF(Simón Iscariote,Jared)"
19073,83519,FATHER_OF,"BROTHER_OF(Arnold Friberg,Jared) ∧ FATHER_OF(James,Jared)"
757218,83519,FATHER_OF,"BROTHER_OF(Arnold Friberg,Jared) ∧ FATHER_OF(Chalphi,Jared)"
457984,83519,FATHER_OF,"BROTHER_OF(Arnold Friberg,Jared) ∧ FATHER_OF(Simon Iscariot,Jared)"
35049,83519,FATHER_OF,"BROTHER_OF(Arnold Friberg,Jared) ∧ FATHER_OF(Rhesa,Jared)"
25524,83519,FATHER_OF,"BROTHER_OF(Arnold Friberg,Jared) ∧ FATHER_OF(Jonas,Jared)"
45834,83519,FATHER_OF,"BROTHER_OF(Arnold Friberg,Jared) ∧ FATHER_OF(Jona,Jared)"
19094,83519,FATHER_OF,"BROTHER_OF(Arnold Friberg,Jared) ∧ FATHER_OF(Jonah,Jared)"
650625,83519,FATHER_OF,"BROTHER_OF(Arnold Friberg,Jared) ∧ FATHER_OF(Gioras,Jared)"
55816,83519,FATHER_OF,"BROTHER_OF(Arnold Friberg,Jared) ∧ FATHER_OF(Jochai,Jared)"
465526,83519,FATHER_OF,"BROTHER_OF(Arnold Friberg,Jared) ∧ FATHER_OF(Onias,Jared)"
18873,83519,FATHER_OF,"BROTHER_OF(Arnold Friberg,Jared) ∧ FATHER_OF(Gamaliel,Jared)"
18915,67829,FATHER_OF,"BROTHER_OF(Samuel Harrison Smith,José) ∧ FATHER_OF(Isaac,José)"
35453,67829,FATHER_OF,"BROTHER_OF(Samuel Harrison Smith,José) ∧ FATHER_OF(Matthan,José)"
12037,67829,FATHER_OF,"BROTHER_OF(Samuel Harrison Smith,José) ∧ FATHER_OF(Matán,José)"
19076,67829,FATHER_OF,"BROTHER_OF(Samuel Harrison Smith,José) ∧ FATHER_OF(Zebedee,José)"
19075,67829,FATHER_OF,"BROTHER_OF(Samuel Harrison Smith,José) ∧ FATHER_OF(Alphaeus,José)"
30358,67829,FATHER_OF,"BROTHER_OF(Samuel Harrison Smith,José) ∧ FATHER_OF(Mahalaleel,José)"
8513,67829,FATHER_OF,"BROTHER_OF(Samuel Harrison Smith,José) ∧ FATHER_OF(Omer,José)"
609199,67829,FATHER_OF,"BROTHER_OF(Samuel Harrison Smith,José) ∧ FATHER_OF(Mahaleel,José)"
11338,29699,FATHER_OF,"BROTHER_OF(Hiram,Joseph) ∧ FATHER_OF(Simón Iscariote,Joseph)"
19073,29699,FATHER_OF,"BROTHER_OF(Hiram,Joseph) ∧ FATHER_OF(James,Joseph)"
757218,29699,FATHER_OF,"BROTHER_OF(Hiram,Joseph) ∧ FATHER_OF(Chalphi,Joseph)"
457984,29699,FATHER_OF,"BROTHER_OF(Hiram,Joseph) ∧ FATHER_OF(Simon Iscariot,Joseph)"
35049,29699,FATHER_OF,"BROTHER_OF(Hiram,Joseph) ∧ FATHER_OF(Rhesa,Joseph)"
25524,29699,FATHER_OF,"BROTHER_OF(Hiram,Joseph) ∧ FATHER_OF(Jonas,Joseph)"
45834,29699,FATHER_OF,"BROTHER_OF(Hiram,Joseph) ∧ FATHER_OF(Jona,Joseph)"
19094,29699,FATHER_OF,"BROTHER_OF(Hiram,Joseph) ∧ FATHER_OF(Jonah,Joseph)"
650625,29699,FATHER_OF,"BROTHER_OF(Hiram,Joseph) ∧ FATHER_OF(Gioras,Joseph)"
55816,29699,FATHER_OF,"BROTHER_OF(Hiram,Joseph) ∧ FATHER_OF(Jochai,Joseph)"
465526,29699,FATHER_OF,"BROTHER_OF(Hiram,Joseph) ∧ FATHER_OF(Onias,Joseph)"
18873,29699,FATHER_OF,"BROTHER_OF(Hiram,Joseph) ∧ FATHER_OF(Gamaliel,Joseph)"
11338,29832,FATHER_OF,"BROTHER_OF(William Smith,Joseph) ∧ FATHER_OF(Simón Iscariote,Joseph)"
19073,29832,FATHER_OF,"BROTHER_OF(William Smith,Joseph) ∧ FATHER_OF(James,Joseph)"
757218,29832,FATHER_OF,"BROTHER_OF(William Smith,Joseph) ∧ FATHER_OF(Chalphi,Joseph)"
457984,29832,FATHER_OF,"BROTHER_OF(William Smith,Joseph) ∧ FATHER_OF(Simon Iscariot,Joseph)"
35049,29832,FATHER_OF,"BROTHER_OF(William Smith,Joseph) ∧ FATHER_OF(Rhesa,Joseph)"
25524,29832,FATHER_OF,"BROTHER_OF(William Smith,Joseph) ∧ FATHER_OF(Jonas,Joseph)"
45834,29832,FATHER_OF,"BROTHER_OF(William Smith,Joseph) ∧ FATHER_OF(Jona,Joseph)"
19094,29832,FATHER_OF,"BROTHER_OF(William Smith,Joseph) ∧ FATHER_OF(Jonah,Joseph)"
650625,29832,FATHER_OF,"BROTHER_OF(William Smith,Joseph) ∧ FATHER_OF(Gioras,Joseph)"
55816,29832,FATHER_OF,"BROTHER_OF(William Smith,Joseph) ∧ FATHER_OF(Jochai,Joseph)"
465526,29832,FATHER_OF,"BROTHER_OF(William Smith,Joseph) ∧ FATHER_OF(Onias,Joseph)"
18873,29832,FATHER_OF,"BROTHER_OF(William Smith,Joseph) ∧ FATHER_OF(Gamaliel,Joseph)"
19871,209474,FATHER_OF,"BROTHER_OF(Don Carlos Smith,Hyrum Smith) ∧ FATHER_OF(Zacharias,Hyrum Smith)"
397883,209474,FATHER_OF,"BROTHER_OF(Don Carlos Smith,Hyrum Smith) ∧ FATHER_OF(Mathew Woodruff,Hyrum Smith)"
494839,209474,FATHER_OF,"BROTHER_OF(Don Carlos Smith,Hyrum Smith) ∧ FATHER_OF(Accos,Hyrum Smith)"
35041,209474,FATHER_OF,"BROTHER_OF(Don Carlos Smith,Hyrum Smith) ∧ FATHER_OF(Mattathias,Hyrum Smith)"
19872,209474,FATHER_OF,"BROTHER_OF(Don Carlos Smith,Hyrum Smith) ∧ FATHER_OF(Zechariah,Hyrum Smith)"
204448,209474,FATHER_OF,"BROTHER_OF(Don Carlos Smith,Hyrum Smith) ∧ FATHER_OF(Alpheus,Hyrum Smith)"
499765,209474,FATHER_OF,"BROTHER_OF(Don Carlos Smith,Hyrum Smith) ∧ FATHER_OF(Zehedee,Hyrum Smith)"
621613,209474,FATHER_OF,"BROTHER_OF(Don Carlos Smith,Hyrum Smith) ∧ FATHER_OF(Zebedee Salome,Hyrum Smith)"
42109,209474,FATHER_OF,"BROTHER_OF(Don Carlos Smith,Hyrum Smith) ∧ FATHER_OF(Joiada,Hyrum Smith)"
19566,209474,FATHER_OF,"BROTHER_OF(Don Carlos Smith,Hyrum Smith) ∧ FATHER_OF(Shaul,Hyrum Smith)"
19494,209474,FATHER_OF,"BROTHER_OF(Don Carlos Smith,Hyrum Smith) ∧ FATHER_OF(Paul,Hyrum Smith)"
36417,209474,FATHER_OF,"BROTHER_OF(Don Carlos Smith,Hyrum Smith) ∧ FATHER_OF(Shemaiah,Hyrum Smith)"
36161,209474,FATHER_OF,"BROTHER_OF(Don Carlos Smith,Hyrum Smith) ∧ FATHER_OF(Shage,Hyrum Smith)"
36610,209474,FATHER_OF,"BROTHER_OF(Don Carlos Smith,Hyrum Smith) ∧ FATHER_OF(Shimea,Hyrum Smith)"
35320,209474,FATHER_OF,"BROTHER_OF(Don Carlos Smith,Hyrum Smith) ∧ FATHER_OF(Abiathar,Hyrum Smith)"
36418,209474,FATHER_OF,"BROTHER_OF(Don Carlos Smith,Hyrum Smith) ∧ FATHER_OF(Uzziel,Hyrum Smith)"
36162,209474,FATHER_OF,"BROTHER_OF(Don Carlos Smith,Hyrum Smith) ∧ FATHER_OF(Shammah,Hyrum Smith)"
419644,209474,FATHER_OF,"BROTHER_OF(Don Carlos Smith,Hyrum Smith) ∧ FATHER_OF(Shagee,Hyrum Smith)"
36830,209474,FATHER_OF,"BROTHER_OF(Don Carlos Smith,Hyrum Smith) ∧ FATHER_OF(Absalom,Hyrum Smith)"
36627,209474,FATHER_OF,"BROTHER_OF(Don Carlos Smith,Hyrum Smith) ∧ FATHER_OF(Shimei,Hyrum Smith)"
36535,209474,FATHER_OF,"BROTHER_OF(Don Carlos Smith,Hyrum Smith) ∧ FATHER_OF(Shammai,Hyrum Smith)"
19095,209474,FATHER_OF,"BROTHER_OF(Don Carlos Smith,Hyrum Smith) ∧ FATHER_OF(Jonathan,Hyrum Smith)"
33560,209474,FATHER_OF,"BROTHER_OF(Don Carlos Smith,Hyrum Smith) ∧ FATHER_OF(Tyre,Hyrum Smith)"
19499,209474,FATHER_OF,"BROTHER_OF(Don Carlos Smith,Hyrum Smith) ∧ FATHER_OF(Pharaoh,Hyrum Smith)"
19078,209474,FATHER_OF,"BROTHER_OF(Don Carlos Smith,Hyrum Smith) ∧ FATHER_OF(Jared,Hyrum Smith)"
3579,209474,FATHER_OF,"BROTHER_OF(Don Carlos Smith,Hyrum Smith) ∧ FATHER_OF(Cain,Hyrum Smith)"
24294,209474,FATHER_OF,"BROTHER_OF(Don Carlos Smith,Hyrum Smith) ∧ FATHER_OF(Midian,Hyrum Smith)"
3251,209474,FATHER_OF,"BROTHER_OF(Don Carlos Smith,Hyrum Smith) ∧ FATHER_OF(Mosiah,Hyrum Smith)"
19259,209474,FATHER_OF,"BROTHER_OF(Don Carlos Smith,Hyrum Smith) ∧ FATHER_OF(Lot,Hyrum Smith)"
18661,209474,FATHER_OF,"BROTHER_OF(Don Carlos Smith,Hyrum Smith) ∧ FATHER_OF(Daniel,Hyrum Smith)"
36179,209474,FATHER_OF,"BROTHER_OF(Don Carlos Smith,Hyrum Smith) ∧ FATHER_OF(Hemdan,Hyrum Smith)"
387410,209474,FATHER_OF,"BROTHER_OF(Don Carlos Smith,Hyrum Smith) ∧ FATHER_OF(Bathia,Hyrum Smith)"
19088,209474,FATHER_OF,"BROTHER_OF(Don Carlos Smith,Hyrum Smith) ∧ FATHER_OF(Jethro,Hyrum Smith)"
459345,209474,FATHER_OF,"BROTHER_OF(Don Carlos Smith,Hyrum Smith) ∧ FATHER_OF(Amaram,Hyrum Smith)"
28095,209474,FATHER_OF,"BROTHER_OF(Don Carlos Smith,Hyrum Smith) ∧ FATHER_OF(Heth,Hyrum Smith)"
3332,209474,FATHER_OF,"BROTHER_OF(Don Carlos Smith,Hyrum Smith) ∧ FATHER_OF(Mormon,Hyrum Smith)"
660398,209474,FATHER_OF,"BROTHER_OF(Don Carlos Smith,Hyrum Smith) ∧ FATHER_OF(Prophet Mormon,Hyrum Smith)"
20145,209474,FATHER_OF,"BROTHER_OF(Don Carlos Smith,Hyrum Smith) ∧ FATHER_OF(Righteousness,Hyrum Smith)"
30365,209474,FATHER_OF,"BROTHER_OF(Don Carlos Smith,Hyrum Smith) ∧ FATHER_OF(Lamech,Hyrum Smith)"
19913,209474,FATHER_OF,"BROTHER_OF(Don Carlos Smith,Hyrum Smith) ∧ FATHER_OF(Zeniff,Hyrum Smith)"
11338,55772,FATHER_OF,"BROTHER_OF(Samuel Smith,Joseph) ∧ FATHER_OF(Simón Iscariote,Joseph)"
19073,55772,FATHER_OF,"BROTHER_OF(Samuel Smith,Joseph) ∧ FATHER_OF(James,Joseph)"
757218,55772,FATHER_OF,"BROTHER_OF(Samuel Smith,Joseph) ∧ FATHER_OF(Chalphi,Joseph)"
457984,55772,FATHER_OF,"BROTHER_OF(Samuel Smith,Joseph) ∧ FATHER_OF(Simon Iscariot,Joseph)"
35049,55772,FATHER_OF,"BROTHER_OF(Samuel Smith,Joseph) ∧ FATHER_OF(Rhesa,Joseph)"
25524,55772,FATHER_OF,"BROTHER_OF(Samuel Smith,Joseph) ∧ FATHER_OF(Jonas,Joseph)"
45834,55772,FATHER_OF,"BROTHER_OF(Samuel Smith,Joseph) ∧ FATHER_OF(Jona,Joseph)"
19094,55772,FATHER_OF,"BROTHER_OF(Samuel Smith,Joseph) ∧ FATHER_OF(Jonah,Joseph)"
650625,55772,FATHER_OF,"BROTHER_OF(Samuel Smith,Joseph) ∧ FATHER_OF(Gioras,Joseph)"
55816,55772,FATHER_OF,"BROTHER_OF(Samuel Smith,Joseph) ∧ FATHER_OF(Jochai,Joseph)"
465526,55772,FATHER_OF,"BROTHER_OF(Samuel Smith,Joseph) ∧ FATHER_OF(Onias,Joseph)"
18873,55772,FATHER_OF,"BROTHER_OF(Samuel Smith,Joseph) ∧ FATHER_OF(Gamaliel,Joseph)"
11338,515909,FATHER_OF,"BROTHER_OF(Elder Hyrum Smith,Joseph) ∧ FATHER_OF(Simón Iscariote,Joseph)"
19073,515909,FATHER_OF,"BROTHER_OF(Elder Hyrum Smith,Joseph) ∧ FATHER_OF(James,Joseph)"
757218,515909,FATHER_OF,"BROTHER_OF(Elder Hyrum Smith,Joseph) ∧ FATHER_OF(Chalphi,Joseph)"
457984,515909,FATHER_OF,"BROTHER_OF(Elder Hyrum Smith,Joseph) ∧ FATHER_OF(Simon Iscariot,Joseph)"
35049,515909,FATHER_OF,"BROTHER_OF(Elder Hyrum Smith,Joseph) ∧ FATHER_OF(Rhesa,Joseph)"
25524,515909,FATHER_OF,"BROTHER_OF(Elder Hyrum Smith,Joseph) ∧ FATHER_OF(Jonas,Joseph)"
45834,515909,FATHER_OF,"BROTHER_OF(Elder Hyrum Smith,Joseph) ∧ FATHER_OF(Jona,Joseph)"
19094,515909,FATHER_OF,"BROTHER_OF(Elder Hyrum Smith,Joseph) ∧ FATHER_OF(Jonah,Joseph)"
650625,515909,FATHER_OF,"BROTHER_OF(Elder Hyrum Smith,Joseph) ∧ FATHER_OF(Gioras,Joseph)"
55816,515909,FATHER_OF,"BROTHER_OF(Elder Hyrum Smith,Joseph) ∧ FATHER_OF(Jochai,Joseph)"
465526,515909,FATHER_OF,"BROTHER_OF(Elder Hyrum Smith,Joseph) ∧ FATHER_OF(Onias,Joseph)"
18873,515909,FATHER_OF,"BROTHER_OF(Elder Hyrum Smith,Joseph) ∧ FATHER_OF(Gamaliel,Joseph)"
11338,3249,FATHER_OF,"BROTHER_OF(Moses,Jared) ∧ FATHER_OF(Simón Iscariote,Jared)"
19073,3249,FATHER_OF,"BROTHER_OF(Moses,Jared) ∧ FATHER_OF(James,Jared)"
757218,3249,FATHER_OF,"BROTHER_OF(Moses,Jared) ∧ FATHER_OF(Chalphi,Jared)"
457984,3249,FATHER_OF,"BROTHER_OF(Moses,Jared) ∧ FATHER_OF(Simon Iscariot,Jared)"
35049,3249,FATHER_OF,"BROTHER_OF(Moses,Jared) ∧ FATHER_OF(Rhesa,Jared)"
25524,3249,FATHER_OF,"BROTHER_OF(Moses,Jared) ∧ FATHER_OF(Jonas,Jared)"
45834,3249,FATHER_OF,"BROTHER_OF(Moses,Jared) ∧ FATHER_OF(Jona,Jared)"
19094,3249,FATHER_OF,"BROTHER_OF(Moses,Jared) ∧ FATHER_OF(Jonah,Jared)"
650625,3249,FATHER_OF,"BROTHER_OF(Moses,Jared) ∧ FATHER_OF(Gioras,Jared)"
55816,3249,FATHER_OF,"BROTHER_OF(Moses,Jared) ∧ FATHER_OF(Jochai,Jared)"
465526,3249,FATHER_OF,"BROTHER_OF(Moses,Jared) ∧ FATHER_OF(Onias,Jared)"
18873,3249,FATHER_OF,"BROTHER_OF(Moses,Jared) ∧ FATHER_OF(Gamaliel,Jared)"
19871,150532,FATHER_OF,"BROTHER_OF(Alvin Smith,Joseph Smith) ∧ FATHER_OF(Zacharias,Joseph Smith)"
397883,150532,FATHER_OF,"BROTHER_OF(Alvin Smith,Joseph Smith) ∧ FATHER_OF(Mathew Woodruff,Joseph Smith)"
494839,150532,FATHER_OF,"BROTHER_OF(Alvin Smith,Joseph Smith) ∧ FATHER_OF(Accos,Joseph Smith)"
35041,150532,FATHER_OF,"BROTHER_OF(Alvin Smith,Joseph Smith) ∧ FATHER_OF(Mattathias,Joseph Smith)"
19872,150532,FATHER_OF,"BROTHER_OF(Alvin Smith,Joseph Smith) ∧ FATHER_OF(Zechariah,Joseph Smith)"
204448,150532,FATHER_OF,"BROTHER_OF(Alvin Smith,Joseph Smith) ∧ FATHER_OF(Alpheus,Joseph Smith)"
499765,150532,FATHER_OF,"BROTHER_OF(Alvin Smith,Joseph Smith) ∧ FATHER_OF(Zehedee,Joseph Smith)"
621613,150532,FATHER_OF,"BROTHER_OF(Alvin Smith,Joseph Smith) ∧ FATHER_OF(Zebedee Salome,Joseph Smith)"
42109,150532,FATHER_OF,"BROTHER_OF(Alvin Smith,Joseph Smith) ∧ FATHER_OF(Joiada,Joseph Smith)"
19566,150532,FATHER_OF,"BROTHER_OF(Alvin Smith,Joseph Smith) ∧ FATHER_OF(Shaul,Joseph Smith)"
19494,150532,FATHER_OF,"BROTHER_OF(Alvin Smith,Joseph Smith) ∧ FATHER_OF(Paul,Joseph Smith)"
36417,150532,FATHER_OF,"BROTHER_OF(Alvin Smith,Joseph Smith) ∧ FATHER_OF(Shemaiah,Joseph Smith)"
36161,150532,FATHER_OF,"BROTHER_OF(Alvin Smith,Joseph Smith) ∧ FATHER_OF(Shage,Joseph Smith)"
36610,150532,FATHER_OF,"BROTHER_OF(Alvin Smith,Joseph Smith) ∧ FATHER_OF(Shimea,Joseph Smith)"
35320,150532,FATHER_OF,"BROTHER_OF(Alvin Smith,Joseph Smith) ∧ FATHER_OF(Abiathar,Joseph Smith)"
36418,150532,FATHER_OF,"BROTHER_OF(Alvin Smith,Joseph Smith) ∧ FATHER_OF(Uzziel,Joseph Smith)"
36162,150532,FATHER_OF,"BROTHER_OF(Alvin Smith,Joseph Smith) ∧ FATHER_OF(Shammah,Joseph Smith)"
419644,150532,FATHER_OF,"BROTHER_OF(Alvin Smith,Joseph Smith) ∧ FATHER_OF(Shagee,Joseph Smith)"
36830,150532,FATHER_OF,"BROTHER_OF(Alvin Smith,Joseph Smith) ∧ FATHER_OF(Absalom,Joseph Smith)"
36627,150532,FATHER_OF,"BROTHER_OF(Alvin Smith,Joseph Smith) ∧ FATHER_OF(Shimei,Joseph Smith)"
36535,150532,FATHER_OF,"BROTHER_OF(Alvin Smith,Joseph Smith) ∧ FATHER_OF(Shammai,Joseph Smith)"
19095,150532,FATHER_OF,"BROTHER_OF(Alvin Smith,Joseph Smith) ∧ FATHER_OF(Jonathan,Joseph Smith)"
33560,150532,FATHER_OF,"BROTHER_OF(Alvin Smith,Joseph Smith) ∧ FATHER_OF(Tyre,Joseph Smith)"
19499,150532,FATHER_OF,"BROTHER_OF(Alvin Smith,Joseph Smith) ∧ FATHER_OF(Pharaoh,Joseph Smith)"
19078,150532,FATHER_OF,"BROTHER_OF(Alvin Smith,Joseph Smith) ∧ FATHER_OF(Jared,Joseph Smith)"
3579,150532,FATHER_OF,"BROTHER_OF(Alvin Smith,Joseph Smith) ∧ FATHER_OF(Cain,Joseph Smith)"
24294,150532,FATHER_OF,"BROTHER_OF(Alvin Smith,Joseph Smith) ∧ FATHER_OF(Midian,Joseph Smith)"
3251,150532,FATHER_OF,"BROTHER_OF(Alvin Smith,Joseph Smith) ∧ FATHER_OF(Mosiah,Joseph Smith)"
19259,150532,FATHER_OF,"BROTHER_OF(Alvin Smith,Joseph Smith) ∧ FATHER_OF(Lot,Joseph Smith)"
18661,150532,FATHER_OF,"BROTHER_OF(Alvin Smith,Joseph Smith) ∧ FATHER_OF(Daniel,Joseph Smith)"
36179,150532,FATHER_OF,"BROTHER_OF(Alvin Smith,Joseph Smith) ∧ FATHER_OF(Hemdan,Joseph Smith)"
387410,150532,FATHER_OF,"BROTHER_OF(Alvin Smith,Joseph Smith) ∧ FATHER_OF(Bathia,Joseph Smith)"
19088,150532,FATHER_OF,"BROTHER_OF(Alvin Smith,Joseph Smith) ∧ FATHER_OF(Jethro,Joseph Smith)"
459345,150532,FATHER_OF,"BROTHER_OF(Alvin Smith,Joseph Smith) ∧ FATHER_OF(Amaram,Joseph Smith)"
28095,150532,FATHER_OF,"BROTHER_OF(Alvin Smith,Joseph Smith) ∧ FATHER_OF(Heth,Joseph Smith)"
3332,150532,FATHER_OF,"BROTHER_OF(Alvin Smith,Joseph Smith) ∧ FATHER_OF(Mormon,Joseph Smith)"
660398,150532,FATHER_OF,"BROTHER_OF(Alvin Smith,Joseph Smith) ∧ FATHER_OF(Prophet Mormon,Joseph Smith)"
20145,150532,FATHER_OF,"BROTHER_OF(Alvin Smith,Joseph Smith) ∧ FATHER_OF(Righteousness,Joseph Smith)"
30365,150532,FATHER_OF,"BROTHER_OF(Alvin Smith,Joseph Smith) ∧ FATHER_OF(Lamech,Joseph Smith)"
19913,150532,FATHER_OF,"BROTHER_OF(Alvin Smith,Joseph Smith) ∧ FATHER_OF(Zeniff,Joseph Smith)"
11338,31138,FATHER_OF,"BROTHER_OF(Smith,Joseph) ∧ FATHER_OF(Simón Iscariote,Joseph)"
19073,31138,FATHER_OF,"BROTHER_OF(Smith,Joseph) ∧ FATHER_OF(James,Joseph)"
757218,31138,FATHER_OF,"BROTHER_OF(Smith,Joseph) ∧ FATHER_OF(Chalphi,Joseph)"
457984,31138,FATHER_OF,"BROTHER_OF(Smith,Joseph) ∧ FATHER_OF(Simon Iscariot,Joseph)"
35049,31138,FATHER_OF,"BROTHER_OF(Smith,Joseph) ∧ FATHER_OF(Rhesa,Joseph)"
25524,31138,FATHER_OF,"BROTHER_OF(Smith,Joseph) ∧ FATHER_OF(Jonas,Joseph)"
45834,31138,FATHER_OF,"BROTHER_OF(Smith,Joseph) ∧ FATHER_OF(Jona,Joseph)"
19094,31138,FATHER_OF,"BROTHER_OF(Smith,Joseph) ∧ FATHER_OF(Jonah,Joseph)"
650625,31138,FATHER_OF,"BROTHER_OF(Smith,Joseph) ∧ FATHER_OF(Gioras,Joseph)"
55816,31138,FATHER_OF,"BROTHER_OF(Smith,Joseph) ∧ FATHER_OF(Jochai,Joseph)"
465526,31138,FATHER_OF,"BROTHER_OF(Smith,Joseph) ∧ FATHER_OF(Onias,Joseph)"
18873,31138,FATHER_OF,"BROTHER_OF(Smith,Joseph) ∧ FATHER_OF(Gamaliel,Joseph)"
11338,527465,FATHER_OF,"BROTHER_OF(Moriancumr,Jared) ∧ FATHER_OF(Simón Iscariote,Jared)"
19073,527465,FATHER_OF,"BROTHER_OF(Moriancumr,Jared) ∧ FATHER_OF(James,Jared)"
757218,527465,FATHER_OF,"BROTHER_OF(Moriancumr,Jared) ∧ FATHER_OF(Chalphi,Jared)"
457984,527465,FATHER_OF,"BROTHER_OF(Moriancumr,Jared) ∧ FATHER_OF(Simon Iscariot,Jared)"
35049,527465,FATHER_OF,"BROTHER_OF(Moriancumr,Jared) ∧ FATHER_OF(Rhesa,Jared)"
25524,527465,FATHER_OF,"BROTHER_OF(Moriancumr,Jared) ∧ FATHER_OF(Jonas,Jared)"
45834,527465,FATHER_OF,"BROTHER_OF(Moriancumr,Jared) ∧ FATHER_OF(Jona,Jared)"
19094,527465,FATHER_OF,"BROTHER_OF(Moriancumr,Jared) ∧ FATHER_OF(Jonah,Jared)"
650625,527465,FATHER_OF,"BROTHER_OF(Moriancumr,Jared) ∧ FATHER_OF(Gioras,Jared)"
55816,527465,FATHER_OF,"BROTHER_OF(Moriancumr,Jared) ∧ FATHER_OF(Jochai,Jared)"
465526,527465,FATHER_OF,"BROTHER_OF(Moriancumr,Jared) ∧ FATHER_OF(Onias,Jared)"
18873,527465,FATHER_OF,"BROTHER_OF(Moriancumr,Jared) ∧ FATHER_OF(Gamaliel,Jared)"
11338,28282,FATHER_OF,"BROTHER_OF(Moriancumer,Jared) ∧ FATHER_OF(Simón Iscariote,Jared)"
19073,28282,FATHER_OF,"BROTHER_OF(Moriancumer,Jared) ∧ FATHER_OF(James,Jared)"
757218,28282,FATHER_OF,"BROTHER_OF(Moriancumer,Jared) ∧ FATHER_OF(Chalphi,Jared)"
457984,28282,FATHER_OF,"BROTHER_OF(Moriancumer,Jared) ∧ FATHER_OF(Simon Iscariot,Jared)"
35049,28282,FATHER_OF,"BROTHER_OF(Moriancumer,Jared) ∧ FATHER_OF(Rhesa,Jared)"
25524,28282,FATHER_OF,"BROTHER_OF(Moriancumer,Jared) ∧ FATHER_OF(Jonas,Jared)"
45834,28282,FATHER_OF,"BROTHER_OF(Moriancumer,Jared) ∧ FATHER_OF(Jona,Jared)"
19094,28282,FATHER_OF,"BROTHER_OF(Moriancumer,Jared) ∧ FATHER_OF(Jonah,Jared)"
650625,28282,FATHER_OF,"BROTHER_OF(Moriancumer,Jared) ∧ FATHER_OF(Gioras,Jared)"
55816,28282,FATHER_OF,"BROTHER_OF(Moriancumer,Jared) ∧ FATHER_OF(Jochai,Jared)"
465526,28282,FATHER_OF,"BROTHER_OF(Moriancumer,Jared) ∧ FATHER_OF(Onias,Jared)"
18873,28282,FATHER_OF,"BROTHER_OF(Moriancumer,Jared) ∧ FATHER_OF(Gamaliel,Jared)"
11338,647867,FATHER_OF,"BROTHER_OF(First,Jared) ∧ FATHER_OF(Simón Iscariote,Jared)"
19073,647867,FATHER_OF,"BROTHER_OF(First,Jared) ∧ FATHER_OF(James,Jared)"
757218,647867,FATHER_OF,"BROTHER_OF(First,Jared) ∧ FATHER_OF(Chalphi,Jared)"
457984,647867,FATHER_OF,"BROTHER_OF(First,Jared) ∧ FATHER_OF(Simon Iscariot,Jared)"
35049,647867,FATHER_OF,"BROTHER_OF(First,Jared) ∧ FATHER_OF(Rhesa,Jared)"
25524,647867,FATHER_OF,"BROTHER_OF(First,Jared) ∧ FATHER_OF(Jonas,Jared)"
45834,647867,FATHER_OF,"BROTHER_OF(First,Jared) ∧ FATHER_OF(Jona,Jared)"
19094,647867,FATHER_OF,"BROTHER_OF(First,Jared) ∧ FATHER_OF(Jonah,Jared)"
650625,647867,FATHER_OF,"BROTHER_OF(First,Jared) ∧ FATHER_OF(Gioras,Jared)"
55816,647867,FATHER_OF,"BROTHER_OF(First,Jared) ∧ FATHER_OF(Jochai,Jared)"
465526,647867,FATHER_OF,"BROTHER_OF(First,Jared) ∧ FATHER_OF(Onias,Jared)"
18873,647867,FATHER_OF,"BROTHER_OF(First,Jared) ∧ FATHER_OF(Gamaliel,Jared)"
11338,19324,FATHER_OF,"BROTHER_OF(Moroni,Jared) ∧ FATHER_OF(Simón Iscariote,Jared)"
19073,19324,FATHER_OF,"BROTHER_OF(Moroni,Jared) ∧ FATHER_OF(James,Jared)"
757218,19324,FATHER_OF,"BROTHER_OF(Moroni,Jared) ∧ FATHER_OF(Chalphi,Jared)"
457984,19324,FATHER_OF,"BROTHER_OF(Moroni,Jared) ∧ FATHER_OF(Simon Iscariot,Jared)"
35049,19324,FATHER_OF,"BROTHER_OF(Moroni,Jared) ∧ FATHER_OF(Rhesa,Jared)"
25524,19324,FATHER_OF,"BROTHER_OF(Moroni,Jared) ∧ FATHER_OF(Jonas,Jared)"
45834,19324,FATHER_OF,"BROTHER_OF(Moroni,Jared) ∧ FATHER_OF(Jona,Jared)"
19094,19324,FATHER_OF,"BROTHER_OF(Moroni,Jared) ∧ FATHER_OF(Jonah,Jared)"
650625,19324,FATHER_OF,"BROTHER_OF(Moroni,Jared) ∧ FATHER_OF(Gioras,Jared)"
55816,19324,FATHER_OF,"BROTHER_OF(Moroni,Jared) ∧ FATHER_OF(Jochai,Jared)"
465526,19324,FATHER_OF,"BROTHER_OF(Moroni,Jared) ∧ FATHER_OF(Onias,Jared)"
18873,19324,FATHER_OF,"BROTHER_OF(Moroni,Jared) ∧ FATHER_OF(Gamaliel,Jared)"
11338,39795,FATHER_OF,"BROTHER_OF(Babel,Jared) ∧ FATHER_OF(Simón Iscariote,Jared)"
19073,39795,FATHER_OF,"BROTHER_OF(Babel,Jared) ∧ FATHER_OF(James,Jared)"
757218,39795,FATHER_OF,"BROTHER_OF(Babel,Jared) ∧ FATHER_OF(Chalphi,Jared)"
457984,39795,FATHER_OF,"BROTHER_OF(Babel,Jared) ∧ FATHER_OF(Simon Iscariot,Jared)"
35049,39795,FATHER_OF,"BROTHER_OF(Babel,Jared) ∧ FATHER_OF(Rhesa,Jared)"
25524,39795,FATHER_OF,"BROTHER_OF(Babel,Jared) ∧ FATHER_OF(Jonas,Jared)"
45834,39795,FATHER_OF,"BROTHER_OF(Babel,Jared) ∧ FATHER_OF(Jona,Jared)"
19094,39795,FATHER_OF,"BROTHER_OF(Babel,Jared) ∧ FATHER_OF(Jonah,Jared)"
650625,39795,FATHER_OF,"BROTHER_OF(Babel,Jared) ∧ FATHER_OF(Gioras,Jared)"
55816,39795,FATHER_OF,"BROTHER_OF(Babel,Jared) ∧ FATHER_OF(Jochai,Jared)"
465526,39795,FATHER_OF,"BROTHER_OF(Babel,Jared) ∧ FATHER_OF(Onias,Jared)"
18873,39795,FATHER_OF,"BROTHER_OF(Babel,Jared) ∧ FATHER_OF(Gamaliel,Jared)"
11338,158076,FATHER_OF,"BROTHER_OF(Because,Jared) ∧ FATHER_OF(Simón Iscariote,Jared)"
19073,158076,FATHER_OF,"BROTHER_OF(Because,Jared) ∧ FATHER_OF(James,Jared)"
757218,158076,FATHER_OF,"BROTHER_OF(Because,Jared) ∧ FATHER_OF(Chalphi,Jared)"
457984,158076,FATHER_OF,"BROTHER_OF(Because,Jared) ∧ FATHER_OF(Simon Iscariot,Jared)"
35049,158076,FATHER_OF,"BROTHER_OF(Because,Jared) ∧ FATHER_OF(Rhesa,Jared)"
25524,158076,FATHER_OF,"BROTHER_OF(Because,Jared) ∧ FATHER_OF(Jonas,Jared)"
45834,158076,FATHER_OF,"BROTHER_OF(Because,Jared) ∧ FATHER_OF(Jona,Jared)"
19094,158076,FATHER_OF,"BROTHER_OF(Because,Jared) ∧ FATHER_OF(Jonah,Jared)"
650625,158076,FATHER_OF,"BROTHER_OF(Because,Jared) ∧ FATHER_OF(Gioras,Jared)"
55816,158076,FATHER_OF,"BROTHER_OF(Because,Jared) ∧ FATHER_OF(Jochai,Jared)"
465526,158076,FATHER_OF,"BROTHER_OF(Because,Jared) ∧ FATHER_OF(Onias,Jared)"
18873,158076,FATHER_OF,"BROTHER_OF(Because,Jared) ∧ FATHER_OF(Gamaliel,Jared)"
11338,453097,FATHER_OF,"BROTHER_OF(WELL,Jared) ∧ FATHER_OF(Simón Iscariote,Jared)"
19073,453097,FATHER_OF,"BROTHER_OF(WELL,Jared) ∧ FATHER_OF(James,Jared)"
757218,453097,FATHER_OF,"BROTHER_OF(WELL,Jared) ∧ FATHER_OF(Chalphi,Jared)"
457984,453097,FATHER_OF,"BROTHER_OF(WELL,Jared) ∧ FATHER_OF(Simon Iscariot,Jared)"
35049,453097,FATHER_OF,"BROTHER_OF(WELL,Jared) ∧ FATHER_OF(Rhesa,Jared)"
25524,453097,FATHER_OF,"BROTHER_OF(WELL,Jared) ∧ FATHER_OF(Jonas,Jared)"
45834,453097,FATHER_OF,"BROTHER_OF(WELL,Jared) ∧ FATHER_OF(Jona,Jared)"
19094,453097,FATHER_OF,"BROTHER_OF(WELL,Jared) ∧ FATHER_OF(Jonah,Jared)"
650625,453097,FATHER_OF,"BROTHER_OF(WELL,Jared) ∧ FATHER_OF(Gioras,Jared)"
55816,453097,FATHER_OF,"BROTHER_OF(WELL,Jared) ∧ FATHER_OF(Jochai,Jared)"
465526,453097,FATHER_OF,"BROTHER_OF(WELL,Jared) ∧ FATHER_OF(Onias,Jared)"
18873,453097,FATHER_OF,"BROTHER_OF(WELL,Jared) ∧ FATHER_OF(Gamaliel,Jared)"
11338,3332,FATHER_OF,"BROTHER_OF(Mormon,Jared) ∧ FATHER_OF(Simón Iscariote,Jared)"
19073,3332,FATHER_OF,"BROTHER_OF(Mormon,Jared) ∧ FATHER_OF(James,Jared)"
757218,3332,FATHER_OF,"BROTHER_OF(Mormon,Jared) ∧ FATHER_OF(Chalphi,Jared)"
457984,3332,FATHER_OF,"BROTHER_OF(Mormon,Jared) ∧ FATHER_OF(Simon Iscariot,Jared)"
35049,3332,FATHER_OF,"BROTHER_OF(Mormon,Jared) ∧ FATHER_OF(Rhesa,Jared)"
25524,3332,FATHER_OF,"BROTHER_OF(Mormon,Jared) ∧ FATHER_OF(Jonas,Jared)"
45834,3332,FATHER_OF,"BROTHER_OF(Mormon,Jared) ∧ FATHER_OF(Jona,Jared)"
19094,3332,FATHER_OF,"BROTHER_OF(Mormon,Jared) ∧ FATHER_OF(Jonah,Jared)"
650625,3332,FATHER_OF,"BROTHER_OF(Mormon,Jared) ∧ FATHER_OF(Gioras,Jared)"
55816,3332,FATHER_OF,"BROTHER_OF(Mormon,Jared) ∧ FATHER_OF(Jochai,Jared)"
465526,3332,FATHER_OF,"BROTHER_OF(Mormon,Jared) ∧ FATHER_OF(Onias,Jared)"
18873,3332,FATHER_OF,"BROTHER_OF(Mormon,Jared) ∧ FATHER_OF(Gamaliel,Jared)"
11338,304044,FATHER_OF,"BROTHER_OF(But,Jared) ∧ FATHER_OF(Simón Iscariote,Jared)"
19073,304044,FATHER_OF,"BROTHER_OF(But,Jared) ∧ FATHER_OF(James,Jared)"
757218,304044,FATHER_OF,"BROTHER_OF(But,Jared) ∧ FATHER_OF(Chalphi,Jared)"
457984,304044,FATHER_OF,"BROTHER_OF(But,Jared) ∧ FATHER_OF(Simon Iscariot,Jared)"
35049,304044,FATHER_OF,"BROTHER_OF(But,Jared) ∧ FATHER_OF(Rhesa,Jared)"
25524,304044,FATHER_OF,"BROTHER_OF(But,Jared) ∧ FATHER_OF(Jonas,Jared)"
45834,304044,FATHER_OF,"BROTHER_OF(But,Jared) ∧ FATHER_OF(Jona,Jared)"
19094,304044,FATHER_OF,"BROTHER_OF(But,Jared) ∧ FATHER_OF(Jonah,Jared)"
650625,304044,FATHER_OF,"BROTHER_OF(But,Jared) ∧ FATHER_OF(Gioras,Jared)"
55816,304044,FATHER_OF,"BROTHER_OF(But,Jared) ∧ FATHER_OF(Jochai,Jared)"
465526,304044,FATHER_OF,"BROTHER_OF(But,Jared) ∧ FATHER_OF(Onias,Jared)"
18873,304044,FATHER_OF,"BROTHER_OF(But,Jared) ∧ FATHER_OF(Gamaliel,Jared)"
11338,18866,FATHER_OF,"BROTHER_OF(Noah,Jared) ∧ FATHER_OF(Simón Iscariote,Jared)"
19073,18866,FATHER_OF,"BROTHER_OF(Noah,Jared) ∧ FATHER_OF(James,Jared)"
757218,18866,FATHER_OF,"BROTHER_OF(Noah,Jared) ∧ FATHER_OF(Chalphi,Jared)"
457984,18866,FATHER_OF,"BROTHER_OF(Noah,Jared) ∧ FATHER_OF(Simon Iscariot,Jared)"
35049,18866,FATHER_OF,"BROTHER_OF(Noah,Jared) ∧ FATHER_OF(Rhesa,Jared)"
25524,18866,FATHER_OF,"BROTHER_OF(Noah,Jared) ∧ FATHER_OF(Jonas,Jared)"
45834,18866,FATHER_OF,"BROTHER_OF(Noah,Jared) ∧ FATHER_OF(Jona,Jared)"
19094,18866,FATHER_OF,"BROTHER_OF(Noah,Jared) ∧ FATHER_OF(Jonah,Jared)"
650625,18866,FATHER_OF,"BROTHER_OF(Noah,Jared) ∧ FATHER_OF(Gioras,Jared)"
55816,18866,FATHER_OF,"BROTHER_OF(Noah,Jared) ∧ FATHER_OF(Jochai,Jared)"
465526,18866,FATHER_OF,"BROTHER_OF(Noah,Jared) ∧ FATHER_OF(Onias,Jared)"
18873,18866,FATHER_OF,"BROTHER_OF(Noah,Jared) ∧ FATHER_OF(Gamaliel,Jared)"
11338,639260,FATHER_OF,"BROTHER_OF(REMEMBER,Jared) ∧ FATHER_OF(Simón Iscariote,Jared)"
19073,639260,FATHER_OF,"BROTHER_OF(REMEMBER,Jared) ∧ FATHER_OF(James,Jared)"
757218,639260,FATHER_OF,"BROTHER_OF(REMEMBER,Jared) ∧ FATHER_OF(Chalphi,Jared)"
457984,639260,FATHER_OF,"BROTHER_OF(REMEMBER,Jared) ∧ FATHER_OF(Simon Iscariot,Jared)"
35049,639260,FATHER_OF,"BROTHER_OF(REMEMBER,Jared) ∧ FATHER_OF(Rhesa,Jared)"
25524,639260,FATHER_OF,"BROTHER_OF(REMEMBER,Jared) ∧ FATHER_OF(Jonas,Jared)"
45834,639260,FATHER_OF,"BROTHER_OF(REMEMBER,Jared) ∧ FATHER_OF(Jona,Jared)"
19094,639260,FATHER_OF,"BROTHER_OF(REMEMBER,Jared) ∧ FATHER_OF(Jonah,Jared)"
650625,639260,FATHER_OF,"BROTHER_OF(REMEMBER,Jared) ∧ FATHER_OF(Gioras,Jared)"
55816,639260,FATHER_OF,"BROTHER_OF(REMEMBER,Jared) ∧ FATHER_OF(Jochai,Jared)"
465526,639260,FATHER_OF,"BROTHER_OF(REMEMBER,Jared) ∧ FATHER_OF(Onias,Jared)"
18873,639260,FATHER_OF,"BROTHER_OF(REMEMBER,Jared) ∧ FATHER_OF(Gamaliel,Jared)"
11338,306734,FATHER_OF,"BROTHER_OF(Probablemente,Jared) ∧ FATHER_OF(Simón Iscariote,Jared)"
19073,306734,FATHER_OF,"BROTHER_OF(Probablemente,Jared) ∧ FATHER_OF(James,Jared)"
757218,306734,FATHER_OF,"BROTHER_OF(Probablemente,Jared) ∧ FATHER_OF(Chalphi,Jared)"
457984,306734,FATHER_OF,"BROTHER_OF(Probablemente,Jared) ∧ FATHER_OF(Simon Iscariot,Jared)"
35049,306734,FATHER_OF,"BROTHER_OF(Probablemente,Jared) ∧ FATHER_OF(Rhesa,Jared)"
25524,306734,FATHER_OF,"BROTHER_OF(Probablemente,Jared) ∧ FATHER_OF(Jonas,Jared)"
45834,306734,FATHER_OF,"BROTHER_OF(Probablemente,Jared) ∧ FATHER_OF(Jona,Jared)"
19094,306734,FATHER_OF,"BROTHER_OF(Probablemente,Jared) ∧ FATHER_OF(Jonah,Jared)"
650625,306734,FATHER_OF,"BROTHER_OF(Probablemente,Jared) ∧ FATHER_OF(Gioras,Jared)"
55816,306734,FATHER_OF,"BROTHER_OF(Probablemente,Jared) ∧ FATHER_OF(Jochai,Jared)"
465526,306734,FATHER_OF,"BROTHER_OF(Probablemente,Jared) ∧ FATHER_OF(Onias,Jared)"
18873,306734,FATHER_OF,"BROTHER_OF(Probablemente,Jared) ∧ FATHER_OF(Gamaliel,Jared)"
11338,764231,FATHER_OF,"BROTHER_OF(Del,Jared) ∧ FATHER_OF(Simón Iscariote,Jared)"
19073,764231,FATHER_OF,"BROTHER_OF(Del,Jared) ∧ FATHER_OF(James,Jared)"
757218,764231,FATHER_OF,"BROTHER_OF(Del,Jared) ∧ FATHER_OF(Chalphi,Jared)"
457984,764231,FATHER_OF,"BROTHER_OF(Del,Jared) ∧ FATHER_OF(Simon Iscariot,Jared)"
35049,764231,FATHER_OF,"BROTHER_OF(Del,Jared) ∧ FATHER_OF(Rhesa,Jared)"
25524,764231,FATHER_OF,"BROTHER_OF(Del,Jared) ∧ FATHER_OF(Jonas,Jared)"
45834,764231,FATHER_OF,"BROTHER_OF(Del,Jared) ∧ FATHER_OF(Jona,Jared)"
19094,764231,FATHER_OF,"BROTHER_OF(Del,Jared) ∧ FATHER_OF(Jonah,Jared)"
650625,764231,FATHER_OF,"BROTHER_OF(Del,Jared) ∧ FATHER_OF(Gioras,Jared)"
55816,764231,FATHER_OF,"BROTHER_OF(Del,Jared) ∧ FATHER_OF(Jochai,Jared)"
465526,764231,FATHER_OF,"BROTHER_OF(Del,Jared) ∧ FATHER_OF(Onias,Jared)"
18873,764231,FATHER_OF,"BROTHER_OF(Del,Jared) ∧ FATHER_OF(Gamaliel,Jared)"
11338,7501,FATHER_OF,"BROTHER_OF(Entonces,Jared) ∧ FATHER_OF(Simón Iscariote,Jared)"
19073,7501,FATHER_OF,"BROTHER_OF(Entonces,Jared) ∧ FATHER_OF(James,Jared)"
757218,7501,FATHER_OF,"BROTHER_OF(Entonces,Jared) ∧ FATHER_OF(Chalphi,Jared)"
457984,7501,FATHER_OF,"BROTHER_OF(Entonces,Jared) ∧ FATHER_OF(Simon Iscariot,Jared)"
35049,7501,FATHER_OF,"BROTHER_OF(Entonces,Jared) ∧ FATHER_OF(Rhesa,Jared)"
25524,7501,FATHER_OF,"BROTHER_OF(Entonces,Jared) ∧ FATHER_OF(Jonas,Jared)"
45834,7501,FATHER_OF,"BROTHER_OF(Entonces,Jared) ∧ FATHER_OF(Jona,Jared)"
19094,7501,FATHER_OF,"BROTHER_OF(Entonces,Jared) ∧ FATHER_OF(Jonah,Jared)"
650625,7501,FATHER_OF,"BROTHER_OF(Entonces,Jared) ∧ FATHER_OF(Gioras,Jared)"
55816,7501,FATHER_OF,"BROTHER_OF(Entonces,Jared) ∧ FATHER_OF(Jochai,Jared)"
465526,7501,FATHER_OF,"BROTHER_OF(Entonces,Jared) ∧ FATHER_OF(Onias,Jared)"
18873,7501,FATHER_OF,"BROTHER_OF(Entonces,Jared) ∧ FATHER_OF(Gamaliel,Jared)"
30664,19581,FATHER_OF,"BROTHER_OF(Simon,Jonathan) ∧ FATHER_OF(Joseph Smith Sr.,Jonathan)"
213770,19581,FATHER_OF,"BROTHER_OF(Simon,Jonathan) ∧ FATHER_OF(Alexander Hale Smith,Jonathan)"
520857,19581,FATHER_OF,"BROTHER_OF(Simon,Jonathan) ∧ FATHER_OF(Patriarch Hyrum Smith,Jonathan)"
106978,19581,FATHER_OF,"BROTHER_OF(Simon,Jonathan) ∧ FATHER_OF(Asael Smith,Jonathan)"
36535,19581,FATHER_OF,"BROTHER_OF(Simon,Jonathan) ∧ FATHER_OF(Shammai,Jonathan)"
19095,19581,FATHER_OF,"BROTHER_OF(Simon,Jonathan) ∧ FATHER_OF(Jonathan,Jonathan)"
33560,19581,FATHER_OF,"BROTHER_OF(Simon,Jonathan) ∧ FATHER_OF(Tyre,Jonathan)"
19499,19581,FATHER_OF,"BROTHER_OF(Simon,Jonathan) ∧ FATHER_OF(Pharaoh,Jonathan)"
19078,19581,FATHER_OF,"BROTHER_OF(Simon,Jonathan) ∧ FATHER_OF(Jared,Jonathan)"
3579,19581,FATHER_OF,"BROTHER_OF(Simon,Jonathan) ∧ FATHER_OF(Cain,Jonathan)"
24294,19581,FATHER_OF,"BROTHER_OF(Simon,Jonathan) ∧ FATHER_OF(Midian,Jonathan)"
3251,19581,FATHER_OF,"BROTHER_OF(Simon,Jonathan) ∧ FATHER_OF(Mosiah,Jonathan)"
19259,19581,FATHER_OF,"BROTHER_OF(Simon,Jonathan) ∧ FATHER_OF(Lot,Jonathan)"
18661,19581,FATHER_OF,"BROTHER_OF(Simon,Jonathan) ∧ FATHER_OF(Daniel,Jonathan)"
36179,19581,FATHER_OF,"BROTHER_OF(Simon,Jonathan) ∧ FATHER_OF(Hemdan,Jonathan)"
387410,19581,FATHER_OF,"BROTHER_OF(Simon,Jonathan) ∧ FATHER_OF(Bathia,Jonathan)"
19088,19581,FATHER_OF,"BROTHER_OF(Simon,Jonathan) ∧ FATHER_OF(Jethro,Jonathan)"
459345,19581,FATHER_OF,"BROTHER_OF(Simon,Jonathan) ∧ FATHER_OF(Amaram,Jonathan)"
28095,19581,FATHER_OF,"BROTHER_OF(Simon,Jonathan) ∧ FATHER_OF(Heth,Jonathan)"
3332,19581,FATHER_OF,"BROTHER_OF(Simon,Jonathan) ∧ FATHER_OF(Mormon,Jonathan)"
660398,19581,FATHER_OF,"BROTHER_OF(Simon,Jonathan) ∧ FATHER_OF(Prophet Mormon,Jonathan)"
20145,19581,FATHER_OF,"BROTHER_OF(Simon,Jonathan) ∧ FATHER_OF(Righteousness,Jonathan)"
30365,19581,FATHER_OF,"BROTHER_OF(Simon,Jonathan) ∧ FATHER_OF(Lamech,Jonathan)"
19913,19581,FATHER_OF,"BROTHER_OF(Simon,Jonathan) ∧ FATHER_OF(Zeniff,Jonathan)"
11338,19268,FATHER_OF,"BROTHER_OF(Thomas,Jared) ∧ FATHER_OF(Simón Iscariote,Jared)"
19073,19268,FATHER_OF,"BROTHER_OF(Thomas,Jared) ∧ FATHER_OF(James,Jared)"
757218,19268,FATHER_OF,"BROTHER_OF(Thomas,Jared) ∧ FATHER_OF(Chalphi,Jared)"
457984,19268,FATHER_OF,"BROTHER_OF(Thomas,Jared) ∧ FATHER_OF(Simon Iscariot,Jared)"
35049,19268,FATHER_OF,"BROTHER_OF(Thomas,Jared) ∧ FATHER_OF(Rhesa,Jared)"
25524,19268,FATHER_OF,"BROTHER_OF(Thomas,Jared) ∧ FATHER_OF(Jonas,Jared)"
45834,19268,FATHER_OF,"BROTHER_OF(Thomas,Jared) ∧ FATHER_OF(Jona,Jared)"
19094,19268,FATHER_OF,"BROTHER_OF(Thomas,Jared) ∧ FATHER_OF(Jonah,Jared)"
650625,19268,FATHER_OF,"BROTHER_OF(Thomas,Jared) ∧ FATHER_OF(Gioras,Jared)"
55816,19268,FATHER_OF,"BROTHER_OF(Thomas,Jared) ∧ FATHER_OF(Jochai,Jared)"
465526,19268,FATHER_OF,"BROTHER_OF(Thomas,Jared) ∧ FATHER_OF(Onias,Jared)"
18873,19268,FATHER_OF,"BROTHER_OF(Thomas,Jared) ∧ FATHER_OF(Gamaliel,Jared)"
11338,106852,FATHER_OF,"BROTHER_OF(Mount Shelem,Jared) ∧ FATHER_OF(Simón Iscariote,Jared)"
19073,106852,FATHER_OF,"BROTHER_OF(Mount Shelem,Jared) ∧ FATHER_OF(James,Jared)"
757218,106852,FATHER_OF,"BROTHER_OF(Mount Shelem,Jared) ∧ FATHER_OF(Chalphi,Jared)"
457984,106852,FATHER_OF,"BROTHER_OF(Mount Shelem,Jared) ∧ FATHER_OF(Simon Iscariot,Jared)"
35049,106852,FATHER_OF,"BROTHER_OF(Mount Shelem,Jared) ∧ FATHER_OF(Rhesa,Jared)"
25524,106852,FATHER_OF,"BROTHER_OF(Mount Shelem,Jared) ∧ FATHER_OF(Jonas,Jared)"
45834,106852,FATHER_OF,"BROTHER_OF(Mount Shelem,Jared) ∧ FATHER_OF(Jona,Jared)"
19094,106852,FATHER_OF,"BROTHER_OF(Mount Shelem,Jared) ∧ FATHER_OF(Jonah,Jared)"
650625,106852,FATHER_OF,"BROTHER_OF(Mount Shelem,Jared) ∧ FATHER_OF(Gioras,Jared)"
55816,106852,FATHER_OF,"BROTHER_OF(Mount Shelem,Jared) ∧ FATHER_OF(Jochai,Jared)"
465526,106852,FATHER_OF,"BROTHER_OF(Mount Shelem,Jared) ∧ FATHER_OF(Onias,Jared)"
18873,106852,FATHER_OF,"BROTHER_OF(Mount Shelem,Jared) ∧ FATHER_OF(Gamaliel,Jared)"
11338,168591,FATHER_OF,"BROTHER_OF(Likewise,Jared) ∧ FATHER_OF(Simón Iscariote,Jared)"
19073,168591,FATHER_OF,"BROTHER_OF(Likewise,Jared) ∧ FATHER_OF(James,Jared)"
757218,168591,FATHER_OF,"BROTHER_OF(Likewise,Jared) ∧ FATHER_OF(Chalphi,Jared)"
457984,168591,FATHER_OF,"BROTHER_OF(Likewise,Jared) ∧ FATHER_OF(Simon Iscariot,Jared)"
35049,168591,FATHER_OF,"BROTHER_OF(Likewise,Jared) ∧ FATHER_OF(Rhesa,Jared)"
25524,168591,FATHER_OF,"BROTHER_OF(Likewise,Jared) ∧ FATHER_OF(Jonas,Jared)"
45834,168591,FATHER_OF,"BROTHER_OF(Likewise,Jared) ∧ FATHER_OF(Jona,Jared)"
19094,168591,FATHER_OF,"BROTHER_OF(Likewise,Jared) ∧ FATHER_OF(Jonah,Jared)"
650625,168591,FATHER_OF,"BROTHER_OF(Likewise,Jared) ∧ FATHER_OF(Gioras,Jared)"
55816,168591,FATHER_OF,"BROTHER_OF(Likewise,Jared) ∧ FATHER_OF(Jochai,Jared)"
465526,168591,FATHER_OF,"BROTHER_OF(Likewise,Jared) ∧ FATHER_OF(Onias,Jared)"
18873,168591,FATHER_OF,"BROTHER_OF(Likewise,Jared) ∧ FATHER_OF(Gamaliel,Jared)"
11338,779306,FATHER_OF,"BROTHER_OF(INTERESTINGLY,Jared) ∧ FATHER_OF(Simón Iscariote,Jared)"
19073,779306,FATHER_OF,"BROTHER_OF(INTERESTINGLY,Jared) ∧ FATHER_OF(James,Jared)"
757218,779306,FATHER_OF,"BROTHER_OF(INTERESTINGLY,Jared) ∧ FATHER_OF(Chalphi,Jared)"
457984,779306,FATHER_OF,"BROTHER_OF(INTERESTINGLY,Jared) ∧ FATHER_OF(Simon Iscariot,Jared)"
35049,779306,FATHER_OF,"BROTHER_OF(INTERESTINGLY,Jared) ∧ FATHER_OF(Rhesa,Jared)"
25524,779306,FATHER_OF,"BROTHER_OF(INTERESTINGLY,Jared) ∧ FATHER_OF(Jonas,Jared)"
45834,779306,FATHER_OF,"BROTHER_OF(INTERESTINGLY,Jared) ∧ FATHER_OF(Jona,Jared)"
19094,779306,FATHER_OF,"BROTHER_OF(INTERESTINGLY,Jared) ∧ FATHER_OF(Jonah,Jared)"
650625,779306,FATHER_OF,"BROTHER_OF(INTERESTINGLY,Jared) ∧ FATHER_OF(Gioras,Jared)"
55816,779306,FATHER_OF,"BROTHER_OF(INTERESTINGLY,Jared) ∧ FATHER_OF(Jochai,Jared)"
465526,779306,FATHER_OF,"BROTHER_OF(INTERESTINGLY,Jared) ∧ FATHER_OF(Onias,Jared)"
18873,779306,FATHER_OF,"BROTHER_OF(INTERESTINGLY,Jared) ∧ FATHER_OF(Gamaliel,Jared)"
11338,355075,FATHER_OF,"BROTHER_OF(Ultimately,Jared) ∧ FATHER_OF(Simón Iscariote,Jared)"
19073,355075,FATHER_OF,"BROTHER_OF(Ultimately,Jared) ∧ FATHER_OF(James,Jared)"
757218,355075,FATHER_OF,"BROTHER_OF(Ultimately,Jared) ∧ FATHER_OF(Chalphi,Jared)"
457984,355075,FATHER_OF,"BROTHER_OF(Ultimately,Jared) ∧ FATHER_OF(Simon Iscariot,Jared)"
35049,355075,FATHER_OF,"BROTHER_OF(Ultimately,Jared) ∧ FATHER_OF(Rhesa,Jared)"
25524,355075,FATHER_OF,"BROTHER_OF(Ultimately,Jared) ∧ FATHER_OF(Jonas,Jared)"
45834,355075,FATHER_OF,"BROTHER_OF(Ultimately,Jared) ∧ FATHER_OF(Jona,Jared)"
19094,355075,FATHER_OF,"BROTHER_OF(Ultimately,Jared) ∧ FATHER_OF(Jonah,Jared)"
650625,355075,FATHER_OF,"BROTHER_OF(Ultimately,Jared) ∧ FATHER_OF(Gioras,Jared)"
55816,355075,FATHER_OF,"BROTHER_OF(Ultimately,Jared) ∧ FATHER_OF(Jochai,Jared)"
465526,355075,FATHER_OF,"BROTHER_OF(Ultimately,Jared) ∧ FATHER_OF(Onias,Jared)"
18873,355075,FATHER_OF,"BROTHER_OF(Ultimately,Jared) ∧ FATHER_OF(Gamaliel,Jared)"
11338,155782,FATHER_OF,"BROTHER_OF(Once,Jared) ∧ FATHER_OF(Simón Iscariote,Jared)"
19073,155782,FATHER_OF,"BROTHER_OF(Once,Jared) ∧ FATHER_OF(James,Jared)"
757218,155782,FATHER_OF,"BROTHER_OF(Once,Jared) ∧ FATHER_OF(Chalphi,Jared)"
457984,155782,FATHER_OF,"BROTHER_OF(Once,Jared) ∧ FATHER_OF(Simon Iscariot,Jared)"
35049,155782,FATHER_OF,"BROTHER_OF(Once,Jared) ∧ FATHER_OF(Rhesa,Jared)"
25524,155782,FATHER_OF,"BROTHER_OF(Once,Jared) ∧ FATHER_OF(Jonas,Jared)"
45834,155782,FATHER_OF,"BROTHER_OF(Once,Jared) ∧ FATHER_OF(Jona,Jared)"
19094,155782,FATHER_OF,"BROTHER_OF(Once,Jared) ∧ FATHER_OF(Jonah,Jared)"
650625,155782,FATHER_OF,"BROTHER_OF(Once,Jared) ∧ FATHER_OF(Gioras,Jared)"
55816,155782,FATHER_OF,"BROTHER_OF(Once,Jared) ∧ FATHER_OF(Jochai,Jared)"
465526,155782,FATHER_OF,"BROTHER_OF(Once,Jared) ∧ FATHER_OF(Onias,Jared)"
18873,155782,FATHER_OF,"BROTHER_OF(Once,Jared) ∧ FATHER_OF(Gamaliel,Jared)"
18915,209992,FATHER_OF,"SISTER_OF(Sophronia,José) ∧ FATHER_OF(Isaac,José)"
35453,209992,FATHER_OF,"SISTER_OF(Sophronia,José) ∧ FATHER_OF(Matthan,José)"
12037,209992,FATHER_OF,"SISTER_OF(Sophronia,José) ∧ FATHER_OF(Matán,José)"
19076,209992,FATHER_OF,"SISTER_OF(Sophronia,José) ∧ FATHER_OF(Zebedee,José)"
19075,209992,FATHER_OF,"SISTER_OF(Sophronia,José) ∧ FATHER_OF(Alphaeus,José)"
30358,209992,FATHER_OF,"SISTER_OF(Sophronia,José) ∧ FATHER_OF(Mahalaleel,José)"
8513,209992,FATHER_OF,"SISTER_OF(Sophronia,José) ∧ FATHER_OF(Omer,José)"
609199,209992,FATHER_OF,"SISTER_OF(Sophronia,José) ∧ FATHER_OF(Mahaleel,José)"
11338,117822,FATHER_OF,"SISTER_OF(Patrick,Joseph) ∧ FATHER_OF(Simón Iscariote,Joseph)"
19073,117822,FATHER_OF,"SISTER_OF(Patrick,Joseph) ∧ FATHER_OF(James,Joseph)"
757218,117822,FATHER_OF,"SISTER_OF(Patrick,Joseph) ∧ FATHER_OF(Chalphi,Joseph)"
457984,117822,FATHER_OF,"SISTER_OF(Patrick,Joseph) ∧ FATHER_OF(Simon Iscariot,Joseph)"
35049,117822,FATHER_OF,"SISTER_OF(Patrick,Joseph) ∧ FATHER_OF(Rhesa,Joseph)"
25524,117822,FATHER_OF,"SISTER_OF(Patrick,Joseph) ∧ FATHER_OF(Jonas,Joseph)"
45834,117822,FATHER_OF,"SISTER_OF(Patrick,Joseph) ∧ FATHER_OF(Jona,Joseph)"
19094,117822,FATHER_OF,"SISTER_OF(Patrick,Joseph) ∧ FATHER_OF(Jonah,Joseph)"
650625,117822,FATHER_OF,"SISTER_OF(Patrick,Joseph) ∧ FATHER_OF(Gioras,Joseph)"
55816,117822,FATHER_OF,"SISTER_OF(Patrick,Joseph) ∧ FATHER_OF(Jochai,Joseph)"
465526,117822,FATHER_OF,"SISTER_OF(Patrick,Joseph) ∧ FATHER_OF(Onias,Joseph)"
18873,117822,FATHER_OF,"SISTER_OF(Patrick,Joseph) ∧ FATHER_OF(Gamaliel,Joseph)"
11338,561682,FATHER_OF,"SISTER_OF(Rhoda Ann Jennetta Richards,Joseph) ∧ FATHER_OF(Simón Iscariote,Joseph)"
19073,561682,FATHER_OF,"SISTER_OF(Rhoda Ann Jennetta Richards,Joseph) ∧ FATHER_OF(James,Joseph)"
757218,561682,FATHER_OF,"SISTER_OF(Rhoda Ann Jennetta Richards,Joseph) ∧ FATHER_OF(Chalphi,Joseph)"
457984,561682,FATHER_OF,"SISTER_OF(Rhoda Ann Jennetta Richards,Joseph) ∧ FATHER_OF(Simon Iscariot,Joseph)"
35049,561682,FATHER_OF,"SISTER_OF(Rhoda Ann Jennetta Richards,Joseph) ∧ FATHER_OF(Rhesa,Joseph)"
25524,561682,FATHER_OF,"SISTER_OF(Rhoda Ann Jennetta Richards,Joseph) ∧ FATHER_OF(Jonas,Joseph)"
45834,561682,FATHER_OF,"SISTER_OF(Rhoda Ann Jennetta Richards,Joseph) ∧ FATHER_OF(Jona,Joseph)"
19094,561682,FATHER_OF,"SISTER_OF(Rhoda Ann Jennetta Richards,Joseph) ∧ FATHER_OF(Jonah,Joseph)"
650625,561682,FATHER_OF,"SISTER_OF(Rhoda Ann Jennetta Richards,Joseph) ∧ FATHER_OF(Gioras,Joseph)"
55816,561682,FATHER_OF,"SISTER_OF(Rhoda Ann Jennetta Richards,Joseph) ∧ FATHER_OF(Jochai,Joseph)"
465526,561682,FATHER_OF,"SISTER_OF(Rhoda Ann Jennetta Richards,Joseph) ∧ FATHER_OF(Onias,Joseph)"
18873,561682,FATHER_OF,"SISTER_OF(Rhoda Ann Jennetta Richards,Joseph) ∧ FATHER_OF(Gamaliel,Joseph)"
19108,19321,FATHER_OF,"SISTER_OF(Miriam,Moses) ∧ FATHER_OF(Judas,Moses)"
494653,19321,FATHER_OF,"SISTER_OF(Miriam,Moses) ∧ FATHER_OF(Sirach,Moses)"
516157,19321,FATHER_OF,"SISTER_OF(Miriam,Moses) ∧ FATHER_OF(SIR,Moses)"
398435,19321,FATHER_OF,"SISTER_OF(Miriam,Moses) ∧ FATHER_OF(Josedek,Moses)"
416791,19321,FATHER_OF,"SISTER_OF(Miriam,Moses) ∧ FATHER_OF(Ananus,Moses)"
19581,19321,FATHER_OF,"SISTER_OF(Miriam,Moses) ∧ FATHER_OF(Simon,Moses)"
35452,19321,FATHER_OF,"SISTER_OF(Miriam,Moses) ∧ FATHER_OF(Eleazar,Moses)"
36345,19321,FATHER_OF,"SISTER_OF(Miriam,Moses) ∧ FATHER_OF(Elkanah,Moses)"
59317,19321,FATHER_OF,"SISTER_OF(Miriam,Moses) ∧ FATHER_OF(Robert,Moses)"
464107,19321,FATHER_OF,"SISTER_OF(Miriam,Moses) ∧ FATHER_OF(An Ephraimite,Moses)"
11338,19079,FATHER_OF,"BROTHER_OF(Brother of Jared,Jared) ∧ FATHER_OF(Simón Iscariote,Jared)"
19073,19079,FATHER_OF,"BROTHER_OF(Brother of Jared,Jared) ∧ FATHER_OF(James,Jared)"
757218,19079,FATHER_OF,"BROTHER_OF(Brother of Jared,Jared) ∧ FATHER_OF(Chalphi,Jared)"
457984,19079,FATHER_OF,"BROTHER_OF(Brother of Jared,Jared) ∧ FATHER_OF(Simon Iscariot,Jared)"
35049,19079,FATHER_OF,"BROTHER_OF(Brother of Jared,Jared) ∧ FATHER_OF(Rhesa,Jared)"
25524,19079,FATHER_OF,"BROTHER_OF(Brother of Jared,Jared) ∧ FATHER_OF(Jonas,Jared)"
45834,19079,FATHER_OF,"BROTHER_OF(Brother of Jared,Jared) ∧ FATHER_OF(Jona,Jared)"
19094,19079,FATHER_OF,"BROTHER_OF(Brother of Jared,Jared) ∧ FATHER_OF(Jonah,Jared)"
650625,19079,FATHER_OF,"BROTHER_OF(Brother of Jared,Jared) ∧ FATHER_OF(Gioras,Jared)"
55816,19079,FATHER_OF,"BROTHER_OF(Brother of Jared,Jared) ∧ FATHER_OF(Jochai,Jared)"
465526,19079,FATHER_OF,"BROTHER_OF(Brother of Jared,Jared) ∧ FATHER_OF(Onias,Jared)"
18873,19079,FATHER_OF,"BROTHER_OF(Brother of Jared,Jared) ∧ FATHER_OF(Gamaliel,Jared)"
19108,28149,FATHER_OF,"BROTHER_OF(Shiblom,And) ∧ FATHER_OF(Judas,And)"
494653,28149,FATHER_OF,"BROTHER_OF(Shiblom,And) ∧ FATHER_OF(Sirach,And)"
516157,28149,FATHER_OF,"BROTHER_OF(Shiblom,And) ∧ FATHER_OF(SIR,And)"
398435,28149,FATHER_OF,"BROTHER_OF(Shiblom,And) ∧ FATHER_OF(Josedek,And)"
416791,28149,FATHER_OF,"BROTHER_OF(Shiblom,And) ∧ FATHER_OF(Ananus,And)"
19581,28149,FATHER_OF,"BROTHER_OF(Shiblom,And) ∧ FATHER_OF(Simon,And)"
35452,28149,FATHER_OF,"BROTHER_OF(Shiblom,And) ∧ FATHER_OF(Eleazar,And)"
36345,28149,FATHER_OF,"BROTHER_OF(Shiblom,And) ∧ FATHER_OF(Elkanah,And)"
59317,28149,FATHER_OF,"BROTHER_OF(Shiblom,And) ∧ FATHER_OF(Robert,And)"
464107,28149,FATHER_OF,"BROTHER_OF(Shiblom,And) ∧ FATHER_OF(An Ephraimite,And)"
19210,19078,FATHER_OF,"BROTHER_OF(Jared,Nephi) ∧ FATHER_OF(Leah,Nephi)"
19199,19078,FATHER_OF,"BROTHER_OF(Jared,Nephi) ∧ FATHER_OF(Laban,Nephi)"
42086,19078,FATHER_OF,"BROTHER_OF(Jared,Nephi) ∧ FATHER_OF(Senuah,Nephi)"
38002,19078,FATHER_OF,"BROTHER_OF(Jared,Nephi) ∧ FATHER_OF(Jehoash,Nephi)"
36330,19078,FATHER_OF,"BROTHER_OF(Jared,Nephi) ∧ FATHER_OF(Joash,Nephi)"
19082,19078,FATHER_OF,"BROTHER_OF(Jared,Nephi) ∧ FATHER_OF(Jehoshaphat,Nephi)"
19540,19078,FATHER_OF,"BROTHER_OF(Jared,Nephi) ∧ FATHER_OF(Rehoboam,Nephi)"
36522,19078,FATHER_OF,"BROTHER_OF(Jared,Nephi) ∧ FATHER_OF(Uri,Nephi)"
24119,19078,FATHER_OF,"BROTHER_OF(Jared,Nephi) ∧ FATHER_OF(Jotham,Nephi)"
35433,19078,FATHER_OF,"BROTHER_OF(Jared,Nephi) ∧ FATHER_OF(Jehoram,Nephi)"
3504,19078,FATHER_OF,"BROTHER_OF(Jared,Nephi) ∧ FATHER_OF(Asa,Nephi)"
36576,19078,FATHER_OF,"BROTHER_OF(Jared,Nephi) ∧ FATHER_OF(Jahdai,Nephi)"
36557,19078,FATHER_OF,"BROTHER_OF(Jared,Nephi) ∧ FATHER_OF(Azariah,Nephi)"
36542,19078,FATHER_OF,"BROTHER_OF(Jared,Nephi) ∧ FATHER_OF(Appaim,Nephi)"
36724,19078,FATHER_OF,"BROTHER_OF(Jared,Nephi) ∧ FATHER_OF(Jehohanan,Nephi)"
18906,19078,FATHER_OF,"BROTHER_OF(Jared,Nephi) ∧ FATHER_OF(Hezekiah,Nephi)"
36563,19078,FATHER_OF,"BROTHER_OF(Jared,Nephi) ∧ FATHER_OF(Jekamiah,Nephi)"
402110,19078,FATHER_OF,"BROTHER_OF(Jared,Nephi) ∧ FATHER_OF(Hassenuah,Nephi)"
36905,19078,FATHER_OF,"BROTHER_OF(Jared,Nephi) ∧ FATHER_OF(Meonothai,Nephi)"
36898,19078,FATHER_OF,"BROTHER_OF(Jared,Nephi) ∧ FATHER_OF(Eshton,Nephi)"
37051,19078,FATHER_OF,"BROTHER_OF(Jared,Nephi) ∧ FATHER_OF(Adaiah,Nephi)"
24105,19078,FATHER_OF,"BROTHER_OF(Jared,Nephi) ∧ FATHER_OF(Uzziah,Nephi)"
36797,19078,FATHER_OF,"BROTHER_OF(Jared,Nephi) ∧ FATHER_OF(Chelub,Nephi)"
30664,18645,FATHER_OF,"BROTHER_OF(Jesus,James) ∧ FATHER_OF(Joseph Smith Sr.,James)"
213770,18645,FATHER_OF,"BROTHER_OF(Jesus,James) ∧ FATHER_OF(Alexander Hale Smith,James)"
520857,18645,FATHER_OF,"BROTHER_OF(Jesus,James) ∧ FATHER_OF(Patriarch Hyrum Smith,James)"
106978,18645,FATHER_OF,"BROTHER_OF(Jesus,James) ∧ FATHER_OF(Asael Smith,James)"
36535,18645,FATHER_OF,"BROTHER_OF(Jesus,James) ∧ FATHER_OF(Shammai,James)"
19095,18645,FATHER_OF,"BROTHER_OF(Jesus,James) ∧ FATHER_OF(Jonathan,James)"
33560,18645,FATHER_OF,"BROTHER_OF(Jesus,James) ∧ FATHER_OF(Tyre,James)"
19499,18645,FATHER_OF,"BROTHER_OF(Jesus,James) ∧ FATHER_OF(Pharaoh,James)"
19078,18645,FATHER_OF,"BROTHER_OF(Jesus,James) ∧ FATHER_OF(Jared,James)"
3579,18645,FATHER_OF,"BROTHER_OF(Jesus,James) ∧ FATHER_OF(Cain,James)"
24294,18645,FATHER_OF,"BROTHER_OF(Jesus,James) ∧ FATHER_OF(Midian,James)"
3251,18645,FATHER_OF,"BROTHER_OF(Jesus,James) ∧ FATHER_OF(Mosiah,James)"
19259,18645,FATHER_OF,"BROTHER_OF(Jesus,James) ∧ FATHER_OF(Lot,James)"
18661,18645,FATHER_OF,"BROTHER_OF(Jesus,James) ∧ FATHER_OF(Daniel,James)"
36179,18645,FATHER_OF,"BROTHER_OF(Jesus,James) ∧ FATHER_OF(Hemdan,James)"
387410,18645,FATHER_OF,"BROTHER_OF(Jesus,James) ∧ FATHER_OF(Bathia,James)"
19088,18645,FATHER_OF,"BROTHER_OF(Jesus,James) ∧ FATHER_OF(Jethro,James)"
459345,18645,FATHER_OF,"BROTHER_OF(Jesus,James) ∧ FATHER_OF(Amaram,James)"
28095,18645,FATHER_OF,"BROTHER_OF(Jesus,James) ∧ FATHER_OF(Heth,James)"
3332,18645,FATHER_OF,"BROTHER_OF(Jesus,James) ∧ FATHER_OF(Mormon,James)"
660398,18645,FATHER_OF,"BROTHER_OF(Jesus,James) ∧ FATHER_OF(Prophet Mormon,James)"
20145,18645,FATHER_OF,"BROTHER_OF(Jesus,James) ∧ FATHER_OF(Righteousness,James)"
30365,18645,FATHER_OF,"BROTHER_OF(Jesus,James) ∧ FATHER_OF(Lamech,James)"
19913,18645,FATHER_OF,"BROTHER_OF(Jesus,James) ∧ FATHER_OF(Zeniff,James)"
19108,792244,FATHER_OF,"BROTHER_OF(Jared Sees,Arnold Friberg) ∧ FATHER_OF(Judas,Arnold Friberg)"
494653,792244,FATHER_OF,"BROTHER_OF(Jared Sees,Arnold Friberg) ∧ FATHER_OF(Sirach,Arnold Friberg)"
516157,792244,FATHER_OF,"BROTHER_OF(Jared Sees,Arnold Friberg) ∧ FATHER_OF(SIR,Arnold Friberg)"
398435,792244,FATHER_OF,"BROTHER_OF(Jared Sees,Arnold Friberg) ∧ FATHER_OF(Josedek,Arnold Friberg)"
416791,792244,FATHER_OF,"BROTHER_OF(Jared Sees,Arnold Friberg) ∧ FATHER_OF(Ananus,Arnold Friberg)"
19581,792244,FATHER_OF,"BROTHER_OF(Jared Sees,Arnold Friberg) ∧ FATHER_OF(Simon,Arnold Friberg)"
35452,792244,FATHER_OF,"BROTHER_OF(Jared Sees,Arnold Friberg) ∧ FATHER_OF(Eleazar,Arnold Friberg)"
36345,792244,FATHER_OF,"BROTHER_OF(Jared Sees,Arnold Friberg) ∧ FATHER_OF(Elkanah,Arnold Friberg)"
59317,792244,FATHER_OF,"BROTHER_OF(Jared Sees,Arnold Friberg) ∧ FATHER_OF(Robert,Arnold Friberg)"
464107,792244,FATHER_OF,"BROTHER_OF(Jared Sees,Arnold Friberg) ∧ FATHER_OF(An Ephraimite,Arnold Friberg)"
36215,19735,FATHER_OF,"BROTHER_OF(José,Samuel) ∧ FATHER_OF(Aholibamah,Samuel)"
40102,19735,FATHER_OF,"BROTHER_OF(José,Samuel) ∧ FATHER_OF(Beeri,Samuel)"
37465,19735,FATHER_OF,"BROTHER_OF(José,Samuel) ∧ FATHER_OF(Elon,Samuel)"
18917,19735,FATHER_OF,"BROTHER_OF(José,Samuel) ∧ FATHER_OF(Ishmael,Samuel)"
36215,176512,FATHER_OF,"BROTHER_OF(WILLIAM,Samuel) ∧ FATHER_OF(Aholibamah,Samuel)"
40102,176512,FATHER_OF,"BROTHER_OF(WILLIAM,Samuel) ∧ FATHER_OF(Beeri,Samuel)"
37465,176512,FATHER_OF,"BROTHER_OF(WILLIAM,Samuel) ∧ FATHER_OF(Elon,Samuel)"
18917,176512,FATHER_OF,"BROTHER_OF(WILLIAM,Samuel) ∧ FATHER_OF(Ishmael,Samuel)"
30664,104442,FATHER_OF,"BROTHER_OF(Burnett,James) ∧ FATHER_OF(Joseph Smith Sr.,James)"
213770,104442,FATHER_OF,"BROTHER_OF(Burnett,James) ∧ FATHER_OF(Alexander Hale Smith,James)"
520857,104442,FATHER_OF,"BROTHER_OF(Burnett,James) ∧ FATHER_OF(Patriarch Hyrum Smith,James)"
106978,104442,FATHER_OF,"BROTHER_OF(Burnett,James) ∧ FATHER_OF(Asael Smith,James)"
36535,104442,FATHER_OF,"BROTHER_OF(Burnett,James) ∧ FATHER_OF(Shammai,James)"
19095,104442,FATHER_OF,"BROTHER_OF(Burnett,James) ∧ FATHER_OF(Jonathan,James)"
33560,104442,FATHER_OF,"BROTHER_OF(Burnett,James) ∧ FATHER_OF(Tyre,James)"
19499,104442,FATHER_OF,"BROTHER_OF(Burnett,James) ∧ FATHER_OF(Pharaoh,James)"
19078,104442,FATHER_OF,"BROTHER_OF(Burnett,James) ∧ FATHER_OF(Jared,James)"
3579,104442,FATHER_OF,"BROTHER_OF(Burnett,James) ∧ FATHER_OF(Cain,James)"
24294,104442,FATHER_OF,"BROTHER_OF(Burnett,James) ∧ FATHER_OF(Midian,James)"
3251,104442,FATHER_OF,"BROTHER_OF(Burnett,James) ∧ FATHER_OF(Mosiah,James)"
19259,104442,FATHER_OF,"BROTHER_OF(Burnett,James) ∧ FATHER_OF(Lot,James)"
18661,104442,FATHER_OF,"BROTHER_OF(Burnett,James) ∧ FATHER_OF(Daniel,James)"
36179,104442,FATHER_OF,"BROTHER_OF(Burnett,James) ∧ FATHER_OF(Hemdan,James)"
387410,104442,FATHER_OF,"BROTHER_OF(Burnett,James) ∧ FATHER_OF(Bathia,James)"
19088,104442,FATHER_OF,"BROTHER_OF(Burnett,James) ∧ FATHER_OF(Jethro,James)"
459345,104442,FATHER_OF,"BROTHER_OF(Burnett,James) ∧ FATHER_OF(Amaram,James)"
28095,104442,FATHER_OF,"BROTHER_OF(Burnett,James) ∧ FATHER_OF(Heth,James)"
3332,104442,FATHER_OF,"BROTHER_OF(Burnett,James) ∧ FATHER_OF(Mormon,James)"
660398,104442,FATHER_OF,"BROTHER_OF(Burnett,James) ∧ FATHER_OF(Prophet Mormon,James)"
20145,104442,FATHER_OF,"BROTHER_OF(Burnett,James) ∧ FATHER_OF(Righteousness,James)"
30365,104442,FATHER_OF,"BROTHER_OF(Burnett,James) ∧ FATHER_OF(Lamech,James)"
19913,104442,FATHER_OF,"BROTHER_OF(Burnett,James) ∧ FATHER_OF(Zeniff,James)"
19108,19583,FATHER_OF,"BROTHER_OF(Hyrum Smith,William Smith) ∧ FATHER_OF(Judas,William Smith)"
494653,19583,FATHER_OF,"BROTHER_OF(Hyrum Smith,William Smith) ∧ FATHER_OF(Sirach,William Smith)"
516157,19583,FATHER_OF,"BROTHER_OF(Hyrum Smith,William Smith) ∧ FATHER_OF(SIR,William Smith)"
398435,19583,FATHER_OF,"BROTHER_OF(Hyrum Smith,William Smith) ∧ FATHER_OF(Josedek,William Smith)"
416791,19583,FATHER_OF,"BROTHER_OF(Hyrum Smith,William Smith) ∧ FATHER_OF(Ananus,William Smith)"
19581,19583,FATHER_OF,"BROTHER_OF(Hyrum Smith,William Smith) ∧ FATHER_OF(Simon,William Smith)"
35452,19583,FATHER_OF,"BROTHER_OF(Hyrum Smith,William Smith) ∧ FATHER_OF(Eleazar,William Smith)"
19871,18897,FATHER_OF,"BROTHER_OF(Samuel,Hyrum Smith) ∧ FATHER_OF(Zacharias,Hyrum Smith)"
397883,18897,FATHER_OF,"BROTHER_OF(Samuel,Hyrum Smith) ∧ FATHER_OF(Mathew Woodruff,Hyrum Smith)"
494839,18897,FATHER_OF,"BROTHER_OF(Samuel,Hyrum Smith) ∧ FATHER_OF(Accos,Hyrum Smith)"
35041,18897,FATHER_OF,"BROTHER_OF(Samuel,Hyrum Smith) ∧ FATHER_OF(Mattathias,Hyrum Smith)"
19872,18897,FATHER_OF,"BROTHER_OF(Samuel,Hyrum Smith) ∧ FATHER_OF(Zechariah,Hyrum Smith)"
204448,18897,FATHER_OF,"BROTHER_OF(Samuel,Hyrum Smith) ∧ FATHER_OF(Alpheus,Hyrum Smith)"
499765,18897,FATHER_OF,"BROTHER_OF(Samuel,Hyrum Smith) ∧ FATHER_OF(Zehedee,Hyrum Smith)"
621613,18897,FATHER_OF,"BROTHER_OF(Samuel,Hyrum Smith) ∧ FATHER_OF(Zebedee Salome,Hyrum Smith)"
42109,18897,FATHER_OF,"BROTHER_OF(Samuel,Hyrum Smith) ∧ FATHER_OF(Joiada,Hyrum Smith)"
19566,18897,FATHER_OF,"BROTHER_OF(Samuel,Hyrum Smith) ∧ FATHER_OF(Shaul,Hyrum Smith)"
19494,18897,FATHER_OF,"BROTHER_OF(Samuel,Hyrum Smith) ∧ FATHER_OF(Paul,Hyrum Smith)"
36417,18897,FATHER_OF,"BROTHER_OF(Samuel,Hyrum Smith) ∧ FATHER_OF(Shemaiah,Hyrum Smith)"
36161,18897,FATHER_OF,"BROTHER_OF(Samuel,Hyrum Smith) ∧ FATHER_OF(Shage,Hyrum Smith)"
36610,18897,FATHER_OF,"BROTHER_OF(Samuel,Hyrum Smith) ∧ FATHER_OF(Shimea,Hyrum Smith)"
35320,18897,FATHER_OF,"BROTHER_OF(Samuel,Hyrum Smith) ∧ FATHER_OF(Abiathar,Hyrum Smith)"
36418,18897,FATHER_OF,"BROTHER_OF(Samuel,Hyrum Smith) ∧ FATHER_OF(Uzziel,Hyrum Smith)"
36162,18897,FATHER_OF,"BROTHER_OF(Samuel,Hyrum Smith) ∧ FATHER_OF(Shammah,Hyrum Smith)"
419644,18897,FATHER_OF,"BROTHER_OF(Samuel,Hyrum Smith) ∧ FATHER_OF(Shagee,Hyrum Smith)"
36830,18897,FATHER_OF,"BROTHER_OF(Samuel,Hyrum Smith) ∧ FATHER_OF(Absalom,Hyrum Smith)"
36627,18897,FATHER_OF,"BROTHER_OF(Samuel,Hyrum Smith) ∧ FATHER_OF(Shimei,Hyrum Smith)"
36535,18897,FATHER_OF,"BROTHER_OF(Samuel,Hyrum Smith) ∧ FATHER_OF(Shammai,Hyrum Smith)"
19095,18897,FATHER_OF,"BROTHER_OF(Samuel,Hyrum Smith) ∧ FATHER_OF(Jonathan,Hyrum Smith)"
33560,18897,FATHER_OF,"BROTHER_OF(Samuel,Hyrum Smith) ∧ FATHER_OF(Tyre,Hyrum Smith)"
19499,18897,FATHER_OF,"BROTHER_OF(Samuel,Hyrum Smith) ∧ FATHER_OF(Pharaoh,Hyrum Smith)"
19078,18897,FATHER_OF,"BROTHER_OF(Samuel,Hyrum Smith) ∧ FATHER_OF(Jared,Hyrum Smith)"
3579,18897,FATHER_OF,"BROTHER_OF(Samuel,Hyrum Smith) ∧ FATHER_OF(Cain,Hyrum Smith)"
24294,18897,FATHER_OF,"BROTHER_OF(Samuel,Hyrum Smith) ∧ FATHER_OF(Midian,Hyrum Smith)"
3251,18897,FATHER_OF,"BROTHER_OF(Samuel,Hyrum Smith) ∧ FATHER_OF(Mosiah,Hyrum Smith)"
19259,18897,FATHER_OF,"BROTHER_OF(Samuel,Hyrum Smith) ∧ FATHER_OF(Lot,Hyrum Smith)"
18661,18897,FATHER_OF,"BROTHER_OF(Samuel,Hyrum Smith) ∧ FATHER_OF(Daniel,Hyrum Smith)"
36179,18897,FATHER_OF,"BROTHER_OF(Samuel,Hyrum Smith) ∧ FATHER_OF(Hemdan,Hyrum Smith)"
387410,18897,FATHER_OF,"BROTHER_OF(Samuel,Hyrum Smith) ∧ FATHER_OF(Bathia,Hyrum Smith)"
19088,18897,FATHER_OF,"BROTHER_OF(Samuel,Hyrum Smith) ∧ FATHER_OF(Jethro,Hyrum Smith)"
459345,18897,FATHER_OF,"BROTHER_OF(Samuel,Hyrum Smith) ∧ FATHER_OF(Amaram,Hyrum Smith)"
28095,18897,FATHER_OF,"BROTHER_OF(Samuel,Hyrum Smith) ∧ FATHER_OF(Heth,Hyrum Smith)"
3332,18897,FATHER_OF,"BROTHER_OF(Samuel,Hyrum Smith) ∧ FATHER_OF(Mormon,Hyrum Smith)"
660398,18897,FATHER_OF,"BROTHER_OF(Samuel,Hyrum Smith) ∧ FATHER_OF(Prophet Mormon,Hyrum Smith)"
20145,18897,FATHER_OF,"BROTHER_OF(Samuel,Hyrum Smith) ∧ FATHER_OF(Righteousness,Hyrum Smith)"
30365,18897,FATHER_OF,"BROTHER_OF(Samuel,Hyrum Smith) ∧ FATHER_OF(Lamech,Hyrum Smith)"
19913,18897,FATHER_OF,"BROTHER_OF(Samuel,Hyrum Smith) ∧ FATHER_OF(Zeniff,Hyrum Smith)"
19108,73734,FATHER_OF,"BROTHER_OF(Janet,Cuando) ∧ FATHER_OF(Judas,Cuando)"
494653,73734,FATHER_OF,"BROTHER_OF(Janet,Cuando) ∧ FATHER_OF(Sirach,Cuando)"
516157,73734,FATHER_OF,"BROTHER_OF(Janet,Cuando) ∧ FATHER_OF(SIR,Cuando)"
398435,73734,FATHER_OF,"BROTHER_OF(Janet,Cuando) ∧ FATHER_OF(Josedek,Cuando)"
416791,73734,FATHER_OF,"BROTHER_OF(Janet,Cuando) ∧ FATHER_OF(Ananus,Cuando)"
19581,73734,FATHER_OF,"BROTHER_OF(Janet,Cuando) ∧ FATHER_OF(Simon,Cuando)"
35452,73734,FATHER_OF,"BROTHER_OF(Janet,Cuando) ∧ FATHER_OF(Eleazar,Cuando)"
36345,73734,FATHER_OF,"BROTHER_OF(Janet,Cuando) ∧ FATHER_OF(Elkanah,Cuando)"
59317,73734,FATHER_OF,"BROTHER_OF(Janet,Cuando) ∧ FATHER_OF(Robert,Cuando)"
464107,73734,FATHER_OF,"BROTHER_OF(Janet,Cuando) ∧ FATHER_OF(An Ephraimite,Cuando)"
36345,19095,FATHER_OF,"BROTHER_OF(Jonathan,John) ∧ FATHER_OF(Elkanah,John)"
59317,19095,FATHER_OF,"BROTHER_OF(Jonathan,John) ∧ FATHER_OF(Robert,John)"
464107,19095,FATHER_OF,"BROTHER_OF(Jonathan,John) ∧ FATHER_OF(An Ephraimite,John)"
30664,441241,FATHER_OF,"BROTHER_OF(Judas Maccabee,Jonathan) ∧ FATHER_OF(Joseph Smith Sr.,Jonathan)"
213770,441241,FATHER_OF,"BROTHER_OF(Judas Maccabee,Jonathan) ∧ FATHER_OF(Alexander Hale Smith,Jonathan)"
520857,441241,FATHER_OF,"BROTHER_OF(Judas Maccabee,Jonathan) ∧ FATHER_OF(Patriarch Hyrum Smith,Jonathan)"
106978,441241,FATHER_OF,"BROTHER_OF(Judas Maccabee,Jonathan) ∧ FATHER_OF(Asael Smith,Jonathan)"
36535,441241,FATHER_OF,"BROTHER_OF(Judas Maccabee,Jonathan) ∧ FATHER_OF(Shammai,Jonathan)"
19095,441241,FATHER_OF,"BROTHER_OF(Judas Maccabee,Jonathan) ∧ FATHER_OF(Jonathan,Jonathan)"
33560,441241,FATHER_OF,"BROTHER_OF(Judas Maccabee,Jonathan) ∧ FATHER_OF(Tyre,Jonathan)"
19499,441241,FATHER_OF,"BROTHER_OF(Judas Maccabee,Jonathan) ∧ FATHER_OF(Pharaoh,Jonathan)"
19078,441241,FATHER_OF,"BROTHER_OF(Judas Maccabee,Jonathan) ∧ FATHER_OF(Jared,Jonathan)"
3579,441241,FATHER_OF,"BROTHER_OF(Judas Maccabee,Jonathan) ∧ FATHER_OF(Cain,Jonathan)"
24294,441241,FATHER_OF,"BROTHER_OF(Judas Maccabee,Jonathan) ∧ FATHER_OF(Midian,Jonathan)"
3251,441241,FATHER_OF,"BROTHER_OF(Judas Maccabee,Jonathan) ∧ FATHER_OF(Mosiah,Jonathan)"
19259,441241,FATHER_OF,"BROTHER_OF(Judas Maccabee,Jonathan) ∧ FATHER_OF(Lot,Jonathan)"
18661,441241,FATHER_OF,"BROTHER_OF(Judas Maccabee,Jonathan) ∧ FATHER_OF(Daniel,Jonathan)"
36179,441241,FATHER_OF,"BROTHER_OF(Judas Maccabee,Jonathan) ∧ FATHER_OF(Hemdan,Jonathan)"
387410,441241,FATHER_OF,"BROTHER_OF(Judas Maccabee,Jonathan) ∧ FATHER_OF(Bathia,Jonathan)"
19088,441241,FATHER_OF,"BROTHER_OF(Judas Maccabee,Jonathan) ∧ FATHER_OF(Jethro,Jonathan)"
459345,441241,FATHER_OF,"BROTHER_OF(Judas Maccabee,Jonathan) ∧ FATHER_OF(Amaram,Jonathan)"
28095,441241,FATHER_OF,"BROTHER_OF(Judas Maccabee,Jonathan) ∧ FATHER_OF(Heth,Jonathan)"
3332,441241,FATHER_OF,"BROTHER_OF(Judas Maccabee,Jonathan) ∧ FATHER_OF(Mormon,Jonathan)"
660398,441241,FATHER_OF,"BROTHER_OF(Judas Maccabee,Jonathan) ∧ FATHER_OF(Prophet Mormon,Jonathan)"
20145,441241,FATHER_OF,"BROTHER_OF(Judas Maccabee,Jonathan) ∧ FATHER_OF(Righteousness,Jonathan)"
30365,441241,FATHER_OF,"BROTHER_OF(Judas Maccabee,Jonathan) ∧ FATHER_OF(Lamech,Jonathan)"
19913,441241,FATHER_OF,"BROTHER_OF(Judas Maccabee,Jonathan) ∧ FATHER_OF(Zeniff,Jonathan)"
36215,30497,FATHER_OF,"BROTHER_OF(Hyrum,Samuel) ∧ FATHER_OF(Aholibamah,Samuel)"
40102,30497,FATHER_OF,"BROTHER_OF(Hyrum,Samuel) ∧ FATHER_OF(Beeri,Samuel)"
37465,30497,FATHER_OF,"BROTHER_OF(Hyrum,Samuel) ∧ FATHER_OF(Elon,Samuel)"
18917,30497,FATHER_OF,"BROTHER_OF(Hyrum,Samuel) ∧ FATHER_OF(Ishmael,Samuel)"
19108,19102,FATHER_OF,"BROTHER_OF(Joseph Smith,Smith) ∧ FATHER_OF(Judas,Smith)"
494653,19102,FATHER_OF,"BROTHER_OF(Joseph Smith,Smith) ∧ FATHER_OF(Sirach,Smith)"
516157,19102,FATHER_OF,"BROTHER_OF(Joseph Smith,Smith) ∧ FATHER_OF(SIR,Smith)"
398435,19102,FATHER_OF,"BROTHER_OF(Joseph Smith,Smith) ∧ FATHER_OF(Josedek,Smith)"
416791,19102,FATHER_OF,"BROTHER_OF(Joseph Smith,Smith) ∧ FATHER_OF(Ananus,Smith)"
19581,19102,FATHER_OF,"BROTHER_OF(Joseph Smith,Smith) ∧ FATHER_OF(Simon,Smith)"
35452,19102,FATHER_OF,"BROTHER_OF(Joseph Smith,Smith) ∧ FATHER_OF(Eleazar,Smith)"
19108,37311,FATHER_OF,"SISTER_OF(Tahpenes,And) ∧ FATHER_OF(Judas,And)"
494653,37311,FATHER_OF,"SISTER_OF(Tahpenes,And) ∧ FATHER_OF(Sirach,And)"
516157,37311,FATHER_OF,"SISTER_OF(Tahpenes,And) ∧ FATHER_OF(SIR,And)"
398435,37311,FATHER_OF,"SISTER_OF(Tahpenes,And) ∧ FATHER_OF(Josedek,And)"
416791,37311,FATHER_OF,"SISTER_OF(Tahpenes,And) ∧ FATHER_OF(Ananus,And)"
19581,37311,FATHER_OF,"SISTER_OF(Tahpenes,And) ∧ FATHER_OF(Simon,And)"
35452,37311,FATHER_OF,"SISTER_OF(Tahpenes,And) ∧ FATHER_OF(Eleazar,And)"
36345,37311,FATHER_OF,"SISTER_OF(Tahpenes,And) ∧ FATHER_OF(Elkanah,And)"
59317,37311,FATHER_OF,"SISTER_OF(Tahpenes,And) ∧ FATHER_OF(Robert,And)"
464107,37311,FATHER_OF,"SISTER_OF(Tahpenes,And) ∧ FATHER_OF(An Ephraimite,And)"
19108,43432,FATHER_OF,"SISTER_OF(Tubal Cain,And) ∧ FATHER_OF(Judas,And)"
494653,43432,FATHER_OF,"SISTER_OF(Tubal Cain,And) ∧ FATHER_OF(Sirach,And)"
516157,43432,FATHER_OF,"SISTER_OF(Tubal Cain,And) ∧ FATHER_OF(SIR,And)"
398435,43432,FATHER_OF,"SISTER_OF(Tubal Cain,And) ∧ FATHER_OF(Josedek,And)"
416791,43432,FATHER_OF,"SISTER_OF(Tubal Cain,And) ∧ FATHER_OF(Ananus,And)"
19581,43432,FATHER_OF,"SISTER_OF(Tubal Cain,And) ∧ FATHER_OF(Simon,And)"
35452,43432,FATHER_OF,"SISTER_OF(Tubal Cain,And) ∧ FATHER_OF(Eleazar,And)"
36345,43432,FATHER_OF,"SISTER_OF(Tubal Cain,And) ∧ FATHER_OF(Elkanah,And)"
59317,43432,FATHER_OF,"SISTER_OF(Tubal Cain,And) ∧ FATHER_OF(Robert,And)"
464107,43432,FATHER_OF,"SISTER_OF(Tubal Cain,And) ∧ FATHER_OF(An Ephraimite,And)"
19108,152911,FATHER_OF,"SISTER_OF(Taiwán,Entonces) ∧ FATHER_OF(Judas,Entonces)"
494653,152911,FATHER_OF,"SISTER_OF(Taiwán,Entonces) ∧ FATHER_OF(Sirach,Entonces)"
516157,152911,FATHER_OF,"SISTER_OF(Taiwán,Entonces) ∧ FATHER_OF(SIR,Entonces)"
398435,152911,FATHER_OF,"SISTER_OF(Taiwán,Entonces) ∧ FATHER_OF(Josedek,Entonces)"
416791,152911,FATHER_OF,"SISTER_OF(Taiwán,Entonces) ∧ FATHER_OF(Ananus,Entonces)"
19581,152911,FATHER_OF,"SISTER_OF(Taiwán,Entonces) ∧ FATHER_OF(Simon,Entonces)"
35452,152911,FATHER_OF,"SISTER_OF(Taiwán,Entonces) ∧ FATHER_OF(Eleazar,Entonces)"
36345,152911,FATHER_OF,"SISTER_OF(Taiwán,Entonces) ∧ FATHER_OF(Elkanah,Entonces)"
59317,152911,FATHER_OF,"SISTER_OF(Taiwán,Entonces) ∧ FATHER_OF(Robert,Entonces)"
464107,152911,FATHER_OF,"SISTER_OF(Taiwán,Entonces) ∧ FATHER_OF(An Ephraimite,Entonces)"
19108,737803,FATHER_OF,"SISTER_OF(Blendina,Cuando) ∧ FATHER_OF(Judas,Cuando)"
494653,737803,FATHER_OF,"SISTER_OF(Blendina,Cuando) ∧ FATHER_OF(Sirach,Cuando)"
516157,737803,FATHER_OF,"SISTER_OF(Blendina,Cuando) ∧ FATHER_OF(SIR,Cuando)"
398435,737803,FATHER_OF,"SISTER_OF(Blendina,Cuando) ∧ FATHER_OF(Josedek,Cuando)"
416791,737803,FATHER_OF,"SISTER_OF(Blendina,Cuando) ∧ FATHER_OF(Ananus,Cuando)"
19581,737803,FATHER_OF,"SISTER_OF(Blendina,Cuando) ∧ FATHER_OF(Simon,Cuando)"
35452,737803,FATHER_OF,"SISTER_OF(Blendina,Cuando) ∧ FATHER_OF(Eleazar,Cuando)"
36345,737803,FATHER_OF,"SISTER_OF(Blendina,Cuando) ∧ FATHER_OF(Elkanah,Cuando)"
59317,737803,FATHER_OF,"SISTER_OF(Blendina,Cuando) ∧ FATHER_OF(Robert,Cuando)"
464107,737803,FATHER_OF,"SISTER_OF(Blendina,Cuando) ∧ FATHER_OF(An Ephraimite,Cuando)"
11338,3247,FATHER_OF,"BROTHER_OF(Aaron,Moses) ∧ FATHER_OF(Simón Iscariote,Moses)"
19073,3247,FATHER_OF,"BROTHER_OF(Aaron,Moses) ∧ FATHER_OF(James,Moses)"
757218,3247,FATHER_OF,"BROTHER_OF(Aaron,Moses) ∧ FATHER_OF(Chalphi,Moses)"
457984,3247,FATHER_OF,"BROTHER_OF(Aaron,Moses) ∧ FATHER_OF(Simon Iscariot,Moses)"
35049,3247,FATHER_OF,"BROTHER_OF(Aaron,Moses) ∧ FATHER_OF(Rhesa,Moses)"
25524,3247,FATHER_OF,"BROTHER_OF(Aaron,Moses) ∧ FATHER_OF(Jonas,Moses)"
45834,3247,FATHER_OF,"BROTHER_OF(Aaron,Moses) ∧ FATHER_OF(Jona,Moses)"
19094,3247,FATHER_OF,"BROTHER_OF(Aaron,Moses) ∧ FATHER_OF(Jonah,Moses)"
650625,3247,FATHER_OF,"BROTHER_OF(Aaron,Moses) ∧ FATHER_OF(Gioras,Moses)"
55816,3247,FATHER_OF,"BROTHER_OF(Aaron,Moses) ∧ FATHER_OF(Jochai,Moses)"
465526,3247,FATHER_OF,"BROTHER_OF(Aaron,Moses) ∧ FATHER_OF(Onias,Moses)"
18873,3247,FATHER_OF,"BROTHER_OF(Aaron,Moses) ∧ FATHER_OF(Gamaliel,Moses)"
19210,306863,FATHER_OF,"BROTHER_OF(And,Jared) ∧ FATHER_OF(Leah,Jared)"
19199,306863,FATHER_OF,"BROTHER_OF(And,Jared) ∧ FATHER_OF(Laban,Jared)"
42086,306863,FATHER_OF,"BROTHER_OF(And,Jared) ∧ FATHER_OF(Senuah,Jared)"
38002,306863,FATHER_OF,"BROTHER_OF(And,Jared) ∧ FATHER_OF(Jehoash,Jared)"
36330,306863,FATHER_OF,"BROTHER_OF(And,Jared) ∧ FATHER_OF(Joash,Jared)"
19082,306863,FATHER_OF,"BROTHER_OF(And,Jared) ∧ FATHER_OF(Jehoshaphat,Jared)"
19540,306863,FATHER_OF,"BROTHER_OF(And,Jared) ∧ FATHER_OF(Rehoboam,Jared)"
36522,306863,FATHER_OF,"BROTHER_OF(And,Jared) ∧ FATHER_OF(Uri,Jared)"
24119,306863,FATHER_OF,"BROTHER_OF(And,Jared) ∧ FATHER_OF(Jotham,Jared)"
35433,306863,FATHER_OF,"BROTHER_OF(And,Jared) ∧ FATHER_OF(Jehoram,Jared)"
3504,306863,FATHER_OF,"BROTHER_OF(And,Jared) ∧ FATHER_OF(Asa,Jared)"
36576,306863,FATHER_OF,"BROTHER_OF(And,Jared) ∧ FATHER_OF(Jahdai,Jared)"
36557,306863,FATHER_OF,"BROTHER_OF(And,Jared) ∧ FATHER_OF(Azariah,Jared)"
36542,306863,FATHER_OF,"BROTHER_OF(And,Jared) ∧ FATHER_OF(Appaim,Jared)"
36724,306863,FATHER_OF,"BROTHER_OF(And,Jared) ∧ FATHER_OF(Jehohanan,Jared)"
18906,306863,FATHER_OF,"BROTHER_OF(And,Jared) ∧ FATHER_OF(Hezekiah,Jared)"
36563,306863,FATHER_OF,"BROTHER_OF(And,Jared) ∧ FATHER_OF(Jekamiah,Jared)"
402110,306863,FATHER_OF,"BROTHER_OF(And,Jared) ∧ FATHER_OF(Hassenuah,Jared)"
36905,306863,FATHER_OF,"BROTHER_OF(And,Jared) ∧ FATHER_OF(Meonothai,Jared)"
36898,306863,FATHER_OF,"BROTHER_OF(And,Jared) ∧ FATHER_OF(Eshton,Jared)"
37051,306863,FATHER_OF,"BROTHER_OF(And,Jared) ∧ FATHER_OF(Adaiah,Jared)"
24105,306863,FATHER_OF,"BROTHER_OF(And,Jared) ∧ FATHER_OF(Uzziah,Jared)"
36797,306863,FATHER_OF,"BROTHER_OF(And,Jared) ∧ FATHER_OF(Chelub,Jared)"
36345,19108,FATHER_OF,"BROTHER_OF(Judas,James) ∧ FATHER_OF(Elkanah,James)"
59317,19108,FATHER_OF,"BROTHER_OF(Judas,James) ∧ FATHER_OF(Robert,James)"
464107,19108,FATHER_OF,"BROTHER_OF(Judas,James) ∧ FATHER_OF(An Ephraimite,James)"
19210,18680,FATHER_OF,"BROTHER_OF(Enoch,Jared) ∧ FATHER_OF(Leah,Jared)"
19199,18680,FATHER_OF,"BROTHER_OF(Enoch,Jared) ∧ FATHER_OF(Laban,Jared)"
42086,18680,FATHER_OF,"BROTHER_OF(Enoch,Jared) ∧ FATHER_OF(Senuah,Jared)"
38002,18680,FATHER_OF,"BROTHER_OF(Enoch,Jared) ∧ FATHER_OF(Jehoash,Jared)"
36330,18680,FATHER_OF,"BROTHER_OF(Enoch,Jared) ∧ FATHER_OF(Joash,Jared)"
19082,18680,FATHER_OF,"BROTHER_OF(Enoch,Jared) ∧ FATHER_OF(Jehoshaphat,Jared)"
19540,18680,FATHER_OF,"BROTHER_OF(Enoch,Jared) ∧ FATHER_OF(Rehoboam,Jared)"
36522,18680,FATHER_OF,"BROTHER_OF(Enoch,Jared) ∧ FATHER_OF(Uri,Jared)"
24119,18680,FATHER_OF,"BROTHER_OF(Enoch,Jared) ∧ FATHER_OF(Jotham,Jared)"
35433,18680,FATHER_OF,"BROTHER_OF(Enoch,Jared) ∧ FATHER_OF(Jehoram,Jared)"
3504,18680,FATHER_OF,"BROTHER_OF(Enoch,Jared) ∧ FATHER_OF(Asa,Jared)"
36576,18680,FATHER_OF,"BROTHER_OF(Enoch,Jared) ∧ FATHER_OF(Jahdai,Jared)"
36557,18680,FATHER_OF,"BROTHER_OF(Enoch,Jared) ∧ FATHER_OF(Azariah,Jared)"
36542,18680,FATHER_OF,"BROTHER_OF(Enoch,Jared) ∧ FATHER_OF(Appaim,Jared)"
36724,18680,FATHER_OF,"BROTHER_OF(Enoch,Jared) ∧ FATHER_OF(Jehohanan,Jared)"
18906,18680,FATHER_OF,"BROTHER_OF(Enoch,Jared) ∧ FATHER_OF(Hezekiah,Jared)"
36563,18680,FATHER_OF,"BROTHER_OF(Enoch,Jared) ∧ FATHER_OF(Jekamiah,Jared)"
402110,18680,FATHER_OF,"BROTHER_OF(Enoch,Jared) ∧ FATHER_OF(Hassenuah,Jared)"
36905,18680,FATHER_OF,"BROTHER_OF(Enoch,Jared) ∧ FATHER_OF(Meonothai,Jared)"
36898,18680,FATHER_OF,"BROTHER_OF(Enoch,Jared) ∧ FATHER_OF(Eshton,Jared)"
37051,18680,FATHER_OF,"BROTHER_OF(Enoch,Jared) ∧ FATHER_OF(Adaiah,Jared)"
24105,18680,FATHER_OF,"BROTHER_OF(Enoch,Jared) ∧ FATHER_OF(Uzziah,Jared)"
36797,18680,FATHER_OF,"BROTHER_OF(Enoch,Jared) ∧ FATHER_OF(Chelub,Jared)"
36345,19109,FATHER_OF,"BROTHER_OF(Jude,James) ∧ FATHER_OF(Elkanah,James)"
59317,19109,FATHER_OF,"BROTHER_OF(Jude,James) ∧ FATHER_OF(Robert,James)"
464107,19109,FATHER_OF,"BROTHER_OF(Jude,James) ∧ FATHER_OF(An Ephraimite,James)"
19210,3399,FATHER_OF,"BROTHER_OF(Ammon,Jared) ∧ FATHER_OF(Leah,Jared)"
19199,3399,FATHER_OF,"BROTHER_OF(Ammon,Jared) ∧ FATHER_OF(Laban,Jared)"
42086,3399,FATHER_OF,"BROTHER_OF(Ammon,Jared) ∧ FATHER_OF(Senuah,Jared)"
38002,3399,FATHER_OF,"BROTHER_OF(Ammon,Jared) ∧ FATHER_OF(Jehoash,Jared)"
36330,3399,FATHER_OF,"BROTHER_OF(Ammon,Jared) ∧ FATHER_OF(Joash,Jared)"
19082,3399,FATHER_OF,"BROTHER_OF(Ammon,Jared) ∧ FATHER_OF(Jehoshaphat,Jared)"
19540,3399,FATHER_OF,"BROTHER_OF(Ammon,Jared) ∧ FATHER_OF(Rehoboam,Jared)"
36522,3399,FATHER_OF,"BROTHER_OF(Ammon,Jared) ∧ FATHER_OF(Uri,Jared)"
24119,3399,FATHER_OF,"BROTHER_OF(Ammon,Jared) ∧ FATHER_OF(Jotham,Jared)"
35433,3399,FATHER_OF,"BROTHER_OF(Ammon,Jared) ∧ FATHER_OF(Jehoram,Jared)"
3504,3399,FATHER_OF,"BROTHER_OF(Ammon,Jared) ∧ FATHER_OF(Asa,Jared)"
36576,3399,FATHER_OF,"BROTHER_OF(Ammon,Jared) ∧ FATHER_OF(Jahdai,Jared)"
36557,3399,FATHER_OF,"BROTHER_OF(Ammon,Jared) ∧ FATHER_OF(Azariah,Jared)"
36542,3399,FATHER_OF,"BROTHER_OF(Ammon,Jared) ∧ FATHER_OF(Appaim,Jared)"
36724,3399,FATHER_OF,"BROTHER_OF(Ammon,Jared) ∧ FATHER_OF(Jehohanan,Jared)"
18906,3399,FATHER_OF,"BROTHER_OF(Ammon,Jared) ∧ FATHER_OF(Hezekiah,Jared)"
36563,3399,FATHER_OF,"BROTHER_OF(Ammon,Jared) ∧ FATHER_OF(Jekamiah,Jared)"
402110,3399,FATHER_OF,"BROTHER_OF(Ammon,Jared) ∧ FATHER_OF(Hassenuah,Jared)"
36905,3399,FATHER_OF,"BROTHER_OF(Ammon,Jared) ∧ FATHER_OF(Meonothai,Jared)"
36898,3399,FATHER_OF,"BROTHER_OF(Ammon,Jared) ∧ FATHER_OF(Eshton,Jared)"
37051,3399,FATHER_OF,"BROTHER_OF(Ammon,Jared) ∧ FATHER_OF(Adaiah,Jared)"
24105,3399,FATHER_OF,"BROTHER_OF(Ammon,Jared) ∧ FATHER_OF(Uzziah,Jared)"
36797,3399,FATHER_OF,"BROTHER_OF(Ammon,Jared) ∧ FATHER_OF(Chelub,Jared)"
19210,294247,FATHER_OF,"BROTHER_OF(Mientras,Jared) ∧ FATHER_OF(Leah,Jared)"
19199,294247,FATHER_OF,"BROTHER_OF(Mientras,Jared) ∧ FATHER_OF(Laban,Jared)"
42086,294247,FATHER_OF,"BROTHER_OF(Mientras,Jared) ∧ FATHER_OF(Senuah,Jared)"
38002,294247,FATHER_OF,"BROTHER_OF(Mientras,Jared) ∧ FATHER_OF(Jehoash,Jared)"
36330,294247,FATHER_OF,"BROTHER_OF(Mientras,Jared) ∧ FATHER_OF(Joash,Jared)"
19082,294247,FATHER_OF,"BROTHER_OF(Mientras,Jared) ∧ FATHER_OF(Jehoshaphat,Jared)"
19540,294247,FATHER_OF,"BROTHER_OF(Mientras,Jared) ∧ FATHER_OF(Rehoboam,Jared)"
36522,294247,FATHER_OF,"BROTHER_OF(Mientras,Jared) ∧ FATHER_OF(Uri,Jared)"
24119,294247,FATHER_OF,"BROTHER_OF(Mientras,Jared) ∧ FATHER_OF(Jotham,Jared)"
35433,294247,FATHER_OF,"BROTHER_OF(Mientras,Jared) ∧ FATHER_OF(Jehoram,Jared)"
3504,294247,FATHER_OF,"BROTHER_OF(Mientras,Jared) ∧ FATHER_OF(Asa,Jared)"
36576,294247,FATHER_OF,"BROTHER_OF(Mientras,Jared) ∧ FATHER_OF(Jahdai,Jared)"
36557,294247,FATHER_OF,"BROTHER_OF(Mientras,Jared) ∧ FATHER_OF(Azariah,Jared)"
36542,294247,FATHER_OF,"BROTHER_OF(Mientras,Jared) ∧ FATHER_OF(Appaim,Jared)"
36724,294247,FATHER_OF,"BROTHER_OF(Mientras,Jared) ∧ FATHER_OF(Jehohanan,Jared)"
18906,294247,FATHER_OF,"BROTHER_OF(Mientras,Jared) ∧ FATHER_OF(Hezekiah,Jared)"
36563,294247,FATHER_OF,"BROTHER_OF(Mientras,Jared) ∧ FATHER_OF(Jekamiah,Jared)"
402110,294247,FATHER_OF,"BROTHER_OF(Mientras,Jared) ∧ FATHER_OF(Hassenuah,Jared)"
36905,294247,FATHER_OF,"BROTHER_OF(Mientras,Jared) ∧ FATHER_OF(Meonothai,Jared)"
36898,294247,FATHER_OF,"BROTHER_OF(Mientras,Jared) ∧ FATHER_OF(Eshton,Jared)"
37051,294247,FATHER_OF,"BROTHER_OF(Mientras,Jared) ∧ FATHER_OF(Adaiah,Jared)"
24105,294247,FATHER_OF,"BROTHER_OF(Mientras,Jared) ∧ FATHER_OF(Uzziah,Jared)"
36797,294247,FATHER_OF,"BROTHER_OF(Mientras,Jared) ∧ FATHER_OF(Chelub,Jared)"
19210,5655,FATHER_OF,"BROTHER_OF(Luego,Jared) ∧ FATHER_OF(Leah,Jared)"
19199,5655,FATHER_OF,"BROTHER_OF(Luego,Jared) ∧ FATHER_OF(Laban,Jared)"
42086,5655,FATHER_OF,"BROTHER_OF(Luego,Jared) ∧ FATHER_OF(Senuah,Jared)"
38002,5655,FATHER_OF,"BROTHER_OF(Luego,Jared) ∧ FATHER_OF(Jehoash,Jared)"
36330,5655,FATHER_OF,"BROTHER_OF(Luego,Jared) ∧ FATHER_OF(Joash,Jared)"
19082,5655,FATHER_OF,"BROTHER_OF(Luego,Jared) ∧ FATHER_OF(Jehoshaphat,Jared)"
19540,5655,FATHER_OF,"BROTHER_OF(Luego,Jared) ∧ FATHER_OF(Rehoboam,Jared)"
36522,5655,FATHER_OF,"BROTHER_OF(Luego,Jared) ∧ FATHER_OF(Uri,Jared)"
24119,5655,FATHER_OF,"BROTHER_OF(Luego,Jared) ∧ FATHER_OF(Jotham,Jared)"
35433,5655,FATHER_OF,"BROTHER_OF(Luego,Jared) ∧ FATHER_OF(Jehoram,Jared)"
3504,5655,FATHER_OF,"BROTHER_OF(Luego,Jared) ∧ FATHER_OF(Asa,Jared)"
36576,5655,FATHER_OF,"BROTHER_OF(Luego,Jared) ∧ FATHER_OF(Jahdai,Jared)"
36557,5655,FATHER_OF,"BROTHER_OF(Luego,Jared) ∧ FATHER_OF(Azariah,Jared)"
36542,5655,FATHER_OF,"BROTHER_OF(Luego,Jared) ∧ FATHER_OF(Appaim,Jared)"
36724,5655,FATHER_OF,"BROTHER_OF(Luego,Jared) ∧ FATHER_OF(Jehohanan,Jared)"
18906,5655,FATHER_OF,"BROTHER_OF(Luego,Jared) ∧ FATHER_OF(Hezekiah,Jared)"
36563,5655,FATHER_OF,"BROTHER_OF(Luego,Jared) ∧ FATHER_OF(Jekamiah,Jared)"
402110,5655,FATHER_OF,"BROTHER_OF(Luego,Jared) ∧ FATHER_OF(Hassenuah,Jared)"
36905,5655,FATHER_OF,"BROTHER_OF(Luego,Jared) ∧ FATHER_OF(Meonothai,Jared)"
36898,5655,FATHER_OF,"BROTHER_OF(Luego,Jared) ∧ FATHER_OF(Eshton,Jared)"
37051,5655,FATHER_OF,"BROTHER_OF(Luego,Jared) ∧ FATHER_OF(Adaiah,Jared)"
24105,5655,FATHER_OF,"BROTHER_OF(Luego,Jared) ∧ FATHER_OF(Uzziah,Jared)"
36797,5655,FATHER_OF,"BROTHER_OF(Luego,Jared) ∧ FATHER_OF(Chelub,Jared)"
19210,381023,FATHER_OF,"BROTHER_OF(When,Jared) ∧ FATHER_OF(Leah,Jared)"
19199,381023,FATHER_OF,"BROTHER_OF(When,Jared) ∧ FATHER_OF(Laban,Jared)"
42086,381023,FATHER_OF,"BROTHER_OF(When,Jared) ∧ FATHER_OF(Senuah,Jared)"
38002,381023,FATHER_OF,"BROTHER_OF(When,Jared) ∧ FATHER_OF(Jehoash,Jared)"
36330,381023,FATHER_OF,"BROTHER_OF(When,Jared) ∧ FATHER_OF(Joash,Jared)"
19082,381023,FATHER_OF,"BROTHER_OF(When,Jared) ∧ FATHER_OF(Jehoshaphat,Jared)"
19540,381023,FATHER_OF,"BROTHER_OF(When,Jared) ∧ FATHER_OF(Rehoboam,Jared)"
36522,381023,FATHER_OF,"BROTHER_OF(When,Jared) ∧ FATHER_OF(Uri,Jared)"
24119,381023,FATHER_OF,"BROTHER_OF(When,Jared) ∧ FATHER_OF(Jotham,Jared)"
35433,381023,FATHER_OF,"BROTHER_OF(When,Jared) ∧ FATHER_OF(Jehoram,Jared)"
3504,381023,FATHER_OF,"BROTHER_OF(When,Jared) ∧ FATHER_OF(Asa,Jared)"
36576,381023,FATHER_OF,"BROTHER_OF(When,Jared) ∧ FATHER_OF(Jahdai,Jared)"
36557,381023,FATHER_OF,"BROTHER_OF(When,Jared) ∧ FATHER_OF(Azariah,Jared)"
36542,381023,FATHER_OF,"BROTHER_OF(When,Jared) ∧ FATHER_OF(Appaim,Jared)"
36724,381023,FATHER_OF,"BROTHER_OF(When,Jared) ∧ FATHER_OF(Jehohanan,Jared)"
18906,381023,FATHER_OF,"BROTHER_OF(When,Jared) ∧ FATHER_OF(Hezekiah,Jared)"
36563,381023,FATHER_OF,"BROTHER_OF(When,Jared) ∧ FATHER_OF(Jekamiah,Jared)"
402110,381023,FATHER_OF,"BROTHER_OF(When,Jared) ∧ FATHER_OF(Hassenuah,Jared)"
36905,381023,FATHER_OF,"BROTHER_OF(When,Jared) ∧ FATHER_OF(Meonothai,Jared)"
36898,381023,FATHER_OF,"BROTHER_OF(When,Jared) ∧ FATHER_OF(Eshton,Jared)"
37051,381023,FATHER_OF,"BROTHER_OF(When,Jared) ∧ FATHER_OF(Adaiah,Jared)"
24105,381023,FATHER_OF,"BROTHER_OF(When,Jared) ∧ FATHER_OF(Uzziah,Jared)"
36797,381023,FATHER_OF,"BROTHER_OF(When,Jared) ∧ FATHER_OF(Chelub,Jared)"
19210,633893,FATHER_OF,"BROTHER_OF(Shelem,Jared) ∧ FATHER_OF(Leah,Jared)"
19199,633893,FATHER_OF,"BROTHER_OF(Shelem,Jared) ∧ FATHER_OF(Laban,Jared)"
42086,633893,FATHER_OF,"BROTHER_OF(Shelem,Jared) ∧ FATHER_OF(Senuah,Jared)"
38002,633893,FATHER_OF,"BROTHER_OF(Shelem,Jared) ∧ FATHER_OF(Jehoash,Jared)"
36330,633893,FATHER_OF,"BROTHER_OF(Shelem,Jared) ∧ FATHER_OF(Joash,Jared)"
19082,633893,FATHER_OF,"BROTHER_OF(Shelem,Jared) ∧ FATHER_OF(Jehoshaphat,Jared)"
19540,633893,FATHER_OF,"BROTHER_OF(Shelem,Jared) ∧ FATHER_OF(Rehoboam,Jared)"
36522,633893,FATHER_OF,"BROTHER_OF(Shelem,Jared) ∧ FATHER_OF(Uri,Jared)"
24119,633893,FATHER_OF,"BROTHER_OF(Shelem,Jared) ∧ FATHER_OF(Jotham,Jared)"
35433,633893,FATHER_OF,"BROTHER_OF(Shelem,Jared) ∧ FATHER_OF(Jehoram,Jared)"
3504,633893,FATHER_OF,"BROTHER_OF(Shelem,Jared) ∧ FATHER_OF(Asa,Jared)"
36576,633893,FATHER_OF,"BROTHER_OF(Shelem,Jared) ∧ FATHER_OF(Jahdai,Jared)"
36557,633893,FATHER_OF,"BROTHER_OF(Shelem,Jared) ∧ FATHER_OF(Azariah,Jared)"
36542,633893,FATHER_OF,"BROTHER_OF(Shelem,Jared) ∧ FATHER_OF(Appaim,Jared)"
36724,633893,FATHER_OF,"BROTHER_OF(Shelem,Jared) ∧ FATHER_OF(Jehohanan,Jared)"
18906,633893,FATHER_OF,"BROTHER_OF(Shelem,Jared) ∧ FATHER_OF(Hezekiah,Jared)"
36563,633893,FATHER_OF,"BROTHER_OF(Shelem,Jared) ∧ FATHER_OF(Jekamiah,Jared)"
402110,633893,FATHER_OF,"BROTHER_OF(Shelem,Jared) ∧ FATHER_OF(Hassenuah,Jared)"
36905,633893,FATHER_OF,"BROTHER_OF(Shelem,Jared) ∧ FATHER_OF(Meonothai,Jared)"
36898,633893,FATHER_OF,"BROTHER_OF(Shelem,Jared) ∧ FATHER_OF(Eshton,Jared)"
37051,633893,FATHER_OF,"BROTHER_OF(Shelem,Jared) ∧ FATHER_OF(Adaiah,Jared)"
24105,633893,FATHER_OF,"BROTHER_OF(Shelem,Jared) ∧ FATHER_OF(Uzziah,Jared)"
36797,633893,FATHER_OF,"BROTHER_OF(Shelem,Jared) ∧ FATHER_OF(Chelub,Jared)"
19210,5852,FATHER_OF,"BROTHER_OF(Cuando,Jared) ∧ FATHER_OF(Leah,Jared)"
19199,5852,FATHER_OF,"BROTHER_OF(Cuando,Jared) ∧ FATHER_OF(Laban,Jared)"
42086,5852,FATHER_OF,"BROTHER_OF(Cuando,Jared) ∧ FATHER_OF(Senuah,Jared)"
38002,5852,FATHER_OF,"BROTHER_OF(Cuando,Jared) ∧ FATHER_OF(Jehoash,Jared)"
36330,5852,FATHER_OF,"BROTHER_OF(Cuando,Jared) ∧ FATHER_OF(Joash,Jared)"
19082,5852,FATHER_OF,"BROTHER_OF(Cuando,Jared) ∧ FATHER_OF(Jehoshaphat,Jared)"
19540,5852,FATHER_OF,"BROTHER_OF(Cuando,Jared) ∧ FATHER_OF(Rehoboam,Jared)"
36522,5852,FATHER_OF,"BROTHER_OF(Cuando,Jared) ∧ FATHER_OF(Uri,Jared)"
24119,5852,FATHER_OF,"BROTHER_OF(Cuando,Jared) ∧ FATHER_OF(Jotham,Jared)"
35433,5852,FATHER_OF,"BROTHER_OF(Cuando,Jared) ∧ FATHER_OF(Jehoram,Jared)"
3504,5852,FATHER_OF,"BROTHER_OF(Cuando,Jared) ∧ FATHER_OF(Asa,Jared)"
36576,5852,FATHER_OF,"BROTHER_OF(Cuando,Jared) ∧ FATHER_OF(Jahdai,Jared)"
36557,5852,FATHER_OF,"BROTHER_OF(Cuando,Jared) ∧ FATHER_OF(Azariah,Jared)"
36542,5852,FATHER_OF,"BROTHER_OF(Cuando,Jared) ∧ FATHER_OF(Appaim,Jared)"
36724,5852,FATHER_OF,"BROTHER_OF(Cuando,Jared) ∧ FATHER_OF(Jehohanan,Jared)"
18906,5852,FATHER_OF,"BROTHER_OF(Cuando,Jared) ∧ FATHER_OF(Hezekiah,Jared)"
36563,5852,FATHER_OF,"BROTHER_OF(Cuando,Jared) ∧ FATHER_OF(Jekamiah,Jared)"
402110,5852,FATHER_OF,"BROTHER_OF(Cuando,Jared) ∧ FATHER_OF(Hassenuah,Jared)"
36905,5852,FATHER_OF,"BROTHER_OF(Cuando,Jared) ∧ FATHER_OF(Meonothai,Jared)"
36898,5852,FATHER_OF,"BROTHER_OF(Cuando,Jared) ∧ FATHER_OF(Eshton,Jared)"
37051,5852,FATHER_OF,"BROTHER_OF(Cuando,Jared) ∧ FATHER_OF(Adaiah,Jared)"
24105,5852,FATHER_OF,"BROTHER_OF(Cuando,Jared) ∧ FATHER_OF(Uzziah,Jared)"
36797,5852,FATHER_OF,"BROTHER_OF(Cuando,Jared) ∧ FATHER_OF(Chelub,Jared)"
19210,83519,FATHER_OF,"BROTHER_OF(Arnold Friberg,Jared) ∧ FATHER_OF(Leah,Jared)"
19199,83519,FATHER_OF,"BROTHER_OF(Arnold Friberg,Jared) ∧ FATHER_OF(Laban,Jared)"
42086,83519,FATHER_OF,"BROTHER_OF(Arnold Friberg,Jared) ∧ FATHER_OF(Senuah,Jared)"
38002,83519,FATHER_OF,"BROTHER_OF(Arnold Friberg,Jared) ∧ FATHER_OF(Jehoash,Jared)"
36330,83519,FATHER_OF,"BROTHER_OF(Arnold Friberg,Jared) ∧ FATHER_OF(Joash,Jared)"
19082,83519,FATHER_OF,"BROTHER_OF(Arnold Friberg,Jared) ∧ FATHER_OF(Jehoshaphat,Jared)"
19540,83519,FATHER_OF,"BROTHER_OF(Arnold Friberg,Jared) ∧ FATHER_OF(Rehoboam,Jared)"
36522,83519,FATHER_OF,"BROTHER_OF(Arnold Friberg,Jared) ∧ FATHER_OF(Uri,Jared)"
24119,83519,FATHER_OF,"BROTHER_OF(Arnold Friberg,Jared) ∧ FATHER_OF(Jotham,Jared)"
35433,83519,FATHER_OF,"BROTHER_OF(Arnold Friberg,Jared) ∧ FATHER_OF(Jehoram,Jared)"
3504,83519,FATHER_OF,"BROTHER_OF(Arnold Friberg,Jared) ∧ FATHER_OF(Asa,Jared)"
36576,83519,FATHER_OF,"BROTHER_OF(Arnold Friberg,Jared) ∧ FATHER_OF(Jahdai,Jared)"
36557,83519,FATHER_OF,"BROTHER_OF(Arnold Friberg,Jared) ∧ FATHER_OF(Azariah,Jared)"
36542,83519,FATHER_OF,"BROTHER_OF(Arnold Friberg,Jared) ∧ FATHER_OF(Appaim,Jared)"
36724,83519,FATHER_OF,"BROTHER_OF(Arnold Friberg,Jared) ∧ FATHER_OF(Jehohanan,Jared)"
18906,83519,FATHER_OF,"BROTHER_OF(Arnold Friberg,Jared) ∧ FATHER_OF(Hezekiah,Jared)"
36563,83519,FATHER_OF,"BROTHER_OF(Arnold Friberg,Jared) ∧ FATHER_OF(Jekamiah,Jared)"
402110,83519,FATHER_OF,"BROTHER_OF(Arnold Friberg,Jared) ∧ FATHER_OF(Hassenuah,Jared)"
36905,83519,FATHER_OF,"BROTHER_OF(Arnold Friberg,Jared) ∧ FATHER_OF(Meonothai,Jared)"
36898,83519,FATHER_OF,"BROTHER_OF(Arnold Friberg,Jared) ∧ FATHER_OF(Eshton,Jared)"
37051,83519,FATHER_OF,"BROTHER_OF(Arnold Friberg,Jared) ∧ FATHER_OF(Adaiah,Jared)"
24105,83519,FATHER_OF,"BROTHER_OF(Arnold Friberg,Jared) ∧ FATHER_OF(Uzziah,Jared)"
36797,83519,FATHER_OF,"BROTHER_OF(Arnold Friberg,Jared) ∧ FATHER_OF(Chelub,Jared)"
36215,67829,FATHER_OF,"BROTHER_OF(Samuel Harrison Smith,José) ∧ FATHER_OF(Aholibamah,José)"
40102,67829,FATHER_OF,"BROTHER_OF(Samuel Harrison Smith,José) ∧ FATHER_OF(Beeri,José)"
37465,67829,FATHER_OF,"BROTHER_OF(Samuel Harrison Smith,José) ∧ FATHER_OF(Elon,José)"
18917,67829,FATHER_OF,"BROTHER_OF(Samuel Harrison Smith,José) ∧ FATHER_OF(Ishmael,José)"
19210,29699,FATHER_OF,"BROTHER_OF(Hiram,Joseph) ∧ FATHER_OF(Leah,Joseph)"
19199,29699,FATHER_OF,"BROTHER_OF(Hiram,Joseph) ∧ FATHER_OF(Laban,Joseph)"
42086,29699,FATHER_OF,"BROTHER_OF(Hiram,Joseph) ∧ FATHER_OF(Senuah,Joseph)"
38002,29699,FATHER_OF,"BROTHER_OF(Hiram,Joseph) ∧ FATHER_OF(Jehoash,Joseph)"
36330,29699,FATHER_OF,"BROTHER_OF(Hiram,Joseph) ∧ FATHER_OF(Joash,Joseph)"
19082,29699,FATHER_OF,"BROTHER_OF(Hiram,Joseph) ∧ FATHER_OF(Jehoshaphat,Joseph)"
19540,29699,FATHER_OF,"BROTHER_OF(Hiram,Joseph) ∧ FATHER_OF(Rehoboam,Joseph)"
36522,29699,FATHER_OF,"BROTHER_OF(Hiram,Joseph) ∧ FATHER_OF(Uri,Joseph)"
24119,29699,FATHER_OF,"BROTHER_OF(Hiram,Joseph) ∧ FATHER_OF(Jotham,Joseph)"
35433,29699,FATHER_OF,"BROTHER_OF(Hiram,Joseph) ∧ FATHER_OF(Jehoram,Joseph)"
3504,29699,FATHER_OF,"BROTHER_OF(Hiram,Joseph) ∧ FATHER_OF(Asa,Joseph)"
36576,29699,FATHER_OF,"BROTHER_OF(Hiram,Joseph) ∧ FATHER_OF(Jahdai,Joseph)"
36557,29699,FATHER_OF,"BROTHER_OF(Hiram,Joseph) ∧ FATHER_OF(Azariah,Joseph)"
36542,29699,FATHER_OF,"BROTHER_OF(Hiram,Joseph) ∧ FATHER_OF(Appaim,Joseph)"
36724,29699,FATHER_OF,"BROTHER_OF(Hiram,Joseph) ∧ FATHER_OF(Jehohanan,Joseph)"
18906,29699,FATHER_OF,"BROTHER_OF(Hiram,Joseph) ∧ FATHER_OF(Hezekiah,Joseph)"
36563,29699,FATHER_OF,"BROTHER_OF(Hiram,Joseph) ∧ FATHER_OF(Jekamiah,Joseph)"
402110,29699,FATHER_OF,"BROTHER_OF(Hiram,Joseph) ∧ FATHER_OF(Hassenuah,Joseph)"
36905,29699,FATHER_OF,"BROTHER_OF(Hiram,Joseph) ∧ FATHER_OF(Meonothai,Joseph)"
36898,29699,FATHER_OF,"BROTHER_OF(Hiram,Joseph) ∧ FATHER_OF(Eshton,Joseph)"
37051,29699,FATHER_OF,"BROTHER_OF(Hiram,Joseph) ∧ FATHER_OF(Adaiah,Joseph)"
24105,29699,FATHER_OF,"BROTHER_OF(Hiram,Joseph) ∧ FATHER_OF(Uzziah,Joseph)"
36797,29699,FATHER_OF,"BROTHER_OF(Hiram,Joseph) ∧ FATHER_OF(Chelub,Joseph)"
19210,29832,FATHER_OF,"BROTHER_OF(William Smith,Joseph) ∧ FATHER_OF(Leah,Joseph)"
19199,29832,FATHER_OF,"BROTHER_OF(William Smith,Joseph) ∧ FATHER_OF(Laban,Joseph)"
42086,29832,FATHER_OF,"BROTHER_OF(William Smith,Joseph) ∧ FATHER_OF(Senuah,Joseph)"
38002,29832,FATHER_OF,"BROTHER_OF(William Smith,Joseph) ∧ FATHER_OF(Jehoash,Joseph)"
36330,29832,FATHER_OF,"BROTHER_OF(William Smith,Joseph) ∧ FATHER_OF(Joash,Joseph)"
19082,29832,FATHER_OF,"BROTHER_OF(William Smith,Joseph) ∧ FATHER_OF(Jehoshaphat,Joseph)"
19540,29832,FATHER_OF,"BROTHER_OF(William Smith,Joseph) ∧ FATHER_OF(Rehoboam,Joseph)"
36522,29832,FATHER_OF,"BROTHER_OF(William Smith,Joseph) ∧ FATHER_OF(Uri,Joseph)"
24119,29832,FATHER_OF,"BROTHER_OF(William Smith,Joseph) ∧ FATHER_OF(Jotham,Joseph)"
35433,29832,FATHER_OF,"BROTHER_OF(William Smith,Joseph) ∧ FATHER_OF(Jehoram,Joseph)"
3504,29832,FATHER_OF,"BROTHER_OF(William Smith,Joseph) ∧ FATHER_OF(Asa,Joseph)"
36576,29832,FATHER_OF,"BROTHER_OF(William Smith,Joseph) ∧ FATHER_OF(Jahdai,Joseph)"
36557,29832,FATHER_OF,"BROTHER_OF(William Smith,Joseph) ∧ FATHER_OF(Azariah,Joseph)"
36542,29832,FATHER_OF,"BROTHER_OF(William Smith,Joseph) ∧ FATHER_OF(Appaim,Joseph)"
36724,29832,FATHER_OF,"BROTHER_OF(William Smith,Joseph) ∧ FATHER_OF(Jehohanan,Joseph)"
18906,29832,FATHER_OF,"BROTHER_OF(William Smith,Joseph) ∧ FATHER_OF(Hezekiah,Joseph)"
36563,29832,FATHER_OF,"BROTHER_OF(William Smith,Joseph) ∧ FATHER_OF(Jekamiah,Joseph)"
402110,29832,FATHER_OF,"BROTHER_OF(William Smith,Joseph) ∧ FATHER_OF(Hassenuah,Joseph)"
36905,29832,FATHER_OF,"BROTHER_OF(William Smith,Joseph) ∧ FATHER_OF(Meonothai,Joseph)"
36898,29832,FATHER_OF,"BROTHER_OF(William Smith,Joseph) ∧ FATHER_OF(Eshton,Joseph)"
37051,29832,FATHER_OF,"BROTHER_OF(William Smith,Joseph) ∧ FATHER_OF(Adaiah,Joseph)"
24105,29832,FATHER_OF,"BROTHER_OF(William Smith,Joseph) ∧ FATHER_OF(Uzziah,Joseph)"
36797,29832,FATHER_OF,"BROTHER_OF(William Smith,Joseph) ∧ FATHER_OF(Chelub,Joseph)"
19108,209474,FATHER_OF,"BROTHER_OF(Don Carlos Smith,Hyrum Smith) ∧ FATHER_OF(Judas,Hyrum Smith)"
494653,209474,FATHER_OF,"BROTHER_OF(Don Carlos Smith,Hyrum Smith) ∧ FATHER_OF(Sirach,Hyrum Smith)"
516157,209474,FATHER_OF,"BROTHER_OF(Don Carlos Smith,Hyrum Smith) ∧ FATHER_OF(SIR,Hyrum Smith)"
398435,209474,FATHER_OF,"BROTHER_OF(Don Carlos Smith,Hyrum Smith) ∧ FATHER_OF(Josedek,Hyrum Smith)"
416791,209474,FATHER_OF,"BROTHER_OF(Don Carlos Smith,Hyrum Smith) ∧ FATHER_OF(Ananus,Hyrum Smith)"
19581,209474,FATHER_OF,"BROTHER_OF(Don Carlos Smith,Hyrum Smith) ∧ FATHER_OF(Simon,Hyrum Smith)"
35452,209474,FATHER_OF,"BROTHER_OF(Don Carlos Smith,Hyrum Smith) ∧ FATHER_OF(Eleazar,Hyrum Smith)"
30664,19106,FATHER_OF,"BROTHER_OF(Judah,Jesus) ∧ FATHER_OF(Joseph Smith Sr.,Jesus)"
213770,19106,FATHER_OF,"BROTHER_OF(Judah,Jesus) ∧ FATHER_OF(Alexander Hale Smith,Jesus)"
520857,19106,FATHER_OF,"BROTHER_OF(Judah,Jesus) ∧ FATHER_OF(Patriarch Hyrum Smith,Jesus)"
106978,19106,FATHER_OF,"BROTHER_OF(Judah,Jesus) ∧ FATHER_OF(Asael Smith,Jesus)"
36535,19106,FATHER_OF,"BROTHER_OF(Judah,Jesus) ∧ FATHER_OF(Shammai,Jesus)"
19095,19106,FATHER_OF,"BROTHER_OF(Judah,Jesus) ∧ FATHER_OF(Jonathan,Jesus)"
33560,19106,FATHER_OF,"BROTHER_OF(Judah,Jesus) ∧ FATHER_OF(Tyre,Jesus)"
19499,19106,FATHER_OF,"BROTHER_OF(Judah,Jesus) ∧ FATHER_OF(Pharaoh,Jesus)"
19078,19106,FATHER_OF,"BROTHER_OF(Judah,Jesus) ∧ FATHER_OF(Jared,Jesus)"
3579,19106,FATHER_OF,"BROTHER_OF(Judah,Jesus) ∧ FATHER_OF(Cain,Jesus)"
24294,19106,FATHER_OF,"BROTHER_OF(Judah,Jesus) ∧ FATHER_OF(Midian,Jesus)"
3251,19106,FATHER_OF,"BROTHER_OF(Judah,Jesus) ∧ FATHER_OF(Mosiah,Jesus)"
19259,19106,FATHER_OF,"BROTHER_OF(Judah,Jesus) ∧ FATHER_OF(Lot,Jesus)"
18661,19106,FATHER_OF,"BROTHER_OF(Judah,Jesus) ∧ FATHER_OF(Daniel,Jesus)"
36179,19106,FATHER_OF,"BROTHER_OF(Judah,Jesus) ∧ FATHER_OF(Hemdan,Jesus)"
387410,19106,FATHER_OF,"BROTHER_OF(Judah,Jesus) ∧ FATHER_OF(Bathia,Jesus)"
19088,19106,FATHER_OF,"BROTHER_OF(Judah,Jesus) ∧ FATHER_OF(Jethro,Jesus)"
459345,19106,FATHER_OF,"BROTHER_OF(Judah,Jesus) ∧ FATHER_OF(Amaram,Jesus)"
28095,19106,FATHER_OF,"BROTHER_OF(Judah,Jesus) ∧ FATHER_OF(Heth,Jesus)"
3332,19106,FATHER_OF,"BROTHER_OF(Judah,Jesus) ∧ FATHER_OF(Mormon,Jesus)"
660398,19106,FATHER_OF,"BROTHER_OF(Judah,Jesus) ∧ FATHER_OF(Prophet Mormon,Jesus)"
20145,19106,FATHER_OF,"BROTHER_OF(Judah,Jesus) ∧ FATHER_OF(Righteousness,Jesus)"
30365,19106,FATHER_OF,"BROTHER_OF(Judah,Jesus) ∧ FATHER_OF(Lamech,Jesus)"
19913,19106,FATHER_OF,"BROTHER_OF(Judah,Jesus) ∧ FATHER_OF(Zeniff,Jesus)"
19210,55772,FATHER_OF,"BROTHER_OF(Samuel Smith,Joseph) ∧ FATHER_OF(Leah,Joseph)"
19199,55772,FATHER_OF,"BROTHER_OF(Samuel Smith,Joseph) ∧ FATHER_OF(Laban,Joseph)"
42086,55772,FATHER_OF,"BROTHER_OF(Samuel Smith,Joseph) ∧ FATHER_OF(Senuah,Joseph)"
38002,55772,FATHER_OF,"BROTHER_OF(Samuel Smith,Joseph) ∧ FATHER_OF(Jehoash,Joseph)"
36330,55772,FATHER_OF,"BROTHER_OF(Samuel Smith,Joseph) ∧ FATHER_OF(Joash,Joseph)"
19082,55772,FATHER_OF,"BROTHER_OF(Samuel Smith,Joseph) ∧ FATHER_OF(Jehoshaphat,Joseph)"
19540,55772,FATHER_OF,"BROTHER_OF(Samuel Smith,Joseph) ∧ FATHER_OF(Rehoboam,Joseph)"
36522,55772,FATHER_OF,"BROTHER_OF(Samuel Smith,Joseph) ∧ FATHER_OF(Uri,Joseph)"
24119,55772,FATHER_OF,"BROTHER_OF(Samuel Smith,Joseph) ∧ FATHER_OF(Jotham,Joseph)"
35433,55772,FATHER_OF,"BROTHER_OF(Samuel Smith,Joseph) ∧ FATHER_OF(Jehoram,Joseph)"
3504,55772,FATHER_OF,"BROTHER_OF(Samuel Smith,Joseph) ∧ FATHER_OF(Asa,Joseph)"
36576,55772,FATHER_OF,"BROTHER_OF(Samuel Smith,Joseph) ∧ FATHER_OF(Jahdai,Joseph)"
36557,55772,FATHER_OF,"BROTHER_OF(Samuel Smith,Joseph) ∧ FATHER_OF(Azariah,Joseph)"
36542,55772,FATHER_OF,"BROTHER_OF(Samuel Smith,Joseph) ∧ FATHER_OF(Appaim,Joseph)"
36724,55772,FATHER_OF,"BROTHER_OF(Samuel Smith,Joseph) ∧ FATHER_OF(Jehohanan,Joseph)"
18906,55772,FATHER_OF,"BROTHER_OF(Samuel Smith,Joseph) ∧ FATHER_OF(Hezekiah,Joseph)"
36563,55772,FATHER_OF,"BROTHER_OF(Samuel Smith,Joseph) ∧ FATHER_OF(Jekamiah,Joseph)"
402110,55772,FATHER_OF,"BROTHER_OF(Samuel Smith,Joseph) ∧ FATHER_OF(Hassenuah,Joseph)"
36905,55772,FATHER_OF,"BROTHER_OF(Samuel Smith,Joseph) ∧ FATHER_OF(Meonothai,Joseph)"
36898,55772,FATHER_OF,"BROTHER_OF(Samuel Smith,Joseph) ∧ FATHER_OF(Eshton,Joseph)"
37051,55772,FATHER_OF,"BROTHER_OF(Samuel Smith,Joseph) ∧ FATHER_OF(Adaiah,Joseph)"
24105,55772,FATHER_OF,"BROTHER_OF(Samuel Smith,Joseph) ∧ FATHER_OF(Uzziah,Joseph)"
36797,55772,FATHER_OF,"BROTHER_OF(Samuel Smith,Joseph) ∧ FATHER_OF(Chelub,Joseph)"
19210,515909,FATHER_OF,"BROTHER_OF(Elder Hyrum Smith,Joseph) ∧ FATHER_OF(Leah,Joseph)"
19199,515909,FATHER_OF,"BROTHER_OF(Elder Hyrum Smith,Joseph) ∧ FATHER_OF(Laban,Joseph)"
42086,515909,FATHER_OF,"BROTHER_OF(Elder Hyrum Smith,Joseph) ∧ FATHER_OF(Senuah,Joseph)"
38002,515909,FATHER_OF,"BROTHER_OF(Elder Hyrum Smith,Joseph) ∧ FATHER_OF(Jehoash,Joseph)"
36330,515909,FATHER_OF,"BROTHER_OF(Elder Hyrum Smith,Joseph) ∧ FATHER_OF(Joash,Joseph)"
19082,515909,FATHER_OF,"BROTHER_OF(Elder Hyrum Smith,Joseph) ∧ FATHER_OF(Jehoshaphat,Joseph)"
19540,515909,FATHER_OF,"BROTHER_OF(Elder Hyrum Smith,Joseph) ∧ FATHER_OF(Rehoboam,Joseph)"
36522,515909,FATHER_OF,"BROTHER_OF(Elder Hyrum Smith,Joseph) ∧ FATHER_OF(Uri,Joseph)"
24119,515909,FATHER_OF,"BROTHER_OF(Elder Hyrum Smith,Joseph) ∧ FATHER_OF(Jotham,Joseph)"
35433,515909,FATHER_OF,"BROTHER_OF(Elder Hyrum Smith,Joseph) ∧ FATHER_OF(Jehoram,Joseph)"
3504,515909,FATHER_OF,"BROTHER_OF(Elder Hyrum Smith,Joseph) ∧ FATHER_OF(Asa,Joseph)"
36576,515909,FATHER_OF,"BROTHER_OF(Elder Hyrum Smith,Joseph) ∧ FATHER_OF(Jahdai,Joseph)"
36557,515909,FATHER_OF,"BROTHER_OF(Elder Hyrum Smith,Joseph) ∧ FATHER_OF(Azariah,Joseph)"
36542,515909,FATHER_OF,"BROTHER_OF(Elder Hyrum Smith,Joseph) ∧ FATHER_OF(Appaim,Joseph)"
36724,515909,FATHER_OF,"BROTHER_OF(Elder Hyrum Smith,Joseph) ∧ FATHER_OF(Jehohanan,Joseph)"
18906,515909,FATHER_OF,"BROTHER_OF(Elder Hyrum Smith,Joseph) ∧ FATHER_OF(Hezekiah,Joseph)"
36563,515909,FATHER_OF,"BROTHER_OF(Elder Hyrum Smith,Joseph) ∧ FATHER_OF(Jekamiah,Joseph)"
402110,515909,FATHER_OF,"BROTHER_OF(Elder Hyrum Smith,Joseph) ∧ FATHER_OF(Hassenuah,Joseph)"
36905,515909,FATHER_OF,"BROTHER_OF(Elder Hyrum Smith,Joseph) ∧ FATHER_OF(Meonothai,Joseph)"
36898,515909,FATHER_OF,"BROTHER_OF(Elder Hyrum Smith,Joseph) ∧ FATHER_OF(Eshton,Joseph)"
37051,515909,FATHER_OF,"BROTHER_OF(Elder Hyrum Smith,Joseph) ∧ FATHER_OF(Adaiah,Joseph)"
24105,515909,FATHER_OF,"BROTHER_OF(Elder Hyrum Smith,Joseph) ∧ FATHER_OF(Uzziah,Joseph)"
36797,515909,FATHER_OF,"BROTHER_OF(Elder Hyrum Smith,Joseph) ∧ FATHER_OF(Chelub,Joseph)"
19210,3249,FATHER_OF,"BROTHER_OF(Moses,Jared) ∧ FATHER_OF(Leah,Jared)"
19199,3249,FATHER_OF,"BROTHER_OF(Moses,Jared) ∧ FATHER_OF(Laban,Jared)"
42086,3249,FATHER_OF,"BROTHER_OF(Moses,Jared) ∧ FATHER_OF(Senuah,Jared)"
38002,3249,FATHER_OF,"BROTHER_OF(Moses,Jared) ∧ FATHER_OF(Jehoash,Jared)"
36330,3249,FATHER_OF,"BROTHER_OF(Moses,Jared) ∧ FATHER_OF(Joash,Jared)"
19082,3249,FATHER_OF,"BROTHER_OF(Moses,Jared) ∧ FATHER_OF(Jehoshaphat,Jared)"
19540,3249,FATHER_OF,"BROTHER_OF(Moses,Jared) ∧ FATHER_OF(Rehoboam,Jared)"
36522,3249,FATHER_OF,"BROTHER_OF(Moses,Jared) ∧ FATHER_OF(Uri,Jared)"
24119,3249,FATHER_OF,"BROTHER_OF(Moses,Jared) ∧ FATHER_OF(Jotham,Jared)"
35433,3249,FATHER_OF,"BROTHER_OF(Moses,Jared) ∧ FATHER_OF(Jehoram,Jared)"
3504,3249,FATHER_OF,"BROTHER_OF(Moses,Jared) ∧ FATHER_OF(Asa,Jared)"
36576,3249,FATHER_OF,"BROTHER_OF(Moses,Jared) ∧ FATHER_OF(Jahdai,Jared)"
36557,3249,FATHER_OF,"BROTHER_OF(Moses,Jared) ∧ FATHER_OF(Azariah,Jared)"
36542,3249,FATHER_OF,"BROTHER_OF(Moses,Jared) ∧ FATHER_OF(Appaim,Jared)"
36724,3249,FATHER_OF,"BROTHER_OF(Moses,Jared) ∧ FATHER_OF(Jehohanan,Jared)"
18906,3249,FATHER_OF,"BROTHER_OF(Moses,Jared) ∧ FATHER_OF(Hezekiah,Jared)"
36563,3249,FATHER_OF,"BROTHER_OF(Moses,Jared) ∧ FATHER_OF(Jekamiah,Jared)"
402110,3249,FATHER_OF,"BROTHER_OF(Moses,Jared) ∧ FATHER_OF(Hassenuah,Jared)"
36905,3249,FATHER_OF,"BROTHER_OF(Moses,Jared) ∧ FATHER_OF(Meonothai,Jared)"
36898,3249,FATHER_OF,"BROTHER_OF(Moses,Jared) ∧ FATHER_OF(Eshton,Jared)"
37051,3249,FATHER_OF,"BROTHER_OF(Moses,Jared) ∧ FATHER_OF(Adaiah,Jared)"
24105,3249,FATHER_OF,"BROTHER_OF(Moses,Jared) ∧ FATHER_OF(Uzziah,Jared)"
36797,3249,FATHER_OF,"BROTHER_OF(Moses,Jared) ∧ FATHER_OF(Chelub,Jared)"
19108,150532,FATHER_OF,"BROTHER_OF(Alvin Smith,Joseph Smith) ∧ FATHER_OF(Judas,Joseph Smith)"
494653,150532,FATHER_OF,"BROTHER_OF(Alvin Smith,Joseph Smith) ∧ FATHER_OF(Sirach,Joseph Smith)"
516157,150532,FATHER_OF,"BROTHER_OF(Alvin Smith,Joseph Smith) ∧ FATHER_OF(SIR,Joseph Smith)"
398435,150532,FATHER_OF,"BROTHER_OF(Alvin Smith,Joseph Smith) ∧ FATHER_OF(Josedek,Joseph Smith)"
416791,150532,FATHER_OF,"BROTHER_OF(Alvin Smith,Joseph Smith) ∧ FATHER_OF(Ananus,Joseph Smith)"
19581,150532,FATHER_OF,"BROTHER_OF(Alvin Smith,Joseph Smith) ∧ FATHER_OF(Simon,Joseph Smith)"
35452,150532,FATHER_OF,"BROTHER_OF(Alvin Smith,Joseph Smith) ∧ FATHER_OF(Eleazar,Joseph Smith)"
19210,31138,FATHER_OF,"BROTHER_OF(Smith,Joseph) ∧ FATHER_OF(Leah,Joseph)"
19199,31138,FATHER_OF,"BROTHER_OF(Smith,Joseph) ∧ FATHER_OF(Laban,Joseph)"
42086,31138,FATHER_OF,"BROTHER_OF(Smith,Joseph) ∧ FATHER_OF(Senuah,Joseph)"
38002,31138,FATHER_OF,"BROTHER_OF(Smith,Joseph) ∧ FATHER_OF(Jehoash,Joseph)"
36330,31138,FATHER_OF,"BROTHER_OF(Smith,Joseph) ∧ FATHER_OF(Joash,Joseph)"
19082,31138,FATHER_OF,"BROTHER_OF(Smith,Joseph) ∧ FATHER_OF(Jehoshaphat,Joseph)"
19540,31138,FATHER_OF,"BROTHER_OF(Smith,Joseph) ∧ FATHER_OF(Rehoboam,Joseph)"
36522,31138,FATHER_OF,"BROTHER_OF(Smith,Joseph) ∧ FATHER_OF(Uri,Joseph)"
24119,31138,FATHER_OF,"BROTHER_OF(Smith,Joseph) ∧ FATHER_OF(Jotham,Joseph)"
35433,31138,FATHER_OF,"BROTHER_OF(Smith,Joseph) ∧ FATHER_OF(Jehoram,Joseph)"
3504,31138,FATHER_OF,"BROTHER_OF(Smith,Joseph) ∧ FATHER_OF(Asa,Joseph)"
36576,31138,FATHER_OF,"BROTHER_OF(Smith,Joseph) ∧ FATHER_OF(Jahdai,Joseph)"
36557,31138,FATHER_OF,"BROTHER_OF(Smith,Joseph) ∧ FATHER_OF(Azariah,Joseph)"
36542,31138,FATHER_OF,"BROTHER_OF(Smith,Joseph) ∧ FATHER_OF(Appaim,Joseph)"
36724,31138,FATHER_OF,"BROTHER_OF(Smith,Joseph) ∧ FATHER_OF(Jehohanan,Joseph)"
18906,31138,FATHER_OF,"BROTHER_OF(Smith,Joseph) ∧ FATHER_OF(Hezekiah,Joseph)"
36563,31138,FATHER_OF,"BROTHER_OF(Smith,Joseph) ∧ FATHER_OF(Jekamiah,Joseph)"
402110,31138,FATHER_OF,"BROTHER_OF(Smith,Joseph) ∧ FATHER_OF(Hassenuah,Joseph)"
36905,31138,FATHER_OF,"BROTHER_OF(Smith,Joseph) ∧ FATHER_OF(Meonothai,Joseph)"
36898,31138,FATHER_OF,"BROTHER_OF(Smith,Joseph) ∧ FATHER_OF(Eshton,Joseph)"
37051,31138,FATHER_OF,"BROTHER_OF(Smith,Joseph) ∧ FATHER_OF(Adaiah,Joseph)"
24105,31138,FATHER_OF,"BROTHER_OF(Smith,Joseph) ∧ FATHER_OF(Uzziah,Joseph)"
36797,31138,FATHER_OF,"BROTHER_OF(Smith,Joseph) ∧ FATHER_OF(Chelub,Joseph)"
19210,527465,FATHER_OF,"BROTHER_OF(Moriancumr,Jared) ∧ FATHER_OF(Leah,Jared)"
19199,527465,FATHER_OF,"BROTHER_OF(Moriancumr,Jared) ∧ FATHER_OF(Laban,Jared)"
42086,527465,FATHER_OF,"BROTHER_OF(Moriancumr,Jared) ∧ FATHER_OF(Senuah,Jared)"
38002,527465,FATHER_OF,"BROTHER_OF(Moriancumr,Jared) ∧ FATHER_OF(Jehoash,Jared)"
36330,527465,FATHER_OF,"BROTHER_OF(Moriancumr,Jared) ∧ FATHER_OF(Joash,Jared)"
19082,527465,FATHER_OF,"BROTHER_OF(Moriancumr,Jared) ∧ FATHER_OF(Jehoshaphat,Jared)"
19540,527465,FATHER_OF,"BROTHER_OF(Moriancumr,Jared) ∧ FATHER_OF(Rehoboam,Jared)"
36522,527465,FATHER_OF,"BROTHER_OF(Moriancumr,Jared) ∧ FATHER_OF(Uri,Jared)"
24119,527465,FATHER_OF,"BROTHER_OF(Moriancumr,Jared) ∧ FATHER_OF(Jotham,Jared)"
35433,527465,FATHER_OF,"BROTHER_OF(Moriancumr,Jared) ∧ FATHER_OF(Jehoram,Jared)"
3504,527465,FATHER_OF,"BROTHER_OF(Moriancumr,Jared) ∧ FATHER_OF(Asa,Jared)"
36576,527465,FATHER_OF,"BROTHER_OF(Moriancumr,Jared) ∧ FATHER_OF(Jahdai,Jared)"
36557,527465,FATHER_OF,"BROTHER_OF(Moriancumr,Jared) ∧ FATHER_OF(Azariah,Jared)"
36542,527465,FATHER_OF,"BROTHER_OF(Moriancumr,Jared) ∧ FATHER_OF(Appaim,Jared)"
36724,527465,FATHER_OF,"BROTHER_OF(Moriancumr,Jared) ∧ FATHER_OF(Jehohanan,Jared)"
18906,527465,FATHER_OF,"BROTHER_OF(Moriancumr,Jared) ∧ FATHER_OF(Hezekiah,Jared)"
36563,527465,FATHER_OF,"BROTHER_OF(Moriancumr,Jared) ∧ FATHER_OF(Jekamiah,Jared)"
402110,527465,FATHER_OF,"BROTHER_OF(Moriancumr,Jared) ∧ FATHER_OF(Hassenuah,Jared)"
36905,527465,FATHER_OF,"BROTHER_OF(Moriancumr,Jared) ∧ FATHER_OF(Meonothai,Jared)"
36898,527465,FATHER_OF,"BROTHER_OF(Moriancumr,Jared) ∧ FATHER_OF(Eshton,Jared)"
37051,527465,FATHER_OF,"BROTHER_OF(Moriancumr,Jared) ∧ FATHER_OF(Adaiah,Jared)"
24105,527465,FATHER_OF,"BROTHER_OF(Moriancumr,Jared) ∧ FATHER_OF(Uzziah,Jared)"
36797,527465,FATHER_OF,"BROTHER_OF(Moriancumr,Jared) ∧ FATHER_OF(Chelub,Jared)"
19210,28282,FATHER_OF,"BROTHER_OF(Moriancumer,Jared) ∧ FATHER_OF(Leah,Jared)"
19199,28282,FATHER_OF,"BROTHER_OF(Moriancumer,Jared) ∧ FATHER_OF(Laban,Jared)"
42086,28282,FATHER_OF,"BROTHER_OF(Moriancumer,Jared) ∧ FATHER_OF(Senuah,Jared)"
38002,28282,FATHER_OF,"BROTHER_OF(Moriancumer,Jared) ∧ FATHER_OF(Jehoash,Jared)"
36330,28282,FATHER_OF,"BROTHER_OF(Moriancumer,Jared) ∧ FATHER_OF(Joash,Jared)"
19082,28282,FATHER_OF,"BROTHER_OF(Moriancumer,Jared) ∧ FATHER_OF(Jehoshaphat,Jared)"
19540,28282,FATHER_OF,"BROTHER_OF(Moriancumer,Jared) ∧ FATHER_OF(Rehoboam,Jared)"
36522,28282,FATHER_OF,"BROTHER_OF(Moriancumer,Jared) ∧ FATHER_OF(Uri,Jared)"
24119,28282,FATHER_OF,"BROTHER_OF(Moriancumer,Jared) ∧ FATHER_OF(Jotham,Jared)"
35433,28282,FATHER_OF,"BROTHER_OF(Moriancumer,Jared) ∧ FATHER_OF(Jehoram,Jared)"
3504,28282,FATHER_OF,"BROTHER_OF(Moriancumer,Jared) ∧ FATHER_OF(Asa,Jared)"
36576,28282,FATHER_OF,"BROTHER_OF(Moriancumer,Jared) ∧ FATHER_OF(Jahdai,Jared)"
36557,28282,FATHER_OF,"BROTHER_OF(Moriancumer,Jared) ∧ FATHER_OF(Azariah,Jared)"
36542,28282,FATHER_OF,"BROTHER_OF(Moriancumer,Jared) ∧ FATHER_OF(Appaim,Jared)"
36724,28282,FATHER_OF,"BROTHER_OF(Moriancumer,Jared) ∧ FATHER_OF(Jehohanan,Jared)"
18906,28282,FATHER_OF,"BROTHER_OF(Moriancumer,Jared) ∧ FATHER_OF(Hezekiah,Jared)"
36563,28282,FATHER_OF,"BROTHER_OF(Moriancumer,Jared) ∧ FATHER_OF(Jekamiah,Jared)"
402110,28282,FATHER_OF,"BROTHER_OF(Moriancumer,Jared) ∧ FATHER_OF(Hassenuah,Jared)"
36905,28282,FATHER_OF,"BROTHER_OF(Moriancumer,Jared) ∧ FATHER_OF(Meonothai,Jared)"
36898,28282,FATHER_OF,"BROTHER_OF(Moriancumer,Jared) ∧ FATHER_OF(Eshton,Jared)"
37051,28282,FATHER_OF,"BROTHER_OF(Moriancumer,Jared) ∧ FATHER_OF(Adaiah,Jared)"
24105,28282,FATHER_OF,"BROTHER_OF(Moriancumer,Jared) ∧ FATHER_OF(Uzziah,Jared)"
36797,28282,FATHER_OF,"BROTHER_OF(Moriancumer,Jared) ∧ FATHER_OF(Chelub,Jared)"
19210,647867,FATHER_OF,"BROTHER_OF(First,Jared) ∧ FATHER_OF(Leah,Jared)"
19199,647867,FATHER_OF,"BROTHER_OF(First,Jared) ∧ FATHER_OF(Laban,Jared)"
42086,647867,FATHER_OF,"BROTHER_OF(First,Jared) ∧ FATHER_OF(Senuah,Jared)"
38002,647867,FATHER_OF,"BROTHER_OF(First,Jared) ∧ FATHER_OF(Jehoash,Jared)"
36330,647867,FATHER_OF,"BROTHER_OF(First,Jared) ∧ FATHER_OF(Joash,Jared)"
19082,647867,FATHER_OF,"BROTHER_OF(First,Jared) ∧ FATHER_OF(Jehoshaphat,Jared)"
19540,647867,FATHER_OF,"BROTHER_OF(First,Jared) ∧ FATHER_OF(Rehoboam,Jared)"
36522,647867,FATHER_OF,"BROTHER_OF(First,Jared) ∧ FATHER_OF(Uri,Jared)"
24119,647867,FATHER_OF,"BROTHER_OF(First,Jared) ∧ FATHER_OF(Jotham,Jared)"
35433,647867,FATHER_OF,"BROTHER_OF(First,Jared) ∧ FATHER_OF(Jehoram,Jared)"
3504,647867,FATHER_OF,"BROTHER_OF(First,Jared) ∧ FATHER_OF(Asa,Jared)"
36576,647867,FATHER_OF,"BROTHER_OF(First,Jared) ∧ FATHER_OF(Jahdai,Jared)"
36557,647867,FATHER_OF,"BROTHER_OF(First,Jared) ∧ FATHER_OF(Azariah,Jared)"
36542,647867,FATHER_OF,"BROTHER_OF(First,Jared) ∧ FATHER_OF(Appaim,Jared)"
36724,647867,FATHER_OF,"BROTHER_OF(First,Jared) ∧ FATHER_OF(Jehohanan,Jared)"
18906,647867,FATHER_OF,"BROTHER_OF(First,Jared) ∧ FATHER_OF(Hezekiah,Jared)"
36563,647867,FATHER_OF,"BROTHER_OF(First,Jared) ∧ FATHER_OF(Jekamiah,Jared)"
402110,647867,FATHER_OF,"BROTHER_OF(First,Jared) ∧ FATHER_OF(Hassenuah,Jared)"
36905,647867,FATHER_OF,"BROTHER_OF(First,Jared) ∧ FATHER_OF(Meonothai,Jared)"
36898,647867,FATHER_OF,"BROTHER_OF(First,Jared) ∧ FATHER_OF(Eshton,Jared)"
37051,647867,FATHER_OF,"BROTHER_OF(First,Jared) ∧ FATHER_OF(Adaiah,Jared)"
24105,647867,FATHER_OF,"BROTHER_OF(First,Jared) ∧ FATHER_OF(Uzziah,Jared)"
36797,647867,FATHER_OF,"BROTHER_OF(First,Jared) ∧ FATHER_OF(Chelub,Jared)"
19210,19324,FATHER_OF,"BROTHER_OF(Moroni,Jared) ∧ FATHER_OF(Leah,Jared)"
19199,19324,FATHER_OF,"BROTHER_OF(Moroni,Jared) ∧ FATHER_OF(Laban,Jared)"
42086,19324,FATHER_OF,"BROTHER_OF(Moroni,Jared) ∧ FATHER_OF(Senuah,Jared)"
38002,19324,FATHER_OF,"BROTHER_OF(Moroni,Jared) ∧ FATHER_OF(Jehoash,Jared)"
36330,19324,FATHER_OF,"BROTHER_OF(Moroni,Jared) ∧ FATHER_OF(Joash,Jared)"
19082,19324,FATHER_OF,"BROTHER_OF(Moroni,Jared) ∧ FATHER_OF(Jehoshaphat,Jared)"
19540,19324,FATHER_OF,"BROTHER_OF(Moroni,Jared) ∧ FATHER_OF(Rehoboam,Jared)"
36522,19324,FATHER_OF,"BROTHER_OF(Moroni,Jared) ∧ FATHER_OF(Uri,Jared)"
24119,19324,FATHER_OF,"BROTHER_OF(Moroni,Jared) ∧ FATHER_OF(Jotham,Jared)"
35433,19324,FATHER_OF,"BROTHER_OF(Moroni,Jared) ∧ FATHER_OF(Jehoram,Jared)"
3504,19324,FATHER_OF,"BROTHER_OF(Moroni,Jared) ∧ FATHER_OF(Asa,Jared)"
36576,19324,FATHER_OF,"BROTHER_OF(Moroni,Jared) ∧ FATHER_OF(Jahdai,Jared)"
36557,19324,FATHER_OF,"BROTHER_OF(Moroni,Jared) ∧ FATHER_OF(Azariah,Jared)"
36542,19324,FATHER_OF,"BROTHER_OF(Moroni,Jared) ∧ FATHER_OF(Appaim,Jared)"
36724,19324,FATHER_OF,"BROTHER_OF(Moroni,Jared) ∧ FATHER_OF(Jehohanan,Jared)"
18906,19324,FATHER_OF,"BROTHER_OF(Moroni,Jared) ∧ FATHER_OF(Hezekiah,Jared)"
36563,19324,FATHER_OF,"BROTHER_OF(Moroni,Jared) ∧ FATHER_OF(Jekamiah,Jared)"
402110,19324,FATHER_OF,"BROTHER_OF(Moroni,Jared) ∧ FATHER_OF(Hassenuah,Jared)"
36905,19324,FATHER_OF,"BROTHER_OF(Moroni,Jared) ∧ FATHER_OF(Meonothai,Jared)"
36898,19324,FATHER_OF,"BROTHER_OF(Moroni,Jared) ∧ FATHER_OF(Eshton,Jared)"
37051,19324,FATHER_OF,"BROTHER_OF(Moroni,Jared) ∧ FATHER_OF(Adaiah,Jared)"
24105,19324,FATHER_OF,"BROTHER_OF(Moroni,Jared) ∧ FATHER_OF(Uzziah,Jared)"
36797,19324,FATHER_OF,"BROTHER_OF(Moroni,Jared) ∧ FATHER_OF(Chelub,Jared)"
19210,39795,FATHER_OF,"BROTHER_OF(Babel,Jared) ∧ FATHER_OF(Leah,Jared)"
19199,39795,FATHER_OF,"BROTHER_OF(Babel,Jared) ∧ FATHER_OF(Laban,Jared)"
42086,39795,FATHER_OF,"BROTHER_OF(Babel,Jared) ∧ FATHER_OF(Senuah,Jared)"
38002,39795,FATHER_OF,"BROTHER_OF(Babel,Jared) ∧ FATHER_OF(Jehoash,Jared)"
36330,39795,FATHER_OF,"BROTHER_OF(Babel,Jared) ∧ FATHER_OF(Joash,Jared)"
19082,39795,FATHER_OF,"BROTHER_OF(Babel,Jared) ∧ FATHER_OF(Jehoshaphat,Jared)"
19540,39795,FATHER_OF,"BROTHER_OF(Babel,Jared) ∧ FATHER_OF(Rehoboam,Jared)"
36522,39795,FATHER_OF,"BROTHER_OF(Babel,Jared) ∧ FATHER_OF(Uri,Jared)"
24119,39795,FATHER_OF,"BROTHER_OF(Babel,Jared) ∧ FATHER_OF(Jotham,Jared)"
35433,39795,FATHER_OF,"BROTHER_OF(Babel,Jared) ∧ FATHER_OF(Jehoram,Jared)"
3504,39795,FATHER_OF,"BROTHER_OF(Babel,Jared) ∧ FATHER_OF(Asa,Jared)"
36576,39795,FATHER_OF,"BROTHER_OF(Babel,Jared) ∧ FATHER_OF(Jahdai,Jared)"
36557,39795,FATHER_OF,"BROTHER_OF(Babel,Jared) ∧ FATHER_OF(Azariah,Jared)"
36542,39795,FATHER_OF,"BROTHER_OF(Babel,Jared) ∧ FATHER_OF(Appaim,Jared)"
36724,39795,FATHER_OF,"BROTHER_OF(Babel,Jared) ∧ FATHER_OF(Jehohanan,Jared)"
18906,39795,FATHER_OF,"BROTHER_OF(Babel,Jared) ∧ FATHER_OF(Hezekiah,Jared)"
36563,39795,FATHER_OF,"BROTHER_OF(Babel,Jared) ∧ FATHER_OF(Jekamiah,Jared)"
402110,39795,FATHER_OF,"BROTHER_OF(Babel,Jared) ∧ FATHER_OF(Hassenuah,Jared)"
36905,39795,FATHER_OF,"BROTHER_OF(Babel,Jared) ∧ FATHER_OF(Meonothai,Jared)"
36898,39795,FATHER_OF,"BROTHER_OF(Babel,Jared) ∧ FATHER_OF(Eshton,Jared)"
37051,39795,FATHER_OF,"BROTHER_OF(Babel,Jared) ∧ FATHER_OF(Adaiah,Jared)"
24105,39795,FATHER_OF,"BROTHER_OF(Babel,Jared) ∧ FATHER_OF(Uzziah,Jared)"
36797,39795,FATHER_OF,"BROTHER_OF(Babel,Jared) ∧ FATHER_OF(Chelub,Jared)"
19210,158076,FATHER_OF,"BROTHER_OF(Because,Jared) ∧ FATHER_OF(Leah,Jared)"
19199,158076,FATHER_OF,"BROTHER_OF(Because,Jared) ∧ FATHER_OF(Laban,Jared)"
42086,158076,FATHER_OF,"BROTHER_OF(Because,Jared) ∧ FATHER_OF(Senuah,Jared)"
38002,158076,FATHER_OF,"BROTHER_OF(Because,Jared) ∧ FATHER_OF(Jehoash,Jared)"
36330,158076,FATHER_OF,"BROTHER_OF(Because,Jared) ∧ FATHER_OF(Joash,Jared)"
19082,158076,FATHER_OF,"BROTHER_OF(Because,Jared) ∧ FATHER_OF(Jehoshaphat,Jared)"
19540,158076,FATHER_OF,"BROTHER_OF(Because,Jared) ∧ FATHER_OF(Rehoboam,Jared)"
36522,158076,FATHER_OF,"BROTHER_OF(Because,Jared) ∧ FATHER_OF(Uri,Jared)"
24119,158076,FATHER_OF,"BROTHER_OF(Because,Jared) ∧ FATHER_OF(Jotham,Jared)"
35433,158076,FATHER_OF,"BROTHER_OF(Because,Jared) ∧ FATHER_OF(Jehoram,Jared)"
3504,158076,FATHER_OF,"BROTHER_OF(Because,Jared) ∧ FATHER_OF(Asa,Jared)"
36576,158076,FATHER_OF,"BROTHER_OF(Because,Jared) ∧ FATHER_OF(Jahdai,Jared)"
36557,158076,FATHER_OF,"BROTHER_OF(Because,Jared) ∧ FATHER_OF(Azariah,Jared)"
36542,158076,FATHER_OF,"BROTHER_OF(Because,Jared) ∧ FATHER_OF(Appaim,Jared)"
36724,158076,FATHER_OF,"BROTHER_OF(Because,Jared) ∧ FATHER_OF(Jehohanan,Jared)"
18906,158076,FATHER_OF,"BROTHER_OF(Because,Jared) ∧ FATHER_OF(Hezekiah,Jared)"
36563,158076,FATHER_OF,"BROTHER_OF(Because,Jared) ∧ FATHER_OF(Jekamiah,Jared)"
402110,158076,FATHER_OF,"BROTHER_OF(Because,Jared) ∧ FATHER_OF(Hassenuah,Jared)"
36905,158076,FATHER_OF,"BROTHER_OF(Because,Jared) ∧ FATHER_OF(Meonothai,Jared)"
36898,158076,FATHER_OF,"BROTHER_OF(Because,Jared) ∧ FATHER_OF(Eshton,Jared)"
37051,158076,FATHER_OF,"BROTHER_OF(Because,Jared) ∧ FATHER_OF(Adaiah,Jared)"
24105,158076,FATHER_OF,"BROTHER_OF(Because,Jared) ∧ FATHER_OF(Uzziah,Jared)"
36797,158076,FATHER_OF,"BROTHER_OF(Because,Jared) ∧ FATHER_OF(Chelub,Jared)"
19210,453097,FATHER_OF,"BROTHER_OF(WELL,Jared) ∧ FATHER_OF(Leah,Jared)"
19199,453097,FATHER_OF,"BROTHER_OF(WELL,Jared) ∧ FATHER_OF(Laban,Jared)"
42086,453097,FATHER_OF,"BROTHER_OF(WELL,Jared) ∧ FATHER_OF(Senuah,Jared)"
38002,453097,FATHER_OF,"BROTHER_OF(WELL,Jared) ∧ FATHER_OF(Jehoash,Jared)"
36330,453097,FATHER_OF,"BROTHER_OF(WELL,Jared) ∧ FATHER_OF(Joash,Jared)"
19082,453097,FATHER_OF,"BROTHER_OF(WELL,Jared) ∧ FATHER_OF(Jehoshaphat,Jared)"
19540,453097,FATHER_OF,"BROTHER_OF(WELL,Jared) ∧ FATHER_OF(Rehoboam,Jared)"
36522,453097,FATHER_OF,"BROTHER_OF(WELL,Jared) ∧ FATHER_OF(Uri,Jared)"
24119,453097,FATHER_OF,"BROTHER_OF(WELL,Jared) ∧ FATHER_OF(Jotham,Jared)"
35433,453097,FATHER_OF,"BROTHER_OF(WELL,Jared) ∧ FATHER_OF(Jehoram,Jared)"
3504,453097,FATHER_OF,"BROTHER_OF(WELL,Jared) ∧ FATHER_OF(Asa,Jared)"
36576,453097,FATHER_OF,"BROTHER_OF(WELL,Jared) ∧ FATHER_OF(Jahdai,Jared)"
36557,453097,FATHER_OF,"BROTHER_OF(WELL,Jared) ∧ FATHER_OF(Azariah,Jared)"
36542,453097,FATHER_OF,"BROTHER_OF(WELL,Jared) ∧ FATHER_OF(Appaim,Jared)"
36724,453097,FATHER_OF,"BROTHER_OF(WELL,Jared) ∧ FATHER_OF(Jehohanan,Jared)"
18906,453097,FATHER_OF,"BROTHER_OF(WELL,Jared) ∧ FATHER_OF(Hezekiah,Jared)"
36563,453097,FATHER_OF,"BROTHER_OF(WELL,Jared) ∧ FATHER_OF(Jekamiah,Jared)"
402110,453097,FATHER_OF,"BROTHER_OF(WELL,Jared) ∧ FATHER_OF(Hassenuah,Jared)"
36905,453097,FATHER_OF,"BROTHER_OF(WELL,Jared) ∧ FATHER_OF(Meonothai,Jared)"
36898,453097,FATHER_OF,"BROTHER_OF(WELL,Jared) ∧ FATHER_OF(Eshton,Jared)"
37051,453097,FATHER_OF,"BROTHER_OF(WELL,Jared) ∧ FATHER_OF(Adaiah,Jared)"
24105,453097,FATHER_OF,"BROTHER_OF(WELL,Jared) ∧ FATHER_OF(Uzziah,Jared)"
36797,453097,FATHER_OF,"BROTHER_OF(WELL,Jared) ∧ FATHER_OF(Chelub,Jared)"
19210,3332,FATHER_OF,"BROTHER_OF(Mormon,Jared) ∧ FATHER_OF(Leah,Jared)"
19199,3332,FATHER_OF,"BROTHER_OF(Mormon,Jared) ∧ FATHER_OF(Laban,Jared)"
42086,3332,FATHER_OF,"BROTHER_OF(Mormon,Jared) ∧ FATHER_OF(Senuah,Jared)"
38002,3332,FATHER_OF,"BROTHER_OF(Mormon,Jared) ∧ FATHER_OF(Jehoash,Jared)"
36330,3332,FATHER_OF,"BROTHER_OF(Mormon,Jared) ∧ FATHER_OF(Joash,Jared)"
19082,3332,FATHER_OF,"BROTHER_OF(Mormon,Jared) ∧ FATHER_OF(Jehoshaphat,Jared)"
19540,3332,FATHER_OF,"BROTHER_OF(Mormon,Jared) ∧ FATHER_OF(Rehoboam,Jared)"
36522,3332,FATHER_OF,"BROTHER_OF(Mormon,Jared) ∧ FATHER_OF(Uri,Jared)"
24119,3332,FATHER_OF,"BROTHER_OF(Mormon,Jared) ∧ FATHER_OF(Jotham,Jared)"
35433,3332,FATHER_OF,"BROTHER_OF(Mormon,Jared) ∧ FATHER_OF(Jehoram,Jared)"
3504,3332,FATHER_OF,"BROTHER_OF(Mormon,Jared) ∧ FATHER_OF(Asa,Jared)"
36576,3332,FATHER_OF,"BROTHER_OF(Mormon,Jared) ∧ FATHER_OF(Jahdai,Jared)"
36557,3332,FATHER_OF,"BROTHER_OF(Mormon,Jared) ∧ FATHER_OF(Azariah,Jared)"
36542,3332,FATHER_OF,"BROTHER_OF(Mormon,Jared) ∧ FATHER_OF(Appaim,Jared)"
36724,3332,FATHER_OF,"BROTHER_OF(Mormon,Jared) ∧ FATHER_OF(Jehohanan,Jared)"
18906,3332,FATHER_OF,"BROTHER_OF(Mormon,Jared) ∧ FATHER_OF(Hezekiah,Jared)"
36563,3332,FATHER_OF,"BROTHER_OF(Mormon,Jared) ∧ FATHER_OF(Jekamiah,Jared)"
402110,3332,FATHER_OF,"BROTHER_OF(Mormon,Jared) ∧ FATHER_OF(Hassenuah,Jared)"
36905,3332,FATHER_OF,"BROTHER_OF(Mormon,Jared) ∧ FATHER_OF(Meonothai,Jared)"
36898,3332,FATHER_OF,"BROTHER_OF(Mormon,Jared) ∧ FATHER_OF(Eshton,Jared)"
37051,3332,FATHER_OF,"BROTHER_OF(Mormon,Jared) ∧ FATHER_OF(Adaiah,Jared)"
24105,3332,FATHER_OF,"BROTHER_OF(Mormon,Jared) ∧ FATHER_OF(Uzziah,Jared)"
36797,3332,FATHER_OF,"BROTHER_OF(Mormon,Jared) ∧ FATHER_OF(Chelub,Jared)"
19210,304044,FATHER_OF,"BROTHER_OF(But,Jared) ∧ FATHER_OF(Leah,Jared)"
19199,304044,FATHER_OF,"BROTHER_OF(But,Jared) ∧ FATHER_OF(Laban,Jared)"
42086,304044,FATHER_OF,"BROTHER_OF(But,Jared) ∧ FATHER_OF(Senuah,Jared)"
38002,304044,FATHER_OF,"BROTHER_OF(But,Jared) ∧ FATHER_OF(Jehoash,Jared)"
36330,304044,FATHER_OF,"BROTHER_OF(But,Jared) ∧ FATHER_OF(Joash,Jared)"
19082,304044,FATHER_OF,"BROTHER_OF(But,Jared) ∧ FATHER_OF(Jehoshaphat,Jared)"
19540,304044,FATHER_OF,"BROTHER_OF(But,Jared) ∧ FATHER_OF(Rehoboam,Jared)"
36522,304044,FATHER_OF,"BROTHER_OF(But,Jared) ∧ FATHER_OF(Uri,Jared)"
24119,304044,FATHER_OF,"BROTHER_OF(But,Jared) ∧ FATHER_OF(Jotham,Jared)"
35433,304044,FATHER_OF,"BROTHER_OF(But,Jared) ∧ FATHER_OF(Jehoram,Jared)"
3504,304044,FATHER_OF,"BROTHER_OF(But,Jared) ∧ FATHER_OF(Asa,Jared)"
36576,304044,FATHER_OF,"BROTHER_OF(But,Jared) ∧ FATHER_OF(Jahdai,Jared)"
36557,304044,FATHER_OF,"BROTHER_OF(But,Jared) ∧ FATHER_OF(Azariah,Jared)"
36542,304044,FATHER_OF,"BROTHER_OF(But,Jared) ∧ FATHER_OF(Appaim,Jared)"
36724,304044,FATHER_OF,"BROTHER_OF(But,Jared) ∧ FATHER_OF(Jehohanan,Jared)"
18906,304044,FATHER_OF,"BROTHER_OF(But,Jared) ∧ FATHER_OF(Hezekiah,Jared)"
36563,304044,FATHER_OF,"BROTHER_OF(But,Jared) ∧ FATHER_OF(Jekamiah,Jared)"
402110,304044,FATHER_OF,"BROTHER_OF(But,Jared) ∧ FATHER_OF(Hassenuah,Jared)"
36905,304044,FATHER_OF,"BROTHER_OF(But,Jared) ∧ FATHER_OF(Meonothai,Jared)"
36898,304044,FATHER_OF,"BROTHER_OF(But,Jared) ∧ FATHER_OF(Eshton,Jared)"
37051,304044,FATHER_OF,"BROTHER_OF(But,Jared) ∧ FATHER_OF(Adaiah,Jared)"
24105,304044,FATHER_OF,"BROTHER_OF(But,Jared) ∧ FATHER_OF(Uzziah,Jared)"
36797,304044,FATHER_OF,"BROTHER_OF(But,Jared) ∧ FATHER_OF(Chelub,Jared)"
19210,18866,FATHER_OF,"BROTHER_OF(Noah,Jared) ∧ FATHER_OF(Leah,Jared)"
19199,18866,FATHER_OF,"BROTHER_OF(Noah,Jared) ∧ FATHER_OF(Laban,Jared)"
42086,18866,FATHER_OF,"BROTHER_OF(Noah,Jared) ∧ FATHER_OF(Senuah,Jared)"
38002,18866,FATHER_OF,"BROTHER_OF(Noah,Jared) ∧ FATHER_OF(Jehoash,Jared)"
36330,18866,FATHER_OF,"BROTHER_OF(Noah,Jared) ∧ FATHER_OF(Joash,Jared)"
19082,18866,FATHER_OF,"BROTHER_OF(Noah,Jared) ∧ FATHER_OF(Jehoshaphat,Jared)"
19540,18866,FATHER_OF,"BROTHER_OF(Noah,Jared) ∧ FATHER_OF(Rehoboam,Jared)"
36522,18866,FATHER_OF,"BROTHER_OF(Noah,Jared) ∧ FATHER_OF(Uri,Jared)"
24119,18866,FATHER_OF,"BROTHER_OF(Noah,Jared) ∧ FATHER_OF(Jotham,Jared)"
35433,18866,FATHER_OF,"BROTHER_OF(Noah,Jared) ∧ FATHER_OF(Jehoram,Jared)"
3504,18866,FATHER_OF,"BROTHER_OF(Noah,Jared) ∧ FATHER_OF(Asa,Jared)"
36576,18866,FATHER_OF,"BROTHER_OF(Noah,Jared) ∧ FATHER_OF(Jahdai,Jared)"
36557,18866,FATHER_OF,"BROTHER_OF(Noah,Jared) ∧ FATHER_OF(Azariah,Jared)"
36542,18866,FATHER_OF,"BROTHER_OF(Noah,Jared) ∧ FATHER_OF(Appaim,Jared)"
36724,18866,FATHER_OF,"BROTHER_OF(Noah,Jared) ∧ FATHER_OF(Jehohanan,Jared)"
18906,18866,FATHER_OF,"BROTHER_OF(Noah,Jared) ∧ FATHER_OF(Hezekiah,Jared)"
36563,18866,FATHER_OF,"BROTHER_OF(Noah,Jared) ∧ FATHER_OF(Jekamiah,Jared)"
402110,18866,FATHER_OF,"BROTHER_OF(Noah,Jared) ∧ FATHER_OF(Hassenuah,Jared)"
36905,18866,FATHER_OF,"BROTHER_OF(Noah,Jared) ∧ FATHER_OF(Meonothai,Jared)"
36898,18866,FATHER_OF,"BROTHER_OF(Noah,Jared) ∧ FATHER_OF(Eshton,Jared)"
37051,18866,FATHER_OF,"BROTHER_OF(Noah,Jared) ∧ FATHER_OF(Adaiah,Jared)"
24105,18866,FATHER_OF,"BROTHER_OF(Noah,Jared) ∧ FATHER_OF(Uzziah,Jared)"
36797,18866,FATHER_OF,"BROTHER_OF(Noah,Jared) ∧ FATHER_OF(Chelub,Jared)"
19210,639260,FATHER_OF,"BROTHER_OF(REMEMBER,Jared) ∧ FATHER_OF(Leah,Jared)"
19199,639260,FATHER_OF,"BROTHER_OF(REMEMBER,Jared) ∧ FATHER_OF(Laban,Jared)"
42086,639260,FATHER_OF,"BROTHER_OF(REMEMBER,Jared) ∧ FATHER_OF(Senuah,Jared)"
38002,639260,FATHER_OF,"BROTHER_OF(REMEMBER,Jared) ∧ FATHER_OF(Jehoash,Jared)"
36330,639260,FATHER_OF,"BROTHER_OF(REMEMBER,Jared) ∧ FATHER_OF(Joash,Jared)"
19082,639260,FATHER_OF,"BROTHER_OF(REMEMBER,Jared) ∧ FATHER_OF(Jehoshaphat,Jared)"
19540,639260,FATHER_OF,"BROTHER_OF(REMEMBER,Jared) ∧ FATHER_OF(Rehoboam,Jared)"
36522,639260,FATHER_OF,"BROTHER_OF(REMEMBER,Jared) ∧ FATHER_OF(Uri,Jared)"
24119,639260,FATHER_OF,"BROTHER_OF(REMEMBER,Jared) ∧ FATHER_OF(Jotham,Jared)"
35433,639260,FATHER_OF,"BROTHER_OF(REMEMBER,Jared) ∧ FATHER_OF(Jehoram,Jared)"
3504,639260,FATHER_OF,"BROTHER_OF(REMEMBER,Jared) ∧ FATHER_OF(Asa,Jared)"
36576,639260,FATHER_OF,"BROTHER_OF(REMEMBER,Jared) ∧ FATHER_OF(Jahdai,Jared)"
36557,639260,FATHER_OF,"BROTHER_OF(REMEMBER,Jared) ∧ FATHER_OF(Azariah,Jared)"
36542,639260,FATHER_OF,"BROTHER_OF(REMEMBER,Jared) ∧ FATHER_OF(Appaim,Jared)"
36724,639260,FATHER_OF,"BROTHER_OF(REMEMBER,Jared) ∧ FATHER_OF(Jehohanan,Jared)"
18906,639260,FATHER_OF,"BROTHER_OF(REMEMBER,Jared) ∧ FATHER_OF(Hezekiah,Jared)"
36563,639260,FATHER_OF,"BROTHER_OF(REMEMBER,Jared) ∧ FATHER_OF(Jekamiah,Jared)"
402110,639260,FATHER_OF,"BROTHER_OF(REMEMBER,Jared) ∧ FATHER_OF(Hassenuah,Jared)"
36905,639260,FATHER_OF,"BROTHER_OF(REMEMBER,Jared) ∧ FATHER_OF(Meonothai,Jared)"
36898,639260,FATHER_OF,"BROTHER_OF(REMEMBER,Jared) ∧ FATHER_OF(Eshton,Jared)"
37051,639260,FATHER_OF,"BROTHER_OF(REMEMBER,Jared) ∧ FATHER_OF(Adaiah,Jared)"
24105,639260,FATHER_OF,"BROTHER_OF(REMEMBER,Jared) ∧ FATHER_OF(Uzziah,Jared)"
36797,639260,FATHER_OF,"BROTHER_OF(REMEMBER,Jared) ∧ FATHER_OF(Chelub,Jared)"
19210,306734,FATHER_OF,"BROTHER_OF(Probablemente,Jared) ∧ FATHER_OF(Leah,Jared)"
19199,306734,FATHER_OF,"BROTHER_OF(Probablemente,Jared) ∧ FATHER_OF(Laban,Jared)"
42086,306734,FATHER_OF,"BROTHER_OF(Probablemente,Jared) ∧ FATHER_OF(Senuah,Jared)"
38002,306734,FATHER_OF,"BROTHER_OF(Probablemente,Jared) ∧ FATHER_OF(Jehoash,Jared)"
36330,306734,FATHER_OF,"BROTHER_OF(Probablemente,Jared) ∧ FATHER_OF(Joash,Jared)"
19082,306734,FATHER_OF,"BROTHER_OF(Probablemente,Jared) ∧ FATHER_OF(Jehoshaphat,Jared)"
19540,306734,FATHER_OF,"BROTHER_OF(Probablemente,Jared) ∧ FATHER_OF(Rehoboam,Jared)"
36522,306734,FATHER_OF,"BROTHER_OF(Probablemente,Jared) ∧ FATHER_OF(Uri,Jared)"
24119,306734,FATHER_OF,"BROTHER_OF(Probablemente,Jared) ∧ FATHER_OF(Jotham,Jared)"
35433,306734,FATHER_OF,"BROTHER_OF(Probablemente,Jared) ∧ FATHER_OF(Jehoram,Jared)"
3504,306734,FATHER_OF,"BROTHER_OF(Probablemente,Jared) ∧ FATHER_OF(Asa,Jared)"
36576,306734,FATHER_OF,"BROTHER_OF(Probablemente,Jared) ∧ FATHER_OF(Jahdai,Jared)"
36557,306734,FATHER_OF,"BROTHER_OF(Probablemente,Jared) ∧ FATHER_OF(Azariah,Jared)"
36542,306734,FATHER_OF,"BROTHER_OF(Probablemente,Jared) ∧ FATHER_OF(Appaim,Jared)"
36724,306734,FATHER_OF,"BROTHER_OF(Probablemente,Jared) ∧ FATHER_OF(Jehohanan,Jared)"
18906,306734,FATHER_OF,"BROTHER_OF(Probablemente,Jared) ∧ FATHER_OF(Hezekiah,Jared)"
36563,306734,FATHER_OF,"BROTHER_OF(Probablemente,Jared) ∧ FATHER_OF(Jekamiah,Jared)"
402110,306734,FATHER_OF,"BROTHER_OF(Probablemente,Jared) ∧ FATHER_OF(Hassenuah,Jared)"
36905,306734,FATHER_OF,"BROTHER_OF(Probablemente,Jared) ∧ FATHER_OF(Meonothai,Jared)"
36898,306734,FATHER_OF,"BROTHER_OF(Probablemente,Jared) ∧ FATHER_OF(Eshton,Jared)"
37051,306734,FATHER_OF,"BROTHER_OF(Probablemente,Jared) ∧ FATHER_OF(Adaiah,Jared)"
24105,306734,FATHER_OF,"BROTHER_OF(Probablemente,Jared) ∧ FATHER_OF(Uzziah,Jared)"
36797,306734,FATHER_OF,"BROTHER_OF(Probablemente,Jared) ∧ FATHER_OF(Chelub,Jared)"
19210,764231,FATHER_OF,"BROTHER_OF(Del,Jared) ∧ FATHER_OF(Leah,Jared)"
19199,764231,FATHER_OF,"BROTHER_OF(Del,Jared) ∧ FATHER_OF(Laban,Jared)"
42086,764231,FATHER_OF,"BROTHER_OF(Del,Jared) ∧ FATHER_OF(Senuah,Jared)"
38002,764231,FATHER_OF,"BROTHER_OF(Del,Jared) ∧ FATHER_OF(Jehoash,Jared)"
36330,764231,FATHER_OF,"BROTHER_OF(Del,Jared) ∧ FATHER_OF(Joash,Jared)"
19082,764231,FATHER_OF,"BROTHER_OF(Del,Jared) ∧ FATHER_OF(Jehoshaphat,Jared)"
19540,764231,FATHER_OF,"BROTHER_OF(Del,Jared) ∧ FATHER_OF(Rehoboam,Jared)"
36522,764231,FATHER_OF,"BROTHER_OF(Del,Jared) ∧ FATHER_OF(Uri,Jared)"
24119,764231,FATHER_OF,"BROTHER_OF(Del,Jared) ∧ FATHER_OF(Jotham,Jared)"
35433,764231,FATHER_OF,"BROTHER_OF(Del,Jared) ∧ FATHER_OF(Jehoram,Jared)"
3504,764231,FATHER_OF,"BROTHER_OF(Del,Jared) ∧ FATHER_OF(Asa,Jared)"
36576,764231,FATHER_OF,"BROTHER_OF(Del,Jared) ∧ FATHER_OF(Jahdai,Jared)"
36557,764231,FATHER_OF,"BROTHER_OF(Del,Jared) ∧ FATHER_OF(Azariah,Jared)"
36542,764231,FATHER_OF,"BROTHER_OF(Del,Jared) ∧ FATHER_OF(Appaim,Jared)"
36724,764231,FATHER_OF,"BROTHER_OF(Del,Jared) ∧ FATHER_OF(Jehohanan,Jared)"
18906,764231,FATHER_OF,"BROTHER_OF(Del,Jared) ∧ FATHER_OF(Hezekiah,Jared)"
36563,764231,FATHER_OF,"BROTHER_OF(Del,Jared) ∧ FATHER_OF(Jekamiah,Jared)"
402110,764231,FATHER_OF,"BROTHER_OF(Del,Jared) ∧ FATHER_OF(Hassenuah,Jared)"
36905,764231,FATHER_OF,"BROTHER_OF(Del,Jared) ∧ FATHER_OF(Meonothai,Jared)"
36898,764231,FATHER_OF,"BROTHER_OF(Del,Jared) ∧ FATHER_OF(Eshton,Jared)"
37051,764231,FATHER_OF,"BROTHER_OF(Del,Jared) ∧ FATHER_OF(Adaiah,Jared)"
24105,764231,FATHER_OF,"BROTHER_OF(Del,Jared) ∧ FATHER_OF(Uzziah,Jared)"
36797,764231,FATHER_OF,"BROTHER_OF(Del,Jared) ∧ FATHER_OF(Chelub,Jared)"
19210,7501,FATHER_OF,"BROTHER_OF(Entonces,Jared) ∧ FATHER_OF(Leah,Jared)"
19199,7501,FATHER_OF,"BROTHER_OF(Entonces,Jared) ∧ FATHER_OF(Laban,Jared)"
42086,7501,FATHER_OF,"BROTHER_OF(Entonces,Jared) ∧ FATHER_OF(Senuah,Jared)"
38002,7501,FATHER_OF,"BROTHER_OF(Entonces,Jared) ∧ FATHER_OF(Jehoash,Jared)"
36330,7501,FATHER_OF,"BROTHER_OF(Entonces,Jared) ∧ FATHER_OF(Joash,Jared)"
19082,7501,FATHER_OF,"BROTHER_OF(Entonces,Jared) ∧ FATHER_OF(Jehoshaphat,Jared)"
19540,7501,FATHER_OF,"BROTHER_OF(Entonces,Jared) ∧ FATHER_OF(Rehoboam,Jared)"
36522,7501,FATHER_OF,"BROTHER_OF(Entonces,Jared) ∧ FATHER_OF(Uri,Jared)"
24119,7501,FATHER_OF,"BROTHER_OF(Entonces,Jared) ∧ FATHER_OF(Jotham,Jared)"
35433,7501,FATHER_OF,"BROTHER_OF(Entonces,Jared) ∧ FATHER_OF(Jehoram,Jared)"
3504,7501,FATHER_OF,"BROTHER_OF(Entonces,Jared) ∧ FATHER_OF(Asa,Jared)"
36576,7501,FATHER_OF,"BROTHER_OF(Entonces,Jared) ∧ FATHER_OF(Jahdai,Jared)"
36557,7501,FATHER_OF,"BROTHER_OF(Entonces,Jared) ∧ FATHER_OF(Azariah,Jared)"
36542,7501,FATHER_OF,"BROTHER_OF(Entonces,Jared) ∧ FATHER_OF(Appaim,Jared)"
36724,7501,FATHER_OF,"BROTHER_OF(Entonces,Jared) ∧ FATHER_OF(Jehohanan,Jared)"
18906,7501,FATHER_OF,"BROTHER_OF(Entonces,Jared) ∧ FATHER_OF(Hezekiah,Jared)"
36563,7501,FATHER_OF,"BROTHER_OF(Entonces,Jared) ∧ FATHER_OF(Jekamiah,Jared)"
402110,7501,FATHER_OF,"BROTHER_OF(Entonces,Jared) ∧ FATHER_OF(Hassenuah,Jared)"
36905,7501,FATHER_OF,"BROTHER_OF(Entonces,Jared) ∧ FATHER_OF(Meonothai,Jared)"
36898,7501,FATHER_OF,"BROTHER_OF(Entonces,Jared) ∧ FATHER_OF(Eshton,Jared)"
37051,7501,FATHER_OF,"BROTHER_OF(Entonces,Jared) ∧ FATHER_OF(Adaiah,Jared)"
24105,7501,FATHER_OF,"BROTHER_OF(Entonces,Jared) ∧ FATHER_OF(Uzziah,Jared)"
36797,7501,FATHER_OF,"BROTHER_OF(Entonces,Jared) ∧ FATHER_OF(Chelub,Jared)"
36345,19581,FATHER_OF,"BROTHER_OF(Simon,Jonathan) ∧ FATHER_OF(Elkanah,Jonathan)"
59317,19581,FATHER_OF,"BROTHER_OF(Simon,Jonathan) ∧ FATHER_OF(Robert,Jonathan)"
464107,19581,FATHER_OF,"BROTHER_OF(Simon,Jonathan) ∧ FATHER_OF(An Ephraimite,Jonathan)"
19210,19268,FATHER_OF,"BROTHER_OF(Thomas,Jared) ∧ FATHER_OF(Leah,Jared)"
19199,19268,FATHER_OF,"BROTHER_OF(Thomas,Jared) ∧ FATHER_OF(Laban,Jared)"
42086,19268,FATHER_OF,"BROTHER_OF(Thomas,Jared) ∧ FATHER_OF(Senuah,Jared)"
38002,19268,FATHER_OF,"BROTHER_OF(Thomas,Jared) ∧ FATHER_OF(Jehoash,Jared)"
36330,19268,FATHER_OF,"BROTHER_OF(Thomas,Jared) ∧ FATHER_OF(Joash,Jared)"
19082,19268,FATHER_OF,"BROTHER_OF(Thomas,Jared) ∧ FATHER_OF(Jehoshaphat,Jared)"
19540,19268,FATHER_OF,"BROTHER_OF(Thomas,Jared) ∧ FATHER_OF(Rehoboam,Jared)"
36522,19268,FATHER_OF,"BROTHER_OF(Thomas,Jared) ∧ FATHER_OF(Uri,Jared)"
24119,19268,FATHER_OF,"BROTHER_OF(Thomas,Jared) ∧ FATHER_OF(Jotham,Jared)"
35433,19268,FATHER_OF,"BROTHER_OF(Thomas,Jared) ∧ FATHER_OF(Jehoram,Jared)"
3504,19268,FATHER_OF,"BROTHER_OF(Thomas,Jared) ∧ FATHER_OF(Asa,Jared)"
36576,19268,FATHER_OF,"BROTHER_OF(Thomas,Jared) ∧ FATHER_OF(Jahdai,Jared)"
36557,19268,FATHER_OF,"BROTHER_OF(Thomas,Jared) ∧ FATHER_OF(Azariah,Jared)"
36542,19268,FATHER_OF,"BROTHER_OF(Thomas,Jared) ∧ FATHER_OF(Appaim,Jared)"
36724,19268,FATHER_OF,"BROTHER_OF(Thomas,Jared) ∧ FATHER_OF(Jehohanan,Jared)"
18906,19268,FATHER_OF,"BROTHER_OF(Thomas,Jared) ∧ FATHER_OF(Hezekiah,Jared)"
36563,19268,FATHER_OF,"BROTHER_OF(Thomas,Jared) ∧ FATHER_OF(Jekamiah,Jared)"
402110,19268,FATHER_OF,"BROTHER_OF(Thomas,Jared) ∧ FATHER_OF(Hassenuah,Jared)"
36905,19268,FATHER_OF,"BROTHER_OF(Thomas,Jared) ∧ FATHER_OF(Meonothai,Jared)"
36898,19268,FATHER_OF,"BROTHER_OF(Thomas,Jared) ∧ FATHER_OF(Eshton,Jared)"
37051,19268,FATHER_OF,"BROTHER_OF(Thomas,Jared) ∧ FATHER_OF(Adaiah,Jared)"
24105,19268,FATHER_OF,"BROTHER_OF(Thomas,Jared) ∧ FATHER_OF(Uzziah,Jared)"
36797,19268,FATHER_OF,"BROTHER_OF(Thomas,Jared) ∧ FATHER_OF(Chelub,Jared)"
19210,106852,FATHER_OF,"BROTHER_OF(Mount Shelem,Jared) ∧ FATHER_OF(Leah,Jared)"
19199,106852,FATHER_OF,"BROTHER_OF(Mount Shelem,Jared) ∧ FATHER_OF(Laban,Jared)"
42086,106852,FATHER_OF,"BROTHER_OF(Mount Shelem,Jared) ∧ FATHER_OF(Senuah,Jared)"
38002,106852,FATHER_OF,"BROTHER_OF(Mount Shelem,Jared) ∧ FATHER_OF(Jehoash,Jared)"
36330,106852,FATHER_OF,"BROTHER_OF(Mount Shelem,Jared) ∧ FATHER_OF(Joash,Jared)"
19082,106852,FATHER_OF,"BROTHER_OF(Mount Shelem,Jared) ∧ FATHER_OF(Jehoshaphat,Jared)"
19540,106852,FATHER_OF,"BROTHER_OF(Mount Shelem,Jared) ∧ FATHER_OF(Rehoboam,Jared)"
36522,106852,FATHER_OF,"BROTHER_OF(Mount Shelem,Jared) ∧ FATHER_OF(Uri,Jared)"
24119,106852,FATHER_OF,"BROTHER_OF(Mount Shelem,Jared) ∧ FATHER_OF(Jotham,Jared)"
35433,106852,FATHER_OF,"BROTHER_OF(Mount Shelem,Jared) ∧ FATHER_OF(Jehoram,Jared)"
3504,106852,FATHER_OF,"BROTHER_OF(Mount Shelem,Jared) ∧ FATHER_OF(Asa,Jared)"
36576,106852,FATHER_OF,"BROTHER_OF(Mount Shelem,Jared) ∧ FATHER_OF(Jahdai,Jared)"
36557,106852,FATHER_OF,"BROTHER_OF(Mount Shelem,Jared) ∧ FATHER_OF(Azariah,Jared)"
36542,106852,FATHER_OF,"BROTHER_OF(Mount Shelem,Jared) ∧ FATHER_OF(Appaim,Jared)"
36724,106852,FATHER_OF,"BROTHER_OF(Mount Shelem,Jared) ∧ FATHER_OF(Jehohanan,Jared)"
18906,106852,FATHER_OF,"BROTHER_OF(Mount Shelem,Jared) ∧ FATHER_OF(Hezekiah,Jared)"
36563,106852,FATHER_OF,"BROTHER_OF(Mount Shelem,Jared) ∧ FATHER_OF(Jekamiah,Jared)"
402110,106852,FATHER_OF,"BROTHER_OF(Mount Shelem,Jared) ∧ FATHER_OF(Hassenuah,Jared)"
36905,106852,FATHER_OF,"BROTHER_OF(Mount Shelem,Jared) ∧ FATHER_OF(Meonothai,Jared)"
36898,106852,FATHER_OF,"BROTHER_OF(Mount Shelem,Jared) ∧ FATHER_OF(Eshton,Jared)"
37051,106852,FATHER_OF,"BROTHER_OF(Mount Shelem,Jared) ∧ FATHER_OF(Adaiah,Jared)"
24105,106852,FATHER_OF,"BROTHER_OF(Mount Shelem,Jared) ∧ FATHER_OF(Uzziah,Jared)"
36797,106852,FATHER_OF,"BROTHER_OF(Mount Shelem,Jared) ∧ FATHER_OF(Chelub,Jared)"
19210,168591,FATHER_OF,"BROTHER_OF(Likewise,Jared) ∧ FATHER_OF(Leah,Jared)"
19199,168591,FATHER_OF,"BROTHER_OF(Likewise,Jared) ∧ FATHER_OF(Laban,Jared)"
42086,168591,FATHER_OF,"BROTHER_OF(Likewise,Jared) ∧ FATHER_OF(Senuah,Jared)"
38002,168591,FATHER_OF,"BROTHER_OF(Likewise,Jared) ∧ FATHER_OF(Jehoash,Jared)"
36330,168591,FATHER_OF,"BROTHER_OF(Likewise,Jared) ∧ FATHER_OF(Joash,Jared)"
19082,168591,FATHER_OF,"BROTHER_OF(Likewise,Jared) ∧ FATHER_OF(Jehoshaphat,Jared)"
19540,168591,FATHER_OF,"BROTHER_OF(Likewise,Jared) ∧ FATHER_OF(Rehoboam,Jared)"
36522,168591,FATHER_OF,"BROTHER_OF(Likewise,Jared) ∧ FATHER_OF(Uri,Jared)"
24119,168591,FATHER_OF,"BROTHER_OF(Likewise,Jared) ∧ FATHER_OF(Jotham,Jared)"
35433,168591,FATHER_OF,"BROTHER_OF(Likewise,Jared) ∧ FATHER_OF(Jehoram,Jared)"
3504,168591,FATHER_OF,"BROTHER_OF(Likewise,Jared) ∧ FATHER_OF(Asa,Jared)"
36576,168591,FATHER_OF,"BROTHER_OF(Likewise,Jared) ∧ FATHER_OF(Jahdai,Jared)"
36557,168591,FATHER_OF,"BROTHER_OF(Likewise,Jared) ∧ FATHER_OF(Azariah,Jared)"
36542,168591,FATHER_OF,"BROTHER_OF(Likewise,Jared) ∧ FATHER_OF(Appaim,Jared)"
36724,168591,FATHER_OF,"BROTHER_OF(Likewise,Jared) ∧ FATHER_OF(Jehohanan,Jared)"
18906,168591,FATHER_OF,"BROTHER_OF(Likewise,Jared) ∧ FATHER_OF(Hezekiah,Jared)"
36563,168591,FATHER_OF,"BROTHER_OF(Likewise,Jared) ∧ FATHER_OF(Jekamiah,Jared)"
402110,168591,FATHER_OF,"BROTHER_OF(Likewise,Jared) ∧ FATHER_OF(Hassenuah,Jared)"
36905,168591,FATHER_OF,"BROTHER_OF(Likewise,Jared) ∧ FATHER_OF(Meonothai,Jared)"
36898,168591,FATHER_OF,"BROTHER_OF(Likewise,Jared) ∧ FATHER_OF(Eshton,Jared)"
37051,168591,FATHER_OF,"BROTHER_OF(Likewise,Jared) ∧ FATHER_OF(Adaiah,Jared)"
24105,168591,FATHER_OF,"BROTHER_OF(Likewise,Jared) ∧ FATHER_OF(Uzziah,Jared)"
36797,168591,FATHER_OF,"BROTHER_OF(Likewise,Jared) ∧ FATHER_OF(Chelub,Jared)"
19210,779306,FATHER_OF,"BROTHER_OF(INTERESTINGLY,Jared) ∧ FATHER_OF(Leah,Jared)"
19199,779306,FATHER_OF,"BROTHER_OF(INTERESTINGLY,Jared) ∧ FATHER_OF(Laban,Jared)"
42086,779306,FATHER_OF,"BROTHER_OF(INTERESTINGLY,Jared) ∧ FATHER_OF(Senuah,Jared)"
38002,779306,FATHER_OF,"BROTHER_OF(INTERESTINGLY,Jared) ∧ FATHER_OF(Jehoash,Jared)"
36330,779306,FATHER_OF,"BROTHER_OF(INTERESTINGLY,Jared) ∧ FATHER_OF(Joash,Jared)"
19082,779306,FATHER_OF,"BROTHER_OF(INTERESTINGLY,Jared) ∧ FATHER_OF(Jehoshaphat,Jared)"
19540,779306,FATHER_OF,"BROTHER_OF(INTERESTINGLY,Jared) ∧ FATHER_OF(Rehoboam,Jared)"
36522,779306,FATHER_OF,"BROTHER_OF(INTERESTINGLY,Jared) ∧ FATHER_OF(Uri,Jared)"
24119,779306,FATHER_OF,"BROTHER_OF(INTERESTINGLY,Jared) ∧ FATHER_OF(Jotham,Jared)"
35433,779306,FATHER_OF,"BROTHER_OF(INTERESTINGLY,Jared) ∧ FATHER_OF(Jehoram,Jared)"
3504,779306,FATHER_OF,"BROTHER_OF(INTERESTINGLY,Jared) ∧ FATHER_OF(Asa,Jared)"
36576,779306,FATHER_OF,"BROTHER_OF(INTERESTINGLY,Jared) ∧ FATHER_OF(Jahdai,Jared)"
36557,779306,FATHER_OF,"BROTHER_OF(INTERESTINGLY,Jared) ∧ FATHER_OF(Azariah,Jared)"
36542,779306,FATHER_OF,"BROTHER_OF(INTERESTINGLY,Jared) ∧ FATHER_OF(Appaim,Jared)"
36724,779306,FATHER_OF,"BROTHER_OF(INTERESTINGLY,Jared) ∧ FATHER_OF(Jehohanan,Jared)"
18906,779306,FATHER_OF,"BROTHER_OF(INTERESTINGLY,Jared) ∧ FATHER_OF(Hezekiah,Jared)"
36563,779306,FATHER_OF,"BROTHER_OF(INTERESTINGLY,Jared) ∧ FATHER_OF(Jekamiah,Jared)"
402110,779306,FATHER_OF,"BROTHER_OF(INTERESTINGLY,Jared) ∧ FATHER_OF(Hassenuah,Jared)"
36905,779306,FATHER_OF,"BROTHER_OF(INTERESTINGLY,Jared) ∧ FATHER_OF(Meonothai,Jared)"
36898,779306,FATHER_OF,"BROTHER_OF(INTERESTINGLY,Jared) ∧ FATHER_OF(Eshton,Jared)"
37051,779306,FATHER_OF,"BROTHER_OF(INTERESTINGLY,Jared) ∧ FATHER_OF(Adaiah,Jared)"
24105,779306,FATHER_OF,"BROTHER_OF(INTERESTINGLY,Jared) ∧ FATHER_OF(Uzziah,Jared)"
36797,779306,FATHER_OF,"BROTHER_OF(INTERESTINGLY,Jared) ∧ FATHER_OF(Chelub,Jared)"
19210,355075,FATHER_OF,"BROTHER_OF(Ultimately,Jared) ∧ FATHER_OF(Leah,Jared)"
19199,355075,FATHER_OF,"BROTHER_OF(Ultimately,Jared) ∧ FATHER_OF(Laban,Jared)"
42086,355075,FATHER_OF,"BROTHER_OF(Ultimately,Jared) ∧ FATHER_OF(Senuah,Jared)"
38002,355075,FATHER_OF,"BROTHER_OF(Ultimately,Jared) ∧ FATHER_OF(Jehoash,Jared)"
36330,355075,FATHER_OF,"BROTHER_OF(Ultimately,Jared) ∧ FATHER_OF(Joash,Jared)"
19082,355075,FATHER_OF,"BROTHER_OF(Ultimately,Jared) ∧ FATHER_OF(Jehoshaphat,Jared)"
19540,355075,FATHER_OF,"BROTHER_OF(Ultimately,Jared) ∧ FATHER_OF(Rehoboam,Jared)"
36522,355075,FATHER_OF,"BROTHER_OF(Ultimately,Jared) ∧ FATHER_OF(Uri,Jared)"
24119,355075,FATHER_OF,"BROTHER_OF(Ultimately,Jared) ∧ FATHER_OF(Jotham,Jared)"
35433,355075,FATHER_OF,"BROTHER_OF(Ultimately,Jared) ∧ FATHER_OF(Jehoram,Jared)"
3504,355075,FATHER_OF,"BROTHER_OF(Ultimately,Jared) ∧ FATHER_OF(Asa,Jared)"
36576,355075,FATHER_OF,"BROTHER_OF(Ultimately,Jared) ∧ FATHER_OF(Jahdai,Jared)"
36557,355075,FATHER_OF,"BROTHER_OF(Ultimately,Jared) ∧ FATHER_OF(Azariah,Jared)"
36542,355075,FATHER_OF,"BROTHER_OF(Ultimately,Jared) ∧ FATHER_OF(Appaim,Jared)"
36724,355075,FATHER_OF,"BROTHER_OF(Ultimately,Jared) ∧ FATHER_OF(Jehohanan,Jared)"
18906,355075,FATHER_OF,"BROTHER_OF(Ultimately,Jared) ∧ FATHER_OF(Hezekiah,Jared)"
36563,355075,FATHER_OF,"BROTHER_OF(Ultimately,Jared) ∧ FATHER_OF(Jekamiah,Jared)"
402110,355075,FATHER_OF,"BROTHER_OF(Ultimately,Jared) ∧ FATHER_OF(Hassenuah,Jared)"
36905,355075,FATHER_OF,"BROTHER_OF(Ultimately,Jared) ∧ FATHER_OF(Meonothai,Jared)"
36898,355075,FATHER_OF,"BROTHER_OF(Ultimately,Jared) ∧ FATHER_OF(Eshton,Jared)"
37051,355075,FATHER_OF,"BROTHER_OF(Ultimately,Jared) ∧ FATHER_OF(Adaiah,Jared)"
24105,355075,FATHER_OF,"BROTHER_OF(Ultimately,Jared) ∧ FATHER_OF(Uzziah,Jared)"
36797,355075,FATHER_OF,"BROTHER_OF(Ultimately,Jared) ∧ FATHER_OF(Chelub,Jared)"
19210,155782,FATHER_OF,"BROTHER_OF(Once,Jared) ∧ FATHER_OF(Leah,Jared)"
19199,155782,FATHER_OF,"BROTHER_OF(Once,Jared) ∧ FATHER_OF(Laban,Jared)"
42086,155782,FATHER_OF,"BROTHER_OF(Once,Jared) ∧ FATHER_OF(Senuah,Jared)"
38002,155782,FATHER_OF,"BROTHER_OF(Once,Jared) ∧ FATHER_OF(Jehoash,Jared)"
36330,155782,FATHER_OF,"BROTHER_OF(Once,Jared) ∧ FATHER_OF(Joash,Jared)"
19082,155782,FATHER_OF,"BROTHER_OF(Once,Jared) ∧ FATHER_OF(Jehoshaphat,Jared)"
19540,155782,FATHER_OF,"BROTHER_OF(Once,Jared) ∧ FATHER_OF(Rehoboam,Jared)"
36522,155782,FATHER_OF,"BROTHER_OF(Once,Jared) ∧ FATHER_OF(Uri,Jared)"
24119,155782,FATHER_OF,"BROTHER_OF(Once,Jared) ∧ FATHER_OF(Jotham,Jared)"
35433,155782,FATHER_OF,"BROTHER_OF(Once,Jared) ∧ FATHER_OF(Jehoram,Jared)"
3504,155782,FATHER_OF,"BROTHER_OF(Once,Jared) ∧ FATHER_OF(Asa,Jared)"
36576,155782,FATHER_OF,"BROTHER_OF(Once,Jared) ∧ FATHER_OF(Jahdai,Jared)"
36557,155782,FATHER_OF,"BROTHER_OF(Once,Jared) ∧ FATHER_OF(Azariah,Jared)"
36542,155782,FATHER_OF,"BROTHER_OF(Once,Jared) ∧ FATHER_OF(Appaim,Jared)"
36724,155782,FATHER_OF,"BROTHER_OF(Once,Jared) ∧ FATHER_OF(Jehohanan,Jared)"
18906,155782,FATHER_OF,"BROTHER_OF(Once,Jared) ∧ FATHER_OF(Hezekiah,Jared)"
36563,155782,FATHER_OF,"BROTHER_OF(Once,Jared) ∧ FATHER_OF(Jekamiah,Jared)"
402110,155782,FATHER_OF,"BROTHER_OF(Once,Jared) ∧ FATHER_OF(Hassenuah,Jared)"
36905,155782,FATHER_OF,"BROTHER_OF(Once,Jared) ∧ FATHER_OF(Meonothai,Jared)"
36898,155782,FATHER_OF,"BROTHER_OF(Once,Jared) ∧ FATHER_OF(Eshton,Jared)"
37051,155782,FATHER_OF,"BROTHER_OF(Once,Jared) ∧ FATHER_OF(Adaiah,Jared)"
24105,155782,FATHER_OF,"BROTHER_OF(Once,Jared) ∧ FATHER_OF(Uzziah,Jared)"
36797,155782,FATHER_OF,"BROTHER_OF(Once,Jared) ∧ FATHER_OF(Chelub,Jared)"
36215,209992,FATHER_OF,"SISTER_OF(Sophronia,José) ∧ FATHER_OF(Aholibamah,José)"
40102,209992,FATHER_OF,"SISTER_OF(Sophronia,José) ∧ FATHER_OF(Beeri,José)"
37465,209992,FATHER_OF,"SISTER_OF(Sophronia,José) ∧ FATHER_OF(Elon,José)"
18917,209992,FATHER_OF,"SISTER_OF(Sophronia,José) ∧ FATHER_OF(Ishmael,José)"
19210,117822,FATHER_OF,"SISTER_OF(Patrick,Joseph) ∧ FATHER_OF(Leah,Joseph)"
19199,117822,FATHER_OF,"SISTER_OF(Patrick,Joseph) ∧ FATHER_OF(Laban,Joseph)"
42086,117822,FATHER_OF,"SISTER_OF(Patrick,Joseph) ∧ FATHER_OF(Senuah,Joseph)"
38002,117822,FATHER_OF,"SISTER_OF(Patrick,Joseph) ∧ FATHER_OF(Jehoash,Joseph)"
36330,117822,FATHER_OF,"SISTER_OF(Patrick,Joseph) ∧ FATHER_OF(Joash,Joseph)"
19082,117822,FATHER_OF,"SISTER_OF(Patrick,Joseph) ∧ FATHER_OF(Jehoshaphat,Joseph)"
19540,117822,FATHER_OF,"SISTER_OF(Patrick,Joseph) ∧ FATHER_OF(Rehoboam,Joseph)"
36522,117822,FATHER_OF,"SISTER_OF(Patrick,Joseph) ∧ FATHER_OF(Uri,Joseph)"
24119,117822,FATHER_OF,"SISTER_OF(Patrick,Joseph) ∧ FATHER_OF(Jotham,Joseph)"
35433,117822,FATHER_OF,"SISTER_OF(Patrick,Joseph) ∧ FATHER_OF(Jehoram,Joseph)"
3504,117822,FATHER_OF,"SISTER_OF(Patrick,Joseph) ∧ FATHER_OF(Asa,Joseph)"
36576,117822,FATHER_OF,"SISTER_OF(Patrick,Joseph) ∧ FATHER_OF(Jahdai,Joseph)"
36557,117822,FATHER_OF,"SISTER_OF(Patrick,Joseph) ∧ FATHER_OF(Azariah,Joseph)"
36542,117822,FATHER_OF,"SISTER_OF(Patrick,Joseph) ∧ FATHER_OF(Appaim,Joseph)"
36724,117822,FATHER_OF,"SISTER_OF(Patrick,Joseph) ∧ FATHER_OF(Jehohanan,Joseph)"
18906,117822,FATHER_OF,"SISTER_OF(Patrick,Joseph) ∧ FATHER_OF(Hezekiah,Joseph)"
36563,117822,FATHER_OF,"SISTER_OF(Patrick,Joseph) ∧ FATHER_OF(Jekamiah,Joseph)"
402110,117822,FATHER_OF,"SISTER_OF(Patrick,Joseph) ∧ FATHER_OF(Hassenuah,Joseph)"
36905,117822,FATHER_OF,"SISTER_OF(Patrick,Joseph) ∧ FATHER_OF(Meonothai,Joseph)"
36898,117822,FATHER_OF,"SISTER_OF(Patrick,Joseph) ∧ FATHER_OF(Eshton,Joseph)"
37051,117822,FATHER_OF,"SISTER_OF(Patrick,Joseph) ∧ FATHER_OF(Adaiah,Joseph)"
24105,117822,FATHER_OF,"SISTER_OF(Patrick,Joseph) ∧ FATHER_OF(Uzziah,Joseph)"
36797,117822,FATHER_OF,"SISTER_OF(Patrick,Joseph) ∧ FATHER_OF(Chelub,Joseph)"
19210,561682,FATHER_OF,"SISTER_OF(Rhoda Ann Jennetta Richards,Joseph) ∧ FATHER_OF(Leah,Joseph)"
19199,561682,FATHER_OF,"SISTER_OF(Rhoda Ann Jennetta Richards,Joseph) ∧ FATHER_OF(Laban,Joseph)"
42086,561682,FATHER_OF,"SISTER_OF(Rhoda Ann Jennetta Richards,Joseph) ∧ FATHER_OF(Senuah,Joseph)"
38002,561682,FATHER_OF,"SISTER_OF(Rhoda Ann Jennetta Richards,Joseph) ∧ FATHER_OF(Jehoash,Joseph)"
36330,561682,FATHER_OF,"SISTER_OF(Rhoda Ann Jennetta Richards,Joseph) ∧ FATHER_OF(Joash,Joseph)"
19082,561682,FATHER_OF,"SISTER_OF(Rhoda Ann Jennetta Richards,Joseph) ∧ FATHER_OF(Jehoshaphat,Joseph)"
19540,561682,FATHER_OF,"SISTER_OF(Rhoda Ann Jennetta Richards,Joseph) ∧ FATHER_OF(Rehoboam,Joseph)"
36522,561682,FATHER_OF,"SISTER_OF(Rhoda Ann Jennetta Richards,Joseph) ∧ FATHER_OF(Uri,Joseph)"
24119,561682,FATHER_OF,"SISTER_OF(Rhoda Ann Jennetta Richards,Joseph) ∧ FATHER_OF(Jotham,Joseph)"
35433,561682,FATHER_OF,"SISTER_OF(Rhoda Ann Jennetta Richards,Joseph) ∧ FATHER_OF(Jehoram,Joseph)"
3504,561682,FATHER_OF,"SISTER_OF(Rhoda Ann Jennetta Richards,Joseph) ∧ FATHER_OF(Asa,Joseph)"
36576,561682,FATHER_OF,"SISTER_OF(Rhoda Ann Jennetta Richards,Joseph) ∧ FATHER_OF(Jahdai,Joseph)"
36557,561682,FATHER_OF,"SISTER_OF(Rhoda Ann Jennetta Richards,Joseph) ∧ FATHER_OF(Azariah,Joseph)"
36542,561682,FATHER_OF,"SISTER_OF(Rhoda Ann Jennetta Richards,Joseph) ∧ FATHER_OF(Appaim,Joseph)"
36724,561682,FATHER_OF,"SISTER_OF(Rhoda Ann Jennetta Richards,Joseph) ∧ FATHER_OF(Jehohanan,Joseph)"
18906,561682,FATHER_OF,"SISTER_OF(Rhoda Ann Jennetta Richards,Joseph) ∧ FATHER_OF(Hezekiah,Joseph)"
36563,561682,FATHER_OF,"SISTER_OF(Rhoda Ann Jennetta Richards,Joseph) ∧ FATHER_OF(Jekamiah,Joseph)"
402110,561682,FATHER_OF,"SISTER_OF(Rhoda Ann Jennetta Richards,Joseph) ∧ FATHER_OF(Hassenuah,Joseph)"
36905,561682,FATHER_OF,"SISTER_OF(Rhoda Ann Jennetta Richards,Joseph) ∧ FATHER_OF(Meonothai,Joseph)"
36898,561682,FATHER_OF,"SISTER_OF(Rhoda Ann Jennetta Richards,Joseph) ∧ FATHER_OF(Eshton,Joseph)"
37051,561682,FATHER_OF,"SISTER_OF(Rhoda Ann Jennetta Richards,Joseph) ∧ FATHER_OF(Adaiah,Joseph)"
24105,561682,FATHER_OF,"SISTER_OF(Rhoda Ann Jennetta Richards,Joseph) ∧ FATHER_OF(Uzziah,Joseph)"
36797,561682,FATHER_OF,"SISTER_OF(Rhoda Ann Jennetta Richards,Joseph) ∧ FATHER_OF(Chelub,Joseph)"
11338,19321,FATHER_OF,"SISTER_OF(Miriam,Moses) ∧ FATHER_OF(Simón Iscariote,Moses)"
19073,19321,FATHER_OF,"SISTER_OF(Miriam,Moses) ∧ FATHER_OF(James,Moses)"
757218,19321,FATHER_OF,"SISTER_OF(Miriam,Moses) ∧ FATHER_OF(Chalphi,Moses)"
457984,19321,FATHER_OF,"SISTER_OF(Miriam,Moses) ∧ FATHER_OF(Simon Iscariot,Moses)"
35049,19321,FATHER_OF,"SISTER_OF(Miriam,Moses) ∧ FATHER_OF(Rhesa,Moses)"
25524,19321,FATHER_OF,"SISTER_OF(Miriam,Moses) ∧ FATHER_OF(Jonas,Moses)"
45834,19321,FATHER_OF,"SISTER_OF(Miriam,Moses) ∧ FATHER_OF(Jona,Moses)"
19094,19321,FATHER_OF,"SISTER_OF(Miriam,Moses) ∧ FATHER_OF(Jonah,Moses)"
650625,19321,FATHER_OF,"SISTER_OF(Miriam,Moses) ∧ FATHER_OF(Gioras,Moses)"
55816,19321,FATHER_OF,"SISTER_OF(Miriam,Moses) ∧ FATHER_OF(Jochai,Moses)"
465526,19321,FATHER_OF,"SISTER_OF(Miriam,Moses) ∧ FATHER_OF(Onias,Moses)"
18873,19321,FATHER_OF,"SISTER_OF(Miriam,Moses) ∧ FATHER_OF(Gamaliel,Moses)"
19210,19079,FATHER_OF,"BROTHER_OF(Brother of Jared,Jared) ∧ FATHER_OF(Leah,Jared)"
19199,19079,FATHER_OF,"BROTHER_OF(Brother of Jared,Jared) ∧ FATHER_OF(Laban,Jared)"
42086,19079,FATHER_OF,"BROTHER_OF(Brother of Jared,Jared) ∧ FATHER_OF(Senuah,Jared)"
38002,19079,FATHER_OF,"BROTHER_OF(Brother of Jared,Jared) ∧ FATHER_OF(Jehoash,Jared)"
36330,19079,FATHER_OF,"BROTHER_OF(Brother of Jared,Jared) ∧ FATHER_OF(Joash,Jared)"
19082,19079,FATHER_OF,"BROTHER_OF(Brother of Jared,Jared) ∧ FATHER_OF(Jehoshaphat,Jared)"
19540,19079,FATHER_OF,"BROTHER_OF(Brother of Jared,Jared) ∧ FATHER_OF(Rehoboam,Jared)"
36522,19079,FATHER_OF,"BROTHER_OF(Brother of Jared,Jared) ∧ FATHER_OF(Uri,Jared)"
24119,19079,FATHER_OF,"BROTHER_OF(Brother of Jared,Jared) ∧ FATHER_OF(Jotham,Jared)"
35433,19079,FATHER_OF,"BROTHER_OF(Brother of Jared,Jared) ∧ FATHER_OF(Jehoram,Jared)"
3504,19079,FATHER_OF,"BROTHER_OF(Brother of Jared,Jared) ∧ FATHER_OF(Asa,Jared)"
36576,19079,FATHER_OF,"BROTHER_OF(Brother of Jared,Jared) ∧ FATHER_OF(Jahdai,Jared)"
36557,19079,FATHER_OF,"BROTHER_OF(Brother of Jared,Jared) ∧ FATHER_OF(Azariah,Jared)"
36542,19079,FATHER_OF,"BROTHER_OF(Brother of Jared,Jared) ∧ FATHER_OF(Appaim,Jared)"
36724,19079,FATHER_OF,"BROTHER_OF(Brother of Jared,Jared) ∧ FATHER_OF(Jehohanan,Jared)"
18906,19079,FATHER_OF,"BROTHER_OF(Brother of Jared,Jared) ∧ FATHER_OF(Hezekiah,Jared)"
36563,19079,FATHER_OF,"BROTHER_OF(Brother of Jared,Jared) ∧ FATHER_OF(Jekamiah,Jared)"
402110,19079,FATHER_OF,"BROTHER_OF(Brother of Jared,Jared) ∧ FATHER_OF(Hassenuah,Jared)"
36905,19079,FATHER_OF,"BROTHER_OF(Brother of Jared,Jared) ∧ FATHER_OF(Meonothai,Jared)"
36898,19079,FATHER_OF,"BROTHER_OF(Brother of Jared,Jared) ∧ FATHER_OF(Eshton,Jared)"
37051,19079,FATHER_OF,"BROTHER_OF(Brother of Jared,Jared) ∧ FATHER_OF(Adaiah,Jared)"
24105,19079,FATHER_OF,"BROTHER_OF(Brother of Jared,Jared) ∧ FATHER_OF(Uzziah,Jared)"
36797,19079,FATHER_OF,"BROTHER_OF(Brother of Jared,Jared) ∧ FATHER_OF(Chelub,Jared)"
11338,28149,FATHER_OF,"BROTHER_OF(Shiblom,And) ∧ FATHER_OF(Simón Iscariote,And)"
19073,28149,FATHER_OF,"BROTHER_OF(Shiblom,And) ∧ FATHER_OF(James,And)"
757218,28149,FATHER_OF,"BROTHER_OF(Shiblom,And) ∧ FATHER_OF(Chalphi,And)"
457984,28149,FATHER_OF,"BROTHER_OF(Shiblom,And) ∧ FATHER_OF(Simon Iscariot,And)"
35049,28149,FATHER_OF,"BROTHER_OF(Shiblom,And) ∧ FATHER_OF(Rhesa,And)"
25524,28149,FATHER_OF,"BROTHER_OF(Shiblom,And) ∧ FATHER_OF(Jonas,And)"
45834,28149,FATHER_OF,"BROTHER_OF(Shiblom,And) ∧ FATHER_OF(Jona,And)"
19094,28149,FATHER_OF,"BROTHER_OF(Shiblom,And) ∧ FATHER_OF(Jonah,And)"
650625,28149,FATHER_OF,"BROTHER_OF(Shiblom,And) ∧ FATHER_OF(Gioras,And)"
55816,28149,FATHER_OF,"BROTHER_OF(Shiblom,And) ∧ FATHER_OF(Jochai,And)"
465526,28149,FATHER_OF,"BROTHER_OF(Shiblom,And) ∧ FATHER_OF(Onias,And)"
18873,28149,FATHER_OF,"BROTHER_OF(Shiblom,And) ∧ FATHER_OF(Gamaliel,And)"
36345,18645,FATHER_OF,"BROTHER_OF(Jesus,James) ∧ FATHER_OF(Elkanah,James)"
59317,18645,FATHER_OF,"BROTHER_OF(Jesus,James) ∧ FATHER_OF(Robert,James)"
464107,18645,FATHER_OF,"BROTHER_OF(Jesus,James) ∧ FATHER_OF(An Ephraimite,James)"
11338,792244,FATHER_OF,"BROTHER_OF(Jared Sees,Arnold Friberg) ∧ FATHER_OF(Simón Iscariote,Arnold Friberg)"
19073,792244,FATHER_OF,"BROTHER_OF(Jared Sees,Arnold Friberg) ∧ FATHER_OF(James,Arnold Friberg)"
757218,792244,FATHER_OF,"BROTHER_OF(Jared Sees,Arnold Friberg) ∧ FATHER_OF(Chalphi,Arnold Friberg)"
457984,792244,FATHER_OF,"BROTHER_OF(Jared Sees,Arnold Friberg) ∧ FATHER_OF(Simon Iscariot,Arnold Friberg)"
35049,792244,FATHER_OF,"BROTHER_OF(Jared Sees,Arnold Friberg) ∧ FATHER_OF(Rhesa,Arnold Friberg)"
25524,792244,FATHER_OF,"BROTHER_OF(Jared Sees,Arnold Friberg) ∧ FATHER_OF(Jonas,Arnold Friberg)"
45834,792244,FATHER_OF,"BROTHER_OF(Jared Sees,Arnold Friberg) ∧ FATHER_OF(Jona,Arnold Friberg)"
19094,792244,FATHER_OF,"BROTHER_OF(Jared Sees,Arnold Friberg) ∧ FATHER_OF(Jonah,Arnold Friberg)"
650625,792244,FATHER_OF,"BROTHER_OF(Jared Sees,Arnold Friberg) ∧ FATHER_OF(Gioras,Arnold Friberg)"
55816,792244,FATHER_OF,"BROTHER_OF(Jared Sees,Arnold Friberg) ∧ FATHER_OF(Jochai,Arnold Friberg)"
465526,792244,FATHER_OF,"BROTHER_OF(Jared Sees,Arnold Friberg) ∧ FATHER_OF(Onias,Arnold Friberg)"
18873,792244,FATHER_OF,"BROTHER_OF(Jared Sees,Arnold Friberg) ∧ FATHER_OF(Gamaliel,Arnold Friberg)"
19871,19735,FATHER_OF,"BROTHER_OF(José,Samuel) ∧ FATHER_OF(Zacharias,Samuel)"
397883,19735,FATHER_OF,"BROTHER_OF(José,Samuel) ∧ FATHER_OF(Mathew Woodruff,Samuel)"
494839,19735,FATHER_OF,"BROTHER_OF(José,Samuel) ∧ FATHER_OF(Accos,Samuel)"
35041,19735,FATHER_OF,"BROTHER_OF(José,Samuel) ∧ FATHER_OF(Mattathias,Samuel)"
19872,19735,FATHER_OF,"BROTHER_OF(José,Samuel) ∧ FATHER_OF(Zechariah,Samuel)"
204448,19735,FATHER_OF,"BROTHER_OF(José,Samuel) ∧ FATHER_OF(Alpheus,Samuel)"
499765,19735,FATHER_OF,"BROTHER_OF(José,Samuel) ∧ FATHER_OF(Zehedee,Samuel)"
621613,19735,FATHER_OF,"BROTHER_OF(José,Samuel) ∧ FATHER_OF(Zebedee Salome,Samuel)"
42109,19735,FATHER_OF,"BROTHER_OF(José,Samuel) ∧ FATHER_OF(Joiada,Samuel)"
19566,19735,FATHER_OF,"BROTHER_OF(José,Samuel) ∧ FATHER_OF(Shaul,Samuel)"
19494,19735,FATHER_OF,"BROTHER_OF(José,Samuel) ∧ FATHER_OF(Paul,Samuel)"
36417,19735,FATHER_OF,"BROTHER_OF(José,Samuel) ∧ FATHER_OF(Shemaiah,Samuel)"
36161,19735,FATHER_OF,"BROTHER_OF(José,Samuel) ∧ FATHER_OF(Shage,Samuel)"
36610,19735,FATHER_OF,"BROTHER_OF(José,Samuel) ∧ FATHER_OF(Shimea,Samuel)"
35320,19735,FATHER_OF,"BROTHER_OF(José,Samuel) ∧ FATHER_OF(Abiathar,Samuel)"
36418,19735,FATHER_OF,"BROTHER_OF(José,Samuel) ∧ FATHER_OF(Uzziel,Samuel)"
36162,19735,FATHER_OF,"BROTHER_OF(José,Samuel) ∧ FATHER_OF(Shammah,Samuel)"
419644,19735,FATHER_OF,"BROTHER_OF(José,Samuel) ∧ FATHER_OF(Shagee,Samuel)"
36830,19735,FATHER_OF,"BROTHER_OF(José,Samuel) ∧ FATHER_OF(Absalom,Samuel)"
36627,19735,FATHER_OF,"BROTHER_OF(José,Samuel) ∧ FATHER_OF(Shimei,Samuel)"
36535,19735,FATHER_OF,"BROTHER_OF(José,Samuel) ∧ FATHER_OF(Shammai,Samuel)"
19095,19735,FATHER_OF,"BROTHER_OF(José,Samuel) ∧ FATHER_OF(Jonathan,Samuel)"
33560,19735,FATHER_OF,"BROTHER_OF(José,Samuel) ∧ FATHER_OF(Tyre,Samuel)"
19499,19735,FATHER_OF,"BROTHER_OF(José,Samuel) ∧ FATHER_OF(Pharaoh,Samuel)"
19078,19735,FATHER_OF,"BROTHER_OF(José,Samuel) ∧ FATHER_OF(Jared,Samuel)"
3579,19735,FATHER_OF,"BROTHER_OF(José,Samuel) ∧ FATHER_OF(Cain,Samuel)"
24294,19735,FATHER_OF,"BROTHER_OF(José,Samuel) ∧ FATHER_OF(Midian,Samuel)"
3251,19735,FATHER_OF,"BROTHER_OF(José,Samuel) ∧ FATHER_OF(Mosiah,Samuel)"
19259,19735,FATHER_OF,"BROTHER_OF(José,Samuel) ∧ FATHER_OF(Lot,Samuel)"
18661,19735,FATHER_OF,"BROTHER_OF(José,Samuel) ∧ FATHER_OF(Daniel,Samuel)"
36179,19735,FATHER_OF,"BROTHER_OF(José,Samuel) ∧ FATHER_OF(Hemdan,Samuel)"
387410,19735,FATHER_OF,"BROTHER_OF(José,Samuel) ∧ FATHER_OF(Bathia,Samuel)"
19088,19735,FATHER_OF,"BROTHER_OF(José,Samuel) ∧ FATHER_OF(Jethro,Samuel)"
459345,19735,FATHER_OF,"BROTHER_OF(José,Samuel) ∧ FATHER_OF(Amaram,Samuel)"
28095,19735,FATHER_OF,"BROTHER_OF(José,Samuel) ∧ FATHER_OF(Heth,Samuel)"
3332,19735,FATHER_OF,"BROTHER_OF(José,Samuel) ∧ FATHER_OF(Mormon,Samuel)"
660398,19735,FATHER_OF,"BROTHER_OF(José,Samuel) ∧ FATHER_OF(Prophet Mormon,Samuel)"
20145,19735,FATHER_OF,"BROTHER_OF(José,Samuel) ∧ FATHER_OF(Righteousness,Samuel)"
30365,19735,FATHER_OF,"BROTHER_OF(José,Samuel) ∧ FATHER_OF(Lamech,Samuel)"
19913,19735,FATHER_OF,"BROTHER_OF(José,Samuel) ∧ FATHER_OF(Zeniff,Samuel)"
19871,176512,FATHER_OF,"BROTHER_OF(WILLIAM,Samuel) ∧ FATHER_OF(Zacharias,Samuel)"
397883,176512,FATHER_OF,"BROTHER_OF(WILLIAM,Samuel) ∧ FATHER_OF(Mathew Woodruff,Samuel)"
494839,176512,FATHER_OF,"BROTHER_OF(WILLIAM,Samuel) ∧ FATHER_OF(Accos,Samuel)"
35041,176512,FATHER_OF,"BROTHER_OF(WILLIAM,Samuel) ∧ FATHER_OF(Mattathias,Samuel)"
19872,176512,FATHER_OF,"BROTHER_OF(WILLIAM,Samuel) ∧ FATHER_OF(Zechariah,Samuel)"
204448,176512,FATHER_OF,"BROTHER_OF(WILLIAM,Samuel) ∧ FATHER_OF(Alpheus,Samuel)"
499765,176512,FATHER_OF,"BROTHER_OF(WILLIAM,Samuel) ∧ FATHER_OF(Zehedee,Samuel)"
621613,176512,FATHER_OF,"BROTHER_OF(WILLIAM,Samuel) ∧ FATHER_OF(Zebedee Salome,Samuel)"
42109,176512,FATHER_OF,"BROTHER_OF(WILLIAM,Samuel) ∧ FATHER_OF(Joiada,Samuel)"
19566,176512,FATHER_OF,"BROTHER_OF(WILLIAM,Samuel) ∧ FATHER_OF(Shaul,Samuel)"
19494,176512,FATHER_OF,"BROTHER_OF(WILLIAM,Samuel) ∧ FATHER_OF(Paul,Samuel)"
36417,176512,FATHER_OF,"BROTHER_OF(WILLIAM,Samuel) ∧ FATHER_OF(Shemaiah,Samuel)"
36161,176512,FATHER_OF,"BROTHER_OF(WILLIAM,Samuel) ∧ FATHER_OF(Shage,Samuel)"
36610,176512,FATHER_OF,"BROTHER_OF(WILLIAM,Samuel) ∧ FATHER_OF(Shimea,Samuel)"
35320,176512,FATHER_OF,"BROTHER_OF(WILLIAM,Samuel) ∧ FATHER_OF(Abiathar,Samuel)"
36418,176512,FATHER_OF,"BROTHER_OF(WILLIAM,Samuel) ∧ FATHER_OF(Uzziel,Samuel)"
36162,176512,FATHER_OF,"BROTHER_OF(WILLIAM,Samuel) ∧ FATHER_OF(Shammah,Samuel)"
419644,176512,FATHER_OF,"BROTHER_OF(WILLIAM,Samuel) ∧ FATHER_OF(Shagee,Samuel)"
36830,176512,FATHER_OF,"BROTHER_OF(WILLIAM,Samuel) ∧ FATHER_OF(Absalom,Samuel)"
36627,176512,FATHER_OF,"BROTHER_OF(WILLIAM,Samuel) ∧ FATHER_OF(Shimei,Samuel)"
36535,176512,FATHER_OF,"BROTHER_OF(WILLIAM,Samuel) ∧ FATHER_OF(Shammai,Samuel)"
19095,176512,FATHER_OF,"BROTHER_OF(WILLIAM,Samuel) ∧ FATHER_OF(Jonathan,Samuel)"
33560,176512,FATHER_OF,"BROTHER_OF(WILLIAM,Samuel) ∧ FATHER_OF(Tyre,Samuel)"
19499,176512,FATHER_OF,"BROTHER_OF(WILLIAM,Samuel) ∧ FATHER_OF(Pharaoh,Samuel)"
19078,176512,FATHER_OF,"BROTHER_OF(WILLIAM,Samuel) ∧ FATHER_OF(Jared,Samuel)"
3579,176512,FATHER_OF,"BROTHER_OF(WILLIAM,Samuel) ∧ FATHER_OF(Cain,Samuel)"
24294,176512,FATHER_OF,"BROTHER_OF(WILLIAM,Samuel) ∧ FATHER_OF(Midian,Samuel)"
3251,176512,FATHER_OF,"BROTHER_OF(WILLIAM,Samuel) ∧ FATHER_OF(Mosiah,Samuel)"
19259,176512,FATHER_OF,"BROTHER_OF(WILLIAM,Samuel) ∧ FATHER_OF(Lot,Samuel)"
18661,176512,FATHER_OF,"BROTHER_OF(WILLIAM,Samuel) ∧ FATHER_OF(Daniel,Samuel)"
36179,176512,FATHER_OF,"BROTHER_OF(WILLIAM,Samuel) ∧ FATHER_OF(Hemdan,Samuel)"
387410,176512,FATHER_OF,"BROTHER_OF(WILLIAM,Samuel) ∧ FATHER_OF(Bathia,Samuel)"
19088,176512,FATHER_OF,"BROTHER_OF(WILLIAM,Samuel) ∧ FATHER_OF(Jethro,Samuel)"
459345,176512,FATHER_OF,"BROTHER_OF(WILLIAM,Samuel) ∧ FATHER_OF(Amaram,Samuel)"
28095,176512,FATHER_OF,"BROTHER_OF(WILLIAM,Samuel) ∧ FATHER_OF(Heth,Samuel)"
3332,176512,FATHER_OF,"BROTHER_OF(WILLIAM,Samuel) ∧ FATHER_OF(Mormon,Samuel)"
660398,176512,FATHER_OF,"BROTHER_OF(WILLIAM,Samuel) ∧ FATHER_OF(Prophet Mormon,Samuel)"
20145,176512,FATHER_OF,"BROTHER_OF(WILLIAM,Samuel) ∧ FATHER_OF(Righteousness,Samuel)"
30365,176512,FATHER_OF,"BROTHER_OF(WILLIAM,Samuel) ∧ FATHER_OF(Lamech,Samuel)"
19913,176512,FATHER_OF,"BROTHER_OF(WILLIAM,Samuel) ∧ FATHER_OF(Zeniff,Samuel)"
36345,104442,FATHER_OF,"BROTHER_OF(Burnett,James) ∧ FATHER_OF(Elkanah,James)"
59317,104442,FATHER_OF,"BROTHER_OF(Burnett,James) ∧ FATHER_OF(Robert,James)"
464107,104442,FATHER_OF,"BROTHER_OF(Burnett,James) ∧ FATHER_OF(An Ephraimite,James)"
11338,19583,FATHER_OF,"BROTHER_OF(Hyrum Smith,William Smith) ∧ FATHER_OF(Simón Iscariote,William Smith)"
19073,19583,FATHER_OF,"BROTHER_OF(Hyrum Smith,William Smith) ∧ FATHER_OF(James,William Smith)"
757218,19583,FATHER_OF,"BROTHER_OF(Hyrum Smith,William Smith) ∧ FATHER_OF(Chalphi,William Smith)"
457984,19583,FATHER_OF,"BROTHER_OF(Hyrum Smith,William Smith) ∧ FATHER_OF(Simon Iscariot,William Smith)"
35049,19583,FATHER_OF,"BROTHER_OF(Hyrum Smith,William Smith) ∧ FATHER_OF(Rhesa,William Smith)"
25524,19583,FATHER_OF,"BROTHER_OF(Hyrum Smith,William Smith) ∧ FATHER_OF(Jonas,William Smith)"
45834,19583,FATHER_OF,"BROTHER_OF(Hyrum Smith,William Smith) ∧ FATHER_OF(Jona,William Smith)"
19094,19583,FATHER_OF,"BROTHER_OF(Hyrum Smith,William Smith) ∧ FATHER_OF(Jonah,William Smith)"
650625,19583,FATHER_OF,"BROTHER_OF(Hyrum Smith,William Smith) ∧ FATHER_OF(Gioras,William Smith)"
55816,19583,FATHER_OF,"BROTHER_OF(Hyrum Smith,William Smith) ∧ FATHER_OF(Jochai,William Smith)"
465526,19583,FATHER_OF,"BROTHER_OF(Hyrum Smith,William Smith) ∧ FATHER_OF(Onias,William Smith)"
18873,19583,FATHER_OF,"BROTHER_OF(Hyrum Smith,William Smith) ∧ FATHER_OF(Gamaliel,William Smith)"
19108,18897,FATHER_OF,"BROTHER_OF(Samuel,Hyrum Smith) ∧ FATHER_OF(Judas,Hyrum Smith)"
494653,18897,FATHER_OF,"BROTHER_OF(Samuel,Hyrum Smith) ∧ FATHER_OF(Sirach,Hyrum Smith)"
516157,18897,FATHER_OF,"BROTHER_OF(Samuel,Hyrum Smith) ∧ FATHER_OF(SIR,Hyrum Smith)"
398435,18897,FATHER_OF,"BROTHER_OF(Samuel,Hyrum Smith) ∧ FATHER_OF(Josedek,Hyrum Smith)"
416791,18897,FATHER_OF,"BROTHER_OF(Samuel,Hyrum Smith) ∧ FATHER_OF(Ananus,Hyrum Smith)"
19581,18897,FATHER_OF,"BROTHER_OF(Samuel,Hyrum Smith) ∧ FATHER_OF(Simon,Hyrum Smith)"
35452,18897,FATHER_OF,"BROTHER_OF(Samuel,Hyrum Smith) ∧ FATHER_OF(Eleazar,Hyrum Smith)"
11338,73734,FATHER_OF,"BROTHER_OF(Janet,Cuando) ∧ FATHER_OF(Simón Iscariote,Cuando)"
19073,73734,FATHER_OF,"BROTHER_OF(Janet,Cuando) ∧ FATHER_OF(James,Cuando)"
757218,73734,FATHER_OF,"BROTHER_OF(Janet,Cuando) ∧ FATHER_OF(Chalphi,Cuando)"
457984,73734,FATHER_OF,"BROTHER_OF(Janet,Cuando) ∧ FATHER_OF(Simon Iscariot,Cuando)"
35049,73734,FATHER_OF,"BROTHER_OF(Janet,Cuando) ∧ FATHER_OF(Rhesa,Cuando)"
25524,73734,FATHER_OF,"BROTHER_OF(Janet,Cuando) ∧ FATHER_OF(Jonas,Cuando)"
45834,73734,FATHER_OF,"BROTHER_OF(Janet,Cuando) ∧ FATHER_OF(Jona,Cuando)"
19094,73734,FATHER_OF,"BROTHER_OF(Janet,Cuando) ∧ FATHER_OF(Jonah,Cuando)"
650625,73734,FATHER_OF,"BROTHER_OF(Janet,Cuando) ∧ FATHER_OF(Gioras,Cuando)"
55816,73734,FATHER_OF,"BROTHER_OF(Janet,Cuando) ∧ FATHER_OF(Jochai,Cuando)"
465526,73734,FATHER_OF,"BROTHER_OF(Janet,Cuando) ∧ FATHER_OF(Onias,Cuando)"
18873,73734,FATHER_OF,"BROTHER_OF(Janet,Cuando) ∧ FATHER_OF(Gamaliel,Cuando)"
30664,203561,FATHER_OF,"BROTHER_OF(Judas Maccabeus,Simon) ∧ FATHER_OF(Joseph Smith Sr.,Simon)"
213770,203561,FATHER_OF,"BROTHER_OF(Judas Maccabeus,Simon) ∧ FATHER_OF(Alexander Hale Smith,Simon)"
520857,203561,FATHER_OF,"BROTHER_OF(Judas Maccabeus,Simon) ∧ FATHER_OF(Patriarch Hyrum Smith,Simon)"
106978,203561,FATHER_OF,"BROTHER_OF(Judas Maccabeus,Simon) ∧ FATHER_OF(Asael Smith,Simon)"
36535,203561,FATHER_OF,"BROTHER_OF(Judas Maccabeus,Simon) ∧ FATHER_OF(Shammai,Simon)"
19095,203561,FATHER_OF,"BROTHER_OF(Judas Maccabeus,Simon) ∧ FATHER_OF(Jonathan,Simon)"
33560,203561,FATHER_OF,"BROTHER_OF(Judas Maccabeus,Simon) ∧ FATHER_OF(Tyre,Simon)"
19499,203561,FATHER_OF,"BROTHER_OF(Judas Maccabeus,Simon) ∧ FATHER_OF(Pharaoh,Simon)"
19078,203561,FATHER_OF,"BROTHER_OF(Judas Maccabeus,Simon) ∧ FATHER_OF(Jared,Simon)"
3579,203561,FATHER_OF,"BROTHER_OF(Judas Maccabeus,Simon) ∧ FATHER_OF(Cain,Simon)"
24294,203561,FATHER_OF,"BROTHER_OF(Judas Maccabeus,Simon) ∧ FATHER_OF(Midian,Simon)"
3251,203561,FATHER_OF,"BROTHER_OF(Judas Maccabeus,Simon) ∧ FATHER_OF(Mosiah,Simon)"
19259,203561,FATHER_OF,"BROTHER_OF(Judas Maccabeus,Simon) ∧ FATHER_OF(Lot,Simon)"
18661,203561,FATHER_OF,"BROTHER_OF(Judas Maccabeus,Simon) ∧ FATHER_OF(Daniel,Simon)"
36179,203561,FATHER_OF,"BROTHER_OF(Judas Maccabeus,Simon) ∧ FATHER_OF(Hemdan,Simon)"
387410,203561,FATHER_OF,"BROTHER_OF(Judas Maccabeus,Simon) ∧ FATHER_OF(Bathia,Simon)"
19088,203561,FATHER_OF,"BROTHER_OF(Judas Maccabeus,Simon) ∧ FATHER_OF(Jethro,Simon)"
459345,203561,FATHER_OF,"BROTHER_OF(Judas Maccabeus,Simon) ∧ FATHER_OF(Amaram,Simon)"
28095,203561,FATHER_OF,"BROTHER_OF(Judas Maccabeus,Simon) ∧ FATHER_OF(Heth,Simon)"
3332,203561,FATHER_OF,"BROTHER_OF(Judas Maccabeus,Simon) ∧ FATHER_OF(Mormon,Simon)"
660398,203561,FATHER_OF,"BROTHER_OF(Judas Maccabeus,Simon) ∧ FATHER_OF(Prophet Mormon,Simon)"
20145,203561,FATHER_OF,"BROTHER_OF(Judas Maccabeus,Simon) ∧ FATHER_OF(Righteousness,Simon)"
30365,203561,FATHER_OF,"BROTHER_OF(Judas Maccabeus,Simon) ∧ FATHER_OF(Lamech,Simon)"
19913,203561,FATHER_OF,"BROTHER_OF(Judas Maccabeus,Simon) ∧ FATHER_OF(Zeniff,Simon)"
36345,441241,FATHER_OF,"BROTHER_OF(Judas Maccabee,Jonathan) ∧ FATHER_OF(Elkanah,Jonathan)"
59317,441241,FATHER_OF,"BROTHER_OF(Judas Maccabee,Jonathan) ∧ FATHER_OF(Robert,Jonathan)"
464107,441241,FATHER_OF,"BROTHER_OF(Judas Maccabee,Jonathan) ∧ FATHER_OF(An Ephraimite,Jonathan)"
19871,30497,FATHER_OF,"BROTHER_OF(Hyrum,Samuel) ∧ FATHER_OF(Zacharias,Samuel)"
397883,30497,FATHER_OF,"BROTHER_OF(Hyrum,Samuel) ∧ FATHER_OF(Mathew Woodruff,Samuel)"
494839,30497,FATHER_OF,"BROTHER_OF(Hyrum,Samuel) ∧ FATHER_OF(Accos,Samuel)"
35041,30497,FATHER_OF,"BROTHER_OF(Hyrum,Samuel) ∧ FATHER_OF(Mattathias,Samuel)"
19872,30497,FATHER_OF,"BROTHER_OF(Hyrum,Samuel) ∧ FATHER_OF(Zechariah,Samuel)"
204448,30497,FATHER_OF,"BROTHER_OF(Hyrum,Samuel) ∧ FATHER_OF(Alpheus,Samuel)"
499765,30497,FATHER_OF,"BROTHER_OF(Hyrum,Samuel) ∧ FATHER_OF(Zehedee,Samuel)"
621613,30497,FATHER_OF,"BROTHER_OF(Hyrum,Samuel) ∧ FATHER_OF(Zebedee Salome,Samuel)"
42109,30497,FATHER_OF,"BROTHER_OF(Hyrum,Samuel) ∧ FATHER_OF(Joiada,Samuel)"
19566,30497,FATHER_OF,"BROTHER_OF(Hyrum,Samuel) ∧ FATHER_OF(Shaul,Samuel)"
19494,30497,FATHER_OF,"BROTHER_OF(Hyrum,Samuel) ∧ FATHER_OF(Paul,Samuel)"
36417,30497,FATHER_OF,"BROTHER_OF(Hyrum,Samuel) ∧ FATHER_OF(Shemaiah,Samuel)"
36161,30497,FATHER_OF,"BROTHER_OF(Hyrum,Samuel) ∧ FATHER_OF(Shage,Samuel)"
36610,30497,FATHER_OF,"BROTHER_OF(Hyrum,Samuel) ∧ FATHER_OF(Shimea,Samuel)"
35320,30497,FATHER_OF,"BROTHER_OF(Hyrum,Samuel) ∧ FATHER_OF(Abiathar,Samuel)"
36418,30497,FATHER_OF,"BROTHER_OF(Hyrum,Samuel) ∧ FATHER_OF(Uzziel,Samuel)"
36162,30497,FATHER_OF,"BROTHER_OF(Hyrum,Samuel) ∧ FATHER_OF(Shammah,Samuel)"
419644,30497,FATHER_OF,"BROTHER_OF(Hyrum,Samuel) ∧ FATHER_OF(Shagee,Samuel)"
36830,30497,FATHER_OF,"BROTHER_OF(Hyrum,Samuel) ∧ FATHER_OF(Absalom,Samuel)"
36627,30497,FATHER_OF,"BROTHER_OF(Hyrum,Samuel) ∧ FATHER_OF(Shimei,Samuel)"
36535,30497,FATHER_OF,"BROTHER_OF(Hyrum,Samuel) ∧ FATHER_OF(Shammai,Samuel)"
19095,30497,FATHER_OF,"BROTHER_OF(Hyrum,Samuel) ∧ FATHER_OF(Jonathan,Samuel)"
33560,30497,FATHER_OF,"BROTHER_OF(Hyrum,Samuel) ∧ FATHER_OF(Tyre,Samuel)"
19499,30497,FATHER_OF,"BROTHER_OF(Hyrum,Samuel) ∧ FATHER_OF(Pharaoh,Samuel)"
19078,30497,FATHER_OF,"BROTHER_OF(Hyrum,Samuel) ∧ FATHER_OF(Jared,Samuel)"
3579,30497,FATHER_OF,"BROTHER_OF(Hyrum,Samuel) ∧ FATHER_OF(Cain,Samuel)"
24294,30497,FATHER_OF,"BROTHER_OF(Hyrum,Samuel) ∧ FATHER_OF(Midian,Samuel)"
3251,30497,FATHER_OF,"BROTHER_OF(Hyrum,Samuel) ∧ FATHER_OF(Mosiah,Samuel)"
19259,30497,FATHER_OF,"BROTHER_OF(Hyrum,Samuel) ∧ FATHER_OF(Lot,Samuel)"
18661,30497,FATHER_OF,"BROTHER_OF(Hyrum,Samuel) ∧ FATHER_OF(Daniel,Samuel)"
36179,30497,FATHER_OF,"BROTHER_OF(Hyrum,Samuel) ∧ FATHER_OF(Hemdan,Samuel)"
387410,30497,FATHER_OF,"BROTHER_OF(Hyrum,Samuel) ∧ FATHER_OF(Bathia,Samuel)"
19088,30497,FATHER_OF,"BROTHER_OF(Hyrum,Samuel) ∧ FATHER_OF(Jethro,Samuel)"
459345,30497,FATHER_OF,"BROTHER_OF(Hyrum,Samuel) ∧ FATHER_OF(Amaram,Samuel)"
28095,30497,FATHER_OF,"BROTHER_OF(Hyrum,Samuel) ∧ FATHER_OF(Heth,Samuel)"
3332,30497,FATHER_OF,"BROTHER_OF(Hyrum,Samuel) ∧ FATHER_OF(Mormon,Samuel)"
660398,30497,FATHER_OF,"BROTHER_OF(Hyrum,Samuel) ∧ FATHER_OF(Prophet Mormon,Samuel)"
20145,30497,FATHER_OF,"BROTHER_OF(Hyrum,Samuel) ∧ FATHER_OF(Righteousness,Samuel)"
30365,30497,FATHER_OF,"BROTHER_OF(Hyrum,Samuel) ∧ FATHER_OF(Lamech,Samuel)"
19913,30497,FATHER_OF,"BROTHER_OF(Hyrum,Samuel) ∧ FATHER_OF(Zeniff,Samuel)"
11338,19102,FATHER_OF,"BROTHER_OF(Joseph Smith,Smith) ∧ FATHER_OF(Simón Iscariote,Smith)"
19073,19102,FATHER_OF,"BROTHER_OF(Joseph Smith,Smith) ∧ FATHER_OF(James,Smith)"
757218,19102,FATHER_OF,"BROTHER_OF(Joseph Smith,Smith) ∧ FATHER_OF(Chalphi,Smith)"
457984,19102,FATHER_OF,"BROTHER_OF(Joseph Smith,Smith) ∧ FATHER_OF(Simon Iscariot,Smith)"
35049,19102,FATHER_OF,"BROTHER_OF(Joseph Smith,Smith) ∧ FATHER_OF(Rhesa,Smith)"
25524,19102,FATHER_OF,"BROTHER_OF(Joseph Smith,Smith) ∧ FATHER_OF(Jonas,Smith)"
45834,19102,FATHER_OF,"BROTHER_OF(Joseph Smith,Smith) ∧ FATHER_OF(Jona,Smith)"
19094,19102,FATHER_OF,"BROTHER_OF(Joseph Smith,Smith) ∧ FATHER_OF(Jonah,Smith)"
650625,19102,FATHER_OF,"BROTHER_OF(Joseph Smith,Smith) ∧ FATHER_OF(Gioras,Smith)"
55816,19102,FATHER_OF,"BROTHER_OF(Joseph Smith,Smith) ∧ FATHER_OF(Jochai,Smith)"
465526,19102,FATHER_OF,"BROTHER_OF(Joseph Smith,Smith) ∧ FATHER_OF(Onias,Smith)"
18873,19102,FATHER_OF,"BROTHER_OF(Joseph Smith,Smith) ∧ FATHER_OF(Gamaliel,Smith)"
11338,37311,FATHER_OF,"SISTER_OF(Tahpenes,And) ∧ FATHER_OF(Simón Iscariote,And)"
19073,37311,FATHER_OF,"SISTER_OF(Tahpenes,And) ∧ FATHER_OF(James,And)"
757218,37311,FATHER_OF,"SISTER_OF(Tahpenes,And) ∧ FATHER_OF(Chalphi,And)"
457984,37311,FATHER_OF,"SISTER_OF(Tahpenes,And) ∧ FATHER_OF(Simon Iscariot,And)"
35049,37311,FATHER_OF,"SISTER_OF(Tahpenes,And) ∧ FATHER_OF(Rhesa,And)"
25524,37311,FATHER_OF,"SISTER_OF(Tahpenes,And) ∧ FATHER_OF(Jonas,And)"
45834,37311,FATHER_OF,"SISTER_OF(Tahpenes,And) ∧ FATHER_OF(Jona,And)"
19094,37311,FATHER_OF,"SISTER_OF(Tahpenes,And) ∧ FATHER_OF(Jonah,And)"
650625,37311,FATHER_OF,"SISTER_OF(Tahpenes,And) ∧ FATHER_OF(Gioras,And)"
55816,37311,FATHER_OF,"SISTER_OF(Tahpenes,And) ∧ FATHER_OF(Jochai,And)"
465526,37311,FATHER_OF,"SISTER_OF(Tahpenes,And) ∧ FATHER_OF(Onias,And)"
18873,37311,FATHER_OF,"SISTER_OF(Tahpenes,And) ∧ FATHER_OF(Gamaliel,And)"
11338,43432,FATHER_OF,"SISTER_OF(Tubal Cain,And) ∧ FATHER_OF(Simón Iscariote,And)"
19073,43432,FATHER_OF,"SISTER_OF(Tubal Cain,And) ∧ FATHER_OF(James,And)"
757218,43432,FATHER_OF,"SISTER_OF(Tubal Cain,And) ∧ FATHER_OF(Chalphi,And)"
457984,43432,FATHER_OF,"SISTER_OF(Tubal Cain,And) ∧ FATHER_OF(Simon Iscariot,And)"
35049,43432,FATHER_OF,"SISTER_OF(Tubal Cain,And) ∧ FATHER_OF(Rhesa,And)"
25524,43432,FATHER_OF,"SISTER_OF(Tubal Cain,And) ∧ FATHER_OF(Jonas,And)"
45834,43432,FATHER_OF,"SISTER_OF(Tubal Cain,And) ∧ FATHER_OF(Jona,And)"
19094,43432,FATHER_OF,"SISTER_OF(Tubal Cain,And) ∧ FATHER_OF(Jonah,And)"
650625,43432,FATHER_OF,"SISTER_OF(Tubal Cain,And) ∧ FATHER_OF(Gioras,And)"
55816,43432,FATHER_OF,"SISTER_OF(Tubal Cain,And) ∧ FATHER_OF(Jochai,And)"
465526,43432,FATHER_OF,"SISTER_OF(Tubal Cain,And) ∧ FATHER_OF(Onias,And)"
18873,43432,FATHER_OF,"SISTER_OF(Tubal Cain,And) ∧ FATHER_OF(Gamaliel,And)"
11338,152911,FATHER_OF,"SISTER_OF(Taiwán,Entonces) ∧ FATHER_OF(Simón Iscariote,Entonces)"
19073,152911,FATHER_OF,"SISTER_OF(Taiwán,Entonces) ∧ FATHER_OF(James,Entonces)"
757218,152911,FATHER_OF,"SISTER_OF(Taiwán,Entonces) ∧ FATHER_OF(Chalphi,Entonces)"
457984,152911,FATHER_OF,"SISTER_OF(Taiwán,Entonces) ∧ FATHER_OF(Simon Iscariot,Entonces)"
35049,152911,FATHER_OF,"SISTER_OF(Taiwán,Entonces) ∧ FATHER_OF(Rhesa,Entonces)"
25524,152911,FATHER_OF,"SISTER_OF(Taiwán,Entonces) ∧ FATHER_OF(Jonas,Entonces)"
45834,152911,FATHER_OF,"SISTER_OF(Taiwán,Entonces) ∧ FATHER_OF(Jona,Entonces)"
19094,152911,FATHER_OF,"SISTER_OF(Taiwán,Entonces) ∧ FATHER_OF(Jonah,Entonces)"
650625,152911,FATHER_OF,"SISTER_OF(Taiwán,Entonces) ∧ FATHER_OF(Gioras,Entonces)"
55816,152911,FATHER_OF,"SISTER_OF(Taiwán,Entonces) ∧ FATHER_OF(Jochai,Entonces)"
465526,152911,FATHER_OF,"SISTER_OF(Taiwán,Entonces) ∧ FATHER_OF(Onias,Entonces)"
18873,152911,FATHER_OF,"SISTER_OF(Taiwán,Entonces) ∧ FATHER_OF(Gamaliel,Entonces)"
11338,737803,FATHER_OF,"SISTER_OF(Blendina,Cuando) ∧ FATHER_OF(Simón Iscariote,Cuando)"
19073,737803,FATHER_OF,"SISTER_OF(Blendina,Cuando) ∧ FATHER_OF(James,Cuando)"
757218,737803,FATHER_OF,"SISTER_OF(Blendina,Cuando) ∧ FATHER_OF(Chalphi,Cuando)"
457984,737803,FATHER_OF,"SISTER_OF(Blendina,Cuando) ∧ FATHER_OF(Simon Iscariot,Cuando)"
35049,737803,FATHER_OF,"SISTER_OF(Blendina,Cuando) ∧ FATHER_OF(Rhesa,Cuando)"
25524,737803,FATHER_OF,"SISTER_OF(Blendina,Cuando) ∧ FATHER_OF(Jonas,Cuando)"
45834,737803,FATHER_OF,"SISTER_OF(Blendina,Cuando) ∧ FATHER_OF(Jona,Cuando)"
19094,737803,FATHER_OF,"SISTER_OF(Blendina,Cuando) ∧ FATHER_OF(Jonah,Cuando)"
650625,737803,FATHER_OF,"SISTER_OF(Blendina,Cuando) ∧ FATHER_OF(Gioras,Cuando)"
55816,737803,FATHER_OF,"SISTER_OF(Blendina,Cuando) ∧ FATHER_OF(Jochai,Cuando)"
465526,737803,FATHER_OF,"SISTER_OF(Blendina,Cuando) ∧ FATHER_OF(Onias,Cuando)"
18873,737803,FATHER_OF,"SISTER_OF(Blendina,Cuando) ∧ FATHER_OF(Gamaliel,Cuando)"
19210,3247,FATHER_OF,"BROTHER_OF(Aaron,Moses) ∧ FATHER_OF(Leah,Moses)"
19199,3247,FATHER_OF,"BROTHER_OF(Aaron,Moses) ∧ FATHER_OF(Laban,Moses)"
42086,3247,FATHER_OF,"BROTHER_OF(Aaron,Moses) ∧ FATHER_OF(Senuah,Moses)"
38002,3247,FATHER_OF,"BROTHER_OF(Aaron,Moses) ∧ FATHER_OF(Jehoash,Moses)"
36330,3247,FATHER_OF,"BROTHER_OF(Aaron,Moses) ∧ FATHER_OF(Joash,Moses)"
19082,3247,FATHER_OF,"BROTHER_OF(Aaron,Moses) ∧ FATHER_OF(Jehoshaphat,Moses)"
19540,3247,FATHER_OF,"BROTHER_OF(Aaron,Moses) ∧ FATHER_OF(Rehoboam,Moses)"
36522,3247,FATHER_OF,"BROTHER_OF(Aaron,Moses) ∧ FATHER_OF(Uri,Moses)"
24119,3247,FATHER_OF,"BROTHER_OF(Aaron,Moses) ∧ FATHER_OF(Jotham,Moses)"
35433,3247,FATHER_OF,"BROTHER_OF(Aaron,Moses) ∧ FATHER_OF(Jehoram,Moses)"
3504,3247,FATHER_OF,"BROTHER_OF(Aaron,Moses) ∧ FATHER_OF(Asa,Moses)"
36576,3247,FATHER_OF,"BROTHER_OF(Aaron,Moses) ∧ FATHER_OF(Jahdai,Moses)"
36557,3247,FATHER_OF,"BROTHER_OF(Aaron,Moses) ∧ FATHER_OF(Azariah,Moses)"
36542,3247,FATHER_OF,"BROTHER_OF(Aaron,Moses) ∧ FATHER_OF(Appaim,Moses)"
36724,3247,FATHER_OF,"BROTHER_OF(Aaron,Moses) ∧ FATHER_OF(Jehohanan,Moses)"
18906,3247,FATHER_OF,"BROTHER_OF(Aaron,Moses) ∧ FATHER_OF(Hezekiah,Moses)"
36563,3247,FATHER_OF,"BROTHER_OF(Aaron,Moses) ∧ FATHER_OF(Jekamiah,Moses)"
402110,3247,FATHER_OF,"BROTHER_OF(Aaron,Moses) ∧ FATHER_OF(Hassenuah,Moses)"
36905,3247,FATHER_OF,"BROTHER_OF(Aaron,Moses) ∧ FATHER_OF(Meonothai,Moses)"
36898,3247,FATHER_OF,"BROTHER_OF(Aaron,Moses) ∧ FATHER_OF(Eshton,Moses)"
37051,3247,FATHER_OF,"BROTHER_OF(Aaron,Moses) ∧ FATHER_OF(Adaiah,Moses)"
24105,3247,FATHER_OF,"BROTHER_OF(Aaron,Moses) ∧ FATHER_OF(Uzziah,Moses)"
36797,3247,FATHER_OF,"BROTHER_OF(Aaron,Moses) ∧ FATHER_OF(Chelub,Moses)"
19871,67829,FATHER_OF,"BROTHER_OF(Samuel Harrison Smith,José) ∧ FATHER_OF(Zacharias,José)"
397883,67829,FATHER_OF,"BROTHER_OF(Samuel Harrison Smith,José) ∧ FATHER_OF(Mathew Woodruff,José)"
494839,67829,FATHER_OF,"BROTHER_OF(Samuel Harrison Smith,José) ∧ FATHER_OF(Accos,José)"
35041,67829,FATHER_OF,"BROTHER_OF(Samuel Harrison Smith,José) ∧ FATHER_OF(Mattathias,José)"
19872,67829,FATHER_OF,"BROTHER_OF(Samuel Harrison Smith,José) ∧ FATHER_OF(Zechariah,José)"
204448,67829,FATHER_OF,"BROTHER_OF(Samuel Harrison Smith,José) ∧ FATHER_OF(Alpheus,José)"
499765,67829,FATHER_OF,"BROTHER_OF(Samuel Harrison Smith,José) ∧ FATHER_OF(Zehedee,José)"
621613,67829,FATHER_OF,"BROTHER_OF(Samuel Harrison Smith,José) ∧ FATHER_OF(Zebedee Salome,José)"
42109,67829,FATHER_OF,"BROTHER_OF(Samuel Harrison Smith,José) ∧ FATHER_OF(Joiada,José)"
19566,67829,FATHER_OF,"BROTHER_OF(Samuel Harrison Smith,José) ∧ FATHER_OF(Shaul,José)"
19494,67829,FATHER_OF,"BROTHER_OF(Samuel Harrison Smith,José) ∧ FATHER_OF(Paul,José)"
36417,67829,FATHER_OF,"BROTHER_OF(Samuel Harrison Smith,José) ∧ FATHER_OF(Shemaiah,José)"
36161,67829,FATHER_OF,"BROTHER_OF(Samuel Harrison Smith,José) ∧ FATHER_OF(Shage,José)"
36610,67829,FATHER_OF,"BROTHER_OF(Samuel Harrison Smith,José) ∧ FATHER_OF(Shimea,José)"
35320,67829,FATHER_OF,"BROTHER_OF(Samuel Harrison Smith,José) ∧ FATHER_OF(Abiathar,José)"
36418,67829,FATHER_OF,"BROTHER_OF(Samuel Harrison Smith,José) ∧ FATHER_OF(Uzziel,José)"
36162,67829,FATHER_OF,"BROTHER_OF(Samuel Harrison Smith,José) ∧ FATHER_OF(Shammah,José)"
419644,67829,FATHER_OF,"BROTHER_OF(Samuel Harrison Smith,José) ∧ FATHER_OF(Shagee,José)"
36830,67829,FATHER_OF,"BROTHER_OF(Samuel Harrison Smith,José) ∧ FATHER_OF(Absalom,José)"
36627,67829,FATHER_OF,"BROTHER_OF(Samuel Harrison Smith,José) ∧ FATHER_OF(Shimei,José)"
36535,67829,FATHER_OF,"BROTHER_OF(Samuel Harrison Smith,José) ∧ FATHER_OF(Shammai,José)"
19095,67829,FATHER_OF,"BROTHER_OF(Samuel Harrison Smith,José) ∧ FATHER_OF(Jonathan,José)"
33560,67829,FATHER_OF,"BROTHER_OF(Samuel Harrison Smith,José) ∧ FATHER_OF(Tyre,José)"
19499,67829,FATHER_OF,"BROTHER_OF(Samuel Harrison Smith,José) ∧ FATHER_OF(Pharaoh,José)"
19078,67829,FATHER_OF,"BROTHER_OF(Samuel Harrison Smith,José) ∧ FATHER_OF(Jared,José)"
3579,67829,FATHER_OF,"BROTHER_OF(Samuel Harrison Smith,José) ∧ FATHER_OF(Cain,José)"
24294,67829,FATHER_OF,"BROTHER_OF(Samuel Harrison Smith,José) ∧ FATHER_OF(Midian,José)"
3251,67829,FATHER_OF,"BROTHER_OF(Samuel Harrison Smith,José) ∧ FATHER_OF(Mosiah,José)"
19259,67829,FATHER_OF,"BROTHER_OF(Samuel Harrison Smith,José) ∧ FATHER_OF(Lot,José)"
18661,67829,FATHER_OF,"BROTHER_OF(Samuel Harrison Smith,José) ∧ FATHER_OF(Daniel,José)"
36179,67829,FATHER_OF,"BROTHER_OF(Samuel Harrison Smith,José) ∧ FATHER_OF(Hemdan,José)"
387410,67829,FATHER_OF,"BROTHER_OF(Samuel Harrison Smith,José) ∧ FATHER_OF(Bathia,José)"
19088,67829,FATHER_OF,"BROTHER_OF(Samuel Harrison Smith,José) ∧ FATHER_OF(Jethro,José)"
459345,67829,FATHER_OF,"BROTHER_OF(Samuel Harrison Smith,José) ∧ FATHER_OF(Amaram,José)"
28095,67829,FATHER_OF,"BROTHER_OF(Samuel Harrison Smith,José) ∧ FATHER_OF(Heth,José)"
3332,67829,FATHER_OF,"BROTHER_OF(Samuel Harrison Smith,José) ∧ FATHER_OF(Mormon,José)"
660398,67829,FATHER_OF,"BROTHER_OF(Samuel Harrison Smith,José) ∧ FATHER_OF(Prophet Mormon,José)"
20145,67829,FATHER_OF,"BROTHER_OF(Samuel Harrison Smith,José) ∧ FATHER_OF(Righteousness,José)"
30365,67829,FATHER_OF,"BROTHER_OF(Samuel Harrison Smith,José) ∧ FATHER_OF(Lamech,José)"
19913,67829,FATHER_OF,"BROTHER_OF(Samuel Harrison Smith,José) ∧ FATHER_OF(Zeniff,José)"
11338,209474,FATHER_OF,"BROTHER_OF(Don Carlos Smith,Hyrum Smith) ∧ FATHER_OF(Simón Iscariote,Hyrum Smith)"
19073,209474,FATHER_OF,"BROTHER_OF(Don Carlos Smith,Hyrum Smith) ∧ FATHER_OF(James,Hyrum Smith)"
757218,209474,FATHER_OF,"BROTHER_OF(Don Carlos Smith,Hyrum Smith) ∧ FATHER_OF(Chalphi,Hyrum Smith)"
457984,209474,FATHER_OF,"BROTHER_OF(Don Carlos Smith,Hyrum Smith) ∧ FATHER_OF(Simon Iscariot,Hyrum Smith)"
35049,209474,FATHER_OF,"BROTHER_OF(Don Carlos Smith,Hyrum Smith) ∧ FATHER_OF(Rhesa,Hyrum Smith)"
25524,209474,FATHER_OF,"BROTHER_OF(Don Carlos Smith,Hyrum Smith) ∧ FATHER_OF(Jonas,Hyrum Smith)"
45834,209474,FATHER_OF,"BROTHER_OF(Don Carlos Smith,Hyrum Smith) ∧ FATHER_OF(Jona,Hyrum Smith)"
19094,209474,FATHER_OF,"BROTHER_OF(Don Carlos Smith,Hyrum Smith) ∧ FATHER_OF(Jonah,Hyrum Smith)"
650625,209474,FATHER_OF,"BROTHER_OF(Don Carlos Smith,Hyrum Smith) ∧ FATHER_OF(Gioras,Hyrum Smith)"
55816,209474,FATHER_OF,"BROTHER_OF(Don Carlos Smith,Hyrum Smith) ∧ FATHER_OF(Jochai,Hyrum Smith)"
465526,209474,FATHER_OF,"BROTHER_OF(Don Carlos Smith,Hyrum Smith) ∧ FATHER_OF(Onias,Hyrum Smith)"
18873,209474,FATHER_OF,"BROTHER_OF(Don Carlos Smith,Hyrum Smith) ∧ FATHER_OF(Gamaliel,Hyrum Smith)"
36345,19106,FATHER_OF,"BROTHER_OF(Judah,Jesus) ∧ FATHER_OF(Elkanah,Jesus)"
59317,19106,FATHER_OF,"BROTHER_OF(Judah,Jesus) ∧ FATHER_OF(Robert,Jesus)"
464107,19106,FATHER_OF,"BROTHER_OF(Judah,Jesus) ∧ FATHER_OF(An Ephraimite,Jesus)"
11338,150532,FATHER_OF,"BROTHER_OF(Alvin Smith,Joseph Smith) ∧ FATHER_OF(Simón Iscariote,Joseph Smith)"
19073,150532,FATHER_OF,"BROTHER_OF(Alvin Smith,Joseph Smith) ∧ FATHER_OF(James,Joseph Smith)"
757218,150532,FATHER_OF,"BROTHER_OF(Alvin Smith,Joseph Smith) ∧ FATHER_OF(Chalphi,Joseph Smith)"
457984,150532,FATHER_OF,"BROTHER_OF(Alvin Smith,Joseph Smith) ∧ FATHER_OF(Simon Iscariot,Joseph Smith)"
35049,150532,FATHER_OF,"BROTHER_OF(Alvin Smith,Joseph Smith) ∧ FATHER_OF(Rhesa,Joseph Smith)"
25524,150532,FATHER_OF,"BROTHER_OF(Alvin Smith,Joseph Smith) ∧ FATHER_OF(Jonas,Joseph Smith)"
45834,150532,FATHER_OF,"BROTHER_OF(Alvin Smith,Joseph Smith) ∧ FATHER_OF(Jona,Joseph Smith)"
19094,150532,FATHER_OF,"BROTHER_OF(Alvin Smith,Joseph Smith) ∧ FATHER_OF(Jonah,Joseph Smith)"
650625,150532,FATHER_OF,"BROTHER_OF(Alvin Smith,Joseph Smith) ∧ FATHER_OF(Gioras,Joseph Smith)"
55816,150532,FATHER_OF,"BROTHER_OF(Alvin Smith,Joseph Smith) ∧ FATHER_OF(Jochai,Joseph Smith)"
465526,150532,FATHER_OF,"BROTHER_OF(Alvin Smith,Joseph Smith) ∧ FATHER_OF(Onias,Joseph Smith)"
18873,150532,FATHER_OF,"BROTHER_OF(Alvin Smith,Joseph Smith) ∧ FATHER_OF(Gamaliel,Joseph Smith)"
19871,209992,FATHER_OF,"SISTER_OF(Sophronia,José) ∧ FATHER_OF(Zacharias,José)"
397883,209992,FATHER_OF,"SISTER_OF(Sophronia,José) ∧ FATHER_OF(Mathew Woodruff,José)"
494839,209992,FATHER_OF,"SISTER_OF(Sophronia,José) ∧ FATHER_OF(Accos,José)"
35041,209992,FATHER_OF,"SISTER_OF(Sophronia,José) ∧ FATHER_OF(Mattathias,José)"
19872,209992,FATHER_OF,"SISTER_OF(Sophronia,José) ∧ FATHER_OF(Zechariah,José)"
204448,209992,FATHER_OF,"SISTER_OF(Sophronia,José) ∧ FATHER_OF(Alpheus,José)"
499765,209992,FATHER_OF,"SISTER_OF(Sophronia,José) ∧ FATHER_OF(Zehedee,José)"
621613,209992,FATHER_OF,"SISTER_OF(Sophronia,José) ∧ FATHER_OF(Zebedee Salome,José)"
42109,209992,FATHER_OF,"SISTER_OF(Sophronia,José) ∧ FATHER_OF(Joiada,José)"
19566,209992,FATHER_OF,"SISTER_OF(Sophronia,José) ∧ FATHER_OF(Shaul,José)"
19494,209992,FATHER_OF,"SISTER_OF(Sophronia,José) ∧ FATHER_OF(Paul,José)"
36417,209992,FATHER_OF,"SISTER_OF(Sophronia,José) ∧ FATHER_OF(Shemaiah,José)"
36161,209992,FATHER_OF,"SISTER_OF(Sophronia,José) ∧ FATHER_OF(Shage,José)"
36610,209992,FATHER_OF,"SISTER_OF(Sophronia,José) ∧ FATHER_OF(Shimea,José)"
35320,209992,FATHER_OF,"SISTER_OF(Sophronia,José) ∧ FATHER_OF(Abiathar,José)"
36418,209992,FATHER_OF,"SISTER_OF(Sophronia,José) ∧ FATHER_OF(Uzziel,José)"
36162,209992,FATHER_OF,"SISTER_OF(Sophronia,José) ∧ FATHER_OF(Shammah,José)"
419644,209992,FATHER_OF,"SISTER_OF(Sophronia,José) ∧ FATHER_OF(Shagee,José)"
36830,209992,FATHER_OF,"SISTER_OF(Sophronia,José) ∧ FATHER_OF(Absalom,José)"
36627,209992,FATHER_OF,"SISTER_OF(Sophronia,José) ∧ FATHER_OF(Shimei,José)"
36535,209992,FATHER_OF,"SISTER_OF(Sophronia,José) ∧ FATHER_OF(Shammai,José)"
19095,209992,FATHER_OF,"SISTER_OF(Sophronia,José) ∧ FATHER_OF(Jonathan,José)"
33560,209992,FATHER_OF,"SISTER_OF(Sophronia,José) ∧ FATHER_OF(Tyre,José)"
19499,209992,FATHER_OF,"SISTER_OF(Sophronia,José) ∧ FATHER_OF(Pharaoh,José)"
19078,209992,FATHER_OF,"SISTER_OF(Sophronia,José) ∧ FATHER_OF(Jared,José)"
3579,209992,FATHER_OF,"SISTER_OF(Sophronia,José) ∧ FATHER_OF(Cain,José)"
24294,209992,FATHER_OF,"SISTER_OF(Sophronia,José) ∧ FATHER_OF(Midian,José)"
3251,209992,FATHER_OF,"SISTER_OF(Sophronia,José) ∧ FATHER_OF(Mosiah,José)"
19259,209992,FATHER_OF,"SISTER_OF(Sophronia,José) ∧ FATHER_OF(Lot,José)"
18661,209992,FATHER_OF,"SISTER_OF(Sophronia,José) ∧ FATHER_OF(Daniel,José)"
36179,209992,FATHER_OF,"SISTER_OF(Sophronia,José) ∧ FATHER_OF(Hemdan,José)"
387410,209992,FATHER_OF,"SISTER_OF(Sophronia,José) ∧ FATHER_OF(Bathia,José)"
19088,209992,FATHER_OF,"SISTER_OF(Sophronia,José) ∧ FATHER_OF(Jethro,José)"
459345,209992,FATHER_OF,"SISTER_OF(Sophronia,José) ∧ FATHER_OF(Amaram,José)"
28095,209992,FATHER_OF,"SISTER_OF(Sophronia,José) ∧ FATHER_OF(Heth,José)"
3332,209992,FATHER_OF,"SISTER_OF(Sophronia,José) ∧ FATHER_OF(Mormon,José)"
660398,209992,FATHER_OF,"SISTER_OF(Sophronia,José) ∧ FATHER_OF(Prophet Mormon,José)"
20145,209992,FATHER_OF,"SISTER_OF(Sophronia,José) ∧ FATHER_OF(Righteousness,José)"
30365,209992,FATHER_OF,"SISTER_OF(Sophronia,José) ∧ FATHER_OF(Lamech,José)"
19913,209992,FATHER_OF,"SISTER_OF(Sophronia,José) ∧ FATHER_OF(Zeniff,José)"
19210,19321,FATHER_OF,"SISTER_OF(Miriam,Moses) ∧ FATHER_OF(Leah,Moses)"
19199,19321,FATHER_OF,"SISTER_OF(Miriam,Moses) ∧ FATHER_OF(Laban,Moses)"
42086,19321,FATHER_OF,"SISTER_OF(Miriam,Moses) ∧ FATHER_OF(Senuah,Moses)"
38002,19321,FATHER_OF,"SISTER_OF(Miriam,Moses) ∧ FATHER_OF(Jehoash,Moses)"
36330,19321,FATHER_OF,"SISTER_OF(Miriam,Moses) ∧ FATHER_OF(Joash,Moses)"
19082,19321,FATHER_OF,"SISTER_OF(Miriam,Moses) ∧ FATHER_OF(Jehoshaphat,Moses)"
19540,19321,FATHER_OF,"SISTER_OF(Miriam,Moses) ∧ FATHER_OF(Rehoboam,Moses)"
36522,19321,FATHER_OF,"SISTER_OF(Miriam,Moses) ∧ FATHER_OF(Uri,Moses)"
24119,19321,FATHER_OF,"SISTER_OF(Miriam,Moses) ∧ FATHER_OF(Jotham,Moses)"
35433,19321,FATHER_OF,"SISTER_OF(Miriam,Moses) ∧ FATHER_OF(Jehoram,Moses)"
3504,19321,FATHER_OF,"SISTER_OF(Miriam,Moses) ∧ FATHER_OF(Asa,Moses)"
36576,19321,FATHER_OF,"SISTER_OF(Miriam,Moses) ∧ FATHER_OF(Jahdai,Moses)"
36557,19321,FATHER_OF,"SISTER_OF(Miriam,Moses) ∧ FATHER_OF(Azariah,Moses)"
36542,19321,FATHER_OF,"SISTER_OF(Miriam,Moses) ∧ FATHER_OF(Appaim,Moses)"
36724,19321,FATHER_OF,"SISTER_OF(Miriam,Moses) ∧ FATHER_OF(Jehohanan,Moses)"
18906,19321,FATHER_OF,"SISTER_OF(Miriam,Moses) ∧ FATHER_OF(Hezekiah,Moses)"
36563,19321,FATHER_OF,"SISTER_OF(Miriam,Moses) ∧ FATHER_OF(Jekamiah,Moses)"
402110,19321,FATHER_OF,"SISTER_OF(Miriam,Moses) ∧ FATHER_OF(Hassenuah,Moses)"
36905,19321,FATHER_OF,"SISTER_OF(Miriam,Moses) ∧ FATHER_OF(Meonothai,Moses)"
36898,19321,FATHER_OF,"SISTER_OF(Miriam,Moses) ∧ FATHER_OF(Eshton,Moses)"
37051,19321,FATHER_OF,"SISTER_OF(Miriam,Moses) ∧ FATHER_OF(Adaiah,Moses)"
24105,19321,FATHER_OF,"SISTER_OF(Miriam,Moses) ∧ FATHER_OF(Uzziah,Moses)"
36797,19321,FATHER_OF,"SISTER_OF(Miriam,Moses) ∧ FATHER_OF(Chelub,Moses)"
19210,28149,FATHER_OF,"BROTHER_OF(Shiblom,And) ∧ FATHER_OF(Leah,And)"
19199,28149,FATHER_OF,"BROTHER_OF(Shiblom,And) ∧ FATHER_OF(Laban,And)"
42086,28149,FATHER_OF,"BROTHER_OF(Shiblom,And) ∧ FATHER_OF(Senuah,And)"
38002,28149,FATHER_OF,"BROTHER_OF(Shiblom,And) ∧ FATHER_OF(Jehoash,And)"
36330,28149,FATHER_OF,"BROTHER_OF(Shiblom,And) ∧ FATHER_OF(Joash,And)"
19082,28149,FATHER_OF,"BROTHER_OF(Shiblom,And) ∧ FATHER_OF(Jehoshaphat,And)"
19540,28149,FATHER_OF,"BROTHER_OF(Shiblom,And) ∧ FATHER_OF(Rehoboam,And)"
36522,28149,FATHER_OF,"BROTHER_OF(Shiblom,And) ∧ FATHER_OF(Uri,And)"
24119,28149,FATHER_OF,"BROTHER_OF(Shiblom,And) ∧ FATHER_OF(Jotham,And)"
35433,28149,FATHER_OF,"BROTHER_OF(Shiblom,And) ∧ FATHER_OF(Jehoram,And)"
3504,28149,FATHER_OF,"BROTHER_OF(Shiblom,And) ∧ FATHER_OF(Asa,And)"
36576,28149,FATHER_OF,"BROTHER_OF(Shiblom,And) ∧ FATHER_OF(Jahdai,And)"
36557,28149,FATHER_OF,"BROTHER_OF(Shiblom,And) ∧ FATHER_OF(Azariah,And)"
36542,28149,FATHER_OF,"BROTHER_OF(Shiblom,And) ∧ FATHER_OF(Appaim,And)"
36724,28149,FATHER_OF,"BROTHER_OF(Shiblom,And) ∧ FATHER_OF(Jehohanan,And)"
18906,28149,FATHER_OF,"BROTHER_OF(Shiblom,And) ∧ FATHER_OF(Hezekiah,And)"
36563,28149,FATHER_OF,"BROTHER_OF(Shiblom,And) ∧ FATHER_OF(Jekamiah,And)"
402110,28149,FATHER_OF,"BROTHER_OF(Shiblom,And) ∧ FATHER_OF(Hassenuah,And)"
36905,28149,FATHER_OF,"BROTHER_OF(Shiblom,And) ∧ FATHER_OF(Meonothai,And)"
36898,28149,FATHER_OF,"BROTHER_OF(Shiblom,And) ∧ FATHER_OF(Eshton,And)"
37051,28149,FATHER_OF,"BROTHER_OF(Shiblom,And) ∧ FATHER_OF(Adaiah,And)"
24105,28149,FATHER_OF,"BROTHER_OF(Shiblom,And) ∧ FATHER_OF(Uzziah,And)"
36797,28149,FATHER_OF,"BROTHER_OF(Shiblom,And) ∧ FATHER_OF(Chelub,And)"
19210,792244,FATHER_OF,"BROTHER_OF(Jared Sees,Arnold Friberg) ∧ FATHER_OF(Leah,Arnold Friberg)"
19199,792244,FATHER_OF,"BROTHER_OF(Jared Sees,Arnold Friberg) ∧ FATHER_OF(Laban,Arnold Friberg)"
42086,792244,FATHER_OF,"BROTHER_OF(Jared Sees,Arnold Friberg) ∧ FATHER_OF(Senuah,Arnold Friberg)"
38002,792244,FATHER_OF,"BROTHER_OF(Jared Sees,Arnold Friberg) ∧ FATHER_OF(Jehoash,Arnold Friberg)"
36330,792244,FATHER_OF,"BROTHER_OF(Jared Sees,Arnold Friberg) ∧ FATHER_OF(Joash,Arnold Friberg)"
19082,792244,FATHER_OF,"BROTHER_OF(Jared Sees,Arnold Friberg) ∧ FATHER_OF(Jehoshaphat,Arnold Friberg)"
19540,792244,FATHER_OF,"BROTHER_OF(Jared Sees,Arnold Friberg) ∧ FATHER_OF(Rehoboam,Arnold Friberg)"
36522,792244,FATHER_OF,"BROTHER_OF(Jared Sees,Arnold Friberg) ∧ FATHER_OF(Uri,Arnold Friberg)"
24119,792244,FATHER_OF,"BROTHER_OF(Jared Sees,Arnold Friberg) ∧ FATHER_OF(Jotham,Arnold Friberg)"
35433,792244,FATHER_OF,"BROTHER_OF(Jared Sees,Arnold Friberg) ∧ FATHER_OF(Jehoram,Arnold Friberg)"
3504,792244,FATHER_OF,"BROTHER_OF(Jared Sees,Arnold Friberg) ∧ FATHER_OF(Asa,Arnold Friberg)"
36576,792244,FATHER_OF,"BROTHER_OF(Jared Sees,Arnold Friberg) ∧ FATHER_OF(Jahdai,Arnold Friberg)"
36557,792244,FATHER_OF,"BROTHER_OF(Jared Sees,Arnold Friberg) ∧ FATHER_OF(Azariah,Arnold Friberg)"
36542,792244,FATHER_OF,"BROTHER_OF(Jared Sees,Arnold Friberg) ∧ FATHER_OF(Appaim,Arnold Friberg)"
36724,792244,FATHER_OF,"BROTHER_OF(Jared Sees,Arnold Friberg) ∧ FATHER_OF(Jehohanan,Arnold Friberg)"
18906,792244,FATHER_OF,"BROTHER_OF(Jared Sees,Arnold Friberg) ∧ FATHER_OF(Hezekiah,Arnold Friberg)"
36563,792244,FATHER_OF,"BROTHER_OF(Jared Sees,Arnold Friberg) ∧ FATHER_OF(Jekamiah,Arnold Friberg)"
402110,792244,FATHER_OF,"BROTHER_OF(Jared Sees,Arnold Friberg) ∧ FATHER_OF(Hassenuah,Arnold Friberg)"
36905,792244,FATHER_OF,"BROTHER_OF(Jared Sees,Arnold Friberg) ∧ FATHER_OF(Meonothai,Arnold Friberg)"
36898,792244,FATHER_OF,"BROTHER_OF(Jared Sees,Arnold Friberg) ∧ FATHER_OF(Eshton,Arnold Friberg)"
37051,792244,FATHER_OF,"BROTHER_OF(Jared Sees,Arnold Friberg) ∧ FATHER_OF(Adaiah,Arnold Friberg)"
24105,792244,FATHER_OF,"BROTHER_OF(Jared Sees,Arnold Friberg) ∧ FATHER_OF(Uzziah,Arnold Friberg)"
36797,792244,FATHER_OF,"BROTHER_OF(Jared Sees,Arnold Friberg) ∧ FATHER_OF(Chelub,Arnold Friberg)"
19108,19735,FATHER_OF,"BROTHER_OF(José,Samuel) ∧ FATHER_OF(Judas,Samuel)"
494653,19735,FATHER_OF,"BROTHER_OF(José,Samuel) ∧ FATHER_OF(Sirach,Samuel)"
516157,19735,FATHER_OF,"BROTHER_OF(José,Samuel) ∧ FATHER_OF(SIR,Samuel)"
398435,19735,FATHER_OF,"BROTHER_OF(José,Samuel) ∧ FATHER_OF(Josedek,Samuel)"
416791,19735,FATHER_OF,"BROTHER_OF(José,Samuel) ∧ FATHER_OF(Ananus,Samuel)"
19581,19735,FATHER_OF,"BROTHER_OF(José,Samuel) ∧ FATHER_OF(Simon,Samuel)"
35452,19735,FATHER_OF,"BROTHER_OF(José,Samuel) ∧ FATHER_OF(Eleazar,Samuel)"
19108,176512,FATHER_OF,"BROTHER_OF(WILLIAM,Samuel) ∧ FATHER_OF(Judas,Samuel)"
494653,176512,FATHER_OF,"BROTHER_OF(WILLIAM,Samuel) ∧ FATHER_OF(Sirach,Samuel)"
516157,176512,FATHER_OF,"BROTHER_OF(WILLIAM,Samuel) ∧ FATHER_OF(SIR,Samuel)"
398435,176512,FATHER_OF,"BROTHER_OF(WILLIAM,Samuel) ∧ FATHER_OF(Josedek,Samuel)"
416791,176512,FATHER_OF,"BROTHER_OF(WILLIAM,Samuel) ∧ FATHER_OF(Ananus,Samuel)"
19581,176512,FATHER_OF,"BROTHER_OF(WILLIAM,Samuel) ∧ FATHER_OF(Simon,Samuel)"
35452,176512,FATHER_OF,"BROTHER_OF(WILLIAM,Samuel) ∧ FATHER_OF(Eleazar,Samuel)"
19210,19583,FATHER_OF,"BROTHER_OF(Hyrum Smith,William Smith) ∧ FATHER_OF(Leah,William Smith)"
19199,19583,FATHER_OF,"BROTHER_OF(Hyrum Smith,William Smith) ∧ FATHER_OF(Laban,William Smith)"
42086,19583,FATHER_OF,"BROTHER_OF(Hyrum Smith,William Smith) ∧ FATHER_OF(Senuah,William Smith)"
38002,19583,FATHER_OF,"BROTHER_OF(Hyrum Smith,William Smith) ∧ FATHER_OF(Jehoash,William Smith)"
36330,19583,FATHER_OF,"BROTHER_OF(Hyrum Smith,William Smith) ∧ FATHER_OF(Joash,William Smith)"
19082,19583,FATHER_OF,"BROTHER_OF(Hyrum Smith,William Smith) ∧ FATHER_OF(Jehoshaphat,William Smith)"
19540,19583,FATHER_OF,"BROTHER_OF(Hyrum Smith,William Smith) ∧ FATHER_OF(Rehoboam,William Smith)"
36522,19583,FATHER_OF,"BROTHER_OF(Hyrum Smith,William Smith) ∧ FATHER_OF(Uri,William Smith)"
24119,19583,FATHER_OF,"BROTHER_OF(Hyrum Smith,William Smith) ∧ FATHER_OF(Jotham,William Smith)"
35433,19583,FATHER_OF,"BROTHER_OF(Hyrum Smith,William Smith) ∧ FATHER_OF(Jehoram,William Smith)"
3504,19583,FATHER_OF,"BROTHER_OF(Hyrum Smith,William Smith) ∧ FATHER_OF(Asa,William Smith)"
36576,19583,FATHER_OF,"BROTHER_OF(Hyrum Smith,William Smith) ∧ FATHER_OF(Jahdai,William Smith)"
36557,19583,FATHER_OF,"BROTHER_OF(Hyrum Smith,William Smith) ∧ FATHER_OF(Azariah,William Smith)"
36542,19583,FATHER_OF,"BROTHER_OF(Hyrum Smith,William Smith) ∧ FATHER_OF(Appaim,William Smith)"
36724,19583,FATHER_OF,"BROTHER_OF(Hyrum Smith,William Smith) ∧ FATHER_OF(Jehohanan,William Smith)"
18906,19583,FATHER_OF,"BROTHER_OF(Hyrum Smith,William Smith) ∧ FATHER_OF(Hezekiah,William Smith)"
36563,19583,FATHER_OF,"BROTHER_OF(Hyrum Smith,William Smith) ∧ FATHER_OF(Jekamiah,William Smith)"
402110,19583,FATHER_OF,"BROTHER_OF(Hyrum Smith,William Smith) ∧ FATHER_OF(Hassenuah,William Smith)"
36905,19583,FATHER_OF,"BROTHER_OF(Hyrum Smith,William Smith) ∧ FATHER_OF(Meonothai,William Smith)"
36898,19583,FATHER_OF,"BROTHER_OF(Hyrum Smith,William Smith) ∧ FATHER_OF(Eshton,William Smith)"
37051,19583,FATHER_OF,"BROTHER_OF(Hyrum Smith,William Smith) ∧ FATHER_OF(Adaiah,William Smith)"
24105,19583,FATHER_OF,"BROTHER_OF(Hyrum Smith,William Smith) ∧ FATHER_OF(Uzziah,William Smith)"
36797,19583,FATHER_OF,"BROTHER_OF(Hyrum Smith,William Smith) ∧ FATHER_OF(Chelub,William Smith)"
11338,18897,FATHER_OF,"BROTHER_OF(Samuel,Hyrum Smith) ∧ FATHER_OF(Simón Iscariote,Hyrum Smith)"
19073,18897,FATHER_OF,"BROTHER_OF(Samuel,Hyrum Smith) ∧ FATHER_OF(James,Hyrum Smith)"
757218,18897,FATHER_OF,"BROTHER_OF(Samuel,Hyrum Smith) ∧ FATHER_OF(Chalphi,Hyrum Smith)"
457984,18897,FATHER_OF,"BROTHER_OF(Samuel,Hyrum Smith) ∧ FATHER_OF(Simon Iscariot,Hyrum Smith)"
35049,18897,FATHER_OF,"BROTHER_OF(Samuel,Hyrum Smith) ∧ FATHER_OF(Rhesa,Hyrum Smith)"
25524,18897,FATHER_OF,"BROTHER_OF(Samuel,Hyrum Smith) ∧ FATHER_OF(Jonas,Hyrum Smith)"
45834,18897,FATHER_OF,"BROTHER_OF(Samuel,Hyrum Smith) ∧ FATHER_OF(Jona,Hyrum Smith)"
19094,18897,FATHER_OF,"BROTHER_OF(Samuel,Hyrum Smith) ∧ FATHER_OF(Jonah,Hyrum Smith)"
650625,18897,FATHER_OF,"BROTHER_OF(Samuel,Hyrum Smith) ∧ FATHER_OF(Gioras,Hyrum Smith)"
55816,18897,FATHER_OF,"BROTHER_OF(Samuel,Hyrum Smith) ∧ FATHER_OF(Jochai,Hyrum Smith)"
465526,18897,FATHER_OF,"BROTHER_OF(Samuel,Hyrum Smith) ∧ FATHER_OF(Onias,Hyrum Smith)"
18873,18897,FATHER_OF,"BROTHER_OF(Samuel,Hyrum Smith) ∧ FATHER_OF(Gamaliel,Hyrum Smith)"
19210,73734,FATHER_OF,"BROTHER_OF(Janet,Cuando) ∧ FATHER_OF(Leah,Cuando)"
19199,73734,FATHER_OF,"BROTHER_OF(Janet,Cuando) ∧ FATHER_OF(Laban,Cuando)"
42086,73734,FATHER_OF,"BROTHER_OF(Janet,Cuando) ∧ FATHER_OF(Senuah,Cuando)"
38002,73734,FATHER_OF,"BROTHER_OF(Janet,Cuando) ∧ FATHER_OF(Jehoash,Cuando)"
36330,73734,FATHER_OF,"BROTHER_OF(Janet,Cuando) ∧ FATHER_OF(Joash,Cuando)"
19082,73734,FATHER_OF,"BROTHER_OF(Janet,Cuando) ∧ FATHER_OF(Jehoshaphat,Cuando)"
19540,73734,FATHER_OF,"BROTHER_OF(Janet,Cuando) ∧ FATHER_OF(Rehoboam,Cuando)"
36522,73734,FATHER_OF,"BROTHER_OF(Janet,Cuando) ∧ FATHER_OF(Uri,Cuando)"
24119,73734,FATHER_OF,"BROTHER_OF(Janet,Cuando) ∧ FATHER_OF(Jotham,Cuando)"
35433,73734,FATHER_OF,"BROTHER_OF(Janet,Cuando) ∧ FATHER_OF(Jehoram,Cuando)"
3504,73734,FATHER_OF,"BROTHER_OF(Janet,Cuando) ∧ FATHER_OF(Asa,Cuando)"
36576,73734,FATHER_OF,"BROTHER_OF(Janet,Cuando) ∧ FATHER_OF(Jahdai,Cuando)"
36557,73734,FATHER_OF,"BROTHER_OF(Janet,Cuando) ∧ FATHER_OF(Azariah,Cuando)"
36542,73734,FATHER_OF,"BROTHER_OF(Janet,Cuando) ∧ FATHER_OF(Appaim,Cuando)"
36724,73734,FATHER_OF,"BROTHER_OF(Janet,Cuando) ∧ FATHER_OF(Jehohanan,Cuando)"
18906,73734,FATHER_OF,"BROTHER_OF(Janet,Cuando) ∧ FATHER_OF(Hezekiah,Cuando)"
36563,73734,FATHER_OF,"BROTHER_OF(Janet,Cuando) ∧ FATHER_OF(Jekamiah,Cuando)"
402110,73734,FATHER_OF,"BROTHER_OF(Janet,Cuando) ∧ FATHER_OF(Hassenuah,Cuando)"
36905,73734,FATHER_OF,"BROTHER_OF(Janet,Cuando) ∧ FATHER_OF(Meonothai,Cuando)"
36898,73734,FATHER_OF,"BROTHER_OF(Janet,Cuando) ∧ FATHER_OF(Eshton,Cuando)"
37051,73734,FATHER_OF,"BROTHER_OF(Janet,Cuando) ∧ FATHER_OF(Adaiah,Cuando)"
24105,73734,FATHER_OF,"BROTHER_OF(Janet,Cuando) ∧ FATHER_OF(Uzziah,Cuando)"
36797,73734,FATHER_OF,"BROTHER_OF(Janet,Cuando) ∧ FATHER_OF(Chelub,Cuando)"
36345,203561,FATHER_OF,"BROTHER_OF(Judas Maccabeus,Simon) ∧ FATHER_OF(Elkanah,Simon)"
59317,203561,FATHER_OF,"BROTHER_OF(Judas Maccabeus,Simon) ∧ FATHER_OF(Robert,Simon)"
464107,203561,FATHER_OF,"BROTHER_OF(Judas Maccabeus,Simon) ∧ FATHER_OF(An Ephraimite,Simon)"
19108,30497,FATHER_OF,"BROTHER_OF(Hyrum,Samuel) ∧ FATHER_OF(Judas,Samuel)"
494653,30497,FATHER_OF,"BROTHER_OF(Hyrum,Samuel) ∧ FATHER_OF(Sirach,Samuel)"
516157,30497,FATHER_OF,"BROTHER_OF(Hyrum,Samuel) ∧ FATHER_OF(SIR,Samuel)"
398435,30497,FATHER_OF,"BROTHER_OF(Hyrum,Samuel) ∧ FATHER_OF(Josedek,Samuel)"
416791,30497,FATHER_OF,"BROTHER_OF(Hyrum,Samuel) ∧ FATHER_OF(Ananus,Samuel)"
19581,30497,FATHER_OF,"BROTHER_OF(Hyrum,Samuel) ∧ FATHER_OF(Simon,Samuel)"
35452,30497,FATHER_OF,"BROTHER_OF(Hyrum,Samuel) ∧ FATHER_OF(Eleazar,Samuel)"
19210,19102,FATHER_OF,"BROTHER_OF(Joseph Smith,Smith) ∧ FATHER_OF(Leah,Smith)"
19199,19102,FATHER_OF,"BROTHER_OF(Joseph Smith,Smith) ∧ FATHER_OF(Laban,Smith)"
42086,19102,FATHER_OF,"BROTHER_OF(Joseph Smith,Smith) ∧ FATHER_OF(Senuah,Smith)"
38002,19102,FATHER_OF,"BROTHER_OF(Joseph Smith,Smith) ∧ FATHER_OF(Jehoash,Smith)"
36330,19102,FATHER_OF,"BROTHER_OF(Joseph Smith,Smith) ∧ FATHER_OF(Joash,Smith)"
19082,19102,FATHER_OF,"BROTHER_OF(Joseph Smith,Smith) ∧ FATHER_OF(Jehoshaphat,Smith)"
19540,19102,FATHER_OF,"BROTHER_OF(Joseph Smith,Smith) ∧ FATHER_OF(Rehoboam,Smith)"
36522,19102,FATHER_OF,"BROTHER_OF(Joseph Smith,Smith) ∧ FATHER_OF(Uri,Smith)"
24119,19102,FATHER_OF,"BROTHER_OF(Joseph Smith,Smith) ∧ FATHER_OF(Jotham,Smith)"
35433,19102,FATHER_OF,"BROTHER_OF(Joseph Smith,Smith) ∧ FATHER_OF(Jehoram,Smith)"
3504,19102,FATHER_OF,"BROTHER_OF(Joseph Smith,Smith) ∧ FATHER_OF(Asa,Smith)"
36576,19102,FATHER_OF,"BROTHER_OF(Joseph Smith,Smith) ∧ FATHER_OF(Jahdai,Smith)"
36557,19102,FATHER_OF,"BROTHER_OF(Joseph Smith,Smith) ∧ FATHER_OF(Azariah,Smith)"
36542,19102,FATHER_OF,"BROTHER_OF(Joseph Smith,Smith) ∧ FATHER_OF(Appaim,Smith)"
36724,19102,FATHER_OF,"BROTHER_OF(Joseph Smith,Smith) ∧ FATHER_OF(Jehohanan,Smith)"
18906,19102,FATHER_OF,"BROTHER_OF(Joseph Smith,Smith) ∧ FATHER_OF(Hezekiah,Smith)"
36563,19102,FATHER_OF,"BROTHER_OF(Joseph Smith,Smith) ∧ FATHER_OF(Jekamiah,Smith)"
402110,19102,FATHER_OF,"BROTHER_OF(Joseph Smith,Smith) ∧ FATHER_OF(Hassenuah,Smith)"
36905,19102,FATHER_OF,"BROTHER_OF(Joseph Smith,Smith) ∧ FATHER_OF(Meonothai,Smith)"
36898,19102,FATHER_OF,"BROTHER_OF(Joseph Smith,Smith) ∧ FATHER_OF(Eshton,Smith)"
37051,19102,FATHER_OF,"BROTHER_OF(Joseph Smith,Smith) ∧ FATHER_OF(Adaiah,Smith)"
24105,19102,FATHER_OF,"BROTHER_OF(Joseph Smith,Smith) ∧ FATHER_OF(Uzziah,Smith)"
36797,19102,FATHER_OF,"BROTHER_OF(Joseph Smith,Smith) ∧ FATHER_OF(Chelub,Smith)"
19210,37311,FATHER_OF,"SISTER_OF(Tahpenes,And) ∧ FATHER_OF(Leah,And)"
19199,37311,FATHER_OF,"SISTER_OF(Tahpenes,And) ∧ FATHER_OF(Laban,And)"
42086,37311,FATHER_OF,"SISTER_OF(Tahpenes,And) ∧ FATHER_OF(Senuah,And)"
38002,37311,FATHER_OF,"SISTER_OF(Tahpenes,And) ∧ FATHER_OF(Jehoash,And)"
36330,37311,FATHER_OF,"SISTER_OF(Tahpenes,And) ∧ FATHER_OF(Joash,And)"
19082,37311,FATHER_OF,"SISTER_OF(Tahpenes,And) ∧ FATHER_OF(Jehoshaphat,And)"
19540,37311,FATHER_OF,"SISTER_OF(Tahpenes,And) ∧ FATHER_OF(Rehoboam,And)"
36522,37311,FATHER_OF,"SISTER_OF(Tahpenes,And) ∧ FATHER_OF(Uri,And)"
24119,37311,FATHER_OF,"SISTER_OF(Tahpenes,And) ∧ FATHER_OF(Jotham,And)"
35433,37311,FATHER_OF,"SISTER_OF(Tahpenes,And) ∧ FATHER_OF(Jehoram,And)"
3504,37311,FATHER_OF,"SISTER_OF(Tahpenes,And) ∧ FATHER_OF(Asa,And)"
36576,37311,FATHER_OF,"SISTER_OF(Tahpenes,And) ∧ FATHER_OF(Jahdai,And)"
36557,37311,FATHER_OF,"SISTER_OF(Tahpenes,And) ∧ FATHER_OF(Azariah,And)"
36542,37311,FATHER_OF,"SISTER_OF(Tahpenes,And) ∧ FATHER_OF(Appaim,And)"
36724,37311,FATHER_OF,"SISTER_OF(Tahpenes,And) ∧ FATHER_OF(Jehohanan,And)"
18906,37311,FATHER_OF,"SISTER_OF(Tahpenes,And) ∧ FATHER_OF(Hezekiah,And)"
36563,37311,FATHER_OF,"SISTER_OF(Tahpenes,And) ∧ FATHER_OF(Jekamiah,And)"
402110,37311,FATHER_OF,"SISTER_OF(Tahpenes,And) ∧ FATHER_OF(Hassenuah,And)"
36905,37311,FATHER_OF,"SISTER_OF(Tahpenes,And) ∧ FATHER_OF(Meonothai,And)"
36898,37311,FATHER_OF,"SISTER_OF(Tahpenes,And) ∧ FATHER_OF(Eshton,And)"
37051,37311,FATHER_OF,"SISTER_OF(Tahpenes,And) ∧ FATHER_OF(Adaiah,And)"
24105,37311,FATHER_OF,"SISTER_OF(Tahpenes,And) ∧ FATHER_OF(Uzziah,And)"
36797,37311,FATHER_OF,"SISTER_OF(Tahpenes,And) ∧ FATHER_OF(Chelub,And)"
19210,43432,FATHER_OF,"SISTER_OF(Tubal Cain,And) ∧ FATHER_OF(Leah,And)"
19199,43432,FATHER_OF,"SISTER_OF(Tubal Cain,And) ∧ FATHER_OF(Laban,And)"
42086,43432,FATHER_OF,"SISTER_OF(Tubal Cain,And) ∧ FATHER_OF(Senuah,And)"
38002,43432,FATHER_OF,"SISTER_OF(Tubal Cain,And) ∧ FATHER_OF(Jehoash,And)"
36330,43432,FATHER_OF,"SISTER_OF(Tubal Cain,And) ∧ FATHER_OF(Joash,And)"
19082,43432,FATHER_OF,"SISTER_OF(Tubal Cain,And) ∧ FATHER_OF(Jehoshaphat,And)"
19540,43432,FATHER_OF,"SISTER_OF(Tubal Cain,And) ∧ FATHER_OF(Rehoboam,And)"
36522,43432,FATHER_OF,"SISTER_OF(Tubal Cain,And) ∧ FATHER_OF(Uri,And)"
24119,43432,FATHER_OF,"SISTER_OF(Tubal Cain,And) ∧ FATHER_OF(Jotham,And)"
35433,43432,FATHER_OF,"SISTER_OF(Tubal Cain,And) ∧ FATHER_OF(Jehoram,And)"
3504,43432,FATHER_OF,"SISTER_OF(Tubal Cain,And) ∧ FATHER_OF(Asa,And)"
36576,43432,FATHER_OF,"SISTER_OF(Tubal Cain,And) ∧ FATHER_OF(Jahdai,And)"
36557,43432,FATHER_OF,"SISTER_OF(Tubal Cain,And) ∧ FATHER_OF(Azariah,And)"
36542,43432,FATHER_OF,"SISTER_OF(Tubal Cain,And) ∧ FATHER_OF(Appaim,And)"
36724,43432,FATHER_OF,"SISTER_OF(Tubal Cain,And) ∧ FATHER_OF(Jehohanan,And)"
18906,43432,FATHER_OF,"SISTER_OF(Tubal Cain,And) ∧ FATHER_OF(Hezekiah,And)"
36563,43432,FATHER_OF,"SISTER_OF(Tubal Cain,And) ∧ FATHER_OF(Jekamiah,And)"
402110,43432,FATHER_OF,"SISTER_OF(Tubal Cain,And) ∧ FATHER_OF(Hassenuah,And)"
36905,43432,FATHER_OF,"SISTER_OF(Tubal Cain,And) ∧ FATHER_OF(Meonothai,And)"
36898,43432,FATHER_OF,"SISTER_OF(Tubal Cain,And) ∧ FATHER_OF(Eshton,And)"
37051,43432,FATHER_OF,"SISTER_OF(Tubal Cain,And) ∧ FATHER_OF(Adaiah,And)"
24105,43432,FATHER_OF,"SISTER_OF(Tubal Cain,And) ∧ FATHER_OF(Uzziah,And)"
36797,43432,FATHER_OF,"SISTER_OF(Tubal Cain,And) ∧ FATHER_OF(Chelub,And)"
19210,152911,FATHER_OF,"SISTER_OF(Taiwán,Entonces) ∧ FATHER_OF(Leah,Entonces)"
19199,152911,FATHER_OF,"SISTER_OF(Taiwán,Entonces) ∧ FATHER_OF(Laban,Entonces)"
42086,152911,FATHER_OF,"SISTER_OF(Taiwán,Entonces) ∧ FATHER_OF(Senuah,Entonces)"
38002,152911,FATHER_OF,"SISTER_OF(Taiwán,Entonces) ∧ FATHER_OF(Jehoash,Entonces)"
36330,152911,FATHER_OF,"SISTER_OF(Taiwán,Entonces) ∧ FATHER_OF(Joash,Entonces)"
19082,152911,FATHER_OF,"SISTER_OF(Taiwán,Entonces) ∧ FATHER_OF(Jehoshaphat,Entonces)"
19540,152911,FATHER_OF,"SISTER_OF(Taiwán,Entonces) ∧ FATHER_OF(Rehoboam,Entonces)"
36522,152911,FATHER_OF,"SISTER_OF(Taiwán,Entonces) ∧ FATHER_OF(Uri,Entonces)"
24119,152911,FATHER_OF,"SISTER_OF(Taiwán,Entonces) ∧ FATHER_OF(Jotham,Entonces)"
35433,152911,FATHER_OF,"SISTER_OF(Taiwán,Entonces) ∧ FATHER_OF(Jehoram,Entonces)"
3504,152911,FATHER_OF,"SISTER_OF(Taiwán,Entonces) ∧ FATHER_OF(Asa,Entonces)"
36576,152911,FATHER_OF,"SISTER_OF(Taiwán,Entonces) ∧ FATHER_OF(Jahdai,Entonces)"
36557,152911,FATHER_OF,"SISTER_OF(Taiwán,Entonces) ∧ FATHER_OF(Azariah,Entonces)"
36542,152911,FATHER_OF,"SISTER_OF(Taiwán,Entonces) ∧ FATHER_OF(Appaim,Entonces)"
36724,152911,FATHER_OF,"SISTER_OF(Taiwán,Entonces) ∧ FATHER_OF(Jehohanan,Entonces)"
18906,152911,FATHER_OF,"SISTER_OF(Taiwán,Entonces) ∧ FATHER_OF(Hezekiah,Entonces)"
36563,152911,FATHER_OF,"SISTER_OF(Taiwán,Entonces) ∧ FATHER_OF(Jekamiah,Entonces)"
402110,152911,FATHER_OF,"SISTER_OF(Taiwán,Entonces) ∧ FATHER_OF(Hassenuah,Entonces)"
36905,152911,FATHER_OF,"SISTER_OF(Taiwán,Entonces) ∧ FATHER_OF(Meonothai,Entonces)"
36898,152911,FATHER_OF,"SISTER_OF(Taiwán,Entonces) ∧ FATHER_OF(Eshton,Entonces)"
37051,152911,FATHER_OF,"SISTER_OF(Taiwán,Entonces) ∧ FATHER_OF(Adaiah,Entonces)"
24105,152911,FATHER_OF,"SISTER_OF(Taiwán,Entonces) ∧ FATHER_OF(Uzziah,Entonces)"
36797,152911,FATHER_OF,"SISTER_OF(Taiwán,Entonces) ∧ FATHER_OF(Chelub,Entonces)"
19210,737803,FATHER_OF,"SISTER_OF(Blendina,Cuando) ∧ FATHER_OF(Leah,Cuando)"
19199,737803,FATHER_OF,"SISTER_OF(Blendina,Cuando) ∧ FATHER_OF(Laban,Cuando)"
42086,737803,FATHER_OF,"SISTER_OF(Blendina,Cuando) ∧ FATHER_OF(Senuah,Cuando)"
38002,737803,FATHER_OF,"SISTER_OF(Blendina,Cuando) ∧ FATHER_OF(Jehoash,Cuando)"
36330,737803,FATHER_OF,"SISTER_OF(Blendina,Cuando) ∧ FATHER_OF(Joash,Cuando)"
19082,737803,FATHER_OF,"SISTER_OF(Blendina,Cuando) ∧ FATHER_OF(Jehoshaphat,Cuando)"
19540,737803,FATHER_OF,"SISTER_OF(Blendina,Cuando) ∧ FATHER_OF(Rehoboam,Cuando)"
36522,737803,FATHER_OF,"SISTER_OF(Blendina,Cuando) ∧ FATHER_OF(Uri,Cuando)"
24119,737803,FATHER_OF,"SISTER_OF(Blendina,Cuando) ∧ FATHER_OF(Jotham,Cuando)"
35433,737803,FATHER_OF,"SISTER_OF(Blendina,Cuando) ∧ FATHER_OF(Jehoram,Cuando)"
3504,737803,FATHER_OF,"SISTER_OF(Blendina,Cuando) ∧ FATHER_OF(Asa,Cuando)"
36576,737803,FATHER_OF,"SISTER_OF(Blendina,Cuando) ∧ FATHER_OF(Jahdai,Cuando)"
36557,737803,FATHER_OF,"SISTER_OF(Blendina,Cuando) ∧ FATHER_OF(Azariah,Cuando)"
36542,737803,FATHER_OF,"SISTER_OF(Blendina,Cuando) ∧ FATHER_OF(Appaim,Cuando)"
36724,737803,FATHER_OF,"SISTER_OF(Blendina,Cuando) ∧ FATHER_OF(Jehohanan,Cuando)"
18906,737803,FATHER_OF,"SISTER_OF(Blendina,Cuando) ∧ FATHER_OF(Hezekiah,Cuando)"
36563,737803,FATHER_OF,"SISTER_OF(Blendina,Cuando) ∧ FATHER_OF(Jekamiah,Cuando)"
402110,737803,FATHER_OF,"SISTER_OF(Blendina,Cuando) ∧ FATHER_OF(Hassenuah,Cuando)"
36905,737803,FATHER_OF,"SISTER_OF(Blendina,Cuando) ∧ FATHER_OF(Meonothai,Cuando)"
36898,737803,FATHER_OF,"SISTER_OF(Blendina,Cuando) ∧ FATHER_OF(Eshton,Cuando)"
37051,737803,FATHER_OF,"SISTER_OF(Blendina,Cuando) ∧ FATHER_OF(Adaiah,Cuando)"
24105,737803,FATHER_OF,"SISTER_OF(Blendina,Cuando) ∧ FATHER_OF(Uzziah,Cuando)"
36797,737803,FATHER_OF,"SISTER_OF(Blendina,Cuando) ∧ FATHER_OF(Chelub,Cuando)"
19108,67829,FATHER_OF,"BROTHER_OF(Samuel Harrison Smith,José) ∧ FATHER_OF(Judas,José)"
494653,67829,FATHER_OF,"BROTHER_OF(Samuel Harrison Smith,José) ∧ FATHER_OF(Sirach,José)"
516157,67829,FATHER_OF,"BROTHER_OF(Samuel Harrison Smith,José) ∧ FATHER_OF(SIR,José)"
398435,67829,FATHER_OF,"BROTHER_OF(Samuel Harrison Smith,José) ∧ FATHER_OF(Josedek,José)"
416791,67829,FATHER_OF,"BROTHER_OF(Samuel Harrison Smith,José) ∧ FATHER_OF(Ananus,José)"
19581,67829,FATHER_OF,"BROTHER_OF(Samuel Harrison Smith,José) ∧ FATHER_OF(Simon,José)"
35452,67829,FATHER_OF,"BROTHER_OF(Samuel Harrison Smith,José) ∧ FATHER_OF(Eleazar,José)"
19210,209474,FATHER_OF,"BROTHER_OF(Don Carlos Smith,Hyrum Smith) ∧ FATHER_OF(Leah,Hyrum Smith)"
19199,209474,FATHER_OF,"BROTHER_OF(Don Carlos Smith,Hyrum Smith) ∧ FATHER_OF(Laban,Hyrum Smith)"
42086,209474,FATHER_OF,"BROTHER_OF(Don Carlos Smith,Hyrum Smith) ∧ FATHER_OF(Senuah,Hyrum Smith)"
38002,209474,FATHER_OF,"BROTHER_OF(Don Carlos Smith,Hyrum Smith) ∧ FATHER_OF(Jehoash,Hyrum Smith)"
36330,209474,FATHER_OF,"BROTHER_OF(Don Carlos Smith,Hyrum Smith) ∧ FATHER_OF(Joash,Hyrum Smith)"
19082,209474,FATHER_OF,"BROTHER_OF(Don Carlos Smith,Hyrum Smith) ∧ FATHER_OF(Jehoshaphat,Hyrum Smith)"
19540,209474,FATHER_OF,"BROTHER_OF(Don Carlos Smith,Hyrum Smith) ∧ FATHER_OF(Rehoboam,Hyrum Smith)"
36522,209474,FATHER_OF,"BROTHER_OF(Don Carlos Smith,Hyrum Smith) ∧ FATHER_OF(Uri,Hyrum Smith)"
24119,209474,FATHER_OF,"BROTHER_OF(Don Carlos Smith,Hyrum Smith) ∧ FATHER_OF(Jotham,Hyrum Smith)"
35433,209474,FATHER_OF,"BROTHER_OF(Don Carlos Smith,Hyrum Smith) ∧ FATHER_OF(Jehoram,Hyrum Smith)"
3504,209474,FATHER_OF,"BROTHER_OF(Don Carlos Smith,Hyrum Smith) ∧ FATHER_OF(Asa,Hyrum Smith)"
36576,209474,FATHER_OF,"BROTHER_OF(Don Carlos Smith,Hyrum Smith) ∧ FATHER_OF(Jahdai,Hyrum Smith)"
36557,209474,FATHER_OF,"BROTHER_OF(Don Carlos Smith,Hyrum Smith) ∧ FATHER_OF(Azariah,Hyrum Smith)"
36542,209474,FATHER_OF,"BROTHER_OF(Don Carlos Smith,Hyrum Smith) ∧ FATHER_OF(Appaim,Hyrum Smith)"
36724,209474,FATHER_OF,"BROTHER_OF(Don Carlos Smith,Hyrum Smith) ∧ FATHER_OF(Jehohanan,Hyrum Smith)"
18906,209474,FATHER_OF,"BROTHER_OF(Don Carlos Smith,Hyrum Smith) ∧ FATHER_OF(Hezekiah,Hyrum Smith)"
36563,209474,FATHER_OF,"BROTHER_OF(Don Carlos Smith,Hyrum Smith) ∧ FATHER_OF(Jekamiah,Hyrum Smith)"
402110,209474,FATHER_OF,"BROTHER_OF(Don Carlos Smith,Hyrum Smith) ∧ FATHER_OF(Hassenuah,Hyrum Smith)"
36905,209474,FATHER_OF,"BROTHER_OF(Don Carlos Smith,Hyrum Smith) ∧ FATHER_OF(Meonothai,Hyrum Smith)"
36898,209474,FATHER_OF,"BROTHER_OF(Don Carlos Smith,Hyrum Smith) ∧ FATHER_OF(Eshton,Hyrum Smith)"
37051,209474,FATHER_OF,"BROTHER_OF(Don Carlos Smith,Hyrum Smith) ∧ FATHER_OF(Adaiah,Hyrum Smith)"
24105,209474,FATHER_OF,"BROTHER_OF(Don Carlos Smith,Hyrum Smith) ∧ FATHER_OF(Uzziah,Hyrum Smith)"
36797,209474,FATHER_OF,"BROTHER_OF(Don Carlos Smith,Hyrum Smith) ∧ FATHER_OF(Chelub,Hyrum Smith)"
19210,150532,FATHER_OF,"BROTHER_OF(Alvin Smith,Joseph Smith) ∧ FATHER_OF(Leah,Joseph Smith)"
19199,150532,FATHER_OF,"BROTHER_OF(Alvin Smith,Joseph Smith) ∧ FATHER_OF(Laban,Joseph Smith)"
42086,150532,FATHER_OF,"BROTHER_OF(Alvin Smith,Joseph Smith) ∧ FATHER_OF(Senuah,Joseph Smith)"
38002,150532,FATHER_OF,"BROTHER_OF(Alvin Smith,Joseph Smith) ∧ FATHER_OF(Jehoash,Joseph Smith)"
36330,150532,FATHER_OF,"BROTHER_OF(Alvin Smith,Joseph Smith) ∧ FATHER_OF(Joash,Joseph Smith)"
19082,150532,FATHER_OF,"BROTHER_OF(Alvin Smith,Joseph Smith) ∧ FATHER_OF(Jehoshaphat,Joseph Smith)"
19540,150532,FATHER_OF,"BROTHER_OF(Alvin Smith,Joseph Smith) ∧ FATHER_OF(Rehoboam,Joseph Smith)"
36522,150532,FATHER_OF,"BROTHER_OF(Alvin Smith,Joseph Smith) ∧ FATHER_OF(Uri,Joseph Smith)"
24119,150532,FATHER_OF,"BROTHER_OF(Alvin Smith,Joseph Smith) ∧ FATHER_OF(Jotham,Joseph Smith)"
35433,150532,FATHER_OF,"BROTHER_OF(Alvin Smith,Joseph Smith) ∧ FATHER_OF(Jehoram,Joseph Smith)"
3504,150532,FATHER_OF,"BROTHER_OF(Alvin Smith,Joseph Smith) ∧ FATHER_OF(Asa,Joseph Smith)"
36576,150532,FATHER_OF,"BROTHER_OF(Alvin Smith,Joseph Smith) ∧ FATHER_OF(Jahdai,Joseph Smith)"
36557,150532,FATHER_OF,"BROTHER_OF(Alvin Smith,Joseph Smith) ∧ FATHER_OF(Azariah,Joseph Smith)"
36542,150532,FATHER_OF,"BROTHER_OF(Alvin Smith,Joseph Smith) ∧ FATHER_OF(Appaim,Joseph Smith)"
36724,150532,FATHER_OF,"BROTHER_OF(Alvin Smith,Joseph Smith) ∧ FATHER_OF(Jehohanan,Joseph Smith)"
18906,150532,FATHER_OF,"BROTHER_OF(Alvin Smith,Joseph Smith) ∧ FATHER_OF(Hezekiah,Joseph Smith)"
36563,150532,FATHER_OF,"BROTHER_OF(Alvin Smith,Joseph Smith) ∧ FATHER_OF(Jekamiah,Joseph Smith)"
402110,150532,FATHER_OF,"BROTHER_OF(Alvin Smith,Joseph Smith) ∧ FATHER_OF(Hassenuah,Joseph Smith)"
36905,150532,FATHER_OF,"BROTHER_OF(Alvin Smith,Joseph Smith) ∧ FATHER_OF(Meonothai,Joseph Smith)"
36898,150532,FATHER_OF,"BROTHER_OF(Alvin Smith,Joseph Smith) ∧ FATHER_OF(Eshton,Joseph Smith)"
37051,150532,FATHER_OF,"BROTHER_OF(Alvin Smith,Joseph Smith) ∧ FATHER_OF(Adaiah,Joseph Smith)"
24105,150532,FATHER_OF,"BROTHER_OF(Alvin Smith,Joseph Smith) ∧ FATHER_OF(Uzziah,Joseph Smith)"
36797,150532,FATHER_OF,"BROTHER_OF(Alvin Smith,Joseph Smith) ∧ FATHER_OF(Chelub,Joseph Smith)"
19108,209992,FATHER_OF,"SISTER_OF(Sophronia,José) ∧ FATHER_OF(Judas,José)"
494653,209992,FATHER_OF,"SISTER_OF(Sophronia,José) ∧ FATHER_OF(Sirach,José)"
516157,209992,FATHER_OF,"SISTER_OF(Sophronia,José) ∧ FATHER_OF(SIR,José)"
398435,209992,FATHER_OF,"SISTER_OF(Sophronia,José) ∧ FATHER_OF(Josedek,José)"
416791,209992,FATHER_OF,"SISTER_OF(Sophronia,José) ∧ FATHER_OF(Ananus,José)"
19581,209992,FATHER_OF,"SISTER_OF(Sophronia,José) ∧ FATHER_OF(Simon,José)"
35452,209992,FATHER_OF,"SISTER_OF(Sophronia,José) ∧ FATHER_OF(Eleazar,José)"
11338,19735,FATHER_OF,"BROTHER_OF(José,Samuel) ∧ FATHER_OF(Simón Iscariote,Samuel)"
19073,19735,FATHER_OF,"BROTHER_OF(José,Samuel) ∧ FATHER_OF(James,Samuel)"
757218,19735,FATHER_OF,"BROTHER_OF(José,Samuel) ∧ FATHER_OF(Chalphi,Samuel)"
457984,19735,FATHER_OF,"BROTHER_OF(José,Samuel) ∧ FATHER_OF(Simon Iscariot,Samuel)"
35049,19735,FATHER_OF,"BROTHER_OF(José,Samuel) ∧ FATHER_OF(Rhesa,Samuel)"
25524,19735,FATHER_OF,"BROTHER_OF(José,Samuel) ∧ FATHER_OF(Jonas,Samuel)"
45834,19735,FATHER_OF,"BROTHER_OF(José,Samuel) ∧ FATHER_OF(Jona,Samuel)"
19094,19735,FATHER_OF,"BROTHER_OF(José,Samuel) ∧ FATHER_OF(Jonah,Samuel)"
650625,19735,FATHER_OF,"BROTHER_OF(José,Samuel) ∧ FATHER_OF(Gioras,Samuel)"
55816,19735,FATHER_OF,"BROTHER_OF(José,Samuel) ∧ FATHER_OF(Jochai,Samuel)"
465526,19735,FATHER_OF,"BROTHER_OF(José,Samuel) ∧ FATHER_OF(Onias,Samuel)"
18873,19735,FATHER_OF,"BROTHER_OF(José,Samuel) ∧ FATHER_OF(Gamaliel,Samuel)"
11338,176512,FATHER_OF,"BROTHER_OF(WILLIAM,Samuel) ∧ FATHER_OF(Simón Iscariote,Samuel)"
19073,176512,FATHER_OF,"BROTHER_OF(WILLIAM,Samuel) ∧ FATHER_OF(James,Samuel)"
757218,176512,FATHER_OF,"BROTHER_OF(WILLIAM,Samuel) ∧ FATHER_OF(Chalphi,Samuel)"
457984,176512,FATHER_OF,"BROTHER_OF(WILLIAM,Samuel) ∧ FATHER_OF(Simon Iscariot,Samuel)"
35049,176512,FATHER_OF,"BROTHER_OF(WILLIAM,Samuel) ∧ FATHER_OF(Rhesa,Samuel)"
25524,176512,FATHER_OF,"BROTHER_OF(WILLIAM,Samuel) ∧ FATHER_OF(Jonas,Samuel)"
45834,176512,FATHER_OF,"BROTHER_OF(WILLIAM,Samuel) ∧ FATHER_OF(Jona,Samuel)"
19094,176512,FATHER_OF,"BROTHER_OF(WILLIAM,Samuel) ∧ FATHER_OF(Jonah,Samuel)"
650625,176512,FATHER_OF,"BROTHER_OF(WILLIAM,Samuel) ∧ FATHER_OF(Gioras,Samuel)"
55816,176512,FATHER_OF,"BROTHER_OF(WILLIAM,Samuel) ∧ FATHER_OF(Jochai,Samuel)"
465526,176512,FATHER_OF,"BROTHER_OF(WILLIAM,Samuel) ∧ FATHER_OF(Onias,Samuel)"
18873,176512,FATHER_OF,"BROTHER_OF(WILLIAM,Samuel) ∧ FATHER_OF(Gamaliel,Samuel)"
19210,18897,FATHER_OF,"BROTHER_OF(Samuel,Hyrum Smith) ∧ FATHER_OF(Leah,Hyrum Smith)"
19199,18897,FATHER_OF,"BROTHER_OF(Samuel,Hyrum Smith) ∧ FATHER_OF(Laban,Hyrum Smith)"
42086,18897,FATHER_OF,"BROTHER_OF(Samuel,Hyrum Smith) ∧ FATHER_OF(Senuah,Hyrum Smith)"
38002,18897,FATHER_OF,"BROTHER_OF(Samuel,Hyrum Smith) ∧ FATHER_OF(Jehoash,Hyrum Smith)"
36330,18897,FATHER_OF,"BROTHER_OF(Samuel,Hyrum Smith) ∧ FATHER_OF(Joash,Hyrum Smith)"
19082,18897,FATHER_OF,"BROTHER_OF(Samuel,Hyrum Smith) ∧ FATHER_OF(Jehoshaphat,Hyrum Smith)"
19540,18897,FATHER_OF,"BROTHER_OF(Samuel,Hyrum Smith) ∧ FATHER_OF(Rehoboam,Hyrum Smith)"
36522,18897,FATHER_OF,"BROTHER_OF(Samuel,Hyrum Smith) ∧ FATHER_OF(Uri,Hyrum Smith)"
24119,18897,FATHER_OF,"BROTHER_OF(Samuel,Hyrum Smith) ∧ FATHER_OF(Jotham,Hyrum Smith)"
35433,18897,FATHER_OF,"BROTHER_OF(Samuel,Hyrum Smith) ∧ FATHER_OF(Jehoram,Hyrum Smith)"
3504,18897,FATHER_OF,"BROTHER_OF(Samuel,Hyrum Smith) ∧ FATHER_OF(Asa,Hyrum Smith)"
36576,18897,FATHER_OF,"BROTHER_OF(Samuel,Hyrum Smith) ∧ FATHER_OF(Jahdai,Hyrum Smith)"
36557,18897,FATHER_OF,"BROTHER_OF(Samuel,Hyrum Smith) ∧ FATHER_OF(Azariah,Hyrum Smith)"
36542,18897,FATHER_OF,"BROTHER_OF(Samuel,Hyrum Smith) ∧ FATHER_OF(Appaim,Hyrum Smith)"
36724,18897,FATHER_OF,"BROTHER_OF(Samuel,Hyrum Smith) ∧ FATHER_OF(Jehohanan,Hyrum Smith)"
18906,18897,FATHER_OF,"BROTHER_OF(Samuel,Hyrum Smith) ∧ FATHER_OF(Hezekiah,Hyrum Smith)"
36563,18897,FATHER_OF,"BROTHER_OF(Samuel,Hyrum Smith) ∧ FATHER_OF(Jekamiah,Hyrum Smith)"
402110,18897,FATHER_OF,"BROTHER_OF(Samuel,Hyrum Smith) ∧ FATHER_OF(Hassenuah,Hyrum Smith)"
36905,18897,FATHER_OF,"BROTHER_OF(Samuel,Hyrum Smith) ∧ FATHER_OF(Meonothai,Hyrum Smith)"
36898,18897,FATHER_OF,"BROTHER_OF(Samuel,Hyrum Smith) ∧ FATHER_OF(Eshton,Hyrum Smith)"
37051,18897,FATHER_OF,"BROTHER_OF(Samuel,Hyrum Smith) ∧ FATHER_OF(Adaiah,Hyrum Smith)"
24105,18897,FATHER_OF,"BROTHER_OF(Samuel,Hyrum Smith) ∧ FATHER_OF(Uzziah,Hyrum Smith)"
36797,18897,FATHER_OF,"BROTHER_OF(Samuel,Hyrum Smith) ∧ FATHER_OF(Chelub,Hyrum Smith)"
11338,30497,FATHER_OF,"BROTHER_OF(Hyrum,Samuel) ∧ FATHER_OF(Simón Iscariote,Samuel)"
19073,30497,FATHER_OF,"BROTHER_OF(Hyrum,Samuel) ∧ FATHER_OF(James,Samuel)"
757218,30497,FATHER_OF,"BROTHER_OF(Hyrum,Samuel) ∧ FATHER_OF(Chalphi,Samuel)"
457984,30497,FATHER_OF,"BROTHER_OF(Hyrum,Samuel) ∧ FATHER_OF(Simon Iscariot,Samuel)"
35049,30497,FATHER_OF,"BROTHER_OF(Hyrum,Samuel) ∧ FATHER_OF(Rhesa,Samuel)"
25524,30497,FATHER_OF,"BROTHER_OF(Hyrum,Samuel) ∧ FATHER_OF(Jonas,Samuel)"
45834,30497,FATHER_OF,"BROTHER_OF(Hyrum,Samuel) ∧ FATHER_OF(Jona,Samuel)"
19094,30497,FATHER_OF,"BROTHER_OF(Hyrum,Samuel) ∧ FATHER_OF(Jonah,Samuel)"
650625,30497,FATHER_OF,"BROTHER_OF(Hyrum,Samuel) ∧ FATHER_OF(Gioras,Samuel)"
55816,30497,FATHER_OF,"BROTHER_OF(Hyrum,Samuel) ∧ FATHER_OF(Jochai,Samuel)"
465526,30497,FATHER_OF,"BROTHER_OF(Hyrum,Samuel) ∧ FATHER_OF(Onias,Samuel)"
18873,30497,FATHER_OF,"BROTHER_OF(Hyrum,Samuel) ∧ FATHER_OF(Gamaliel,Samuel)"
11338,67829,FATHER_OF,"BROTHER_OF(Samuel Harrison Smith,José) ∧ FATHER_OF(Simón Iscariote,José)"
19073,67829,FATHER_OF,"BROTHER_OF(Samuel Harrison Smith,José) ∧ FATHER_OF(James,José)"
757218,67829,FATHER_OF,"BROTHER_OF(Samuel Harrison Smith,José) ∧ FATHER_OF(Chalphi,José)"
457984,67829,FATHER_OF,"BROTHER_OF(Samuel Harrison Smith,José) ∧ FATHER_OF(Simon Iscariot,José)"
35049,67829,FATHER_OF,"BROTHER_OF(Samuel Harrison Smith,José) ∧ FATHER_OF(Rhesa,José)"
25524,67829,FATHER_OF,"BROTHER_OF(Samuel Harrison Smith,José) ∧ FATHER_OF(Jonas,José)"
45834,67829,FATHER_OF,"BROTHER_OF(Samuel Harrison Smith,José) ∧ FATHER_OF(Jona,José)"
19094,67829,FATHER_OF,"BROTHER_OF(Samuel Harrison Smith,José) ∧ FATHER_OF(Jonah,José)"
650625,67829,FATHER_OF,"BROTHER_OF(Samuel Harrison Smith,José) ∧ FATHER_OF(Gioras,José)"
55816,67829,FATHER_OF,"BROTHER_OF(Samuel Harrison Smith,José) ∧ FATHER_OF(Jochai,José)"
465526,67829,FATHER_OF,"BROTHER_OF(Samuel Harrison Smith,José) ∧ FATHER_OF(Onias,José)"
18873,67829,FATHER_OF,"BROTHER_OF(Samuel Harrison Smith,José) ∧ FATHER_OF(Gamaliel,José)"
11338,209992,FATHER_OF,"SISTER_OF(Sophronia,José) ∧ FATHER_OF(Simón Iscariote,José)"
19073,209992,FATHER_OF,"SISTER_OF(Sophronia,José) ∧ FATHER_OF(James,José)"
757218,209992,FATHER_OF,"SISTER_OF(Sophronia,José) ∧ FATHER_OF(Chalphi,José)"
457984,209992,FATHER_OF,"SISTER_OF(Sophronia,José) ∧ FATHER_OF(Simon Iscariot,José)"
35049,209992,FATHER_OF,"SISTER_OF(Sophronia,José) ∧ FATHER_OF(Rhesa,José)"
25524,209992,FATHER_OF,"SISTER_OF(Sophronia,José) ∧ FATHER_OF(Jonas,José)"
45834,209992,FATHER_OF,"SISTER_OF(Sophronia,José) ∧ FATHER_OF(Jona,José)"
19094,209992,FATHER_OF,"SISTER_OF(Sophronia,José) ∧ FATHER_OF(Jonah,José)"
650625,209992,FATHER_OF,"SISTER_OF(Sophronia,José) ∧ FATHER_OF(Gioras,José)"
55816,209992,FATHER_OF,"SISTER_OF(Sophronia,José) ∧ FATHER_OF(Jochai,José)"
465526,209992,FATHER_OF,"SISTER_OF(Sophronia,José) ∧ FATHER_OF(Onias,José)"
18873,209992,FATHER_OF,"SISTER_OF(Sophronia,José) ∧ FATHER_OF(Gamaliel,José)"
19210,19735,FATHER_OF,"BROTHER_OF(José,Samuel) ∧ FATHER_OF(Leah,Samuel)"
19199,19735,FATHER_OF,"BROTHER_OF(José,Samuel) ∧ FATHER_OF(Laban,Samuel)"
42086,19735,FATHER_OF,"BROTHER_OF(José,Samuel) ∧ FATHER_OF(Senuah,Samuel)"
38002,19735,FATHER_OF,"BROTHER_OF(José,Samuel) ∧ FATHER_OF(Jehoash,Samuel)"
36330,19735,FATHER_OF,"BROTHER_OF(José,Samuel) ∧ FATHER_OF(Joash,Samuel)"
19082,19735,FATHER_OF,"BROTHER_OF(José,Samuel) ∧ FATHER_OF(Jehoshaphat,Samuel)"
19540,19735,FATHER_OF,"BROTHER_OF(José,Samuel) ∧ FATHER_OF(Rehoboam,Samuel)"
36522,19735,FATHER_OF,"BROTHER_OF(José,Samuel) ∧ FATHER_OF(Uri,Samuel)"
24119,19735,FATHER_OF,"BROTHER_OF(José,Samuel) ∧ FATHER_OF(Jotham,Samuel)"
35433,19735,FATHER_OF,"BROTHER_OF(José,Samuel) ∧ FATHER_OF(Jehoram,Samuel)"
3504,19735,FATHER_OF,"BROTHER_OF(José,Samuel) ∧ FATHER_OF(Asa,Samuel)"
36576,19735,FATHER_OF,"BROTHER_OF(José,Samuel) ∧ FATHER_OF(Jahdai,Samuel)"
36557,19735,FATHER_OF,"BROTHER_OF(José,Samuel) ∧ FATHER_OF(Azariah,Samuel)"
36542,19735,FATHER_OF,"BROTHER_OF(José,Samuel) ∧ FATHER_OF(Appaim,Samuel)"
36724,19735,FATHER_OF,"BROTHER_OF(José,Samuel) ∧ FATHER_OF(Jehohanan,Samuel)"
18906,19735,FATHER_OF,"BROTHER_OF(José,Samuel) ∧ FATHER_OF(Hezekiah,Samuel)"
36563,19735,FATHER_OF,"BROTHER_OF(José,Samuel) ∧ FATHER_OF(Jekamiah,Samuel)"
402110,19735,FATHER_OF,"BROTHER_OF(José,Samuel) ∧ FATHER_OF(Hassenuah,Samuel)"
36905,19735,FATHER_OF,"BROTHER_OF(José,Samuel) ∧ FATHER_OF(Meonothai,Samuel)"
36898,19735,FATHER_OF,"BROTHER_OF(José,Samuel) ∧ FATHER_OF(Eshton,Samuel)"
37051,19735,FATHER_OF,"BROTHER_OF(José,Samuel) ∧ FATHER_OF(Adaiah,Samuel)"
24105,19735,FATHER_OF,"BROTHER_OF(José,Samuel) ∧ FATHER_OF(Uzziah,Samuel)"
36797,19735,FATHER_OF,"BROTHER_OF(José,Samuel) ∧ FATHER_OF(Chelub,Samuel)"
19210,176512,FATHER_OF,"BROTHER_OF(WILLIAM,Samuel) ∧ FATHER_OF(Leah,Samuel)"
19199,176512,FATHER_OF,"BROTHER_OF(WILLIAM,Samuel) ∧ FATHER_OF(Laban,Samuel)"
42086,176512,FATHER_OF,"BROTHER_OF(WILLIAM,Samuel) ∧ FATHER_OF(Senuah,Samuel)"
38002,176512,FATHER_OF,"BROTHER_OF(WILLIAM,Samuel) ∧ FATHER_OF(Jehoash,Samuel)"
36330,176512,FATHER_OF,"BROTHER_OF(WILLIAM,Samuel) ∧ FATHER_OF(Joash,Samuel)"
19082,176512,FATHER_OF,"BROTHER_OF(WILLIAM,Samuel) ∧ FATHER_OF(Jehoshaphat,Samuel)"
19540,176512,FATHER_OF,"BROTHER_OF(WILLIAM,Samuel) ∧ FATHER_OF(Rehoboam,Samuel)"
36522,176512,FATHER_OF,"BROTHER_OF(WILLIAM,Samuel) ∧ FATHER_OF(Uri,Samuel)"
24119,176512,FATHER_OF,"BROTHER_OF(WILLIAM,Samuel) ∧ FATHER_OF(Jotham,Samuel)"
35433,176512,FATHER_OF,"BROTHER_OF(WILLIAM,Samuel) ∧ FATHER_OF(Jehoram,Samuel)"
3504,176512,FATHER_OF,"BROTHER_OF(WILLIAM,Samuel) ∧ FATHER_OF(Asa,Samuel)"
36576,176512,FATHER_OF,"BROTHER_OF(WILLIAM,Samuel) ∧ FATHER_OF(Jahdai,Samuel)"
36557,176512,FATHER_OF,"BROTHER_OF(WILLIAM,Samuel) ∧ FATHER_OF(Azariah,Samuel)"
36542,176512,FATHER_OF,"BROTHER_OF(WILLIAM,Samuel) ∧ FATHER_OF(Appaim,Samuel)"
36724,176512,FATHER_OF,"BROTHER_OF(WILLIAM,Samuel) ∧ FATHER_OF(Jehohanan,Samuel)"
18906,176512,FATHER_OF,"BROTHER_OF(WILLIAM,Samuel) ∧ FATHER_OF(Hezekiah,Samuel)"
36563,176512,FATHER_OF,"BROTHER_OF(WILLIAM,Samuel) ∧ FATHER_OF(Jekamiah,Samuel)"
402110,176512,FATHER_OF,"BROTHER_OF(WILLIAM,Samuel) ∧ FATHER_OF(Hassenuah,Samuel)"
36905,176512,FATHER_OF,"BROTHER_OF(WILLIAM,Samuel) ∧ FATHER_OF(Meonothai,Samuel)"
36898,176512,FATHER_OF,"BROTHER_OF(WILLIAM,Samuel) ∧ FATHER_OF(Eshton,Samuel)"
37051,176512,FATHER_OF,"BROTHER_OF(WILLIAM,Samuel) ∧ FATHER_OF(Adaiah,Samuel)"
24105,176512,FATHER_OF,"BROTHER_OF(WILLIAM,Samuel) ∧ FATHER_OF(Uzziah,Samuel)"
36797,176512,FATHER_OF,"BROTHER_OF(WILLIAM,Samuel) ∧ FATHER_OF(Chelub,Samuel)"
19210,30497,FATHER_OF,"BROTHER_OF(Hyrum,Samuel) ∧ FATHER_OF(Leah,Samuel)"
19199,30497,FATHER_OF,"BROTHER_OF(Hyrum,Samuel) ∧ FATHER_OF(Laban,Samuel)"
42086,30497,FATHER_OF,"BROTHER_OF(Hyrum,Samuel) ∧ FATHER_OF(Senuah,Samuel)"
38002,30497,FATHER_OF,"BROTHER_OF(Hyrum,Samuel) ∧ FATHER_OF(Jehoash,Samuel)"
36330,30497,FATHER_OF,"BROTHER_OF(Hyrum,Samuel) ∧ FATHER_OF(Joash,Samuel)"
19082,30497,FATHER_OF,"BROTHER_OF(Hyrum,Samuel) ∧ FATHER_OF(Jehoshaphat,Samuel)"
19540,30497,FATHER_OF,"BROTHER_OF(Hyrum,Samuel) ∧ FATHER_OF(Rehoboam,Samuel)"
36522,30497,FATHER_OF,"BROTHER_OF(Hyrum,Samuel) ∧ FATHER_OF(Uri,Samuel)"
24119,30497,FATHER_OF,"BROTHER_OF(Hyrum,Samuel) ∧ FATHER_OF(Jotham,Samuel)"
35433,30497,FATHER_OF,"BROTHER_OF(Hyrum,Samuel) ∧ FATHER_OF(Jehoram,Samuel)"
3504,30497,FATHER_OF,"BROTHER_OF(Hyrum,Samuel) ∧ FATHER_OF(Asa,Samuel)"
36576,30497,FATHER_OF,"BROTHER_OF(Hyrum,Samuel) ∧ FATHER_OF(Jahdai,Samuel)"
36557,30497,FATHER_OF,"BROTHER_OF(Hyrum,Samuel) ∧ FATHER_OF(Azariah,Samuel)"
36542,30497,FATHER_OF,"BROTHER_OF(Hyrum,Samuel) ∧ FATHER_OF(Appaim,Samuel)"
36724,30497,FATHER_OF,"BROTHER_OF(Hyrum,Samuel) ∧ FATHER_OF(Jehohanan,Samuel)"
18906,30497,FATHER_OF,"BROTHER_OF(Hyrum,Samuel) ∧ FATHER_OF(Hezekiah,Samuel)"
36563,30497,FATHER_OF,"BROTHER_OF(Hyrum,Samuel) ∧ FATHER_OF(Jekamiah,Samuel)"
402110,30497,FATHER_OF,"BROTHER_OF(Hyrum,Samuel) ∧ FATHER_OF(Hassenuah,Samuel)"
36905,30497,FATHER_OF,"BROTHER_OF(Hyrum,Samuel) ∧ FATHER_OF(Meonothai,Samuel)"
36898,30497,FATHER_OF,"BROTHER_OF(Hyrum,Samuel) ∧ FATHER_OF(Eshton,Samuel)"
37051,30497,FATHER_OF,"BROTHER_OF(Hyrum,Samuel) ∧ FATHER_OF(Adaiah,Samuel)"
24105,30497,FATHER_OF,"BROTHER_OF(Hyrum,Samuel) ∧ FATHER_OF(Uzziah,Samuel)"
36797,30497,FATHER_OF,"BROTHER_OF(Hyrum,Samuel) ∧ FATHER_OF(Chelub,Samuel)"
19210,67829,FATHER_OF,"BROTHER_OF(Samuel Harrison Smith,José) ∧ FATHER_OF(Leah,José)"
19199,67829,FATHER_OF,"BROTHER_OF(Samuel Harrison Smith,José) ∧ FATHER_OF(Laban,José)"
42086,67829,FATHER_OF,"BROTHER_OF(Samuel Harrison Smith,José) ∧ FATHER_OF(Senuah,José)"
38002,67829,FATHER_OF,"BROTHER_OF(Samuel Harrison Smith,José) ∧ FATHER_OF(Jehoash,José)"
36330,67829,FATHER_OF,"BROTHER_OF(Samuel Harrison Smith,José) ∧ FATHER_OF(Joash,José)"
19082,67829,FATHER_OF,"BROTHER_OF(Samuel Harrison Smith,José) ∧ FATHER_OF(Jehoshaphat,José)"
19540,67829,FATHER_OF,"BROTHER_OF(Samuel Harrison Smith,José) ∧ FATHER_OF(Rehoboam,José)"
36522,67829,FATHER_OF,"BROTHER_OF(Samuel Harrison Smith,José) ∧ FATHER_OF(Uri,José)"
24119,67829,FATHER_OF,"BROTHER_OF(Samuel Harrison Smith,José) ∧ FATHER_OF(Jotham,José)"
35433,67829,FATHER_OF,"BROTHER_OF(Samuel Harrison Smith,José) ∧ FATHER_OF(Jehoram,José)"
3504,67829,FATHER_OF,"BROTHER_OF(Samuel Harrison Smith,José) ∧ FATHER_OF(Asa,José)"
36576,67829,FATHER_OF,"BROTHER_OF(Samuel Harrison Smith,José) ∧ FATHER_OF(Jahdai,José)"
36557,67829,FATHER_OF,"BROTHER_OF(Samuel Harrison Smith,José) ∧ FATHER_OF(Azariah,José)"
36542,67829,FATHER_OF,"BROTHER_OF(Samuel Harrison Smith,José) ∧ FATHER_OF(Appaim,José)"
36724,67829,FATHER_OF,"BROTHER_OF(Samuel Harrison Smith,José) ∧ FATHER_OF(Jehohanan,José)"
18906,67829,FATHER_OF,"BROTHER_OF(Samuel Harrison Smith,José) ∧ FATHER_OF(Hezekiah,José)"
36563,67829,FATHER_OF,"BROTHER_OF(Samuel Harrison Smith,José) ∧ FATHER_OF(Jekamiah,José)"
402110,67829,FATHER_OF,"BROTHER_OF(Samuel Harrison Smith,José) ∧ FATHER_OF(Hassenuah,José)"
36905,67829,FATHER_OF,"BROTHER_OF(Samuel Harrison Smith,José) ∧ FATHER_OF(Meonothai,José)"
36898,67829,FATHER_OF,"BROTHER_OF(Samuel Harrison Smith,José) ∧ FATHER_OF(Eshton,José)"
37051,67829,FATHER_OF,"BROTHER_OF(Samuel Harrison Smith,José) ∧ FATHER_OF(Adaiah,José)"
24105,67829,FATHER_OF,"BROTHER_OF(Samuel Harrison Smith,José) ∧ FATHER_OF(Uzziah,José)"
36797,67829,FATHER_OF,"BROTHER_OF(Samuel Harrison Smith,José) ∧ FATHER_OF(Chelub,José)"
19210,209992,FATHER_OF,"SISTER_OF(Sophronia,José) ∧ FATHER_OF(Leah,José)"
19199,209992,FATHER_OF,"SISTER_OF(Sophronia,José) ∧ FATHER_OF(Laban,José)"
42086,209992,FATHER_OF,"SISTER_OF(Sophronia,José) ∧ FATHER_OF(Senuah,José)"
38002,209992,FATHER_OF,"SISTER_OF(Sophronia,José) ∧ FATHER_OF(Jehoash,José)"
36330,209992,FATHER_OF,"SISTER_OF(Sophronia,José) ∧ FATHER_OF(Joash,José)"
19082,209992,FATHER_OF,"SISTER_OF(Sophronia,José) ∧ FATHER_OF(Jehoshaphat,José)"
19540,209992,FATHER_OF,"SISTER_OF(Sophronia,José) ∧ FATHER_OF(Rehoboam,José)"
36522,209992,FATHER_OF,"SISTER_OF(Sophronia,José) ∧ FATHER_OF(Uri,José)"
24119,209992,FATHER_OF,"SISTER_OF(Sophronia,José) ∧ FATHER_OF(Jotham,José)"
35433,209992,FATHER_OF,"SISTER_OF(Sophronia,José) ∧ FATHER_OF(Jehoram,José)"
3504,209992,FATHER_OF,"SISTER_OF(Sophronia,José) ∧ FATHER_OF(Asa,José)"
36576,209992,FATHER_OF,"SISTER_OF(Sophronia,José) ∧ FATHER_OF(Jahdai,José)"
36557,209992,FATHER_OF,"SISTER_OF(Sophronia,José) ∧ FATHER_OF(Azariah,José)"
36542,209992,FATHER_OF,"SISTER_OF(Sophronia,José) ∧ FATHER_OF(Appaim,José)"
36724,209992,FATHER_OF,"SISTER_OF(Sophronia,José) ∧ FATHER_OF(Jehohanan,José)"
18906,209992,FATHER_OF,"SISTER_OF(Sophronia,José) ∧ FATHER_OF(Hezekiah,José)"
36563,209992,FATHER_OF,"SISTER_OF(Sophronia,José) ∧ FATHER_OF(Jekamiah,José)"
402110,209992,FATHER_OF,"SISTER_OF(Sophronia,José) ∧ FATHER_OF(Hassenuah,José)"
36905,209992,FATHER_OF,"SISTER_OF(Sophronia,José) ∧ FATHER_OF(Meonothai,José)"
36898,209992,FATHER_OF,"SISTER_OF(Sophronia,José) ∧ FATHER_OF(Eshton,José)"
37051,209992,FATHER_OF,"SISTER_OF(Sophronia,José) ∧ FATHER_OF(Adaiah,José)"
24105,209992,FATHER_OF,"SISTER_OF(Sophronia,José) ∧ FATHER_OF(Uzziah,José)"
36797,209992,FATHER_OF,"SISTER_OF(Sophronia,José) ∧ FATHER_OF(Chelub,José)"
