dirty_id,dirty_name,clean_id,clean_name,entity_type,pattern
33,17:30.,25073,17:30,period,trailing_punct
34,17:45.,34090,17:45,period,trailing_punct
45,29:13.,39467,29:13,period,trailing_punct
58,25:28.,3727,25:28,period,trailing_punct
364,Elder Snow's,108022,Elder Snow,person,possessive
443,Elder Stenhouse's,562,Elder Stenhouse,place,possessive
530,"May 17, 1851:",213919,"May 17, 1851",period,trailing_punct
698,H. A.,564378,H. A,person,trailing_punct
758,2:43.,59425,2:43,period,trailing_punct
1085,34:30.,578756,34:30,period,trailing_punct
1618,13:21.,44333,13:21,period,trailing_punct
1744,B. Young's,214453,B. Young,person,possessive
1794,15:42.,393476,15:42,period,trailing_punct
1905,2:26.,34136,2:26,period,trailing_punct
2439,20:37.,25761,20:37,period,trailing_punct
2442,8:19.,23086,8:19,period,trailing_punct
2467,29:28.,32848,29:28,period,trailing_punct
2519,24:20.,567375,24:20,period,trailing_punct
2669,21:21.,31120,21:21,period,trailing_punct
3155,Napoleon Bonaparte's,398946,Napoleon Bonaparte,person,possessive
3167,J. F. Smith's,3184,J. F. Smith,person,possessive
3592,abraham Abraham,3278,Abraham,person,duplicated_word
3629,anna Anna,3448,Anna,person,duplicated_word
3661,17:56.,200156,17:56,period,trailing_punct
3663,Isaac’s,18915,Isaac,person,possessive
4268,23:19.,24051,23:19,period,trailing_punct
4462,15:19.,23571,15:19,period,trailing_punct
4497,9:24.,393094,9:24,period,trailing_punct
4642,8:56.,391005,8:56,period,trailing_punct
4906,Ministrar Ministrar,19366,Ministrar,person,duplicated_word
5006,Himnos Himnos,5228,Himnos,person,duplicated_word
5270,“La Familia,129081,La Familia,place,leading_quote
5413,Orar Orar,179382,Orar,person,duplicated_word
6214,Incesto Incesto,6212,Incesto,person,duplicated_word
6534,Hospitales Hospitales,6672,Hospitales,person,duplicated_word
6718,“Aprenda,146106,Aprenda,person,leading_quote
6820,EE. UU.,149728,EE. UU,place,trailing_punct
8244,Tumim.,8608,Tumim,place,trailing_punct
8462,Adversidad.,9576,Adversidad,people,trailing_punct
9127,“Dijo,11304,Dijo,person,leading_quote
9131,“Obedecí,18247,Obedecí,person,leading_quote
9134,“Intenté sacarlas,18248,Intenté sacarlas,person,leading_quote
9137,"Intellectual Reserve,",262491,Intellectual Reserve,person,trailing_punct
10887,GEE Sacrificios.,8095,GEE Sacrificios,place,trailing_punct
11220,GEE Orgullo.,7479,GEE Orgullo,place,trailing_punct
11474,Trinidad.,364054,Trinidad,person,trailing_punct
13502,Casa del Señor.,5653,Casa del Señor,place,trailing_punct
13698,“¿Dónde,9387,¿Dónde,person,leading_quote
14396,Daniel Daniel,18661,Daniel,person,duplicated_word
15418,“José,19735,José,person,leading_quote
15928,GEE Espíritu Santo.,7978,GEE Espíritu Santo,place,trailing_punct
15970,Jehová Dios de Israel:,12618,Jehová Dios de Israel,person,trailing_punct
16201,Job Job,19090,Job,person,duplicated_word
18133,Jesus Christ's,18644,Jesus Christ,person,possessive
18777,david David,18663,David,person,duplicated_word
18785,deborah Deborah,18665,Deborah,person,duplicated_word
18845,eve Eve,18687,Eve,person,duplicated_word
19015,hezekiah Hezekiah,18906,Hezekiah,person,duplicated_word
19046,immanuel Immanuel,18913,Immanuel,person,duplicated_word
19128,japheth Japheth,19077,Japheth,person,duplicated_word
19161,jonathan Jonathan,19095,Jonathan,person,duplicated_word
19195,Spencer W.,161241,Spencer W,person,trailing_punct
19282,lucifer Lucifer,19261,Lucifer,person,duplicated_word
19286,luke Luke,19262,Luke,person,duplicated_word
19335,martha Martha,19299,Martha,person,duplicated_word
19346,matthew Matthew,19212,Matthew,person,duplicated_word
19361,michael Michael,19317,Michael,person,duplicated_word
19374,miriam Miriam,19321,Miriam,person,duplicated_word
19404,nathan Nathan,19330,Nathan,person,duplicated_word
19493,David W.,527401,David W,person,trailing_punct
19507,paul Paul,19494,Paul,person,duplicated_word
19632,raphael Raphael,30854,Raphael,person,duplicated_word
19663,ruth Ruth,19549,Ruth,person,duplicated_word
19674,sam Sam,19557,Sam,person,duplicated_word
19678,samson Samson,19560,Samson,person,duplicated_word
19685,sarah Sarah,19563,Sarah,person,duplicated_word
19732,Joseph F.,248168,Joseph F,person,trailing_punct
19744,Samuel H.,560197,Samuel H,person,trailing_punct
19802,thomas Thomas,19268,Thomas,person,duplicated_word
19843,virgin Virgin,691869,Virgin,place,duplicated_word
19893,Frederick G.,514663,Frederick G,person,trailing_punct
19906,zacharias Zacharias,19871,Zacharias,person,duplicated_word
19908,zebulun Zebulun,19873,Zebulun,person,duplicated_word
19912,zedekiah Zedekiah,19875,Zedekiah,person,duplicated_word
19914,zeniff Zeniff,19913,Zeniff,person,duplicated_word
19921,zephaniah Zephaniah,19878,Zephaniah,person,duplicated_word
20090,U.S.,673473,U.S,place,trailing_punct
20163,Ministering Ministering,123455,Ministering,person,duplicated_word
20192,Nursery Nursery,317211,Nursery,people,duplicated_word
21291,Heavenly Father’s,3567,Heavenly Father,person,possessive
21617,Abuse Abuse,22467,Abuse,people,duplicated_word
22581,Jesus Christ’s,18644,Jesus Christ,person,possessive
23067,B.C.,506953,b.c,place,trailing_punct
23079,"TG Jesus Christ,",22991,TG Jesus Christ,person,trailing_punct
23090,14:30.,24249,14:30,period,trailing_punct
23176,10:16.,23562,10:16,period,trailing_punct
23180,Church of.,23195,Church of,people,trailing_punct
23271,14:27.,786892,14:27,period,trailing_punct
23297,B.C. Lehi’s,23013,B.C. Lehi,person,possessive
23311,19:23.,23809,19:23,period,trailing_punct
23321,10:26.,396473,10:26,period,trailing_punct
23480,25:20.,397219,25:20,period,trailing_punct
23554,25:19.,23017,25:19,period,trailing_punct
23708,27:26.,46934,27:26,period,trailing_punct
23709,5:19.,23248,5:19,period,trailing_punct
23772,Lehi’s,19072,Lehi,person,possessive
23916,9:14.,27610,9:14,period,trailing_punct
24114,17:29.,23663,17:29,period,trailing_punct
24150,David’s,18663,David,person,possessive
24271,11:36.,30605,11:36,period,trailing_punct
24389,“Introducción,5042,Introducción,place,leading_quote
24401,19:10.,30425,19:10,period,trailing_punct
24477,15:13.,23231,15:13,period,trailing_punct
24490,28:21.,24850,28:21,period,trailing_punct
24723,3:21.,580757,3:21,period,trailing_punct
24724,15:26.,75073,15:26,period,trailing_punct
24810,"Jesus Christ,",18644,Jesus Christ,person,trailing_punct
25015,IE Israel’s,24151,IE Israel,people,possessive
25090,28:26.,51158,28:26,period,trailing_punct
25151,5:26.,28697,5:26,period,trailing_punct
25206,36:26.,23759,36:26,period,trailing_punct
25208,19:21.,26471,19:21,period,trailing_punct
25222,17:10.,34228,17:10,period,trailing_punct
25383,14:12.,414478,14:12,period,trailing_punct
25442,20:11.,25624,20:11,period,trailing_punct
25443,20:32.,54395,20:32,period,trailing_punct
25490,18:23.,27010,18:23,period,trailing_punct
25625,1:19.,23426,1:19,period,trailing_punct
25664,5:23.,24751,5:23,period,trailing_punct
25784,4:16.,46060,4:16,period,trailing_punct
25943,19:10;,30425,19:10,period,trailing_punct
25979,18:32.,206433,18:32,period,trailing_punct
26037,25:30.,400424,25:30,period,trailing_punct
26252,28:30;,29501,28:30,period,trailing_punct
26259,12:10.,25698,12:10,period,trailing_punct
26712,18:19.,31680,18:19,period,trailing_punct
26831,Ammon’s,3399,Ammon,person,possessive
26841,St. Peter's,94250,St. Peter,place,possessive
26859,TG Mourning.,23379,TG Mourning,person,trailing_punct
26880,90:11.,44637,90:11,period,trailing_punct
26925,11:14.,52600,11:14,period,trailing_punct
27133,10:28.,50235,10:28,period,trailing_punct
27179,16:28.,446892,16:28,period,trailing_punct
27330,13:38.,23187,13:38,period,trailing_punct
27344,9:13.,24469,9:13,period,trailing_punct
27345,1:14.,25671,1:14,period,trailing_punct
27735,1:23.,396366,1:23,period,trailing_punct
27977,6:31.,24658,6:31,period,trailing_punct
27984,18:12.,28581,18:12,period,trailing_punct
28041,Jun.,705686,Jun,place,trailing_punct
28161,9:20.,51792,9:20,period,trailing_punct
28211,New.,25568,New,place,trailing_punct
28317,28:34.,53933,28:34,period,trailing_punct
28436,11:18.,29551,11:18,period,trailing_punct
28437,16:19.,51654,16:19,period,trailing_punct
28471,58:30.,770771,58:30,period,trailing_punct
28473,17:46.,2479,17:46,period,trailing_punct
28604,9:20;,51792,9:20,period,trailing_punct
28640,Gadianton’s,25204,Gadianton,people,possessive
28777,22:26.,75132,22:26,period,trailing_punct
28813,9:28.,24648,9:28,period,trailing_punct
28814,10:34.,23753,10:34,period,trailing_punct
28831,14:21.,38107,14:21,period,trailing_punct
28882,12:34.,30588,12:34,period,trailing_punct
28904,3:18.,33203,3:18,period,trailing_punct
28933,16:10.,495175,16:10,period,trailing_punct
29185,19:14.,23964,19:14,period,trailing_punct
29239,Lorenzo Snow's,29850,Lorenzo Snow,person,possessive
29271,11:25.,23860,11:25,period,trailing_punct
29284,L. Snow's,362,L. Snow,person,possessive
29408,King Noah’s,29120,King Noah,people,possessive
29624,17:40;,29151,17:40,period,trailing_punct
29658,the king’s,777106,the King,people,possessive
29707,Joseph Smith’s,19102,Joseph Smith,person,possessive
29726,12:19.,32631,12:19,period,trailing_punct
29804,"Moses, Elijah,",618880,"Moses, Elijah",people,trailing_punct
29839,Brigham Young’s,19870,Brigham Young,person,possessive
29885,Dear Brethren:,208420,Dear Brethren,concept,trailing_punct
30014,10:14.,23300,10:14,period,trailing_punct
30196,Elder Orson Hyde's,89213,Elder Orson Hyde,person,possessive
30356,Adam’s,3289,Adam,person,possessive
30403,49:26.,38838,49:26,period,trailing_punct
30420,Joseph’s,19097,Joseph,person,possessive
30502,6:11.,23713,6:11,period,trailing_punct
30573,Joseph Knight Sr.,31372,Joseph Knight Sr,person,trailing_punct
30664,Joseph Smith Sr.,81462,Joseph Smith Sr,person,trailing_punct
30673,24:44.,607643,24:44,period,trailing_punct
30816,20:40.,40928,20:40,period,trailing_punct
30973,Authority of.,34213,Authority of,people,trailing_punct
31025,1:20.,24192,1:20,period,trailing_punct
31049,22:21;,35938,22:21,period,trailing_punct
31203,Peter Whitmer Sr.,31362,Peter Whitmer Sr,person,trailing_punct
31219,Peter Whitmer Jr.,198603,Peter Whitmer Jr,person,trailing_punct
31262,13:11.,26924,13:11,period,trailing_punct
31421,17:40.,29151,17:40,period,trailing_punct
31460,"19:13,",25461,19:13,period,trailing_punct
31819,Elder Brown's,233452,Elder Brown,person,possessive
31884,24:33.,41752,24:33,period,trailing_punct
31933,18:20.,31748,18:20,period,trailing_punct
31946,27:13.,633629,27:13,period,trailing_punct
31953,"Freedom,",192210,Freedom,people,trailing_punct
31969,28:30.,29501,28:30,period,trailing_punct
32030,14:16.,28656,14:16,period,trailing_punct
32072,Sidney Gilbert’s,30093,Sidney Gilbert,person,possessive
32081,Leman Copley’s,31718,Leman Copley,person,possessive
32171,15:24.,29094,15:24,period,trailing_punct
32213,"Priesthood, Power of.",23485,"Priesthood, Power of",people,trailing_punct
32244,64:26.,32111,64:26,period,trailing_punct
32269,Cæsar’s,32268,Cæsar,people,possessive
32326,3:14.,31677,3:14,period,trailing_punct
32384,Oliver Cowdery’s,18654,Oliver Cowdery,person,possessive
32407,25:19;,23017,25:19,period,trailing_punct
32411,42:30.,193415,42:30,period,trailing_punct
32474,TG Council in Heaven;,24197,TG Council in Heaven,people,trailing_punct
32776,South Carolina’s,30894,South Carolina,place,possessive
32973,John’s,19092,John,person,possessive
32993,TG Mourning;,23379,TG Mourning,person,trailing_punct
33129,"the ministry of the saints,",421,the ministry of the saints,people,trailing_punct
33182,27:18.,40918,27:18,period,trailing_punct
33204,Intelligence of.,32958,Intelligence of,people,trailing_punct
33219,15:57.,393058,15:57,period,trailing_punct
33307,11:40.,415054,11:40,period,trailing_punct
33354,10:10.,23186,10:10,period,trailing_punct
33377,Van Cott's,33284,Van Cott,person,possessive
33385,8:13.,25867,8:13,period,trailing_punct
33407,John John,19092,John,person,duplicated_word
33409,Peter Peter,19498,Peter,person,duplicated_word
33559,Peter’s,19498,Peter,person,possessive
33746,10:19.,3397,10:19,period,trailing_punct
33795,Paul’s,19494,Paul,person,possessive
33927,Solomon’s,19746,Solomon,person,possessive
33985,Stephen’s,19750,Stephen,person,possessive
34340,Martha’s,19299,Martha,person,possessive
34419,15:15.,53612,15:15,period,trailing_punct
34538,"TG Jesus Christ, Appearances,",24003,"TG Jesus Christ, Appearances",person,trailing_punct
34769,18:24.,29992,18:24,period,trailing_punct
34834,13:46.,26681,13:46,period,trailing_punct
35045,Philip’s,19529,Philip,person,possessive
35119,Simon’s,19581,Simon,person,possessive
35154,Pharisee’s,33964,Pharisee,people,possessive
35183,16:26.,25730,16:26,period,trailing_punct
35211,11:10.,46106,11:10,period,trailing_punct
35230,17:51.,431,17:51,period,trailing_punct
35256,11:34.,33139,11:34,period,trailing_punct
35499,9:13;,24469,9:13,period,trailing_punct
35520,Herod’s,18904,Herod,person,possessive
35521,John Baptist’s,35153,John Baptist,person,possessive
35777,2:19;,25694,2:19,period,trailing_punct
35828,51:13.,23261,51:13,period,trailing_punct
35882,11:10;,46106,11:10,period,trailing_punct
35916,17:15.,23784,17:15,period,trailing_punct
36022,25:23.,509396,25:23,period,trailing_punct
36616,24:25.,34724,24:25,period,trailing_punct
36697,Christoffel Golden Jr.,129336,Christoffel Golden Jr,person,trailing_punct
36776,Ikkesh the Tekoite:,36282,Ikkesh the Tekoite,people,trailing_punct
37089,26:38.,51559,26:38,period,trailing_punct
37385,17:34.,33648,17:34,period,trailing_punct
37386,4:29.,29003,4:29,period,trailing_punct
37428,Ahab’s,3301,Ahab,person,possessive
37520,24:13.,35684,24:13,period,trailing_punct
37582,"TG Priesthood,",23618,TG Priesthood,people,trailing_punct
37656,Jonathan’s,19095,Jonathan,person,possessive
37699,15:28.,50415,15:28,period,trailing_punct
37738,24:26.,39287,24:26,period,trailing_punct
38026,10:30.,24135,10:30,period,trailing_punct
38053,4:21.,32629,4:21,period,trailing_punct
38079,23:25.,52494,23:25,period,trailing_punct
38257,Joab’s,36233,Joab,person,possessive
38290,19:12.,398643,19:12,period,trailing_punct
38409,George A Smith's,176948,George A Smith,person,possessive
38416,Amos Amos,3416,Amos,person,duplicated_word
38424,16:13.,25563,16:13,period,trailing_punct
38586,29:38.,36452,29:38,period,trailing_punct
38611,13:28.,45353,13:28,period,trailing_punct
38696,23:16.,28495,23:16,period,trailing_punct
38700,19:26.,392051,19:26,period,trailing_punct
38768,18:13.,25270,18:13,period,trailing_punct
38783,11:21;,607499,11:21,period,trailing_punct
38835,47:19.,483016,47:19,period,trailing_punct
38857,"TG Israel,",22943,TG Israel,person,trailing_punct
38891,9:51.,25284,9:51,period,trailing_punct
38921,20:18.,54653,20:18,period,trailing_punct
38993,Mordecai Esther’s,394996,Mordecai Esther,person,possessive
39021,Haman’s,38983,Haman,person,possessive
39083,22:47.,512726,22:47,period,trailing_punct
39138,10:13.,23566,10:13,period,trailing_punct
39160,2:28.,54870,2:28,period,trailing_punct
39205,17:24.,33994,17:24,period,trailing_punct
39209,12:31.,54132,12:31,period,trailing_punct
39235,17:42.,401322,17:42,period,trailing_punct
39250,16:31.,44019,16:31,period,trailing_punct
39279,44:18.,395884,44:18,period,trailing_punct
39297,17:13.,27479,17:13,period,trailing_punct
39345,23:45.,2021,23:45,period,trailing_punct
39356,20:35.,49512,20:35,period,trailing_punct
39362,9:38.,3142,9:38,period,trailing_punct
39372,5:11.,37493,5:11,period,trailing_punct
39381,21:25.,45936,21:25,period,trailing_punct
39395,37:18.,39333,37:18,period,trailing_punct
39451,28:13.,44454,28:13,period,trailing_punct
39496,42:13.,658987,42:13,period,trailing_punct
39506,29:10.,24690,29:10,period,trailing_punct
39516,48:13.,400465,48:13,period,trailing_punct
39527,Nelson Pratt's,35962,Nelson Pratt,person,possessive
39553,18:30.,25487,18:30,period,trailing_punct
39977,Sarah Abraham’s,241722,Sarah Abraham,person,possessive
40118,Jacob’s,3549,Jacob,person,possessive
40229,El-beth-el:,400253,El-beth-el,people,trailing_punct
40233,Rachel’s,19536,Rachel,person,possessive
40323,Pharaoh’s,19499,Pharaoh,person,possessive
40542,Haggai Haggai,18895,Haggai,person,duplicated_word
40546,6:15.,28801,6:15,period,trailing_punct
40558,Hosea Hosea,18910,Hosea,person,duplicated_word
40808,14:10.,39098,14:10,period,trailing_punct
40846,21:13.,35574,21:13,period,trailing_punct
40858,20:28.,25437,20:28,period,trailing_punct
40891,26:25.,44993,26:25,period,trailing_punct
40990,22:21.,35938,22:21,period,trailing_punct
41010,2:15.,33320,2:15,period,trailing_punct
41184,14:11.,48894,14:11,period,trailing_punct
41306,11:21.,607499,11:21,period,trailing_punct
41342,Jonah Jonah,19094,Jonah,person,duplicated_word
41439,18:17.,24109,18:17,period,trailing_punct
41532,Ephraim’s,18682,Ephraim,person,possessive
41618,21:38.,53984,21:38,period,trailing_punct
41639,1:38.,26894,1:38,period,trailing_punct
41640,10:17.,400135,10:17,period,trailing_punct
41661,3:28.,425063,3:28,period,trailing_punct
41909,22:30.,24879,22:30,period,trailing_punct
41977,43:19.,38697,43:19,period,trailing_punct
42031,Nahum Nahum,19327,Nahum,person,duplicated_word
42138,’ quarter,798318,Quarter,period,leading_quote
42166,Bishop Stoker's,587276,Bishop Stoker,person,possessive
42295,1:14;,25671,1:14,period,trailing_punct
42327,Balaam’s,3518,Balaam,person,possessive
42514,Obadiah Obadiah,19421,Obadiah,person,duplicated_word
42575,14:20.,31637,14:20,period,trailing_punct
42576,9:34.,96,9:34,period,trailing_punct
42738,95:10.,38717,95:10,period,trailing_punct
42894,Abraham Owen's,217994,Abraham Owen,person,possessive
42898,Stonewall Jackson's,797759,Stonewall Jackson,person,possessive
42932,25:18.,44445,25:18,period,trailing_punct
43005,Elder Smith's,85201,Elder Smith,person,possessive
43041,15:13;,23231,15:13,period,trailing_punct
43073,Mahlon’s,43052,Mahlon,person,possessive
43131,Shinar:,38498,Shinar,place,trailing_punct
43167,Abr.,10812,Abr,place,trailing_punct
43259,1:56.,49460,1:56,period,trailing_punct
43567,JOHN PARRY'S,384841,John Parry,person,possessive
43682,14:21;,38107,14:21,period,trailing_punct
43692,MARTIN H. PECK'S,517497,Martin H. Peck,person,possessive
44025,Jehu’s,36335,Jehu,person,possessive
44112,Sutter's,642012,Sutter,people,possessive
44123,"31:10,",67890,31:10,period,trailing_punct
44148,"Addison Everett,",585286,Addison Everett,people,trailing_punct
44194,Tindale’s,488129,Tindale,people,possessive
44195,Coverdale’s,400389,Coverdale,people,possessive
44198,Cranmer’s,44202,Cranmer,people,possessive
44311,"1:35,",327529,1:35,period,trailing_punct
44312,"James, Joses,",204661,"James, Joses",people,trailing_punct
44888,1:20;,24192,1:20,period,trailing_punct
45129,9:26;,24669,9:26,period,trailing_punct
45246,"23:15,",29274,23:15,period,trailing_punct
45252,"5:17,",53611,5:17,period,trailing_punct
45352,Jotham’s,24119,Jotham,person,possessive
45451,Daniel Spencer's,211924,Daniel Spencer,person,possessive
45455,Abraham O. Smoot's,212941,Abraham O. Smoot,person,possessive
45457,George B. Wallace's,349590,George B. Wallace,person,possessive
45460,W. Snow's,526143,W. Snow,person,possessive
45462,Jedediah M. Grant's,59769,Jedediah M. Grant,person,possessive
45487,"21:11,",23676,21:11,period,trailing_punct
45604,"17:10,",34228,17:10,period,trailing_punct
45675,Jairus’s,35157,Jairus,person,possessive
45688,James Fielding's,208921,James Fielding,person,possessive
45869,Joshua’s,19104,Joshua,person,possessive
46011,"12:15,",45179,12:15,period,trailing_punct
46012,2:11;,23785,2:11,period,trailing_punct
46112,David Hibbard's,46117,David Hibbard,person,possessive
46197,Daniel’s,18661,Daniel,person,possessive
46360,"1:38–39,",570813,1:38–39,period,trailing_punct
46398,Isa.,24110,Isa,place,trailing_punct
46401,Cradlebaugh's,46387,Cradlebaugh,people,possessive
46433,2:10;,23246,2:10,period,trailing_punct
46517,Gal.,43866,Gal,place,trailing_punct
46629,William E. McLellin's,29828,William E. McLellin,person,possessive
46840,"46:19,",400944,46:19,period,trailing_punct
46859,"18:18,",24199,18:18,period,trailing_punct
46922,"5:39,",33947,5:39,period,trailing_punct
47058,29:10;,24690,29:10,period,trailing_punct
47183,Ahijah’s,36273,Ahijah,person,possessive
47287,11:25;,23860,11:25,period,trailing_punct
47441,"Prairie du Chien,",177871,Prairie du Chien,place,trailing_punct
47903,King Nebuchadnezzar’s,64332,King Nebuchadnezzar,people,possessive
47973,Ephraim Ephraim,18682,Ephraim,person,duplicated_word
48008,Child’s,51469,Child,concept,possessive
48091,Habakkuk’s,18893,Habakkuk,person,possessive
48097,Haggai’s,18895,Haggai,person,possessive
48195,Sarah’s,19563,Sarah,person,possessive
48443,Mark’s,19267,Mark,person,possessive
48515,King Benjamin’s,3539,King Benjamin,person,possessive
48711,Reuben Jacob’s,673352,Reuben Jacob,person,possessive
48916,Joseph F. Smith’s,31137,Joseph F. Smith,person,possessive
48958,Zedekiah’s,19875,Zedekiah,person,possessive
49711,Cornelius Gilliam's,361430,Cornelius Gilliam,person,possessive
49856,28:19.,49643,28:19,period,trailing_punct
49882,11:38.,493448,11:38,period,trailing_punct
50056,11:30.,41669,11:30,period,trailing_punct
50110,22:13.,23267,22:13,period,trailing_punct
50179,3:14.,51352,3:14,object,trailing_punct
50183,20:30.,35961,20:30,period,trailing_punct
50231,6:21.,38872,6:21,period,trailing_punct
50460,10:12.,410450,10:12,period,trailing_punct
50547,13:19.,28264,13:19,period,trailing_punct
50853,24:18.,23810,24:18,period,trailing_punct
50879,11:28.,29977,11:28,period,trailing_punct
51008,"Children; Family; Marriage,",52646,Children; Family; Marriage,concept,trailing_punct
51355,11:26.,26215,11:26,period,trailing_punct
51360,17:38.,23682,17:38,period,trailing_punct
51393,15:31.,27282,15:31,period,trailing_punct
51716,William Walker's,107490,William Walker,person,possessive
51833,16:27.,54675,16:27,period,trailing_punct
51941,12:13.,580742,12:13,period,trailing_punct
52487,Elder Markham's,516997,Elder Markham,person,possessive
52609,28:21;,24850,28:21,period,trailing_punct
52638,19:31.,501698,19:31,period,trailing_punct
52993,12:15.,45179,12:15,period,trailing_punct
53230,13:34.,29251,13:34,period,trailing_punct
53231,10:18.,2138,10:18,period,trailing_punct
53381,36:26;,23759,36:26,period,trailing_punct
53654,10:14.,24027,10:14,object,trailing_punct
53826,25:10.,209,25:10,period,trailing_punct
53982,24:14.,25068,24:14,period,trailing_punct
53997,8:26.,23083,8:26,period,trailing_punct
54117,16:13;,25563,16:13,period,trailing_punct
54301,JOSEPH'S,19097,Joseph,person,possessive
54381,Uncle Sam's,88311,Uncle Sam,person,possessive
54384,23:30.,24071,23:30,period,trailing_punct
54446,Meditation; Prayer;,54445,Meditation; Prayer,concept,trailing_punct
54528,14:18.,39123,14:18,period,trailing_punct
54589,Jesse Jesse,19087,Jesse,person,duplicated_word
54712,Bishop Edward Hunter's,213865,Bishop Edward Hunter,person,possessive
54762,12:40.,51490,12:40,period,trailing_punct
54896,Widow Smith's,67754,Widow Smith,person,possessive
54925,Joseph F.:,248168,Joseph F,person,trailing_punct
54941,27:16.,44063,27:16,period,trailing_punct
54942,Locke's,405625,Locke,concept,possessive
54945,29:26.,38460,29:26,period,trailing_punct
55161,26:14.,47263,26:14,period,trailing_punct
55210,Henry VIII.,98158,Henry VIII,person,trailing_punct
55273,Gen.,290508,Gen,people,trailing_punct
55832,Elder Monson’s,66002,Elder Monson,person,possessive
55867,5:28.,50209,5:28,period,trailing_punct
56087,Jose Manuel’s,56085,Jose Manuel,person,possessive
56441,11th ed.,65319,11th ed,person,trailing_punct
56721,David A. Bednar’s,56647,David A. Bednar,person,possessive
56810,James E.,128444,James E,person,trailing_punct
56835,Cecil O. Samuelson Jr.,151295,Cecil O. Samuelson Jr,person,trailing_punct
56905,John C. Pingree Jr.,126518,John C. Pingree Jr,person,trailing_punct
57063,Milton Wright’s,57055,Milton Wright,person,possessive
57066,John Gillespie Magee Jr.,137425,John Gillespie Magee Jr,person,trailing_punct
57820,Lynette’s,57813,Lynette,people,possessive
57957,"August 1, 2024:",57965,"August 1, 2024",period,trailing_punct
58348,Brett’s,58349,Brett,people,possessive
58583,Sister Cox’s,58579,Sister Cox,person,possessive
58847,Eric’s,58845,Eric,person,possessive
58865,George’s,30740,George,person,possessive
58936,Betty’s,58934,Betty,person,possessive
58981,David A.,238227,David A,person,trailing_punct
59222,"August 1, 2018:",59209,"August 1, 2018",period,trailing_punct
59349,Howard W.,146136,Howard W,person,trailing_punct
59564,Thomas S. Monson’s,55920,Thomas S. Monson,person,possessive
59777,"Luther, Calvin,",399454,"Luther, Calvin",person,trailing_punct
59909,The Aaronic Priesthood MIA Young Women’s,59905,the Aaronic Priesthood MIA Young Women,people,possessive
60063,David O. McKay’s,56111,David O. McKay,person,possessive
60231,Bishop Brown’s,60228,Bishop Brown,people,possessive
60301,Frederick William Farrar’s,137657,Frederick William Farrar,person,possessive
60330,James’s,19073,James,person,possessive
60345,D.C.,291417,D.C,place,trailing_punct
60356,Alexander Pope’s,82022,Alexander Pope,person,possessive
60434,George A.,538269,George A,person,trailing_punct
60460,Saint Paul’s,435264,Saint Paul,person,possessive
60578,Kalonji’s,60577,Kalonji,person,possessive
60639,"May 1, 2016:",366925,"May 1, 2016",period,trailing_punct
60667,Remegio E. Meim Jr.,127905,Remegio E. Meim Jr,person,trailing_punct
60677,George F. Rhodes Jr.,127910,George F. Rhodes Jr,person,trailing_punct
60806,Thomas S.,801734,Thomas S,person,trailing_punct
61209,Jimmy Jr.,127979,Jimmy Jr,person,trailing_punct
61260,Elder Patanía’s,61261,Elder Patanía,person,possessive
61404,Paul C. Child’s,82881,Paul C. Child,person,possessive
61778,J. Reuben Clark Jr.,141287,J. Reuben Clark Jr,person,trailing_punct
61961,Perry’s,68310,Perry,person,possessive
62119,Angela’s,62118,Angela,person,possessive
62377,“Missionary Service,20981,Missionary Service,people,leading_quote
62410,"Amulek, Alma’s",630462,"Amulek, Alma",people,possessive
62412,Spencer W. Kimball’s,29876,Spencer W. Kimball,person,possessive
62432,Elder Ballard’s,61978,Elder Ballard,person,possessive
62655,"Brigham Young Office Files,",114838,Brigham Young Office Files,people,trailing_punct
63205,Wilford W. Kirton Jr.,129972,Wilford W. Kirton Jr,person,trailing_punct
63228,Parley P. Pratt’s,29824,Parley P. Pratt,person,possessive
63352,"“Your Greatest Challenge, Mother",229700,"Your Greatest Challenge, Mother",concept,leading_quote
63419,the Apostle Paul to Timothy:,75045,the Apostle Paul to Timothy,people,trailing_punct
63428,Wilford Woodruff’s,19866,Wilford Woodruff,person,possessive
91764,John H. Groberg’s,57729,John H. Groberg,person,possessive
63567,Sister Hinckley’s,63565,Sister Hinckley,person,possessive
63689,Lewis Carroll’s,61519,Lewis Carroll,person,possessive
63743,10th ed.,64944,10th ed,period,trailing_punct
63943,n.p.,611289,n.p,place,trailing_punct
63997,O. Samuelson Jr.,155265,O. Samuelson Jr,person,trailing_punct
64113,Mich.,89345,Mich,place,trailing_punct
64147,James E. Faust’s,55874,James E. Faust,person,possessive
64181,Richard’s,64184,Richard,person,possessive
64183,Yates’s,130407,Yates,person,possessive
64304,"Sunday, April 6, 1930:",221148,"Sunday, April 6, 1930",period,trailing_punct
64423,Ralph W. Hardy Jr.,130961,Ralph W. Hardy Jr,person,trailing_punct
64688,Robert Bolt’s,76557,Robert Bolt,person,possessive
64803,David O.,592037,David O,person,trailing_punct
64917,Ore.,321346,Ore,place,trailing_punct
64986,Whitney’s,48934,Whitney,people,possessive
65006,b.c.,506953,b.c,place,trailing_punct
65027,Mass.,131010,Mass,place,trailing_punct
65082,Dear Ruby’s,65081,Dear Ruby,concept,possessive
65175,Cesar A. Perez Jr.,132289,Cesar A. Perez Jr,person,trailing_punct
65224,Harriet’s,65223,Harriet,person,possessive
65431,King Henry VIII’s,560250,King Henry VIII,place,possessive
65433,Tyndale’s,65429,Tyndale,people,possessive
65448,William Tyndale’s,65427,William Tyndale,person,possessive
65510,Robert Louis Stevenson’s,65531,Robert Louis Stevenson,person,possessive
66022,Sister Holland’s,114242,Sister Holland,people,possessive
66027,Henry Fairlie’s,66097,Henry Fairlie,person,possessive
66059,Richard E. Turley Sr.,121786,Richard E. Turley Sr,person,trailing_punct
66159,4th ed.,95033,4th ed,person,trailing_punct
66250,Howard W. Hunter’s,55755,Howard W. Hunter,person,possessive
66424,Tom’s,64187,Tom,person,possessive
66604,Sister Spencer’s,66602,Sister Spencer,person,possessive
66613,Baur Dee’s,66617,Baur Dee,person,possessive
66750,Jacob Marley’s,68456,Jacob Marley,person,possessive
66771,Sea Gull’s,66769,Sea Gull,people,possessive
66878,Lyman Wight’s,196389,Lyman Wight,people,possessive
67028,Maria’s,61269,Maria,person,possessive
67082,Abraham Joshua Heschel.,573009,Abraham Joshua Heschel,person,trailing_punct
67241,the General Authority Area Supervisor’s,67236,the General Authority Area Supervisor,people,possessive
67337,Cory’s,67328,Cory,person,possessive
67353,Grant’s,59770,Grant,person,possessive
67382,John Benbow’s,62910,John Benbow,person,possessive
67435,Sister Kimball’s,86658,Sister Kimball,person,possessive
67591,McKay’s,56112,McKay,person,possessive
67666,Elder Hunter’s,87849,Elder Hunter,person,possessive
67783,The First Council of the Seventy:,60011,the First Council of the Seventy,people,trailing_punct
68101,The Aaronic Priesthood and Young Men’s,87563,the Aaronic Priesthood and Young Men,people,possessive
68282,5th ed.,58561,5th ed,person,trailing_punct
68423,"Nephi, Alma,",27277,"Nephi, Alma",people,trailing_punct
68477,Scribner’s,426222,Scribner,person,possessive
68534,Papua New Guinea’s,57012,Papua New Guinea,place,possessive
68575,Tiffany’s,68577,Tiffany,people,possessive
68606,Verdi’s,68602,Verdi,person,possessive
68707,Willard’s,522736,WILLARD,people,possessive
68792,BYU’s,21135,BYU,people,possessive
69072,Agnes’s,69070,Agnes,place,possessive
69483,Lucy Mack Smith’s,55881,Lucy Mack Smith,person,possessive
69567,Gerrit W. Gong’s,56736,Gerrit W. Gong,person,possessive
69677,Orville’s,57057,Orville,person,possessive
69766,Luke’s,19262,Luke,person,possessive
69804,Nelson’s,55877,Nelson,person,possessive
69871,Martin Luther King Jr.,134577,Martin Luther King Jr,person,trailing_punct
70133,Elder Patrick Kearon’s,74197,Elder Patrick Kearon,person,possessive
70320,the upcoming year:,598457,the upcoming year,period,trailing_punct
70328,Surely the Lord’s,135484,Surely the Lord,concept,possessive
70424,Moroni’s,19324,Moroni,person,possessive
70997,3d ed.,581526,3d ed,object,trailing_punct
71040,Philemon Merrill’s,71036,Philemon Merrill,person,possessive
71139,John A.,161446,John A,person,trailing_punct
71145,Sister Call’s,71146,Sister Call,people,possessive
71576,Bob Merrick’s,71572,Bob Merrick,person,possessive
71617,Eleanor Roosevelt’s,71619,Eleanor Roosevelt,person,possessive
71635,Uncle Zene’s,71636,Uncle Zene,person,possessive
72043,"The New Dictionary of Thoughts,",118319,The New Dictionary of Thoughts,people,trailing_punct
72284,Terry’s,59164,Terry,person,possessive
72426,Helaman’s,18900,Helaman,person,possessive
72433,Abraham Lincoln’s,58721,Abraham Lincoln,person,possessive
72757,Russell M. Nelson’s,18135,Russell M. Nelson,person,possessive
72960,Thomas Kane’s,211551,Thomas Kane,person,possessive
73028,Sam’s,19557,Sam,person,possessive
73107,Elder Neal A. Maxwell’s,57696,Elder Neal A. Maxwell,person,possessive
73275,S. Marc Clay Jr.,135539,S. Marc Clay Jr,person,trailing_punct
73300,Edvaldo B. Pinto Jr.,135545,Edvaldo B. Pinto Jr,person,trailing_punct
73761,Andy Reid’s,73739,Andy Reid,person,possessive
73824,"Ask, Seek,",146567,"Ask, Seek",concept,trailing_punct
74246,Mary Bommeli’s,112271,Mary Bommeli,person,possessive
74265,Benson’s,55975,Benson,person,possessive
74328,C. S. Lewis’s,55734,C. S. Lewis,person,possessive
74513,Jesus’s,18645,Jesus,person,possessive
74954,Ronald Reagan’s,60104,Ronald Reagan,person,possessive
75198,bachelor’s,625064,Bachelor,people,possessive
75242,Jerry’s,62843,Jerry,person,possessive
75456,Gordon B. Hinckley’s,55974,Gordon B. Hinckley,person,possessive
75872,Milton V. Backman Jr.,137143,Milton V. Backman Jr,person,trailing_punct
75907,Parley P. Pratt Jr.,129615,Parley P. Pratt Jr,person,trailing_punct
75943,Boyd K.,164498,Boyd K,person,trailing_punct
76013,the United States Navy’s,60068,the United States Navy,people,possessive
76244,Jimmy’s,61212,Jimmy,person,possessive
76307,Clark’s,63071,Clark,person,possessive
76381,Ishmael’s,18917,Ishmael,person,possessive
76383,J. C. Penney’s,343066,J. C. Penney,people,possessive
76545,Cooper’s,76549,Cooper,people,possessive
76675,Nelson Mandela’s,76389,Nelson Mandela,person,possessive
76732,Hyrum Shumway’s,76720,Hyrum Shumway,person,possessive
77144,Heber C. Kimball’s,30760,Heber C. Kimball,person,possessive
77195,Martin Luther’s,79657,Martin Luther,person,possessive
77245,Kevin’s,57826,Kevin,person,possessive
77364,Elder Wirthlin’s,66215,Elder Wirthlin,person,possessive
77624,Cassie’s,77623,Cassie,people,possessive
77664,Mar.,9470,Mar,place,trailing_punct
77860,LeGrand R. Curtis Jr.,138515,LeGrand R. Curtis Jr,person,trailing_punct
77879,Carlos R. Fusco Jr.,138519,Carlos R. Fusco Jr,person,trailing_punct
78232,Laurence’s,443839,Laurence,person,possessive
78455,Modesto M. Amistad Jr.,139349,Modesto M. Amistad Jr,person,trailing_punct
78532,Ronald Poelman’s,139447,Ronald Poelman,person,possessive
78583,Darlene’s,78580,Darlene,person,possessive
78686,n.d.,353196,n.d,place,trailing_punct
78829,2nd ed.,63178,2nd ed,period,trailing_punct
78834,Ephraim K. Hanks’s,102775,Ephraim K. Hanks,person,possessive
80064,Cleiton’s,80059,Cleiton,people,possessive
80132,Elder Joseph B. Wirthlin’s,77363,Elder Joseph B. Wirthlin,person,possessive
80566,Elder Davies’s,541765,Elder Davies,people,possessive
80758,South Africa’s,59286,South Africa,place,possessive
80790,T. S. Eliot’s,60892,T. S. Eliot,person,possessive
80830,Carlos G. Revillo Jr.,140900,Carlos G. Revillo Jr,person,trailing_punct
80838,Sister Obedoza’s,80841,Sister Obedoza,person,possessive
81212,Steven’s,85315,Steven,person,possessive
81216,Christopher Williams’s,141663,Christopher Williams,person,possessive
81674,Misti’s,81673,Misti,person,possessive
81897,Children’s,34543,Children,person,possessive
81905,Calif.,277137,Calif,place,trailing_punct
82042,N.J.,815665,N.J,place,trailing_punct
82226,Sister Turay’s,82225,Sister Turay,people,possessive
82304,"May 1, 2015:",197499,"May 1, 2015",period,trailing_punct
82354,Ruth Gardner’s,141983,Ruth Gardner,person,possessive
82649,Susan’s,58617,Susan,person,possessive
82675,Catherine’s,43296,Catherine,person,possessive
82781,Heber J. Grant’s,56231,Heber J. Grant,person,possessive
82959,Rice University’s,350131,Rice University,people,possessive
83049,Linda K. Burton’s,60957,Linda K. Burton,person,possessive
83148,Helen Keller’s,83142,Helen Keller,person,possessive
83151,Anne Sullivan’s,83144,Anne Sullivan,person,possessive
83153,Matthew’s,19212,Matthew,person,possessive
83424,Dieter F. Uchtdorf’s,56574,Dieter F. Uchtdorf,person,possessive
83675,Boyd K. Packer’s,56035,Boyd K. Packer,person,possessive
83751,the Apostle Paul’s,60821,the Apostle Paul,place,possessive
83895,Virginia Reed’s,83879,Virginia Reed,person,possessive
83918,Andrew E. Kimball Jr.,295751,Andrew E. Kimball Jr,person,trailing_punct
83983,Joseph Fielding Smith Jr.,152010,Joseph Fielding Smith Jr,person,trailing_punct
84004,Wendy’s,116304,Wendy,people,possessive
84005,Wendy’s,58637,Wendy,person,possessive
84017,Rudyard Kipling’s,62519,Rudyard Kipling,person,possessive
84048,Elder Heber C. Kimball’s,93845,Elder Heber C. Kimball,person,possessive
84180,Joseph F.’s,19732,Joseph F.,person,possessive
84244,Nephi’s,18918,Nephi,person,possessive
84286,Richard G. Scott’s,56157,Richard G. Scott,person,possessive
84449,Leonard’s,84448,Leonard,person,possessive
84458,Grant Remund’s,84455,Grant Remund,people,possessive
84710,Noah Webster’s,163815,Noah Webster,person,possessive
84790,Jenny’s,84789,Jenny,person,possessive
84870,Lorenzo Snow’s,29850,Lorenzo Snow,person,possessive
85042,Matthew Henry’s,396169,Matthew Henry,person,possessive
85156,Elder Whitney’s,85152,Elder Whitney,person,possessive
85199,Elder Smith’s,85201,Elder Smith,person,possessive
85248,momma’s,115697,Momma,person,possessive
85388,Billy’s,102340,Billy,person,possessive
85390,Billy’s,227283,Billy,people,possessive
85475,Elder Packer’s,62209,Elder Packer,people,possessive
85568,Thorgeir’s,85566,Thorgeir,people,possessive
85587,Elder Holland’s,58357,Elder Holland,person,possessive
85704,Sister Calamassi’s,85703,Sister Calamassi,person,possessive
86261,Aley K. Auna Jr.,144869,Aley K. Auna Jr,person,trailing_punct
86348,Sammy’s,86349,Sammy,person,possessive
86389,Neil L. Andersen’s,56936,Neil L. Andersen,person,possessive
86400,Elder Cook’s,62152,Elder Cook,person,possessive
86835,Elder Scott’s,73817,Elder Scott,person,possessive
87176,Victoria’s,62760,Victoria,people,possessive
87290,Laurie’s,467114,Laurie,person,possessive
87334,Society’s,78393,Society,people,possessive
87436,A Mighty Change of Heart:,681202,A Mighty Change of Heart,work,trailing_punct
87474,Sister Stucki’s,87475,Sister Stucki,person,possessive
87549,Ezekiel’s,18689,Ezekiel,person,possessive
87605,the U.S. Government’s,766967,the U.S. Government,people,possessive
87866,"The International Dictionary of Thoughts,",66908,The International Dictionary of Thoughts,people,trailing_punct
88076,Sister Pearson’s,675365,Sister Pearson,person,possessive
88234,Glen’s,88233,Glen,person,possessive
88305,Thomas Jefferson’s,63085,Thomas Jefferson,person,possessive
88417,Jane Austen’s,146238,Jane Austen,person,possessive
88516,“days,70063,Days,period,leading_quote
88710,8th ed.,76125,8th ed,period,trailing_punct
88801,George Washington’s,76388,George Washington,person,possessive
88938,Gerald Massey.,88763,Gerald Massey,person,trailing_punct
89004,“How Gentle God’s Commands,116291,How Gentle God’s Commands,concept,leading_quote
89017,Dale Carnegie’s,72442,Dale Carnegie,person,possessive
89084,"Behold, the Lord’s",67265,"Behold, the Lord",concept,possessive
89245,26–27.,652043,26–27,place,trailing_punct
89275,Robert’s,59317,Robert,person,possessive
89344,"The Weight of Glory,",68162,The Weight of Glory,concept,trailing_punct
89457,World War I.,71295,World War I,period,trailing_punct
89501,Elder Sheffield’s,89498,Elder Sheffield,people,possessive
89658,Armin’s,89655,Armin,person,possessive
89690,Robert Browning’s,74839,Robert Browning,person,possessive
90014,O. Henry’s,90012,O. Henry,person,possessive
90086,Beloved Son’s,49982,Beloved Son,person,possessive
90300,Evan Stephens’s,87644,Evan Stephens,person,possessive
90399,New England’s,56040,New England,place,possessive
90408,Maxwell Anderson’s,90409,Maxwell Anderson,person,possessive
90518,Allen’s,88406,Allen,person,possessive
90809,James Whitcomb Riley’s,90811,James Whitcomb Riley,person,possessive
90827,Carry On.,92396,Carry On,concept,trailing_punct
90875,Bishop Victor L. Brown’s,67258,Bishop Victor L. Brown,people,possessive
90934,Children’s,105168,Children,concept,possessive
91149,Mike’s,71020,Mike,person,possessive
156037,“lloró,140113,Lloró,person,leading_quote
92143,Elder Marvin J. Ashton’s,60030,Elder Marvin J. Ashton,person,possessive
92207,John Bunyan’s,107730,John Bunyan,person,possessive
92299,about twenty years of age.,119991,about twenty years of age,period,trailing_punct
92450,Kimball’s,55957,Kimball,person,possessive
92493,Elder Kearon’s,57848,Elder Kearon,person,possessive
92776,Relational Faith:,815411,Relational Faith,people,trailing_punct
92945,Lesa’s,92946,Lesa,people,possessive
92947,Lesa’s,56531,Lesa,person,possessive
92952,Bertel Thorvaldsen’s,240741,Bertel Thorvaldsen,place,possessive
93334,Jaime N. Rivera Jr.,147913,Jaime N. Rivera Jr,person,trailing_punct
93448,Debbie’s,65863,Debbie,people,possessive
93753,2d ed.,350320,2d ed,period,trailing_punct
93780,Dennison Harris’s,93777,Dennison Harris,person,possessive
94048,Gordon’s,73176,Gordon,person,possessive
94169,Bruce R. McConkie’s,55784,Bruce R. McConkie,person,possessive
94179,the First Council of the Seventy:,60011,the First Council of the Seventy,people,trailing_punct
94559,Samuelson Jr.,132364,Samuelson Jr,person,trailing_punct
94661,"hours, days,",107821,"hours, days",period,trailing_punct
94837,John Greenleaf Whittier’s,65201,John Greenleaf Whittier,person,possessive
94985,Satan’s,22477,Satan,person,possessive
95013,Induced Abortion:,95014,Induced Abortion,people,trailing_punct
95104,Elder Widtsoe’s,72254,Elder Widtsoe,person,possessive
95165,Elder Ashton’s,56237,Elder Ashton,person,possessive
95226,the Uruguay Montevideo Mission.,86043,the Uruguay Montevideo Mission,people,trailing_punct
95383,Doug’s,79341,Doug,person,possessive
95427,Lloyd Douglas’s,148225,Lloyd Douglas,person,possessive
95505,"Dear President Benson,",95702,Dear President Benson,concept,trailing_punct
95518,Lucy’s,43297,Lucy,person,possessive
95706,Abigail Adams’s,627714,Abigail Adams,person,possessive
95807,Lemuel’s,19211,Lemuel,person,possessive
95947,Kacie’s,95944,Kacie,person,possessive
95995,Elder Roberts’s,95994,Elder Roberts,person,possessive
96001,B. H. Roberts’s,67319,B. H. Roberts,person,possessive
96035,Robert L. Lively Jr.,148800,Robert L. Lively Jr,person,trailing_punct
96406,Danny’s,96404,Danny,person,possessive
96572,Lena Sofia Renlund’s,366646,Lena Sofia Renlund,person,possessive
96584,"August 1, 2023:",96586,"August 1, 2023",period,trailing_punct
96650,Tomas S. Merdegia Jr.,149051,Tomas S. Merdegia Jr,person,trailing_punct
97012,Edward’s,19484,Edward,person,possessive
97026,King Mosiah’s,28067,King Mosiah,people,possessive
97232,"Behold, I, Nephi,",93416,"Behold, I, Nephi",concept,trailing_punct
97268,Elder Woodruff’s,97267,Elder Woodruff,person,possessive
97310,William Saroyan’s,97299,William Saroyan,person,possessive
97355,Barbara’s,60944,Barbara,person,possessive
97357,Aunt Emma’s,564784,Aunt Emma,person,possessive
97406,Arlene’s,97404,Arlene,person,possessive
97872,Randy Spaulding’s,97871,Randy Spaulding,person,possessive
97893,Mary Fielding Smith’s,48817,Mary Fielding Smith,person,possessive
97899,Willard Marriott Jr.,157638,Willard Marriott Jr,person,trailing_punct
98166,Elder Christiansen’s,108854,Elder Christiansen,person,possessive
98404,Sister Louden’s,98400,Sister Louden,person,possessive
98947,Richard E. Turley Jr.,150712,Richard E. Turley Jr,person,trailing_punct
99039,Elder Neil L. Andersen’s,59307,Elder Neil L. Andersen,person,possessive
99040,Brianna’s,150423,Brianna,person,possessive
99277,Robert E. Lee’s,63211,Robert E. Lee,person,possessive
99594,Phillip Brown’s,99592,Phillip Brown,person,possessive
99664,"The Holy Temple,",60855,The Holy Temple,concept,trailing_punct
99794,15th ed.,84830,15th ed,period,trailing_punct
99802,Brent’s,99801,Brent,people,possessive
99962,Samuel Smith’s,55772,Samuel Smith,person,possessive
100176,Henry Van Dyke’s,60369,Henry Van Dyke,person,possessive
100274,Cassius’s,432017,Cassius,people,possessive
100405,King David’s,36327,King David,person,possessive
100510,Clate W. Mask Jr.,298266,Clate W. Mask Jr,person,trailing_punct
100632,Elder Russell M. Nelson’s,55471,Elder Russell M. Nelson,person,possessive
100798,Bill’s,60036,Bill,person,possessive
101099,A Tale of Two Cities:,56504,A Tale of Two Cities,concept,trailing_punct
101280,The Lost Battalion’s,101279,the Lost Battalion,people,possessive
101579,Oaks’s,57461,Oaks,person,possessive
101622,Henry Clegg Jr.,151892,Henry Clegg Jr,person,trailing_punct
101624,Henry’s,66298,Henry,person,possessive
101766,Parley Pratt’s,48656,Parley Pratt,person,possessive
101820,John Taylor’s,30565,John Taylor,person,possessive
101884,Elder Bowen’s,99747,Elder Bowen,person,possessive
102062,Anna’s,3448,Anna,person,possessive
102074,Elder Kimball’s,63851,Elder Kimball,person,possessive
102205,Lisa’s,61398,Lisa,person,possessive
102249,Sean’s,9424,Sean,people,possessive
102277,28:31.,394140,28:31,period,trailing_punct
102690,J. M. Barrie’s,105521,J. M. Barrie,person,possessive
103153,Newton Hall’s,90020,Newton Hall,person,possessive
103346,Sister Allen’s,56010,Sister Allen,person,possessive
103563,Neal A. Maxwell’s,56149,Neal A. Maxwell,person,possessive
103898,Elder Wilson’s,103899,Elder Wilson,person,possessive
104302,Bayley’s,104299,Bayley,people,possessive
104343,Bruce’s,99755,Bruce,person,possessive
104353,Porter’s,69050,Porter,person,possessive
104423,Alex’s,78738,Alex,person,possessive
104603,the Book of Mormon the Savior’s,98138,the Book of Mormon the Savior,concept,possessive
105316,Ernesto A. Deyro Jr.,153974,Ernesto A. Deyro Jr,person,trailing_punct
105355,Martiniano S. Soquila Jr.,153978,Martiniano S. Soquila Jr,person,trailing_punct
105679,Christopher Marlowe’s,154378,Christopher Marlowe,person,possessive
105691,Sister Bathsheba Smith’s,355607,Sister Bathsheba Smith,people,possessive
105860,Thoreau’s,105855,Thoreau,people,possessive
106149,Thornton Wilder’s,66619,Thornton Wilder,person,possessive
106218,Jim’s,63910,Jim,person,possessive
106579,Enoch’s,18680,Enoch,person,possessive
106649,Craig’s,82925,Craig,person,possessive
106666,Elder Tuttle’s,56378,Elder Tuttle,person,possessive
156052,‘Manténgase,151605,Manténgase,person,leading_quote
106957,s.v.,493282,s.v,person,trailing_punct
107167,Henry Ballard’s,77276,Henry Ballard,person,possessive
107198,Richard L. Bushman’s,119760,Richard L. Bushman,person,possessive
107285,Samuel’s,18897,Samuel,person,possessive
107498,Oliver Granger’s,30546,Oliver Granger,person,possessive
107930,Ann Parker’s,71811,Ann Parker,person,possessive
108091,John Turner’s,174870,John Turner,person,possessive
108563,Harry Anderson’s,77199,Harry Anderson,person,possessive
108774,"Lo, Zion’s",623694,"Lo, Zion",concept,possessive
109372,Elder Pollard’s,109373,Elder Pollard,person,possessive
109497,San Diego’s,56167,San Diego,place,possessive
109757,Dear President Monson:,64087,Dear President Monson,concept,trailing_punct
110126,Matthew Cowley’s,55825,Matthew Cowley,person,possessive
110161,Salt Lake City’s,20724,Salt Lake City,place,possessive
110267,Robert Gardner Jr.,156949,Robert Gardner Jr,person,trailing_punct
110575,Sister Andersen’s,110580,Sister Andersen,person,possessive
110608,Elder Andersen’s,59309,Elder Andersen,person,possessive
111009,Dan Jones’s,111007,Dan Jones,person,possessive
111083,Heber C.,523420,Heber C,person,trailing_punct
163443,Buenos Aires:,70965,Buenos Aires,place,trailing_punct
111140,Samuel Brannan’s,109492,Samuel Brannan,person,possessive
111146,Sutter’s,642012,Sutter,people,possessive
111255,Harry’s,93658,Harry,person,possessive
111370,J. Willard Marriott Jr.,166470,J. Willard Marriott Jr,person,trailing_punct
111407,An Essay on Man:,60363,An Essay on Man,concept,trailing_punct
111433,"December 31, 2005:",701443,"December 31, 2005",period,trailing_punct
111557,Corianton’s,27229,Corianton,people,possessive
111568,Robert Frost’s,71639,Robert Frost,person,possessive
112137,Judith’s,40101,Judith,person,possessive
112207,William J. Critchlow Jr.,158570,William J. Critchlow Jr,person,trailing_punct
112252,Minerva Teichert’s,99695,Minerva Teichert,person,possessive
112355,Richard Ballantyne’s,112364,Richard Ballantyne,person,possessive
112509,Young’s,64042,Young,person,possessive
112527,Martin Harris’s,29722,Martin Harris,person,possessive
112659,Charles L. O’Donnell’s,158810,Charles L. O’Donnell,person,possessive
112670,Elder Croft’s,112669,Elder Croft,person,possessive
112783,Jr.’s,67599,Jr.,person,possessive
112945,Roberto’s,229214,Roberto,person,possessive
113067,Tennyson’s,62180,Tennyson,person,possessive
113177,27:13 .,633629,27:13,period,trailing_punct
113236,Leon’s,105699,Leon,person,possessive
113305,“Man of Holiness,80411,Man of Holiness,concept,leading_quote
113593,Henry Eyring’s,58837,Henry Eyring,person,possessive
113595,Elder Bruce R. McConkie’s,58553,Elder Bruce R. McConkie,person,possessive
113612,Elder Hinckley’s,63839,Elder Hinckley,person,possessive
113685,Dennison’s,93772,Dennison,people,possessive
113886,Esther’s,18684,Esther,person,possessive
113945,Mori Farmer’s,113943,Mori Farmer,person,possessive
113958,Will’s,108726,Will,person,possessive
114206,Elder Perry’s,67141,Elder Perry,person,possessive
114235,Charles D. Tate Jr.,271475,Charles D. Tate Jr,person,trailing_punct
114661,the next.,674309,the next,period,trailing_punct
114669,Frederick K. Balli Jr.,160439,Frederick K. Balli Jr,person,trailing_punct
114859,Great-Aunt Rose’s,114858,Great-Aunt Rose,place,possessive
114929,Aroldo Cavalcante’s,114909,Aroldo Cavalcante,person,possessive
115041,Anne’s,63833,Anne,person,possessive
115046,Elizabeth Akers Allen’s,65756,Elizabeth Akers Allen,person,possessive
115205,Scott’s,62385,Scott,person,possessive
115540,"May 1, 2013:",73565,"May 1, 2013",period,trailing_punct
115712,William W. Phelps’s,30540,William W. Phelps,person,possessive
115916,Jimmie’s,63905,Jimmie,person,possessive
115919,Katie’s,63024,Katie,person,possessive
115985,Solomon Spaulding’s,102714,Solomon Spaulding,person,possessive
115991,May the Lord’s,62508,May the Lord,concept,possessive
116067,U.S.A.,810049,U.S.A,place,trailing_punct
116087,Ancient Israel’s,40951,Ancient Israel,person,possessive
116218,Sister McRae’s,116217,Sister McRae,person,possessive
116255,Joseph L. Townsend’s,82045,Joseph L. Townsend,person,possessive
116271,John Rosemond’s,116268,John Rosemond,person,possessive
116290,The Mortal Messiah:,78260,The Mortal Messiah,concept,trailing_punct
116385,Provo:,163631,Provo,people,trailing_punct
116477,Svetlana’s,83597,Svetlana,person,possessive
116526,Elder Faust’s,67822,Elder Faust,person,possessive
116538,Bob’s,67271,Bob,person,possessive
116541,Arthur Miller’s,161530,Arthur Miller,person,possessive
116608,Shelley’s,672778,Shelley,place,possessive
116627,Salt Lake City:,20724,Salt Lake City,place,trailing_punct
116969,a day of God’s,809183,a day of God,period,possessive
117241,the Master Shepherd’s,70928,the Master Shepherd,people,possessive
117524,Jane Robison’s,162203,Jane Robison,person,possessive
117749,Laura’s,72752,Laura,person,possessive
117836,Mommy’s,66112,Mommy,person,possessive
117906,Patrick Henry’s,93818,Patrick Henry,person,possessive
118120,Uncle Joe’s,118119,Uncle Joe,concept,possessive
118265,Edwin Markham’s,61405,Edwin Markham,person,possessive
118296,The Priesthood Quorum:,58893,The Priesthood Quorum,concept,trailing_punct
118714,William E. Berrett’s,103148,William E. Berrett,person,possessive
118763,Julie’s,59488,Julie,person,possessive
119071,Emilie Parker’s,119060,Emilie Parker,person,possessive
119074,Emma Lou Thayne’s,104108,Emma Lou Thayne,person,possessive
119459,A Full Day’s,60222,a full day,period,possessive
119482,Heidi’s,92538,Heidi,person,possessive
119577,Lydia Knight’s,208664,Lydia Knight,people,possessive
119592,"North,",76276,North,place,trailing_punct
119715,Father in Heaven’s,75839,Father in Heaven,concept,possessive
119725,Sister Lacey’s,119724,Sister Lacey,person,possessive
119837,Tennyson’s,62167,Tennyson,people,possessive
119883,Jared Ammon’s,119882,Jared Ammon,person,possessive
120019,Bishop H. Burke Peterson’s,67786,Bishop H. Burke Peterson,person,possessive
120026,Alex Haley’s,68333,Alex Haley,person,possessive
120308,"Christ’s Ideals for Living,",86326,Christ’s Ideals for Living,people,trailing_punct
120683,Ben Franklin’s,120678,Ben Franklin,person,possessive
120762,the Mormon Youth Chorus’s,87450,the Mormon Youth Chorus,people,possessive
120763,Charles Wesley’s,111786,Charles Wesley,person,possessive
120767,Charles Gounod’s,118177,Charles Gounod,person,possessive
120911,Jeffrey Holland’s,56201,Jeffrey Holland,person,possessive
121117,Wilford W. Andersen’s,61006,Wilford W. Andersen,person,possessive
121324,Sandberg’s,121325,Sandberg,person,possessive
121656,Federico F. Costales Jr.,164268,Federico F. Costales Jr,person,trailing_punct
121819,Josh Dennis’s,121821,Josh Dennis,person,possessive
121849,Emma Smith’s,30909,Emma Smith,person,possessive
121950,A. J.’s,164593,A. J.,person,possessive
122255,Foxe’s,468222,Foxe,person,possessive
122322,Kristen’s,60554,Kristen,person,possessive
122368,Elder M. Russell Ballard’s,60943,Elder M. Russell Ballard,person,possessive
122477,Suzy’s,122476,Suzy,person,possessive
122758,Ernest Eberhard Jr.,165254,Ernest Eberhard Jr,person,trailing_punct
122964,Emi’s,151131,Emi,people,possessive
123470,Henry B. Eyring’s,56891,Henry B. Eyring,person,possessive
123512,Alicia’s,122336,Alicia,person,possessive
123552,"Lucas Rakwela,",165946,Lucas Rakwela,person,trailing_punct
123582,Vince’s,123580,Vince,person,possessive
123584,Otto Haleck’s,123583,Otto Haleck,person,possessive
123590,Otto’s,123585,Otto,person,possessive
123683,Sapele Fa’alogo Jr.,166169,Sapele Fa’alogo Jr,person,trailing_punct
124131,"Nephi, Abinadi,",541988,"Nephi, Abinadi",people,trailing_punct
124356,Richard G. Hinckley’s,111657,Richard G. Hinckley,person,possessive
124419,Irene Corbett’s,124401,Irene Corbett,person,possessive
124457,Elder Lloyd’s,124456,Elder Lloyd,person,possessive
124632,Wes’s,124631,Wes,person,possessive
124751,Judah’s,19106,Judah,person,possessive
124762,M. Russell Ballard’s,56154,M. Russell Ballard,person,possessive
124763,Elder Marcos A. Aidukaitis’s,238582,Elder Marcos A. Aidukaitis,person,possessive
124818,Abinadi’s,3271,Abinadi,person,possessive
124858,Elder Alonso’s,124859,Elder Alonso,person,possessive
124988,King Mosiah’s,81981,King Mosiah,person,possessive
125242,Elder Allen D. Haynie’s,151043,Elder Allen D. Haynie,person,possessive
125255,“ Vencer,125253,Vencer,person,leading_quote
125290,“ ¡Piensen,140523,¡Piensen,person,leading_quote
125355,“ La Familia,129081,La Familia,place,leading_quote
125373,“ Cómo,4928,Cómo,place,leading_quote
125394,“ Nadie,136114,Nadie,people,leading_quote
125396,“ Palabras,8776,Palabras,person,leading_quote
125439,“ora[r,281114,ora[r,person,leading_quote
125628,“ Lawyer,352578,Lawyer,person,leading_quote
125648,“Ningún,11131,Ningún,person,leading_quote
125651,“Piensen,125650,Piensen,person,leading_quote
125684,“ Sumo,7976,Sumo,person,leading_quote
125728,“¡Qué,128947,¡Qué,person,leading_quote
125810,“Grant,59770,Grant,person,leading_quote
125811,‘Grant,59770,Grant,person,leading_quote
125950,“ Edificar,5302,Edificar,person,leading_quote
126007,“Palabras,8776,Palabras,person,leading_quote
126046,“Quiero,9249,Quiero,person,leading_quote
126047,“Bueno,10439,Bueno,person,leading_quote
126071,“ Decisiones,267195,Decisiones,person,leading_quote
126099,“Lema de las Mujeres Jóvenes,136043,Lema de las Mujeres Jóvenes,place,leading_quote
126100,“ Lema,736325,Lema,place,leading_quote
126102,“ Para la,303206,Para la,place,leading_quote
126124,“Había,8328,Había,person,leading_quote
126202,“ Resolved,134880,Resolved,person,leading_quote
126203,“ Cuidadosos,165775,Cuidadosos,person,leading_quote
126257,“Kathy,56945,Kathy,person,leading_quote
126283,“ Testigos,274746,Testigos,people,leading_quote
126365,“Poll,295020,Poll,person,leading_quote
126519,“ Verdad,9287,Verdad,person,leading_quote
126528,“¿Puedo,6617,¿Puedo,people,leading_quote
126553,“Steve,56468,Steve,person,leading_quote
126569,“Tommy,59166,Tommy,person,leading_quote
126741,“Serán,7456,Serán,person,leading_quote
126751,“ Honremos,161384,Honremos,person,leading_quote
126842,“Todavía,15642,Todavía,person,leading_quote
126875,‘¡Qué,128947,¡Qué,person,leading_quote
126881,‘Gracias,127359,Gracias,place,leading_quote
126901,“Juez Eterno,134055,Juez Eterno,person,leading_quote
126977,“ Capacitación,4930,Capacitación,person,leading_quote
127080,“Betty,58934,Betty,person,leading_quote
127087,“ Verdades,147728,Verdades,person,leading_quote
127100,“ Abran,127187,Abran,person,leading_quote
127178,“Satanás,6584,Satanás,person,leading_quote
127179,“Derramé,132686,Derramé,person,leading_quote
127180,“Sentí,126128,Sentí,person,leading_quote
127189,“Discourse,136683,Discourse,person,leading_quote
127202,” Sección,6525,Sección,person,leading_quote
127203,“Remarks,70032,Remarks,person,leading_quote
127245,“Solamente,296296,Solamente,place,leading_quote
127312,“ Meek and Lowly,336183,Meek and Lowly,person,leading_quote
127406,‘¿Cuándo,295128,¿Cuándo,people,leading_quote
127518,“ Preparen,128765,Preparen,person,leading_quote
127576,“Life,290632,Life,person,leading_quote
127711,“ Venga,747226,Venga,person,leading_quote
127712,“ Escuchad,8923,Escuchad,person,leading_quote
127824,“ Confirma,5159,Confirma,person,leading_quote
127825,“ Somos,13907,Somos,person,leading_quote
127841,“Samuel,18897,Samuel,person,leading_quote
127895,"the Book of Mormon, Moroni’s",67996,"the Book of Mormon, Moroni",concept,possessive
128068,“Soy,8469,Soy,person,leading_quote
128119,“ Bienvenidos,160334,Bienvenidos,person,leading_quote
128128,‘Sean,9424,Sean,people,leading_quote
128129,‘Creo,140176,Creo,people,leading_quote
128133,“ ¿Qué,6056,¿Qué,person,leading_quote
128144,‘¿He,8804,¿He,place,leading_quote
128168,“¿Qué,6056,¿Qué,person,leading_quote
128170,“ Fui,9250,Fui,person,leading_quote
128246,“ Gracias,127359,Gracias,place,leading_quote
128272,Gates’s,261040,Gates,person,possessive
128280,“Ora,6224,Ora,person,leading_quote
128295,Martin’s,18987,Martin,person,possessive
128316,“Cualquiera,135246,Cualquiera,person,leading_quote
128330,‘Soy,8469,Soy,person,leading_quote
128435,“ Bueno,10439,Bueno,person,leading_quote
128563,“witness,235025,Witness,person,leading_quote
128756,Joseph Sr.,363183,Joseph Sr,person,trailing_punct
128757,Oliver’s,31376,Oliver,person,possessive
128811,“Veamos,381248,Veamos,person,leading_quote
128816,Elder Ronald A. Rasband’s,57396,Elder Ronald A. Rasband,person,possessive
128827,Ronald A. Rasband’s,57395,Ronald A. Rasband,person,possessive
128883,“Deja,6585,Deja,place,leading_quote
128893,“Robert,59317,Robert,person,leading_quote
128988,“Utilice,152175,Utilice,person,leading_quote
129049,“¡Despierta,7785,¡Despierta,person,leading_quote
129408,“¡Qué,16839,¡Qué,place,leading_quote
129412,“Dijo Pablo,288867,Dijo Pablo,person,leading_quote
129455,“Mamá,126572,Mamá,person,leading_quote
129480,Misión Rusia MoscÚ.,739000,Misión Rusia Moscú,place,trailing_punct
129598,“Sirva,320133,Sirva,person,leading_quote
129947,Orson Pratt’s,30156,Orson Pratt,person,possessive
129982,“Venid,7282,Venid,person,leading_quote
130016,“Aconteció,129000,Aconteció,person,leading_quote
130027,“Espero,127075,Espero,person,leading_quote
130060,“Hugh B.,55935,Hugh B.,person,leading_quote
130135,“Llevar,4953,Llevar,person,leading_quote
130151,“Abraham,3278,Abraham,person,leading_quote
130189,“Así,5845,Así,person,leading_quote
130292,“Pensé,16725,Pensé,person,leading_quote
130409,“Continúe,6170,Continúe,person,leading_quote
130480,“Hermano Monson,133784,Hermano Monson,person,leading_quote
130552,“Life without Father,151715,Life Without Father,person,leading_quote
130630,“Doctrine,20766,Doctrine,person,leading_quote
130710,“Daré,7519,Daré,person,leading_quote
130743,“Joe,59860,Joe,person,leading_quote
130748,“Pienso,11657,Pienso,person,leading_quote
130761,“Elsie,97979,Elsie,person,leading_quote
130980,“¿Sería,132142,¿Sería,people,leading_quote
130999,J. C.,650755,J. C,person,trailing_punct
131034,’Bueno,10439,Bueno,person,leading_quote
131050,“Patti,64446,Patti,person,leading_quote
131193,William Phelps’s,48639,William Phelps,person,possessive
131307,“Dejamos,126255,Dejamos,person,leading_quote
131332,’¿Cuántas,16222,¿Cuántas,people,leading_quote
131401,” Times and Seasons,43168,Times and Seasons,people,leading_quote
131420,“Nadie,136114,Nadie,people,leading_quote
131495,“Vayamos,140426,Vayamos,person,leading_quote
131502,Elsa Johnson’s,131466,Elsa Johnson,person,possessive
131511,“Tus,7173,Tus,person,leading_quote
131542,“Correlation Brings Blessings,65603,Correlation Brings Blessings,people,leading_quote
131770,“Verdades,147728,Verdades,person,leading_quote
131771,“Tengan,129080,Tengan,person,leading_quote
131872,Elder Bednar’s,61338,Elder Bednar,person,possessive
131899,“Rumpelstiltskin,65220,Rumpelstiltskin,person,leading_quote
131932,‘Escriba,19692,Escriba,people,leading_quote
131963,Gause’s,32612,Gause,person,possessive
131990,“Jason,33667,Jason,person,leading_quote
132100,“¿Está,12415,¿Está,people,leading_quote
132242,“Usted,131931,Usted,person,leading_quote
132305,David L.,568446,David L,person,trailing_punct
132482,“Alégrense,159167,Alégrense,place,leading_quote
132532,’Papá,127138,Papá,place,leading_quote
132572,“¿Cuánto,7997,¿Cuánto,people,leading_quote
132654,“Cumple,14717,Cumple,person,leading_quote
132749,“Baur Dee,66617,Baur Dee,person,leading_quote
133044,“Regresar,5536,Regresar,person,leading_quote
133055,“Hyrum Smith,19583,Hyrum Smith,person,leading_quote
133094,“Love,141952,Love,person,leading_quote
133167,” Contributor,140003,Contributor,person,leading_quote
133191,“Testigos de Dios,131306,testigos de Dios,people,leading_quote
133350,“Amor,19260,Amor,person,leading_quote
133401,“Nutrir,129281,Nutrir,place,leading_quote
133455,‘Queridos,127112,Queridos,person,leading_quote
133636,“Opa,121604,Opa,person,leading_quote
133679,“Edward,19484,Edward,person,leading_quote
133697,Iglesia de Jesucristo.,18715,Iglesia de Jesucristo,people,trailing_punct
133809,“ Confianza,7862,Confianza,person,leading_quote
133841,‘Consejo de los Doce Apóstoles’,310638,Consejo de los Doce Apóstoles’,people,leading_quote
133858,“ Permanezcan,138086,Permanezcan,people,leading_quote
133941,“ Ayudas,285407,Ayudas,place,leading_quote
134128,Bonnie L. Oscarson’s,58675,Bonnie L. Oscarson,person,possessive
134237,Saints Saints,56956,Saints,person,duplicated_word
134257,“Elijan,125331,Elijan,person,leading_quote
134301,‘Tienes,733023,Tienes,people,leading_quote
134336,“ El Señor Jesucristo,273675,El Señor Jesucristo,person,leading_quote
134374,“ Escúchalo,125998,Escúchalo,person,leading_quote
134385,“ Tributo,740314,Tributo,person,leading_quote
134416,“ Recibí,126305,Recibí,person,leading_quote
134458,"“ Ven, sígueme",756266,"Ven, sígueme",person,leading_quote
134489,“ Amor,19260,Amor,person,leading_quote
134516,“Ponle,545390,Ponle,person,leading_quote
134524,“ Dediquen,265373,Dediquen,place,leading_quote
134548,‘Consumado,134538,Consumado,place,leading_quote
134580,“ Enojo,3626,Enojo,person,leading_quote
134581,“ Contención,18740,Contención,person,leading_quote
134641,‘Robert,59317,Robert,person,leading_quote
134690,“Mensaje,161624,Mensaje,person,leading_quote
134717,“progenie de Cristo,9094,progenie de Cristo,person,leading_quote
134979,“Comienzo,160416,Comienzo,person,leading_quote
135014,Glenn L.,382696,Glenn L,person,trailing_punct
135044,‘Regresad,135045,Regresad,person,leading_quote
135069,“Guíenme,321546,Guíenme,person,leading_quote
135074,“Volved,13294,Volved,person,leading_quote
135208,‘Así,5845,Así,person,leading_quote
135218,“Rudolf,617371,Rudolf,person,leading_quote
135237,“Hermano,11836,Hermano,person,leading_quote
135374,Elder D. Todd Christofferson’s,58905,Elder D. Todd Christofferson,person,possessive
135390,“ Nuestro,5522,Nuestro,person,leading_quote
135391,“ Ministrar,19366,Ministrar,person,leading_quote
135392,“ Sigan,126311,Sigan,person,leading_quote
135512,Brook P. Hales’s,61121,Brook P. Hales,person,possessive
135550,“¡Este,153416,¡Este,place,leading_quote
135594,“ Según,4932,Según,person,leading_quote
135595,“ Concupiscencia,12322,Concupiscencia,person,leading_quote
135635,“Después,4923,Después,person,leading_quote
135674,“Tanner,56193,Tanner,person,leading_quote
135678,“ Llegar,4925,Llegar,place,leading_quote
135813,“ Afrontar,375753,Afrontar,person,leading_quote
135879,“Amarás,10055,Amarás,person,leading_quote
135942,‘Hola,148298,Hola,person,leading_quote
135943,‘¿Cómo,5523,¿Cómo,place,leading_quote
135954,“Aun,15057,Aun,person,leading_quote
135963,“¿Estoy,15420,¿Estoy,people,leading_quote
136022,“Zealot,421501,Zealot,person,leading_quote
136057,“ Abraham,3278,Abraham,person,leading_quote
136252,“ Sed,12389,Sed,person,leading_quote
136400,“ Regocíjense,157375,Regocíjense,person,leading_quote
136563,“ Tentación,7003,Tentación,person,leading_quote
136638,“Asombro,130317,Asombro,person,leading_quote
136649,“ Nuestra,129192,Nuestra,place,leading_quote
136651,“¡Despierta,15866,¡Despierta,place,leading_quote
136700,‘Oye,11915,Oye,place,leading_quote
136706,“Este,9970,Este,place,leading_quote
136849,“ Confianza,8433,Confianza,place,leading_quote
136851,“ Jóvenes,4939,Jóvenes,person,leading_quote
136957,“ Pide,5200,Pide,person,leading_quote
136975,“Allí,7590,Allí,person,leading_quote
137090,“Sed,12389,Sed,person,leading_quote
137167,“amén,115022,Amén,people,leading_quote
137189,‘Vas,165220,Vas,place,leading_quote
137277,Hall's,670073,Hall,people,possessive
137368,Ruth’s,19549,Ruth,person,possessive
137369,Hannah’s,3461,Hannah,person,possessive
137370,Boaz’s,3565,Boaz,person,possessive
137469,‘Venga,747226,Venga,person,leading_quote
137475,“Servir,4847,Servir,place,leading_quote
137477,“Seamos,144492,Seamos,place,leading_quote
137497,“Permaneced,166373,Permaneced,person,leading_quote
137535,“President Howard W. Hunter,312221,President Howard W. Hunter,person,leading_quote
137536,“Paz,19510,Paz,person,leading_quote
137624,“Nuestra,126061,Nuestra,people,leading_quote
137629,“Seamos,314522,Seamos,person,leading_quote
137711,“Acerquémonos,10927,Acerquémonos,person,leading_quote
137793,“ Permaneced,166373,Permaneced,person,leading_quote
137907,“¡Así,752117,¡Así,person,leading_quote
137990,“¿Puedo,6620,¿Puedo,person,leading_quote
138032,“ Seamos,314522,Seamos,person,leading_quote
138042,“¿cómo,139185,¿Cómo,person,leading_quote
138078,“ Bondad,754124,Bondad,person,leading_quote
138121,“Sean,9478,Sean,person,leading_quote
138185,“ Buscar,5375,Buscar,place,leading_quote
138222,“ ¿Quién,7504,¿Quién,people,leading_quote
138223,“ Miren,132219,Miren,person,leading_quote
138353,“ Sabes,136054,Sabes,person,leading_quote
138425,“Élder,18814,Élder,person,leading_quote
138528,‘Mírame,745525,Mírame,person,leading_quote
138568,“Podría,5445,Podría,person,leading_quote
138617,“ Las Santas Escrituras,164984,Las Santas Escrituras,people,leading_quote
138619,“ Lámpara de Jehová,17459,Lámpara de Jehová,person,leading_quote
138668,“ Abrir,138270,Abrir,person,leading_quote
138787,“Pasen,17920,Pasen,person,leading_quote
138799,“ Gospels,18970,Gospels,person,leading_quote
138822,“ Unidos,272813,Unidos,place,leading_quote
138870,“pioneer,93110,Pioneer,person,leading_quote
138880,‘Vengan,126835,Vengan,place,leading_quote
138914,“ Cara a Cara,547465,Cara a Cara,place,leading_quote
138969,“Nash,76060,Nash,person,leading_quote
138978,Devocional mundial para los jóvenes:,145348,Devocional mundial para los jóvenes,people,trailing_punct
139027,“señal,7323,Señal,place,leading_quote
139130,“Verbo,10334,Verbo,place,leading_quote
139167,“Escrito,8478,Escrito,person,leading_quote
139181,‘Ustedes,125247,Ustedes,place,leading_quote
139182,‘¿De,12405,¿De,people,leading_quote
139183,‘Bueno,10439,Bueno,person,leading_quote
139222,“Maridos,151437,Maridos,person,leading_quote
139235,Sarah M.,353879,Sarah M,person,trailing_punct
139375,“Motherhood,34464,Motherhood,person,leading_quote
139398,‘Traigan,140683,Traigan,person,leading_quote
139416,Sister Sharon Eubank’s,200615,Sister Sharon Eubank,people,possessive
139567,“Sigan,126311,Sigan,person,leading_quote
139651,“¿Estamos,127061,¿Estamos,people,leading_quote
139758,“Ronald,78496,Ronald,person,leading_quote
139801,“ Ven,5004,Ven,person,leading_quote
140006,“ Respuesta,150097,Respuesta,person,leading_quote
140094,“ Hijos de Cristo,18703,Hijos de Cristo,person,leading_quote
140116,“ Modelos,263042,Modelos,person,leading_quote
140117,“ Guarden,550667,Guarden,person,leading_quote
140175,Elder Richard J. Maynes’s,713920,Elder Richard J. Maynes,person,possessive
140225,‘Dallin,91463,Dallin,person,leading_quote
140250,“Enseñe,270819,Enseñe,person,leading_quote
140287,“ Hijas,144879,Hijas,person,leading_quote
140344,‘¿Por,8954,¿Por,people,leading_quote
140347,“ Nacer,273638,Nacer,person,leading_quote
140494,“ Lugar,17096,Lugar,place,leading_quote
140495,“ Venid,7282,Venid,person,leading_quote
140518,“ Pertenecer,144972,Pertenecer,person,leading_quote
140705,“Cleiton,80062,Cleiton,person,leading_quote
140727,“ Compasión,18727,Compasión,person,leading_quote
140842,‘camino,790999,Camino,people,leading_quote
140945,“ Unión,311647,Unión,person,leading_quote
141033,“ Paz,19510,Paz,person,leading_quote
141045,“ Mensaje,161624,Mensaje,person,leading_quote
141058,“Pues,7172,Pues,place,leading_quote
141117,‘¿Cree,6051,¿Cree,people,leading_quote
141129,“ Utilizar,6611,Utilizar,person,leading_quote
141175,“unidos,272813,Unidos,place,leading_quote
141279,“ Presidente,19602,Presidente,person,leading_quote
141559,Elder Gerrit W. Gong’s,58832,Elder Gerrit W. Gong,person,possessive
141587,“Desear,137163,Desear,person,leading_quote
141610,“Perdone,164665,Perdone,person,leading_quote
141672,“Flowers,713660,Flowers,person,leading_quote
141685,“Hermanos,6434,Hermanos,person,leading_quote
141705,“Pon,15792,Pon,person,leading_quote
141710,‘¡Joseph,141712,¡Joseph,place,leading_quote
141728,“¿No,7841,¿No,people,leading_quote
141793,‘Hermano Brigham,291551,Hermano Brigham,person,leading_quote
141796,“Guiados,165367,Guiados,person,leading_quote
141797,Brigham Young:,19870,Brigham Young,person,trailing_punct
141805,‘Noche,746573,Noche,people,leading_quote
141811,“¿Sabes,7033,¿Sabes,person,leading_quote
141812,“¡Ah,14391,¡Ah,place,leading_quote
141889,“Deseo,6994,Deseo,person,leading_quote
141943,‘Puedo,9111,Puedo,person,leading_quote
142015,“Haz,7414,Haz,person,leading_quote
142026,“Encontrar,4850,Encontrar,person,leading_quote
142027,“Creo,294618,Creo,person,leading_quote
142028,“Cómo,4928,Cómo,place,leading_quote
142116,“Creemos,128226,Creemos,place,leading_quote
142476,“Solo,6257,Solo,person,leading_quote
142523,Elder Soares’s,58442,Elder Soares,person,possessive
142636,“Soy,17841,Soy,place,leading_quote
142654,“ Encontrar,4850,Encontrar,person,leading_quote
142691,“Levantaré,7527,Levantaré,person,leading_quote
142713,“Abuela,716452,Abuela,person,leading_quote
142729,‘Jovencita,746524,Jovencita,person,leading_quote
142730,‘Hija,11868,Hija,person,leading_quote
142757,“ Llamados,378959,Llamados,person,leading_quote
142799,“ Arrepentíos,126742,Arrepentíos,person,leading_quote
142800,“ El grande,287164,el Grande,person,leading_quote
142932,Jeremy R. Jaggi’s,70526,Jeremy R. Jaggi,person,possessive
143111,“Hacemos,5079,Hacemos,person,leading_quote
143211,“¿Así,11940,¿Así,person,leading_quote
143333,Washington D. C.,297718,Washington D. C,place,trailing_punct
143518,“haré,7570,Haré,person,leading_quote
143551,Gary E.,133811,Gary E,person,trailing_punct
143565,Elder David A. Bednar’s,61738,Elder David A. Bednar,person,possessive
143597,“¿Quien,146689,¿Quien,person,leading_quote
143603,“Anoche,131681,Anoche,person,leading_quote
143665,“¿Acaso,10378,¿Acaso,people,leading_quote
143673,“¿Acaso,10612,¿Acaso,person,leading_quote
143798,“Vendrán,131399,Vendrán,person,leading_quote
143888,“Allie,84871,Allie,person,leading_quote
143914,‘amén’,151973,Amén’,people,leading_quote
144060,“¿Tienen,10394,¿Tienen,people,leading_quote
144093,‘Papá,127138,Papá,place,leading_quote
144116,“Associated Press,57082,Associated Press,people,leading_quote
144118,‘Podría,5445,Podría,person,leading_quote
144193,‘Kevin,57826,Kevin,person,leading_quote
144209,‘¡Este,153416,¡Este,place,leading_quote
144223,“Veo,12009,Veo,person,leading_quote
144240,“Warren Marshall Johnson,85019,Warren Marshall Johnson,person,leading_quote
144275,“Actas,144274,Actas,people,leading_quote
144283,“Nuestras,14571,Nuestras,person,leading_quote
144335,‘Charley,85210,Charley,person,leading_quote
144339,’“ Hermanos,6434,Hermanos,person,leading_quote
144415,‘Hermano Heber,290217,Hermano Heber,person,leading_quote
144512,“honrar,4914,Honrar,person,leading_quote
144615,“Fuentes,801262,Fuentes,people,leading_quote
144768,“Niño,147386,Niño,person,leading_quote
144808,“ Vivan,312687,Vivan,person,leading_quote
144874,‘Aisake K. Tukuafu,86296,Aisake K. Tukuafu,person,leading_quote
144884,“Laurel,112339,Laurel,person,leading_quote
145106,“Creía,143948,Creía,person,leading_quote
145138,“ Comprender,166943,Comprender,person,leading_quote
145142,“ ¿No,7841,¿No,people,leading_quote
145259,“ Mis,142939,Mis,person,leading_quote
145292,“ Compartir,4848,Compartir,place,leading_quote
145305,“ Diablo,7017,Diablo,person,leading_quote
145355,“Cesad,9692,Cesad,person,leading_quote
145416,Elder Uchtdorf’s,57460,Elder Uchtdorf,person,possessive
145517,“ Creo,294618,Creo,person,leading_quote
145603,“Gerrit,742959,Gerrit,place,leading_quote
145605,“Élder Scott,152656,Élder Scott,person,leading_quote
145607,“Gerrit,86834,Gerrit,person,leading_quote
145627,“Verás,14652,Verás,person,leading_quote
145629,“Victoria,87172,Victoria,person,leading_quote
145631,‘¿Cuántos,11990,¿Cuántos,people,leading_quote
145633,“Grandes,259809,Grandes,person,leading_quote
145642,‘Pero,11835,Pero,place,leading_quote
145685,Amulek’s,26198,Amulek,people,possessive
145730,“Según la Biblia,276040,Según la Biblia,person,leading_quote
145743,‘¿Quién,7504,¿Quién,people,leading_quote
145745,‘Susan,58617,Susan,person,leading_quote
145855,‘Voy,161926,Voy,place,leading_quote
145883,‘¿Cuál,5789,¿Cuál,place,leading_quote
145884,‘¿No,7841,¿No,people,leading_quote
145887,“ Servir,4847,Servir,place,leading_quote
145888,“ Nuestra,126061,Nuestra,people,leading_quote
145956,“Auf Wiedersehen,84015,Auf Wiedersehen,person,leading_quote
146189,“¿Sabéis,8758,¿Sabéis,person,leading_quote
146222,“Ziggy,88534,Ziggy,person,leading_quote
146224,“Debe,4895,Debe,person,leading_quote
146343,Giddianhi’s,25772,Giddianhi,people,possessive
146371,“Saber,6364,Saber,person,leading_quote
146412,‘Eso,6202,Eso,place,leading_quote
146442,“Roger,88159,Roger,person,leading_quote
146452,“Querrían,734023,Querrían,person,leading_quote
146536,Santo Templo.,135267,Santo Templo,place,trailing_punct
146612,“¿Cree,6051,¿Cree,people,leading_quote
146615,‘¿He,17890,¿He,people,leading_quote
146635,“Rodney,90056,Rodney,person,leading_quote
146667,“Hermano Jones,737320,Hermano Jones,person,leading_quote
146690,“¿De,12405,¿De,people,leading_quote
146725,“Disfruto,130655,Disfruto,person,leading_quote
146726,‘Ama,146727,Ama,person,leading_quote
146822,‘¿Son,132959,¿Son,people,leading_quote
146962,“Conserven,163048,Conserven,person,leading_quote
147069,“Habiéndose,9379,Habiéndose,person,leading_quote
147271,“Dallin,91463,Dallin,person,leading_quote
147285,‘Simi,445909,Simi,place,leading_quote
147385,“Alza,7412,Alza,person,leading_quote
147389,“Sabéis,8431,Sabéis,person,leading_quote
147434,‘Miradle,316454,Miradle,place,leading_quote
147520,“ Recuerdos,160587,Recuerdos,person,leading_quote
147522,“ Lealtad,146422,Lealtad,place,leading_quote
147530,“ Hijos,19766,Hijos,person,leading_quote
147566,“compassion,541249,Compassion,people,leading_quote
147584,“Debéis,8725,Debéis,person,leading_quote
147657,“Ordenar,6046,Ordenar,person,leading_quote
147659,“ Cuán,6935,Cuán,person,leading_quote
147778,“ Should,358581,Should,person,leading_quote
147822,“Wan,93232,Wan,person,leading_quote
147954,“ Vístete,276978,Vístete,place,leading_quote
148007,“Hijo del Dios,149141,Hijo del Dios,person,leading_quote
148008,“¿Ven,157192,¿Ven,person,leading_quote
148026,“Devil’s Gate,158371,Devil’s Gate,person,leading_quote
148057,“ Lema de las Mujeres Jóvenes,136043,Lema de las Mujeres Jóvenes,place,leading_quote
148124,“ Pedir,5660,Pedir,place,leading_quote
148188,“Sección,6525,Sección,person,leading_quote
148227,“Miracles,105197,Miracles,person,leading_quote
148243,“Díganle,145907,Díganle,person,leading_quote
148267,“Hyrum,30497,Hyrum,person,leading_quote
148380,“Levanta,5155,Levanta,person,leading_quote
148443,“Archibald,95461,Archibald,person,leading_quote
148599,‘ Nuestras,14571,Nuestras,person,leading_quote
148632,“ Vuestra,9357,Vuestra,person,leading_quote
148684,“ Amar,5591,Amar,person,leading_quote
148714,“Did Jesus Really Live Again,136265,Did Jesus Really Live Again,concept,leading_quote
148801,“ Discourse,136683,Discourse,person,leading_quote
148898,John C.,523405,John C,person,trailing_punct
148910,“ Busquemos,312020,Busquemos,people,leading_quote
149002,Leman Copley’s,130966,Leman Copley,people,possessive
149004,“Locksley Hall,67513,Locksley Hall,person,leading_quote
149089,“ Limpios,163388,Limpios,person,leading_quote
149148,‘ser[ían,152306,ser[ían,person,leading_quote
149154,Kristin M. Yee’s,74325,Kristin M. Yee,person,possessive
149197,“ Gracias,106280,Gracias,person,leading_quote
149381,“Bienvenidos,160334,Bienvenidos,person,leading_quote
149400,“Hablamos de Cristo,135479,Hablamos de Cristo,person,leading_quote
149430,“Sencillamente,139652,Sencillamente,place,leading_quote
149445,“Hombres,6552,Hombres,person,leading_quote
149446,“Nuestro,130535,Nuestro,place,leading_quote
149450,“Ésta,151651,Ésta,person,leading_quote
149471,“Elías el profeta,18819,Elías el Profeta,person,leading_quote
149478,“prison,104655,Prison,person,leading_quote
149549,‘Tenemos,147856,Tenemos,person,leading_quote
149564,“Lamento,127477,Lamento,person,leading_quote
149565,‘Mira,6997,Mira,place,leading_quote
149580,EE.UU.,293803,EE.UU,place,trailing_punct
149599,“Mujer,11397,Mujer,person,leading_quote
149762,“Fortaleced,135323,Fortaleced,person,leading_quote
149797,Elder Anthony D. Perkins’s,233474,Elder Anthony D. Perkins,person,possessive
149832,“Rip Van Winkle,97157,Rip Van Winkle,person,leading_quote
149854,“Joven,11847,Joven,person,leading_quote
149865,Elder Orson F. Whitney’s,78979,Elder Orson F. Whitney,person,possessive
149950,“Dan Quayle Was Right,97943,Dan Quayle Was Right,person,leading_quote
149970,Sister Becky Craven’s,239390,Sister Becky Craven,people,possessive
149986,‘Bobby,97566,Bobby,person,leading_quote
150028,“Deberíamos,129410,Deberíamos,person,leading_quote
150123,Joseph W. Sitati’s,77863,Joseph W. Sitati,person,possessive
150195,“Seguidme,7539,Seguidme,person,leading_quote
150288,“Bob,67271,Bob,person,leading_quote
150460,“Pedimos,126679,Pedimos,person,leading_quote
150585,“Recibe,8664,Recibe,person,leading_quote
150647,“Sacred Temple Clothing,123496,Sacred Temple Clothing,concept,leading_quote
150693,“Cuán,6935,Cuán,person,leading_quote
150697,“Bendecid,12318,Bendecid,person,leading_quote
150751,“¿Estamos,139327,¿Estamos,person,leading_quote
150776,“Sermon,47075,Sermon,person,leading_quote
150800,“Primero,128666,Primero,place,leading_quote
150812,“Sostengo,139565,Sostengo,person,leading_quote
150830,“¿cómo,5523,¿Cómo,place,leading_quote
150997,“Autobiografía,137191,Autobiografía,person,leading_quote
151041,“Hijos,19766,Hijos,person,leading_quote
151059,‘Mamá,126572,Mamá,person,leading_quote
151065,“Defenderéis,8302,Defenderéis,person,leading_quote
151136,“¿Eres,10294,¿Eres,people,leading_quote
151242,“Asegúrate,132172,Asegúrate,person,leading_quote
151285,“Ben,36426,Ben,person,leading_quote
151316,“¿Seré,11934,¿Seré,people,leading_quote
151392,“Estimados,9255,Estimados,person,leading_quote
151446,“Trabajé,139746,Trabajé,person,leading_quote
151583,“Paga,736924,Paga,person,leading_quote
151631,Ahmad S. Corbitt’s,96523,Ahmad S. Corbitt,person,possessive
151698,Christopher H. Kim’s,57982,Christopher H. Kim,person,possessive
151708,“Desfallecerás,14936,Desfallecerás,person,leading_quote
151710,“Debes,126161,Debes,person,leading_quote
151711,‘Ningún,11131,Ningún,person,leading_quote
151811,‘Alexis,151812,Alexis,place,leading_quote
151923,‘Vamos,735643,Vamos,person,leading_quote
152033,“Jugué,147969,Jugué,person,leading_quote
152048,“Cumplir,5274,Cumplir,person,leading_quote
152193,“Peter,19498,Peter,person,leading_quote
152369,‘No creo,139517,No creo,people,leading_quote
152371,J.C.,735859,J.C,person,trailing_punct
152378,“¿Podéis,8119,¿Podéis,person,leading_quote
152410,“jamás,7742,Jamás,person,leading_quote
152471,“Dean,100973,Dean,person,leading_quote
152611,“¡Quiero,158604,¡Quiero,person,leading_quote
152715,‘Qué,11411,Qué,person,leading_quote
152756,“¿Cómo,139185,¿Cómo,person,leading_quote
152826,“Buscar,5375,Buscar,place,leading_quote
153022,“llegó,11070,Llegó,person,leading_quote
153073,“Jehová tu Dios,12526,Jehová tu Dios,person,leading_quote
153124,“ Recordemos,184487,Recordemos,person,leading_quote
153149,“Sir Galahad,157547,Sir Galahad,person,leading_quote
153237,“Aquello,10279,Aquello,person,leading_quote
153293,“ José el Vidente,9974,José el Vidente,person,leading_quote
153310,” New York Times,58799,New York Times,people,leading_quote
153344,“Hablaré,14149,Hablaré,person,leading_quote
153362,“Estás,126259,Estás,person,leading_quote
153384,“ Élder,9545,Élder,place,leading_quote
153471,“ Mirad,7588,Mirad,person,leading_quote
153540,“Propósito,309257,Propósito,person,leading_quote
153574,“Restaurar,143329,Restaurar,person,leading_quote
153575,“ Qué,11411,Qué,person,leading_quote
153587,“¡Cristo,153588,¡Cristo,person,leading_quote
153647,“Cómo,4929,Cómo,person,leading_quote
153731,“Pondré,12074,Pondré,person,leading_quote
153792,“Mas,446317,Mas,person,leading_quote
153854,“¿Fallará,147942,¿Fallará,person,leading_quote
153891,“Arthur Davis Hasler,105229,Arthur Davis Hasler,person,leading_quote
154077,Zephaniah’s,19878,Zephaniah,person,possessive
154091,“Lámpara de Jehová,17459,Lámpara de Jehová,person,leading_quote
154193,Helen Mar Whitney’s,67031,Helen Mar Whitney,person,possessive
154195,“Joseph,19097,Joseph,person,leading_quote
154277,“Melvin J. Ballard,74788,Melvin J. Ballard,person,leading_quote
154342,‘Sabes,136054,Sabes,person,leading_quote
154391,“cre[e,751923,cre[e,person,leading_quote
154473,“Female Relief Society,105586,Female Relief Society,people,leading_quote
154493,“General Conference,67728,General Conference,people,leading_quote
154502,“Nuestra,129192,Nuestra,place,leading_quote
154549,“Sobrevino,156100,Sobrevino,person,leading_quote
154576,“Mire,163393,Mire,person,leading_quote
154627,“Seguramente,129983,Seguramente,person,leading_quote
154678,‘Vayan,10014,Vayan,people,leading_quote
154702,“Miren,132219,Miren,person,leading_quote
154722,‘Clark,63071,Clark,person,leading_quote
154777,“Conference Report,56727,Conference Report,people,leading_quote
154854,“¿Sabe,148670,¿Sabe,people,leading_quote
154856,“Henos,16330,Henos,place,leading_quote
154900,“Jehová Dios,12655,Jehová Dios,person,leading_quote
154907,‘Estoy,140989,Estoy,people,leading_quote
154998,“Medito,142605,Medito,person,leading_quote
155203,‘¿No te das,161492,¿No te das,people,leading_quote
155220,“Luz,49037,Luz,place,leading_quote
155247,Marion G. Romney’s,29888,Marion G. Romney,person,possessive
155388,‘Hagan,10035,Hagan,person,leading_quote
155397,‘Hermanos,6434,Hermanos,person,leading_quote
155537,“Adviértase,156581,Adviértase,person,leading_quote
155545,“Busco,306474,Busco,person,leading_quote
155552,‘¡Mire,733983,¡Mire,place,leading_quote
155555,” Mormon Times,108917,Mormon Times,people,leading_quote
155628,“Según,4932,Según,person,leading_quote
155629,“Enseñar,4926,Enseñar,person,leading_quote
155636,“¿No hay bálsamo,16198,¿No hay bálsamo,people,leading_quote
155674,‘¡Papá,151462,¡Papá,place,leading_quote
155780,“Dulce,14718,Dulce,person,leading_quote
155803,“Richard,64184,Richard,person,leading_quote
155875,‘Hermano Monson,133784,Hermano Monson,person,leading_quote
155876,“Presidente,19602,Presidente,person,leading_quote
155886,“ningún,11131,Ningún,person,leading_quote
155908,‘¿Seré,11934,¿Seré,people,leading_quote
155936,Almost Christian:,155937,Almost Christian,person,trailing_punct
155950,“Empty Linen,108734,Empty Linen,person,leading_quote
155967,‘Bien,11916,Bien,place,leading_quote
155989,‘Será,9553,Será,place,leading_quote
155995,‘Pienso,11657,Pienso,person,leading_quote
156216,“Serían,131865,Serían,person,leading_quote
156353,“Noah,18866,Noah,person,leading_quote
156372,“Madre,16956,Madre,place,leading_quote
156384,“comed,131242,Comed,place,leading_quote
156530,Joseph F:,248168,Joseph F,person,trailing_punct
156764,‘Paganos,299268,Paganos,person,leading_quote
156788,“Buen,284985,Buen,place,leading_quote
156863,“¿Por,8954,¿Por,people,leading_quote
156994,“Procuren,131762,Procuren,person,leading_quote
157001,“Regocijémonos,135485,Regocijémonos,place,leading_quote
157002,“Nuestro,5522,Nuestro,person,leading_quote
157051,“Pedir,5660,Pedir,place,leading_quote
157132,“¿Piensan,130912,¿Piensan,people,leading_quote
157140,“Abuelo,311397,Abuelo,person,leading_quote
157189,“¿Vas,8592,¿Vas,person,leading_quote
157247,“Maud Muller,144120,Maud Muller,person,leading_quote
157344,‘Cumpla,167149,Cumpla,place,leading_quote
157411,“ Han,5768,Han,person,leading_quote
157501,‘¿Por,8953,¿Por,place,leading_quote
157805,Lorenzo D. Young's,533168,Lorenzo D. Young,people,possessive
157870,“Vuestra,9357,Vuestra,person,leading_quote
157990,” New Era,63885,New Era,people,leading_quote
158012,“llegó,152714,Llegó,place,leading_quote
158122,‘Amigos,134334,Amigos,person,leading_quote
158188,‘¿Hay,14700,¿Hay,people,leading_quote
158207,‘Estimado,731490,Estimado,person,leading_quote
158213,“Vivan,312687,Vivan,person,leading_quote
158283,‘Justin,79549,Justin,person,leading_quote
158286,‘¿Aún,12008,¿Aún,people,leading_quote
158367,“Carolyn,107373,Carolyn,person,leading_quote
158439,‘Mamá,142591,Mamá,place,leading_quote
158440,’ ‘¿Me,275827,‘¿Me,people,leading_quote
158572,‘¿Hacia,748978,¿Hacia,people,leading_quote
158575,“Rupert,101429,Rupert,person,leading_quote
158576,‘Debe,4895,Debe,person,leading_quote
158578,“Feliz,127553,Feliz,person,leading_quote
158718,‘Paga,736924,Paga,person,leading_quote
158723,“Más,5206,Más,person,leading_quote
158893,‘mormonismo,309873,Mormonismo,people,leading_quote
158938,“¿Preferirías,152992,¿Preferirías,person,leading_quote
159037,“Regresen,152999,Regresen,person,leading_quote
159178,‘Charlie,321887,Charlie,place,leading_quote
159185,“Será,9553,Será,place,leading_quote
159325,Elder Gong’s,58441,Elder Gong,person,possessive
159374,‘¿Va,144029,¿Va,people,leading_quote
159467,‘Twinkle,159468,Twinkle,place,leading_quote
159515,“reconciliaos,7260,Reconciliaos,place,leading_quote
159594,’¿Cree,6051,¿Cree,people,leading_quote
159603,“Marriott Center,348251,Marriott Center,person,leading_quote
159623,‘ Así,5845,Así,person,leading_quote
159687,‘¿Eres,10294,¿Eres,people,leading_quote
159796,“Estaré,338084,Estaré,person,leading_quote
159835,“Devil,246860,Devil,person,leading_quote
159877,‘’mundo,5271,Mundo,people,leading_quote
159908,“John Mills Whitaker,113760,John Mills Whitaker,person,leading_quote
159957,“pitcher,513252,Pitcher,place,leading_quote
160093,“Tendrás,14609,Tendrás,person,leading_quote
160226,“Coro del Tabernáculo de la Manzana del Templo,377471,Coro del Tabernáculo de la Manzana del Templo,place,leading_quote
160293,“Joseph Smith,19102,Joseph Smith,person,leading_quote
160308,‘Recibían,157960,Recibían,person,leading_quote
160349,“Escúchalo,125998,Escúchalo,person,leading_quote
160352,“Han,135460,Han,place,leading_quote
160421,“ Elijah,18672,Elijah,person,leading_quote
160422,“ Elías el profeta,18819,Elías el Profeta,person,leading_quote
160454,“ Hallelujah,539871,Hallelujah,person,leading_quote
160604,“ Cómo,4929,Cómo,person,leading_quote
160717,“Necesidades,309277,Necesidades,person,leading_quote
160724,“Descubrí,131927,Descubrí,person,leading_quote
160726,“Niña,295050,Niña,person,leading_quote
160783,“Aplica,741038,Aplica,person,leading_quote
160847,“Sabes,136054,Sabes,person,leading_quote
160924,“Anne Sullivan,83144,Anne Sullivan,person,leading_quote
160968,“Sed,141945,Sed,people,leading_quote
161059,“¿Habéis,8351,¿Habéis,person,leading_quote
161116,‘Venga,12274,Venga,people,leading_quote
161256,“Greg,73930,Greg,person,leading_quote
161327,‘Tendrás,14609,Tendrás,person,leading_quote
161395,“Eddie,116989,Eddie,person,leading_quote
161487,“Deja,257692,Deja,person,leading_quote
161540,“Sentían,145184,Sentían,person,leading_quote
161622,‘¡Paz,11421,¡Paz,place,leading_quote
161721,Segundo Quórum de los Setenta:,129202,Segundo Quórum de los Setenta,person,trailing_punct
161806,“Hermano José,289818,Hermano José,person,leading_quote
162024,“Every Member,165999,Every Member,person,leading_quote
162042,“Weak,29504,Weak,person,leading_quote
162095,“Ven,5004,Ven,person,leading_quote
162251,“llamad,9941,Llamad,person,leading_quote
162276,“meek,19350,Meek,person,leading_quote
162289,‘Benditos,10025,Benditos,place,leading_quote
162323,“Estad,10561,Estad,person,leading_quote
162395,“Frederick Granger,208083,Frederick Granger,person,leading_quote
162524,“Amado,158650,Amado,person,leading_quote
162605,“Buena,211659,Buena,person,leading_quote
162721,“¿Cuáles,125770,¿Cuáles,people,leading_quote
162977,South America’s,56129,South America,place,possessive
163027,“Sr. Pollard,163024,Sr. Pollard,person,leading_quote
163394,“Estoy,10912,Estoy,person,leading_quote
163505,“Presidente Tanner,137120,presidente Tanner,person,leading_quote
163903,“Descended,13796,Descended,person,leading_quote
163948,‘Gracias a Dios,161541,Gracias a Dios,place,leading_quote
163980,‘Consideremos,306685,Consideremos,place,leading_quote
164071,“Diablo,7017,Diablo,person,leading_quote
164086,‘¿Cuál,135593,¿Cuál,people,leading_quote
164132,“¿cuál,5789,¿Cuál,place,leading_quote
164156,“Clark,63071,Clark,person,leading_quote
164286,“Hazme,9345,Hazme,person,leading_quote
164622,’Estoy,127136,Estoy,place,leading_quote
164783,Woodruff’s,55548,Woodruff,person,possessive
164973,“Tened,7628,Tened,place,leading_quote
164990,“Creemos,756287,Creemos,people,leading_quote
165024,“Permanece,337853,Permanece,place,leading_quote
165162,‘Siento,126798,Siento,place,leading_quote
165240,“Dame,213368,Dame,person,leading_quote
165309,“Paz,9285,Paz,place,leading_quote
165457,” Himnos,5228,Himnos,person,leading_quote
165500,Christopher B. Rich Jr.,271372,Christopher B. Rich Jr,person,trailing_punct
165532,Noah’s Curse:,211940,Noah’s Curse,people,trailing_punct
165553,“Tender,53238,Tender,people,leading_quote
165554,“Seek Learning,123035,Seek Learning,person,leading_quote
165555,“More,14531,More,person,leading_quote
165573,“Somos hijos de Dios,155007,Somos Hijos De Dios,person,leading_quote
165688,“ Procurar,6658,Procurar,person,leading_quote
165713,“Marian,165712,Marian,person,leading_quote
165740,‘¿Con,261906,¿Con,people,leading_quote
165779,Brigham Young Jr.,292316,Brigham Young Jr,person,trailing_punct
165808,“venid,7282,Venid,person,leading_quote
165857,"Committee on Privileges and Elections,",54900,Committee on Privileges and Elections,people,trailing_punct
165896,“Ministrar,19366,Ministrar,person,leading_quote
165980,“Demos,527628,Demos,person,leading_quote
166038,No Weapon Shall Prosper:,638004,No Weapon Shall Prosper,people,trailing_punct
166088,“ Llevar,4953,Llevar,person,leading_quote
166312,“Estadísticamente,165325,Estadísticamente,place,leading_quote
166452,“Elijah,18672,Elijah,person,leading_quote
166593,“ Respuestas,378781,Respuestas,person,leading_quote
166755,“¿Habría,159793,¿Habría,people,leading_quote
166853,“Demasiadas,126655,Demasiadas,person,leading_quote
166893,“ Conversión,18741,Conversión,person,leading_quote
166998,“ Acción,6738,Acción,person,leading_quote
167182,Email Email,167122,Email,person,duplicated_word
167267,Caminar Caminar,154118,Caminar,person,duplicated_word
167292,”¹⁷ Jesus’s,170470,”¹⁷ Jesus,person,possessive
167340,”¹¹ Life’s,171952,”¹¹ Life,people,possessive
167561,Dec.,705471,Dec,period,trailing_punct
167679,Stan’s,61871,Stan,person,possessive
168129,”¹ Joshua’s,172383,”¹ Joshua,person,possessive
168344,Jonah’s,19094,Jonah,person,possessive
168678,Sister Young’s,89063,Sister Young,people,possessive
168980,Ronald K.,555549,Ronald K,person,trailing_punct
169087,”¹⁰ Nephi’s,168073,”¹⁰ Nephi,person,possessive
169194,Paul V.,529912,Paul V,person,trailing_punct
169328,”¹⁰ God’s,168485,”¹⁰ God,person,possessive
169548,George Frideric Handel’s,74668,George Frideric Handel,person,possessive
170028,Notas 1.,167284,Notas 1,people,trailing_punct
170056,John Adams.,67193,John Adams,person,trailing_punct
170116,Jan.,107544,Jan,period,trailing_punct
170224,Easter Easter,33554,Easter,person,duplicated_word
170317,Elder Elder,56082,Elder,person,duplicated_word
170395,Assess Assess,203145,Assess,people,duplicated_word
170488,Sister J. Anette Dennis’s,323602,Sister J. Anette Dennis,person,possessive
170620,William Shakespeare’s,64082,William Shakespeare,person,possessive
170902,Laman’s,19202,Laman,person,possessive
171054,Brent H. Nielson’s,57002,Brent H. Nielson,person,possessive
172146,first day's,50322,first day,period,possessive
172351,James A.,48219,James A,person,trailing_punct
172414,Jose’s,35057,Jose,person,possessive
172468,Elder Pingree’s,727400,Elder Pingree,person,possessive
172542,”¹⁰ The Savior’s,168208,”¹⁰ The Savior,person,possessive
172765,Gratitude Gratitude,85316,Gratitude,person,duplicated_word
172783,Elder Parley P.,538943,Elder Parley P,person,trailing_punct
172958,Emilie’s,123507,Emilie,person,possessive
173077,Glen L. Rudd’s,71728,Glen L. Rudd,person,possessive
173299,SAMUEL SMITH'S,55772,Samuel Smith,person,possessive
173550,Martin Harris's,29722,Martin Harris,person,possessive
173823,"May 16, 1803,",339949,"May 16, 1803",period,trailing_punct
174105,Daniel Mack's,174292,Daniel Mack,person,possessive
174521,Neil Gillum's,517258,Neil Gillum,person,possessive
174567,MARTIN HARRIS'S,29722,Martin Harris,person,possessive
174839,Horace S. Eldredge's,214262,Horace S. Eldredge,people,possessive
175078,A. O. Smoot's,526227,A. O. Smoot,person,possessive
175131,Seth Utley's,175062,Seth Utley,person,possessive
175141,Albert Petty's,517731,Albert Petty,person,possessive
175822,Helen Mar.,165207,Helen Mar,person,trailing_punct
176142,Elder Goodson's,345617,Elder Goodson,person,possessive
176177,The day of God's,33437,the day of God,period,possessive
176359,JAMES LAWSON'S,175780,James Lawson,person,possessive
176552,George Grant's,661552,George Grant,person,possessive
176951,St Luke's,502218,St Luke,person,possessive
177358,The Power of God’s,123395,the Power of God,concept,possessive
177552,Thomas Walmesley's,208920,Thomas Walmesley,person,possessive
177763,Alexander Smith's,341942,Alexander Smith,person,possessive
177847,Willard Chase's,201958,Willard Chase,person,possessive
177943,Andrew Lang's,484832,Andrew Lang,person,possessive
177967,Joseph McKune's,177973,Joseph McKune,person,possessive
177981,William Stafford's,177988,William Stafford,person,possessive
178037,"""Life of Brigham Young",178304,Life of Brigham Young,concept,leading_quote
178226,Apostle Woodruff's,532704,Apostle Woodruff,person,possessive
178383,Conan Doyle's,373194,Conan Doyle,person,possessive
178398,Daniel Hendrix's,178413,Daniel Hendrix,person,possessive
178629,Mother Smith's,114312,Mother Smith,person,possessive
178666,MICH.,89345,Mich,place,trailing_punct
179547,Teachings of Presidents of the Church:,167002,Teachings of Presidents of the Church,concept,trailing_punct
179644,Dios”⁴.,179664,Dios”⁴,person,trailing_punct
179662,John S.,428319,John s,person,trailing_punct
179687,Dios”⁷.,181353,Dios”⁷,person,trailing_punct
179835,Miracles Miracles,105197,Miracles,person,duplicated_word
179872,mundo”⁴.,182780,mundo”⁴,place,trailing_punct
180055,“Your Great Adventure,180098,Your Great Adventure,concept,leading_quote
181253,consuelo”⁸.,181394,consuelo”⁸,person,trailing_punct
181501,Elder Adrián Ochoa’s,727550,Elder Adrián Ochoa,person,possessive
181691,Brian Hales’s,566293,Brian Hales,person,possessive
182553,gozo”⁹.,182635,gozo”⁹,place,trailing_punct
182627,“nuevas,752697,Nuevas,place,leading_quote
183704,mundo”¹⁸.,183046,mundo”¹⁸,person,trailing_punct
184153,Bednar’s,80086,Bednar,person,possessive
184209,“Casa,303514,Casa,place,leading_quote
184475,Dios”⁴.,185768,Dios”⁴,place,trailing_punct
184513,. 8.,185374,. 8,place,trailing_punct
184514,“How Great the Wisdom,57527,How Great the Wisdom,concept,leading_quote
184538,otros”¹⁸.,185041,otros”¹⁸,person,trailing_punct
185487,Jesucristo mismo”³.,184923,Jesucristo mismo”³,person,trailing_punct
185572,otros”⁴.,181918,otros”⁴,people,trailing_punct
185967,Deidad.,18496,Deidad,people,trailing_punct
186296,Robert Patterson's,532058,Robert Patterson,person,possessive
186362,“ S. Monson S. Monson Posición,186352,S. Monson S. Monson Posición,person,leading_quote
186633,Washington Irving's,363258,Washington Irving,people,possessive
187063,"the 19th,",436922,the 19th,period,trailing_punct
187680,Virtue Virtue,19845,Virtue,person,duplicated_word
187897,’ Journal of History,261178,Journal of History,people,leading_quote
188647,Zenos’s,23602,Zenos,person,possessive
188685,Sherem’s,28824,Sherem,people,possessive
189295,Edmund Burke’s,87479,Edmund Burke,person,possessive
189605,Auf Wiedersehen’—we,81810,Auf,person,pronunciation_tail
190908,Frank F. Judd Jr.,332792,Frank F. Judd Jr,person,trailing_punct
191014,Fielding Smith Jr.,377942,Fielding Smith Jr,person,trailing_punct
191756,Shule’s,28117,Shule,person,possessive
191770,Marco Polo’s,191771,Marco Polo,person,possessive
192302,Articles of Faith 1:13].,718279,Articles of Faith 1:13],concept,trailing_punct
192377,Smith’s,48812,Smith,people,possessive
192423,Doctrine and Covenants 2:,128639,Doctrine and Covenants 2,scripture_reference,trailing_punct
192490,Sister Emma’s,89589,Sister Emma,person,possessive
192792,Philip Burroughs’s,192789,Philip Burroughs,people,possessive
192810,Ziba Peterson’s,31551,Ziba Peterson,person,possessive
192881,James Covel’s,31672,James Covel,person,possessive
192891,Elder Pratt’s,74796,Elder Pratt,person,possessive
192900,Sidney’s,193535,Sidney,people,possessive
192905,Sidney Rigdon’s,19546,Sidney Rigdon,person,possessive
193046,Sidney’s,30004,Sidney,person,possessive
193379,Doctrine and Covenants 43:,193378,Doctrine and Covenants 43,scripture_reference,trailing_punct
193381,Doctrine and Covenants 44:,193380,Doctrine and Covenants 44,scripture_reference,trailing_punct
193382,Doctrine and Covenants 45:,130795,Doctrine and Covenants 45,scripture_reference,trailing_punct
193460,Doctrine and Covenants 49:,346396,Doctrine and Covenants 49,scripture_reference,trailing_punct
193463,Doctrine and Covenants 46:,193462,Doctrine and Covenants 46,scripture_reference,trailing_punct
193464,Doctrine and Covenants 47:,130951,Doctrine and Covenants 47,scripture_reference,trailing_punct
193465,Doctrine and Covenants 48:,130952,Doctrine and Covenants 48,scripture_reference,trailing_punct
193527,Doctrine and Covenants 50:,131077,Doctrine and Covenants 50,scripture_reference,trailing_punct
193575,Doctrine and Covenants 1:,128538,Doctrine and Covenants 1,scripture_reference,trailing_punct
193630,Bishop Partridge’s,66883,Bishop Partridge,people,possessive
193635,Newel K. Whitney’s,30204,Newel K. Whitney,person,possessive
193645,Leman’s,130975,Leman,people,possessive
193646,Joseph Knight Jr.,279242,Joseph Knight Jr,person,trailing_punct
193647,Copley’s,131122,Copley,people,possessive
193733,Doctrine and Covenants 51:,131208,Doctrine and Covenants 51,scripture_reference,trailing_punct
193735,Doctrine and Covenants 52:,193734,Doctrine and Covenants 52,scripture_reference,trailing_punct
193737,Doctrine and Covenants 53:,193736,Doctrine and Covenants 53,scripture_reference,trailing_punct
193738,Doctrine and Covenants 54:,131209,Doctrine and Covenants 54,scripture_reference,trailing_punct
193739,Doctrine and Covenants 55:,131210,Doctrine and Covenants 55,scripture_reference,trailing_punct
193741,Doctrine and Covenants 56:,193740,Doctrine and Covenants 56,scripture_reference,trailing_punct
193842,Doctrine and Covenants 57:,344955,Doctrine and Covenants 57,scripture_reference,trailing_punct
193866,Doctrine and Covenants 58:,193865,Doctrine and Covenants 58,scripture_reference,trailing_punct
193885,John Treat Irving Jr.,279473,John Treat Irving Jr,person,trailing_punct
193956,Doctrine and Covenants 59:,131325,Doctrine and Covenants 59,scripture_reference,trailing_punct
193958,Doctrine and Covenants 60:,193957,Doctrine and Covenants 60,scripture_reference,trailing_punct
193959,Doctrine and Covenants 61:,131448,Doctrine and Covenants 61,scripture_reference,trailing_punct
193960,Doctrine and Covenants 62:,131459,Doctrine and Covenants 62,scripture_reference,trailing_punct
194064,Doctrine and Covenants 63:,131539,Doctrine and Covenants 63,scripture_reference,trailing_punct
194160,Doctrine and Covenants 64:,194159,Doctrine and Covenants 64,scripture_reference,trailing_punct
194161,Doctrine and Covenants 65:,131618,Doctrine and Covenants 65,scripture_reference,trailing_punct
194244,Doctrine and Covenants 66:,131619,Doctrine and Covenants 66,scripture_reference,trailing_punct
194245,Doctrine and Covenants 67:,149237,Doctrine and Covenants 67,scripture_reference,trailing_punct
194247,Doctrine and Covenants 68:,194246,Doctrine and Covenants 68,scripture_reference,trailing_punct
194249,Doctrine and Covenants 69:,194248,Doctrine and Covenants 69,scripture_reference,trailing_punct
194250,Doctrine and Covenants 70:,149238,Doctrine and Covenants 70,scripture_reference,trailing_punct
194251,Bishop Edward Partridge’s,193601,Bishop Edward Partridge,people,possessive
194278,Ezra Booth’s,32055,Ezra Booth,person,possessive
194368,Doctrine and Covenants 71:,131752,Doctrine and Covenants 71,scripture_reference,trailing_punct
194369,Doctrine and Covenants 72:,131754,Doctrine and Covenants 72,scripture_reference,trailing_punct
194370,Doctrine and Covenants 73:,131755,Doctrine and Covenants 73,scripture_reference,trailing_punct
194372,Doctrine and Covenants 74:,194371,Doctrine and Covenants 74,scripture_reference,trailing_punct
194374,Doctrine and Covenants 75:,194373,Doctrine and Covenants 75,scripture_reference,trailing_punct
194441,Doctrine and Covenants 76:,73459,Doctrine and Covenants 76,scripture_reference,trailing_punct
194722,Doctrine and Covenants 77:,122861,Doctrine and Covenants 77,scripture_reference,trailing_punct
194723,Doctrine and Covenants 78:,131941,Doctrine and Covenants 78,scripture_reference,trailing_punct
194856,Doctrine and Covenants 10:,124310,Doctrine and Covenants 10,scripture_reference,trailing_punct
194858,Doctrine and Covenants 3:,194857,Doctrine and Covenants 3,scripture_reference,trailing_punct
194944,Doctrine and Covenants 81:,132031,Doctrine and Covenants 81,scripture_reference,trailing_punct
194946,Doctrine and Covenants 82:,194945,Doctrine and Covenants 82,scripture_reference,trailing_punct
194947,Doctrine and Covenants 83:,132033,Doctrine and Covenants 83,scripture_reference,trailing_punct
195094,Doctrine and Covenants 84:,132127,Doctrine and Covenants 84,scripture_reference,trailing_punct
195244,Doctrine and Covenants 85:,195243,Doctrine and Covenants 85,scripture_reference,trailing_punct
195245,Doctrine and Covenants 86:,132213,Doctrine and Covenants 86,scripture_reference,trailing_punct
195246,Doctrine and Covenants 87:,132214,Doctrine and Covenants 87,scripture_reference,trailing_punct
195394,Doctrine and Covenants 88:,132274,Doctrine and Covenants 88,scripture_reference,trailing_punct
195636,Doctrine and Covenants 90:,347143,Doctrine and Covenants 90,scripture_reference,trailing_punct
195645,Doctrine and Covenants 89:,132385,Doctrine and Covenants 89,scripture_reference,trailing_punct
195647,Doctrine and Covenants 91:,132386,Doctrine and Covenants 91,scripture_reference,trailing_punct
195649,Doctrine and Covenants 92:,195648,Doctrine and Covenants 92,scripture_reference,trailing_punct
195734,Doctrine and Covenants 93:,132487,Doctrine and Covenants 93,scripture_reference,trailing_punct
195801,John Johnson’s,30121,John Johnson,person,possessive
195886,Doctrine and Covenants 94:,132625,Doctrine and Covenants 94,scripture_reference,trailing_punct
195887,Doctrine and Covenants 95:,132626,Doctrine and Covenants 95,scripture_reference,trailing_punct
195889,Doctrine and Covenants 96:,195888,Doctrine and Covenants 96,scripture_reference,trailing_punct
195892,Doctrine and Covenants 97:,195890,Doctrine and Covenants 97,scripture_reference,trailing_punct
195911,"August 7,",193875,August 7,period,trailing_punct
195997,Doctrine and Covenants 100:,132722,Doctrine and Covenants 100,scripture_reference,trailing_punct
195999,Doctrine and Covenants 98:,195998,Doctrine and Covenants 98,scripture_reference,trailing_punct
196000,Doctrine and Covenants 99:,132723,Doctrine and Covenants 99,scripture_reference,trailing_punct
196151,Doctrine and Covenants 101:,196150,Doctrine and Covenants 101,scripture_reference,trailing_punct
196240,Doctrine and Covenants 17:,128345,Doctrine and Covenants 17,scripture_reference,trailing_punct
196241,Doctrine and Covenants 5:,128748,Doctrine and Covenants 5,scripture_reference,trailing_punct
196382,Doctrine and Covenants 102:,196381,Doctrine and Covenants 102,scripture_reference,trailing_punct
196384,Doctrine and Covenants 104:,196383,Doctrine and Covenants 104,scripture_reference,trailing_punct
196454,the Prophet Joseph Smith’s,48944,the Prophet Joseph Smith,place,possessive
196514,Doctrine and Covenants 103:,196513,Doctrine and Covenants 103,scripture_reference,trailing_punct
196516,Doctrine and Covenants 105:,196515,Doctrine and Covenants 105,scripture_reference,trailing_punct
196643,Doctrine and Covenants 106:,132940,Doctrine and Covenants 106,scripture_reference,trailing_punct
196644,Doctrine and Covenants 107:,132954,Doctrine and Covenants 107,scripture_reference,trailing_punct
196760,Doctrine and Covenants 109:,133149,Doctrine and Covenants 109,scripture_reference,trailing_punct
196761,Doctrine and Covenants 110:,133150,Doctrine and Covenants 110,scripture_reference,trailing_punct
196826,the Safety Society’s,196827,the Safety Society,people,possessive
196951,Doctrine and Covenants 111:,133224,Doctrine and Covenants 111,scripture_reference,trailing_punct
196952,Doctrine and Covenants 112:,133225,Doctrine and Covenants 112,scripture_reference,trailing_punct
196953,Doctrine and Covenants 113:,133232,Doctrine and Covenants 113,scripture_reference,trailing_punct
196955,Doctrine and Covenants 114:,196954,Doctrine and Covenants 114,scripture_reference,trailing_punct
197058,Doctrine and Covenants 115:,237589,Doctrine and Covenants 115,scripture_reference,trailing_punct
197063,Doctrine and Covenants 117:,344617,Doctrine and Covenants 117,scripture_reference,trailing_punct
197072,Doctrine and Covenants 116:,197071,Doctrine and Covenants 116,scripture_reference,trailing_punct
197075,Doctrine and Covenants 118:,197074,Doctrine and Covenants 118,scripture_reference,trailing_punct
197274,Almon Babbitt’s,30752,Almon Babbitt,person,possessive
197278,Hyrum Smith’s,19583,Hyrum Smith,person,possessive
197336,Doctrine and Covenants 124:,197335,Doctrine and Covenants 124,scripture_reference,trailing_punct
197462,Doctrine and Covenants 125:,197461,Doctrine and Covenants 125,scripture_reference,trailing_punct
197463,Doctrine and Covenants 126:,133646,Doctrine and Covenants 126,scripture_reference,trailing_punct
197464,Doctrine and Covenants 127:,133647,Doctrine and Covenants 127,scripture_reference,trailing_punct
197465,Doctrine and Covenants 128:,184715,Doctrine and Covenants 128,scripture_reference,trailing_punct
197568,Doctrine and Covenants 6:,196242,Doctrine and Covenants 6,scripture_reference,trailing_punct
197570,Doctrine and Covenants 8:,197569,Doctrine and Covenants 8,scripture_reference,trailing_punct
197572,Doctrine and Covenants 9:,197571,Doctrine and Covenants 9,scripture_reference,trailing_punct
197603,Elder Hyde’s,112077,Elder Hyde,person,possessive
197638,William Miller’s,197634,William Miller,person,possessive
197691,Doctrine and Covenants 129:,197690,Doctrine and Covenants 129,scripture_reference,trailing_punct
197693,Doctrine and Covenants 130:,197692,Doctrine and Covenants 130,scripture_reference,trailing_punct
197827,Doctrine and Covenants 132:,164108,Doctrine and Covenants 132,scripture_reference,trailing_punct
197849,Doctrine and Covenants 131:,197848,Doctrine and Covenants 131,scripture_reference,trailing_punct
197999,Doctrine and Covenants 132:,179468,Doctrine and Covenants 132,scripture_reference,trailing_punct
343719,Masonry’s,343717,Masonry,person,possessive
198163,Doctrine and Covenants 133:,133869,Doctrine and Covenants 133,scripture_reference,trailing_punct
198199,Young’s,354562,Young,people,possessive
198289,Doctrine and Covenants 135:,83287,Doctrine and Covenants 135,scripture_reference,trailing_punct
198295,Doctrine and Covenants 134:,133889,Doctrine and Covenants 134,scripture_reference,trailing_punct
198296,Doctrine and Covenants 136:,133951,Doctrine and Covenants 136,scripture_reference,trailing_punct
198402,Doctrine and Covenants 137:,134042,Doctrine and Covenants 137,scripture_reference,trailing_punct
198403,Doctrine and Covenants 138:,122677,Doctrine and Covenants 138,scripture_reference,trailing_punct
198552,Doctrine and Covenants 13:,129145,Doctrine and Covenants 13,scripture_reference,trailing_punct
198554,Doctrine and Covenants 18:,198553,Doctrine and Covenants 18,scripture_reference,trailing_punct
198556,Doctrine and Covenants 7:,198555,Doctrine and Covenants 7,scripture_reference,trailing_punct
198573,Smith Sr.,361737,Smith Sr,people,trailing_punct
198638,Doctrine and Covenants 11:,129021,Doctrine and Covenants 11,scripture_reference,trailing_punct
198639,Doctrine and Covenants 12:,129144,Doctrine and Covenants 12,scripture_reference,trailing_punct
198640,Doctrine and Covenants 4:,128747,Doctrine and Covenants 4,scripture_reference,trailing_punct
198696,Doctrine and Covenants 19:,129352,Doctrine and Covenants 19,scripture_reference,trailing_punct
199369,Dieter F. Uchtdorf’s,126101,Dieter F. Uchtdorf,people,possessive
199373,Joseph Millett’s,90019,Joseph Millett,person,possessive
199507,Andrew’s,3446,Andrew,person,possessive
200020,Scripture Helps:,200019,Scripture Helps,person,trailing_punct
200188,John the Baptist’s,19093,John the Baptist,person,possessive
200250,Elder Cardon’s,714834,Elder Cardon,person,possessive
200833,“The Road to Damascus,120541,The Road to Damascus,concept,leading_quote
200925,Sister Dew’s,84609,Sister Dew,person,possessive
201488,Abraham’s,3278,Abraham,person,possessive
201767,“Your Patriarchal Blessing: A Liahona of Light,96116,Your Patriarchal Blessing: A Liahona of Light,concept,leading_quote
201829,Kolob’s,43205,Kolob,people,possessive
201955,Josiah Stowell’s,201954,Josiah Stowell,person,possessive
201960,Beman’s,346040,Beman,person,possessive
201962,Isaac Hale’s,43320,Isaac Hale,person,possessive
202396,Cherubim Cherubim,18701,Cherubim,person,duplicated_word
203717,St. Catherine’s,392684,St. Catherine,place,possessive
203901,Cassell’s,60303,Cassell,person,possessive
203936,"c. Note 1,",203835,c. Note 1,person,trailing_punct
204311,Zebedee’s,19076,Zebedee,person,possessive
204783,Dean Stanley’s,392677,Dean Stanley,person,possessive
204873,5:10;,49463,5:10,period,trailing_punct
206072,g. Luke 23:2.,206021,g. Luke 23:2,person,trailing_punct
206365,Judas Iscariot’s,19111,Judas Iscariot,person,possessive
207190,Amos Wright’s,289147,Amos Wright,person,possessive
207221,Elder Standing’s,52233,Elder Standing,person,possessive
207383,3rd ed.,85128,3rd ed,period,trailing_punct
207390,J. Smith Jr.,783106,J. Smith JR,person,trailing_punct
207416,Elder Benson’s,62210,Elder Benson,person,possessive
207453,Addison’s,74194,Addison,people,possessive
207511,John Sutter’s,289312,John Sutter,person,possessive
207707,B. Smith’s,534755,B. Smith,person,possessive
207916,David Whitmer’s,31201,David Whitmer,person,possessive
208073,Ann’s,61216,Ann,person,possessive
208118,Lucy’s,291136,Lucy,people,possessive
208158,"Lyman,",209026,Lyman,people,trailing_punct
208377,Emily’s,57823,Emily,person,possessive
208407,Mary Whitmer’s,64768,Mary Whitmer,person,possessive
208409,Philo’s,208408,Philo,people,possessive
208528,Caroline’s,65579,Caroline,person,possessive
208567,577–78;,766878,577–78,period,trailing_punct
208722,Isabella Walton’s,208721,Isabella Walton,person,possessive
208893,Joseph Fielding’s,67752,Joseph Fielding,person,possessive
208924,Preston’s,290005,Preston,people,possessive
209053,"Richards,",199312,Richards,people,trailing_punct
209155,Sarah Emma’s,209081,Sarah Emma,person,possessive
209299,Amanda Smith’s,65010,Amanda Smith,person,possessive
209391,Alma Smith’s,164089,Alma Smith,person,possessive
209601,Joseph Sr.’s,128756,Joseph Sr.,person,possessive
209694,Thomas Sharp’s,207308,Thomas Sharp,person,possessive
209736,"Hyde,",592276,Hyde,people,trailing_punct
209759,Emma’s,48813,Emma,person,possessive
209843,John Bennett’s,112474,John Bennett,person,possessive
209998,Edward Jr.,290540,Edward Jr,person,trailing_punct
210003,Jerusha’s,38042,Jerusha,person,possessive
210115,"Clayton,",210034,Clayton,people,trailing_punct
210211,Mercy Fielding Thompson’s,124020,Mercy Fielding Thompson,people,possessive
210255,Ellen’s,90531,Ellen,person,possessive
210263,Jane Law’s,181668,Jane Law,person,possessive
210312,"Pratt,",289826,Pratt,people,trailing_punct
210522,"Young,",354562,Young,people,trailing_punct
210745,Within the Walls of Liberty Jail:,133379,Within the Walls of Liberty Jail,concept,trailing_punct
210891,William McLellin’s,131588,William McLellin,person,possessive
210908,Conn.,290893,Conn,place,trailing_punct
211336,St. Louis:,32208,St. Louis,place,trailing_punct
211802,Parley’s,31940,Parley,people,possessive
211810,Louisa’s,74193,Louisa,person,possessive
211812,Jim Bridger’s,111155,Jim Bridger,person,possessive
211906,Wilford’s,55549,Wilford,person,possessive
211918,Isaac Haight’s,199377,Isaac Haight,person,possessive
212049,"Stout,",552215,Stout,people,trailing_punct
212198,"Haight,",212122,Haight,people,trailing_punct
212334,Daniel Wells’s,212331,Daniel Wells,person,possessive
212615,“Foreign Correspondence,212610,Foreign Correspondence,concept,leading_quote
212658,"Haven,",812722,Haven,people,trailing_punct
212716,Matilda Dudley’s,212710,Matilda Dudley,people,possessive
212904,Jacob Secrist’s,212898,Jacob Secrist,person,possessive
213007,Mary Horrocks.,291655,Mary Horrocks,person,trailing_punct
213018,Franklin Richards’s,212232,Franklin Richards,person,possessive
213140,Edward Martin’s,78815,Edward Martin,person,possessive
213273,Buchanan’s,164255,Buchanan,person,possessive
213402,John D. Lee’s,164266,John D. Lee,person,possessive
213410,Lee’s,15753,Lee,person,possessive
213419,"Bowering,",291785,Bowering,people,trailing_punct
213461,John M.,352848,john m,person,trailing_punct
213681,Sanpete Valley’s,212698,Sanpete Valley,place,possessive
213709,Walter’s,106885,Walter,person,possessive
213988,Walter’s,213706,Walter,people,possessive
213994,Lorenzo’s,211674,Lorenzo,person,possessive
213996,Maui’s,79122,Maui,place,possessive
214078,Susie’s,112984,Susie,person,possessive
214086,Ane Sophie’s,212488,Ane Sophie,person,possessive
214089,Black Hawk’s,214088,Black Hawk,people,possessive
214299,the Fifteenth Ward’s,214290,the Fifteenth Ward,place,possessive
214473,Martin Harris Jr.,292123,Martin Harris Jr,person,trailing_punct
214571,St. George’s,57338,St. George,place,possessive
214572,Dora’s,57205,Dora,person,possessive
214598,Erastus Snow’s,368913,Erastus Snow,concept,possessive
214651,Amasa Lyman’s,516318,Amasa Lyman,people,possessive
214743,Sagwitch’s,292539,Sagwitch,people,possessive
214759,George Q. Cannon’s,58516,George Q. Cannon,person,possessive
214916,Ann Eliza’s,212475,Ann Eliza,person,possessive
214926,Meliton’s,214922,Meliton,person,possessive
214944,the Twentieth Ward’s,562088,the Twentieth Ward,place,possessive
214945,Karl’s,211040,Karl,person,possessive
214949,Bishop Woolley’s,67354,Bishop Woolley,person,possessive
215051,William Godbe’s,214304,William Godbe,person,possessive
215135,Jonathan Napela’s,212320,Jonathan Napela,person,possessive
215165,George Reynolds’s,191653,George Reynolds,person,possessive
215172,Zina Presendia’s,215065,Zina Presendia,person,possessive
215275,Principal Maeser’s,215272,Principal Maeser,person,possessive
215281,Joseph Standing’s,64172,Joseph Standing,person,possessive
215392,Voz de amonestación.,215389,Voz de amonestación,person,trailing_punct
215406,Mary Isabella Horne’s,163807,Mary Isabella Horne,person,possessive
215423,Ida Hunt’s,215393,Ida Hunt,person,possessive
215541,Hare’s,215528,Hare,people,possessive
215591,"Bromley,",215584,Bromley,people,trailing_punct
215670,Sagwitch’s,72970,Sagwitch,person,possessive
215676,Joseph III’s,112958,Joseph III,person,possessive
215955,the age of seven.,69271,the age of seven,period,trailing_punct
215957,Samuela Manoa’s,207205,Samuela Manoa,person,possessive
216188,Lorena’s,216189,Lorena,people,possessive
216195,Lorena Larsen’s,216180,Lorena Larsen,person,possessive
216302,Bent Larsen’s,216422,Bent Larsen,person,possessive
216318,Elias Harrison’s,214302,Elias Harrison,person,possessive
216607,James Talmage’s,215270,James Talmage,person,possessive
216749,"Lund,",807098,Lund,people,trailing_punct
216766,Y. L. M. I. A.,214545,Y. L. M. I. A,person,trailing_punct
216849,Susa’s,47141,Susa,person,possessive
216893,"Griggs,",216895,Griggs,people,trailing_punct
216908,"Cluff,",213134,Cluff,people,trailing_punct
217190,James G.,455969,James g,person,trailing_punct
217343,M. Arthur's,516889,M. Arthur,person,possessive
217584,Henry William Bigler’s,594804,Henry William Bigler,person,possessive
217680,"John S., ed.",634535,"John S., ed",person,trailing_punct
217818,Joseph Smith III’s,112956,Joseph Smith III,person,possessive
217873,William P.,559907,William P,person,trailing_punct
218147,the Bishop Museum:,553330,the Bishop Museum,people,trailing_punct
218388,Grant’s Watershed:,215842,Grant’s Watershed,person,trailing_punct
218526,Eliza R. Snow’s,58767,Eliza R. Snow,person,possessive
218528,Harvard University’s,78537,Harvard University,people,possessive
218776,B. H.’s,81389,B. H.,person,possessive
218890,New Zealand’s,22460,New Zealand,place,possessive
218907,William Jarman’s,218671,William Jarman,person,possessive
219031,Brigham Jr.’s,219029,Brigham Jr.,person,possessive
219193,Hearst’s,219192,Hearst,people,possessive
219199,the Cardston Ward’s,219200,the Cardston Ward,people,possessive
219336,Reed’s,113697,Reed,concept,possessive
219340,the Ministerial Association’s,219339,the Ministerial Association,people,possessive
219466,John Jr.,293947,John Jr,person,trailing_punct
219631,Frank’s,89637,Frank,person,possessive
219632,Berlin’s,640117,Berlin,people,possessive
219640,McClure’s,219642,McClure,people,possessive
219656,Collier’s,224135,Collier,people,possessive
219658,Theodore Roosevelt’s,76952,Theodore Roosevelt,person,possessive
219772,Collier’s,112443,Collier,person,possessive
219869,Camilla’s,89412,Camilla,people,possessive
219998,Ida’s,109020,Ida,person,possessive
220386,Elder McKay’s,78234,Elder McKay,person,possessive
220409,Amy Lyman’s,220404,Amy Lyman,person,possessive
220410,Clarissa’s,112244,Clarissa,people,possessive
220683,Emil’s,220682,Emil,people,possessive
220712,Wilhelm Friedrichs’s,220679,Wilhelm Friedrichs,person,possessive
220859,Susa’s,343605,Susa,people,possessive
220867,Rosa’s,722407,Rosa,people,possessive
220979,"Widtsoe,",292657,Widtsoe,people,trailing_punct
221005,"Relief Societies,",20332,Relief Societies,people,trailing_punct
221312,S. L.,654977,S. L,person,trailing_punct
221350,Cape Town’s,62015,Cape Town,place,possessive
221452,the Cincinnati Branch’s,220871,the Cincinnati Branch,people,possessive
221463,Harold’s,67270,Harold,person,possessive
221718,Connie’s,221712,Connie,people,possessive
221719,the Pioneer Stake’s,94046,the Pioneer Stake,people,possessive
221869,Harold B. Lee’s,55862,Harold B. Lee,person,possessive
221880,Rey Pratt’s,294752,Rey Pratt,person,possessive
221899,Nephi Anderson’s,250891,Nephi Anderson,person,possessive
222027,Alois’s,222024,Alois,person,possessive
222054,Sister Nachie’s,222055,Sister Nachie,people,possessive
222109,"Terazawa,",294837,Terazawa,people,trailing_punct
222169,Norman’s,44171,Norman,person,possessive
222203,Egon’s,222202,Egon,people,possessive
222215,"British Mission,",222188,British Mission,people,trailing_punct
222332,Kay’s,100236,Kay,person,possessive
222342,Karl-Heinz’s,222324,Karl-Heinz,person,possessive
222362,Mervyn’s,222361,Mervyn,people,possessive
222438,Connie Bang’s,222435,Connie Bang,person,possessive
222443,Vaughn Ball’s,222437,Vaughn Ball,person,possessive
222469,John A. Widtsoe’s,55913,John A. Widtsoe,person,possessive
222563,Lusche’s,222561,Lusche,people,possessive
222659,Pieter’s,222445,Pieter,person,possessive
222706,Neal Maxwell’s,151104,Neal Maxwell,person,possessive
223079,Toshiko’s,90681,Toshiko,person,possessive
223093,Takao’s,295171,Takao,person,possessive
223102,Alvin Gilliam’s,221022,Alvin Gilliam,person,possessive
223384,Clemencia’s,223381,Clemencia,person,possessive
223418,Eudora’s,95100,Eudora,person,possessive
223541,Clara’s,84120,Clara,person,possessive
223634,Arnold Friberg’s,83519,Arnold Friberg,person,possessive
224083,Frank J. Cannon’s,219728,Frank J. Cannon,person,possessive
224264,Henry Louis Taylor Jr.,295615,Henry Louis Taylor Jr,person,trailing_punct
224390,Helga Meiszus’s,221131,Helga Meiszus,person,possessive
224428,Utah’s,178261,UTAH,people,possessive
224636,American Culture:,343762,American Culture,people,trailing_punct
224674,Huck’s Raft:,218608,Huck’s Raft,person,trailing_punct
224918,Richard C.,139695,Richard C,person,trailing_punct
225244,Horace Greeley's,92016,Horace Greeley,person,possessive
225290,Elder Lee’s,62211,Elder Lee,person,possessive
225307,Elder Richardson’s,104182,Elder Richardson,person,possessive
225392,Albert L. Zobell Jr.,296079,Albert L. Zobell Jr,person,trailing_punct
225576,"Smith,",48812,Smith,people,trailing_punct
225607,Niue’s,225328,Niue,person,possessive
225835,Honesty John’s,225834,Honesty John,person,possessive
226067,"Book Burning,",225973,Book Burning,concept,trailing_punct
226117,Elder Tanner’s,226114,Elder Tanner,person,possessive
226317,Albert Fritz’s,226314,Albert Fritz,person,possessive
226323,"weekdays,",221362,Weekdays,period,trailing_punct
226333,Salt Lake’s,64223,Salt Lake,people,possessive
226520,LaMar’s,225838,LaMar,person,possessive
226648,Beck’s,61836,Beck,person,possessive
226754,Isabel’s,535268,Isabel,people,possessive
226817,"Romney,",171411,Romney,people,trailing_punct
226957,Mexico City’s,56271,Mexico City,place,possessive
226973,Wesley Walters’s,226772,Wesley Walters,person,possessive
226977,Truman’s,226774,Truman,people,possessive
227086,Anthony’s,199318,Anthony,person,possessive
227182,’60s,69074,60s,period,leading_quote
227263,the New York World’s,533022,the New York World,people,possessive
227278,Billy Johnson’s,199393,Billy Johnson,person,possessive
227504,Helvécio’s,198430,Helvécio,person,possessive
227506,Marcus’s,33266,Marcus,people,possessive
227532,E. Q. Cannon Jr.,296800,E. Q. Cannon Jr,person,trailing_punct
227576,Dennis’s,94859,Dennis,person,possessive
227726,Katherine’s,227731,Katherine,people,possessive
227729,Katherine’s,121613,Katherine,person,possessive
227822,Ellie’s,114922,Ellie,person,possessive
227949,Betty Baunchand’s,227947,Betty Baunchand,person,possessive
227968,Elder Mabey’s,227966,Elder Mabey,person,possessive
228095,Silvia Allred’s,62108,Silvia Allred,person,possessive
228099,Otakar’s,223248,Otakar,person,possessive
228349,Carlos’s,72325,Carlos,person,possessive
228407,"Argentine Mission,",223927,Argentine Mission,person,trailing_punct
228493,Janice Kapp Perry’s,108689,Janice Kapp Perry,person,possessive
228503,Manuel’s,228502,Manuel,person,possessive
228556,Hartman Rector Jr.,297162,Hartman Rector Jr,person,trailing_punct
228562,"Van Orden,",212530,Van Orden,person,trailing_punct
228655,Mark Hofmann’s,228496,Mark Hofmann,person,possessive
228706,“Progress Report: Restoration of Major Doctrines,231923,Progress Report: Restoration of Major Doctrines,concept,leading_quote
228901,Luis’s,65340,Luis,person,possessive
228924,Hong Kong’s,56535,Hong Kong,place,possessive
229052,"the Republic of the Congo,",230029,the Republic of the Congo,place,trailing_punct
229125,"Chilean Mission,",297414,Chilean Mission,people,trailing_punct
229402,Dedicatory Prayer:,74170,Dedicatory Prayer,concept,trailing_punct
229569,Juliet’s,85003,Juliet,person,possessive
229574,Juliet Toro’s,229464,Juliet Toro,person,possessive
229582,the Accra Temple’s,767654,the Accra Temple,people,possessive
229811,Blake’s,165749,Blake,person,possessive
229818,Jerry Rawlings’s,228913,Jerry Rawlings,person,possessive
229903,the Relief Society board’s,220481,the Relief Society Board,people,possessive
229928,Sri Lanka’s,707917,Sri Lanka,person,possessive
230039,"Sunday School, Primary,",227717,"Sunday School, Primary",people,trailing_punct
230161,James E. Talmage’s,56434,James E. Talmage,person,possessive
230513,Provo’s,163631,Provo,people,possessive
230527,"Scouting,",87249,Scouting,people,trailing_punct
230535,Laudy’s,114513,Laudy,person,possessive
230970,Edwin Q. Cannon Jr.,298121,Edwin Q. Cannon Jr,person,trailing_punct
231162,the tenth day's,42503,the tenth day,period,possessive
231299,Belle Spafford’s,66534,Belle Spafford,person,possessive
231455,"Arthur Jue,",231454,Arthur Jue,people,trailing_punct
231877,L. Tom Perry:,56148,L. Tom Perry,person,trailing_punct
231984,James M.,591422,James M,person,trailing_punct
232086,The Berlin Wall:,84010,the Berlin Wall,place,trailing_punct
232151,David Frischknecht’s,58075,David Frischknecht,person,possessive
232530,"Lehi, Laman,",679558,"Lehi, Laman",people,trailing_punct
232553,Elder Renlund’s,58941,Elder Renlund,person,possessive
232976,Ada’s,232975,Ada,people,possessive
233000,Elder Wada’s,73889,Elder Wada,person,possessive
233431,King Noah’s,29121,King Noah,person,possessive
233497,Alma the Elder’s,3302,Alma the Elder,person,possessive
233786,Zeezrom’s,19876,Zeezrom,person,possessive
234129,Sister Aburto’s,183963,Sister Aburto,person,possessive
234148,Corianton’s,18744,Corianton,person,possessive
234367,Matilda’s,72942,Matilda,people,possessive
234669,the Risen Lord’s,465312,the Risen Lord,place,possessive
234890,Mormon Mormon,3332,Mormon,person,duplicated_word
235014,Jared’s,19078,Jared,person,possessive
235413,Lesson 2:,543644,Lesson 2,person,trailing_punct
235583,Doctrine and Covenants 2;,128639,Doctrine and Covenants 2,scripture_reference,trailing_punct
235798,Elder J. Devn Cornish’s,217041,Elder J. Devn Cornish,person,possessive
235805,Witnesses Witnesses,530257,Witnesses,person,duplicated_word
236222,Phebe Carter’s,130128,Phebe Carter,person,possessive
236330,Lucy Morley’s,208065,Lucy Morley,person,possessive
236879,Jared Carter’s,30123,Jared Carter,person,possessive
237101,Elder Keetch’s,725549,Elder Keetch,person,possessive
237739,Edward Hunter’s,116432,Edward Hunter,person,possessive
238092,‘The Living Christ’,134196,The Living Christ’,scripture_reference,leading_quote
238298,“The Living Christ: The Testimony of the Apostles,124459,The Living Christ: The Testimony of the Apostles,scripture_reference,leading_quote
238314,“Your Patriarchal Blessing,151394,Your Patriarchal Blessing,concept,leading_quote
238326,Carter Woodruff’s,290606,Carter Woodruff,person,possessive
238719,Reader’s,224330,Reader,person,possessive
239545,Elder Palmer’s,183970,Elder Palmer,person,possessive
239723,Thomas A.,329855,Thomas A,person,trailing_punct
239829,Sister Clayton’s,540129,Sister Clayton,people,possessive
239921,Elder Renlund’s,96288,Elder Renlund,people,possessive
240136,John 2:5.,240135,John 2:5,scripture_reference,trailing_punct
240137,John 2:6.,324266,John 2:6,scripture_reference,trailing_punct
240191,Elder Christofferson’s,58913,Elder Christofferson,person,possessive
240589,"Mark 9:14–22,",539772,Mark 9:14–22,scripture_reference,trailing_punct
240764,Bishop McMullin’s,698318,Bishop McMullin,person,possessive
240786,Elder Lawrence’s,718690,Elder Lawrence,person,possessive
241024,Dallin H. Oaks’s,56150,Dallin H. Oaks,person,possessive
241025,Jeffrey R. Holland’s,56656,Jeffrey R. Holland,person,possessive
241626,Tad R. Callister’s,58489,Tad R. Callister,person,possessive
241683,Methuselah’s,19314,Methuselah,person,possessive
241858,Jesus Christ:,18644,Jesus Christ,person,trailing_punct
242833,Elder Hales’s,60756,Elder Hales,person,possessive
243531,"the University of California,",73749,the University of California,people,trailing_punct
243703,Elder Bennett’s,74900,Elder Bennett,person,possessive
244461,Emma Ray’s,223534,Emma Ray,person,possessive
244569,John Wesley’s,86724,John Wesley,person,possessive
244656,"Nay, Speak No Ill.",353914,"Nay, Speak No Ill",concept,trailing_punct
244833,xx/xx Translation of Teachings of Presidents of the Church:,248083,xx/xx Translation of Teachings of Presidents of the Church,people,trailing_punct
244957,Saint.,22389,Saint,place,trailing_punct
245085,Our Father’s,67630,Our Father,concept,possessive
245364,Elder Ezra Taft Benson’s,56145,Elder Ezra Taft Benson,person,possessive
245543,George Albert Smith’s,57399,George Albert Smith,person,possessive
245814,John Henry’s,207414,John Henry,person,possessive
245821,George Albert Jr.,378162,George Albert Jr,person,trailing_punct
245860,Lucy Woodruff’s,245817,Lucy Woodruff,person,possessive
246273,Hinckley’s,55730,Hinckley,person,possessive
246341,Ada Hinckley’s,311316,Ada Hinckley,person,possessive
246355,Marjorie’s,63566,Marjorie,person,possessive
246746,Sister Lee’s,68054,Sister Lee,person,possessive
246806,A. W. White & Co’s,311606,A. W. White & Co,person,possessive
246842,Jedediah’s,212343,Jedediah,person,possessive
246847,N. L. Nelson’s,246867,N. L. Nelson,person,possessive
246849,Clayton’s,87446,Clayton,person,possessive
246953,Jeddy Grant’s,311698,Jeddy Grant,person,possessive
246997,Edwin D. Woolley’s,251551,Edwin D. Woolley,person,possessive
247119,Greatness in Men:,222726,Greatness in Men,concept,trailing_punct
247195,Howard W. Hunter Howard W. Hunter’s,247225,Howard W. Hunter Howard W. Hunter,person,possessive
247227,“Secret Prayer,147246,Secret Prayer,concept,leading_quote
247277,Sister Hunter’s,247254,Sister Hunter,person,possessive
247384,Howard’s,68299,Howard,person,possessive
247416,"Limhi,",29318,Limhi,person,trailing_punct
247518,Claire Hunter’s,247163,Claire Hunter,person,possessive
247519,Howard William Hunter Jr.,376008,Howard William Hunter Jr,person,trailing_punct
247641,Hunter’s,725,Hunter,person,possessive
247649,Howard’s,247654,Howard,people,possessive
247670,Bishop Hunter’s,583715,Bishop Hunter,people,possessive
247823,Taylor’s,48866,Taylor,person,possessive
248060,Elder Taylor’s,67667,Elder Taylor,person,possessive
248097,Mary Magdalene’s,19300,Mary Magdalene,person,possessive
248160,Bishop Edward Hunter’s,213865,Bishop Edward Hunter,person,possessive
248563,Joseph Fielding Smith’s,55887,Joseph Fielding Smith,person,possessive
248612,Reyn’s,312826,Reyn,people,possessive
248630,Louie’s,657365,Louie,people,possessive
248704,Smith’s,31138,Smith,person,possessive
248905,Hoyt W. Brewster Jr.,154580,Hoyt W. Brewster Jr,person,trailing_punct
248954,the Church Historian’s,94307,the Church Historian,people,possessive
249108,Smith Jr.,612717,Smith Jr,person,trailing_punct
249263,Jacques’s,313225,Jacques,person,possessive
249287,Elder Barnes’s,521611,Elder Barnes,person,possessive
249288,Joseph Smith Sr.’s,30664,Joseph Smith Sr.,person,possessive
249706,"Twelve Apostles,",20325,Twelve Apostles,people,trailing_punct
249732,“Pacific Innuendo,534089,PACIFIC INNUENDO,people,leading_quote
249737,James Bennet’s,313437,James Bennet,person,possessive
249790,Abijah Tewksbury’s,249788,Abijah Tewksbury,person,possessive
249877,Elder Rigdon’s,32463,Elder Rigdon,person,possessive
249990,Bishop Newel K. Whitney’s,68445,Bishop Newel K. Whitney,people,possessive
250171,Mar.,707699,Mar,period,trailing_punct
250408,J. H. A.,485935,J. H. A,person,trailing_punct
250486,Elder Snow’s,108022,Elder Snow,person,possessive
250608,Saviour’s,33316,Saviour,person,possessive
250771,Franklin’s,213015,Franklin,person,possessive
250819,Elder Patten’s,196841,Elder Patten,person,possessive
251056,Russell Nelson’s,55785,Russell Nelson,person,possessive
251158,Elder Nelson’s,55875,Elder Nelson,person,possessive
251178,Doctrine and Covenants 13;,1868,Doctrine and Covenants 13,scripture_reference,trailing_punct
251244,Spencer W. Kimball.,29876,Spencer W. Kimball,person,trailing_punct
251249,Spencer’s,24674,Spencer,person,possessive
251326,Eddie’s,230308,Eddie,people,possessive
251327,Camilla Kimball’s,152047,Camilla Kimball,person,possessive
251548,Andrew Kimball’s,67304,Andrew Kimball,person,possessive
251550,W. Kimball’s,95296,W. Kimball,person,possessive
251738,Punch’s,528831,Punch,people,possessive
251758,Louis’s,120293,Louis,person,possessive
251866,the Life of Thomas S. Monson Thomas S. Monson’s,251602,the Life of Thomas S. Monson Thomas S. Monson,people,possessive
251956,Bishop Monson’s,251955,Bishop Monson,people,possessive
251960,Bishop Monson’s,59829,Bishop Monson,person,possessive
252056,Robert Mason’s,252046,Robert Mason,person,possessive
252172,Fordham’s,98067,Fordham,person,possessive
252222,Sister Woodruff’s,252478,Sister Woodruff,person,possessive
252477,Sarah Emma Woodruff’s,314888,Sarah Emma Woodruff,person,possessive
252642,Chastity Chastity,352580,Chastity,people,duplicated_word
252802,Love Love,19281,Love,concept,duplicated_word
253583,the Book of Mormon 1.,342216,the Book of Mormon 1,concept,trailing_punct
253803,“His Eye Is on the Sparrow,253799,His Eye Is on the Sparrow,concept,leading_quote
253863,Sandell-Berg’s,253862,Sandell-Berg,people,possessive
253900,Pearson’s,65746,Pearson,person,possessive
253940,Dayley’s,77280,Dayley,person,possessive
254006,Heijdemann’s,254000,Heijdemann,person,possessive
254054,james’s,19073,James,person,possessive
254079,Holmes’s,59382,Holmes,person,possessive
254111,Wilhelm Hey’s,254518,Wilhelm Hey,person,possessive
254258,Wesley’s,75502,Wesley,person,possessive
254779,Lowell M. Durham Jr.,753020,Lowell M. Durham Jr,person,trailing_punct
256042,Christian History Paul’s,256049,Christian History Paul,person,possessive
256224,Jason’s,33667,Jason,person,possessive
257700,“Testigos de las Escrituras,128560,testigos de las Escrituras,people,leading_quote
257716,“Buenas,302896,Buenas,place,leading_quote
257746,“Gabriel,18868,Gabriel,person,leading_quote
257803,“Juan hijo de Zebedeo,19152,Juan hijo de Zebedeo,person,leading_quote
258023,"Mateo 5:1–9,",258022,Mateo 5:1–9,scripture_reference,trailing_punct
258047,“Sanar,7819,Sanar,place,leading_quote
258309,Juan 11:1–46.,258308,Juan 11:1–46,scripture_reference,trailing_punct
258402,“Traducción de,127728,Traducción de,person,leading_quote
258691,“Compartir,4848,Compartir,place,leading_quote
258771,“Justification and Sanctification,276264,Justification and Sanctification,people,leading_quote
258830,"Romanos 7–16,",258829,Romanos 7–16,scripture_reference,trailing_punct
258911,1 Corintios 12:3.,258185,1 Corintios 12:3,scripture_reference,trailing_punct
259015,“Fui,9250,Fui,person,leading_quote
259307,“Sumo,7976,Sumo,person,leading_quote
259330,“Pareció,18241,Pareció,person,leading_quote
259427,1 Juan 2:8–11.,265254,1 Juan 2:8–11,scripture_reference,trailing_punct
259428,1 Juan 3:21–22.,265256,1 Juan 3:21–22,scripture_reference,trailing_punct
259432,1 Juan 5:2–3.,265258,1 Juan 5:2–3,scripture_reference,trailing_punct
259459,“Expiación de,183114,expiación de,person,leading_quote
259508,“Miguel,9416,Miguel,person,leading_quote
259550,"Apocalipsis 22:18–19,",259549,Apocalipsis 22:18–19,scripture_reference,trailing_punct
259556,"Doctrina y Convenios 43:30–31,",99798,Doctrina y Convenios 43:30–31,scripture_reference,trailing_punct
259691,‘iglesia’,141506,Iglesia’,people,leading_quote
259769,“Caída de Adán,12374,Caída de Adán,person,leading_quote
259776,“Edificar,5302,Edificar,person,leading_quote
260055,“Señor Omnipotente,9074,Señor Omnipotente,place,leading_quote
260099,Mosíah 4:16–26.,265725,Mosíah 4:16–26,scripture_reference,trailing_punct
260315,“Recordemos,184487,Recordemos,person,leading_quote
260378,"Alma 36:18–21, 24.",125787,"Alma 36:18–21, 24",scripture_reference,trailing_punct
260679,“¿qué,6056,¿Qué,person,leading_quote
260753,Mormón 5:2.,101693,Mormón 5:2,scripture_reference,trailing_punct
261042,‘Jacob,3549,Jacob,person,leading_quote
261176,“Church History,207381,Church History,place,leading_quote
261449,‘Levantaré,7527,Levantaré,person,leading_quote
261475,“Traducción,8481,Traducción,person,leading_quote
261584,“Bienvenido,161550,Bienvenido,person,leading_quote
261936,Enseñanzas de los Presidentes de la Iglesia:,134381,Enseñanzas de los Presidentes de la Iglesia,person,trailing_punct
261954,“Prometo,140990,Prometo,person,leading_quote
262103,“Voces de la Restauración,261099,Voces de la Restauración,place,leading_quote
262104,“¿Quién,7504,¿Quién,people,leading_quote
262140,“Cuidadosos,165775,Cuidadosos,person,leading_quote
262169,“Elías el Profeta,18819,Elías el Profeta,person,leading_quote
262248,“Mis,142939,Mis,person,leading_quote
262276,“¿Dónde,10418,¿Dónde,people,leading_quote
262310,Hijas en Mi reino:,273640,Hijas en Mi reino,person,trailing_punct
262379,“Escuchar,5844,Escuchar,person,leading_quote
262382,“Babel,39795,Babel,person,leading_quote
262415,“Sucesión,292622,Sucesión,person,leading_quote
262456,“Establecer,6363,Establecer,person,leading_quote
262488,Santos Santos,7632,Santos,people,duplicated_word
262527,“vacía,16993,Vacía,person,leading_quote
262683,“Recordarle,126022,Recordarle,person,leading_quote
262818,“Jacob,3549,Jacob,person,leading_quote
262853,“Respuestas,378781,Respuestas,person,leading_quote
263004,“Inclinación,151948,Inclinación,person,leading_quote
263097,“Testigos,274746,Testigos,people,leading_quote
263119,“Pertenecer,144972,Pertenecer,person,leading_quote
263237,“Sacrificios,15502,Sacrificios,person,leading_quote
263281,“Mansedumbre,10837,Mansedumbre,place,leading_quote
263403,“¿Sigue,5711,¿Sigue,people,leading_quote
263487,“Vencer,125253,Vencer,person,leading_quote
263566,“¿Ha,13256,¿Ha,people,leading_quote
263766,“Confianza,7862,Confianza,person,leading_quote
264229,“Viví,134954,Viví,person,leading_quote
264348,“No temas,15809,No temas,people,leading_quote
264351,“Vendrá,8993,Vendrá,person,leading_quote
264373,“Esposo,9652,Esposo,person,leading_quote
264475,“Esperamos,131950,Esperamos,place,leading_quote
264515,“Verdaderos,133769,Verdaderos,person,leading_quote
264567,“Malachi,19264,Malachi,person,leading_quote
264700,“Limpios,163388,Limpios,person,leading_quote
264894,“Considerad,7705,Considerad,person,leading_quote
265042,“Recuerdos,160587,Recuerdos,person,leading_quote
265096,“Unidos,272813,Unidos,place,leading_quote
265192,“Poder,5758,Poder,person,leading_quote
265236,“Encontrar,284693,Encontrar,people,leading_quote
265248,“Llegar,4846,Llegar,person,leading_quote
265603,“ser[ía,133942,ser[ía,person,leading_quote
265868,“Pornografía,6574,Pornografía,person,leading_quote
265936,“cre[er,306329,cre[er,person,leading_quote
266065,“Unánimes,12320,Unánimes,person,leading_quote
266093,“Ama,146727,Ama,person,leading_quote
266240,“¿Cómo,5523,¿Cómo,place,leading_quote
266276,“Escudriñar,163065,Escudriñar,person,leading_quote
266363,“Felices,138532,Felices,place,leading_quote
266407,“Días,17931,Días,person,leading_quote
266507,“Expiación de Jesucristo,5760,Expiación de Jesucristo,person,leading_quote
266656,84:77;,129899,84:77,scripture_reference,trailing_punct
266657,98:18;,129902,98:18,scripture_reference,trailing_punct
266805,“Familia,9572,Familia,person,leading_quote
266880,“Virtud,274593,Virtud,person,leading_quote
266951,“Traducción de José Smith,5163,Traducción de José Smith,person,leading_quote
266955,“est[ar,749217,est[ar,person,leading_quote
267026,“Mandamientos,260985,Mandamientos,person,leading_quote
267130,“Principios,741507,Principios,person,leading_quote
267173,“Céntrense,737013,Céntrense,person,leading_quote
267280,“Modelos,263042,Modelos,person,leading_quote
267316,“Ganar,138161,Ganar,person,leading_quote
267348,“Libertad,7261,Libertad,place,leading_quote
267381,“grande,158851,Grande,place,leading_quote
267436,“Brilla,157922,Brilla,person,leading_quote
267455,‘Dios’,544775,Dios’,people,leading_quote
267456,‘Señor’,131769,Señor’,people,leading_quote
267891,“Esperar,752656,Esperar,person,leading_quote
267990,9:12.,136019,9:12,scripture_reference,trailing_punct
268233,“¿Me,139728,¿Me,people,leading_quote
268320,“Confianza,8433,Confianza,place,leading_quote
268385,“est[aba,268387,est[aba,person,leading_quote
268416,“Gloria,18693,Gloria,place,leading_quote
268613,“Russell M. Nelson,18135,Russell M. Nelson,person,leading_quote
268708,“¡Piensen,140523,¡Piensen,person,leading_quote
268820,‘Mirad,10058,Mirad,people,leading_quote
268821,‘Lámpara,17657,Lámpara,person,leading_quote
268925,3:10;,124152,3:10,scripture_reference,trailing_punct
269028,“Buscaré,9022,Buscaré,person,leading_quote
269094,“Decisiones,267195,Decisiones,person,leading_quote
269096,“Vida,9768,Vida,person,leading_quote
269195,“Hijo del Hombre,19763,Hijo del Hombre,person,leading_quote
269434,“Amar,5591,Amar,person,leading_quote
269533,“Gloria,17750,Gloria,person,leading_quote
269546,“¡He,127352,¡He,place,leading_quote
269768,“Parecía,10153,Parecía,person,leading_quote
270864,“Hombre(s,7889,Hombre(s,person,leading_quote
270946,Stephen L.,674460,Stephen L,person,trailing_punct
270992,“Hebraisms,407933,Hebraisms,person,leading_quote
271131,“¿Están,144462,¿Están,people,leading_quote
271183,“Danites,44766,Danites,person,leading_quote
271202,"At Sword’s Point,",293363,At Sword’s Point,person,trailing_punct
271224,“Manifesto,343160,Manifesto,person,leading_quote
271272,“Escudriñé las Escrituras,749810,Escudriñé las Escrituras,place,leading_quote
271311,“Historical Record,65032,Historical Record,person,leading_quote
271326,“Mary Elizabeth Rollins,83644,Mary Elizabeth Rollins,person,leading_quote
271425,Chapel Hill:,271399,Chapel Hill,person,trailing_punct
271455,Joseph Smith’s Translation of the Bible:,278170,Joseph Smith’s Translation of the Bible,person,trailing_punct
271457,“Kirtland Egyptian Papers,361567,Kirtland Egyptian Papers,person,leading_quote
271460,“Why,126368,Why,person,leading_quote
271463,“The Facsimiles and Semitic Adaptation of Existing Sources,298067,The Facsimiles and Semitic Adaptation of Existing Sources,people,leading_quote
271700,“Nuestros,14503,Nuestros,person,leading_quote
271711,“Escojan,130327,Escojan,person,leading_quote
271769,“Arrepiéntete,11237,Arrepiéntete,person,leading_quote
271770,“Recordaré,735030,Recordaré,person,leading_quote
271783,“Nacer,273638,Nacer,person,leading_quote
271858,“Dones,166270,Dones,person,leading_quote
271901,“Lesson,81342,Lesson,person,leading_quote
272029,“Castidad,18697,Castidad,person,leading_quote
272035,“Marriage,333572,Marriage,person,leading_quote
272072,“¿Soy,127170,¿Soy,person,leading_quote
272107,“Iglesia de Jesucristo,18715,Iglesia de Jesucristo,people,leading_quote
272108,“Lugar,17096,Lugar,place,leading_quote
272138,“Reflexiones,162551,Reflexiones,person,leading_quote
272139,“Consagra,5191,Consagra,person,leading_quote
272237,“Diácono,18779,Diácono,person,leading_quote
272300,“Sean,9422,Sean,place,leading_quote
272317,Evaluar Evaluar,303832,Evaluar,person,duplicated_word
272318,Informar Informar,5940,Informar,person,duplicated_word
272355,“Crean,6660,Crean,person,leading_quote
272569,“Deuda,18786,Deuda,person,leading_quote
272587,“Abran,127187,Abran,person,leading_quote
272618,“Abrir,138270,Abrir,person,leading_quote
272642,“Ayunar,7694,Ayunar,person,leading_quote
272681,“Fortalece,17125,Fortalece,place,leading_quote
272717,“Velad,9663,Velad,person,leading_quote
272752,“Vístete,276978,Vístete,place,leading_quote
272782,“Procurar,6658,Procurar,person,leading_quote
272814,“Conocer,136930,Conocer,person,leading_quote
272864,‘Ciertamente,10401,Ciertamente,people,leading_quote
272880,“Cielo,18995,Cielo,person,leading_quote
272934,“¿Cuál,135593,¿Cuál,people,leading_quote
273042,“Selló,310546,Selló,person,leading_quote
273062,“Intercesor,127311,Intercesor,person,leading_quote
273077,“Cultivar,5434,Cultivar,person,leading_quote
273082,“‘Judge Not’ and Judging,276778,Judge Not’ and Judging,people,leading_quote
273320,“¿cuál,301444,¿Cuál,person,leading_quote
273381,“Paraíso,19480,Paraíso,person,leading_quote
273402,“Llegar,4925,Llegar,place,leading_quote
273423,“¿Funciona,167054,¿Funciona,people,leading_quote
273475,“Pide,5200,Pide,person,leading_quote
273511,“¿Quiénes,15912,¿Quiénes,people,leading_quote
273539,“Línea,126004,Línea,person,leading_quote
273546,“Presbítero,5175,Presbítero,person,leading_quote
273567,“Sanación,378354,Sanación,person,leading_quote
273600,“Bendecido,18613,Bendecido,person,leading_quote
273603,“Tiempo,14720,Tiempo,person,leading_quote
273682,“Busquemos,312020,Busquemos,people,leading_quote
273735,“Cuórum,135849,Cuórum,place,leading_quote
273738,“Ama el Pastor,151072,Ama el Pastor,person,leading_quote
273774,“Gobierno,18973,Gobierno,person,leading_quote
273813,“Restauración del Sacerdocio Aarónico,376125,Restauración del Sacerdocio Aarónico,person,leading_quote
274053,“Destructor,14892,Destructor,person,leading_quote
274075,“Las Santas Escrituras,164984,Las Santas Escrituras,people,leading_quote
274112,“Venga,747226,Venga,person,leading_quote
274175,“Ofrenda,19459,Ofrenda,person,leading_quote
274180,“Sembrar,165620,Sembrar,person,leading_quote
274190,“Servicio,19708,Servicio,person,leading_quote
274224,“Spalding,185478,Spalding,person,leading_quote
274329,“Canon,18640,Canon,person,leading_quote
274338,“Mayordomía,10589,Mayordomía,person,leading_quote
274351,“Sanar,633873,Sanar,person,leading_quote
274354,“Comprender,166943,Comprender,person,leading_quote
274386,“Verdad,9287,Verdad,person,leading_quote
274398,“Poner,5832,Poner,person,leading_quote
274412,“Amamos,144951,Amamos,person,leading_quote
274414,“Construcción,375036,Construcción,person,leading_quote
274452,“Tentación,7003,Tentación,person,leading_quote
274503,“¿Robará,141461,¿Robará,people,leading_quote
274522,“Permanecer,299530,Permanecer,person,leading_quote
274594,“Pureza,9309,Pureza,person,leading_quote
274739,‘Otro,320984,Otro,people,leading_quote
274740,‘¿Recordamos,130811,¿Recordamos,people,leading_quote
274799,‘¿Quiénes,15912,¿Quiénes,people,leading_quote
274935,‘Esperaré,15956,Esperaré,place,leading_quote
275017,2 Nefi 19.,275016,2 Nefi 19,scripture_reference,trailing_punct
275186,‘Creemos,756287,Creemos,people,leading_quote
275187,‘Deseo,6994,Deseo,person,leading_quote
275280,“Escuchen,126465,Escuchen,person,leading_quote
275333,“Muéstrame,8827,Muéstrame,person,leading_quote
275360,“Quinto,145610,Quinto,place,leading_quote
275362,‘Pedid,7716,Pedid,place,leading_quote
275403,“King,27647,King,person,leading_quote
275420,‘Hermana,131530,Hermana,place,leading_quote
275462,Mosíah 3:19.,88659,Mosíah 3:19,scripture_reference,trailing_punct
275648,‘Padre’,273035,Padre’,people,leading_quote
275706,“Llorar,311446,Llorar,person,leading_quote
275713,‘También,294910,También,people,leading_quote
275738,Mosíah 18:8–10.,93906,Mosíah 18:8–10,scripture_reference,trailing_punct
275827,‘¿Me,139728,¿Me,people,leading_quote
275852,“Doquier,157967,Doquier,person,leading_quote
275959,‘¿Dónde,10418,¿Dónde,people,leading_quote
275960,‘Simplemente,6205,Simplemente,person,leading_quote
275972,‘Auf Wiedersehen,84015,Auf Wiedersehen,person,leading_quote
275974,‘Sabemos,126855,Sabemos,place,leading_quote
275984,‘Ésa,131233,Ésa,people,leading_quote
276002,‘Está,5680,Está,person,leading_quote
276007,‘Claro,138062,Claro,place,leading_quote
276008,‘¿Cuándo,16244,¿Cuándo,place,leading_quote
276016,“Habían,14479,Habían,person,leading_quote
276103,‘Luego,5180,Luego,place,leading_quote
276135,‘Niños,5003,Niños,person,leading_quote
276137,‘Huid,16154,Huid,people,leading_quote
276239,‘Mucha,17670,Mucha,person,leading_quote
276268,“hombre de,13301,hombre de,person,leading_quote
276391,‘Vamos,8704,Vamos,place,leading_quote
276392,‘Ida,294212,Ida,people,leading_quote
276578,“Discípulo,11510,Discípulo,person,leading_quote
276591,‘Conversión,18741,Conversión,person,leading_quote
276708,“Hace,135119,Hace,place,leading_quote
276769,“Deben,4893,Deben,person,leading_quote
276894,“Haréis,13712,Haréis,person,leading_quote
277047,“Refiner,450720,Refiner,person,leading_quote
277050,“jabón,157328,Jabón,person,leading_quote
277114,3 Nefi 27:27.,258009,3 Nefi 27:27,scripture_reference,trailing_punct
277344,‘Papá,741784,Papá,people,leading_quote
277346,‘¿Alguna,6058,¿Alguna,people,leading_quote
277347,‘¿Amas,164242,¿Amas,people,leading_quote
277348,‘¿Te,16327,¿Te,people,leading_quote
277350,‘Hermano Benson,156544,Hermano Benson,person,leading_quote
277448,‘Jamás,736955,Jamás,people,leading_quote
277524,‘Aquí,134422,Aquí,place,leading_quote
278043,Doctrina y Convenios 2:,261127,Doctrina y Convenios 2,scripture_reference,trailing_punct
278064,‘Hermano,11836,Hermano,person,leading_quote
278097,‘Necesitamos,126689,Necesitamos,people,leading_quote
278100,“Enseñanzas,126201,Enseñanzas,person,leading_quote
278420,“Ezra Thayre,31560,Ezra Thayre,person,leading_quote
278516,“James,19073,James,person,leading_quote
278517,“James Covill,116731,James Covill,person,leading_quote
278635,‘Huye,314992,Huye,place,leading_quote
278731,‘Viviréis,9931,Viviréis,place,leading_quote
278777,‘Sed,141945,Sed,people,leading_quote
278994,Doctrina y Convenios 43:,278993,Doctrina y Convenios 43,scripture_reference,trailing_punct
278996,Doctrina y Convenios 44:,278995,Doctrina y Convenios 44,scripture_reference,trailing_punct
278997,Doctrina y Convenios 45:,261576,Doctrina y Convenios 45,scripture_reference,trailing_punct
279029,‘Qué,5343,Qué,place,leading_quote
279083,Doctrina y Convenios 46:,279082,Doctrina y Convenios 46,scripture_reference,trailing_punct
279084,Doctrina y Convenios 47:,261602,Doctrina y Convenios 47,scripture_reference,trailing_punct
279085,Doctrina y Convenios 48:,261603,Doctrina y Convenios 48,scripture_reference,trailing_punct
279086,Doctrina y Convenios 49:,261633,Doctrina y Convenios 49,scripture_reference,trailing_punct
279153,Doctrina y Convenios 50:,261634,Doctrina y Convenios 50,scripture_reference,trailing_punct
279192,Doctrina y Convenios 1:,261083,Doctrina y Convenios 1,scripture_reference,trailing_punct
279226,‘Satanás,6584,Satanás,person,leading_quote
279237,‘Estén,130764,Estén,people,leading_quote
279330,Doctrina y Convenios 51:,261661,Doctrina y Convenios 51,scripture_reference,trailing_punct
279332,Doctrina y Convenios 52:,279331,Doctrina y Convenios 52,scripture_reference,trailing_punct
279334,Doctrina y Convenios 53:,279333,Doctrina y Convenios 53,scripture_reference,trailing_punct
279335,Doctrina y Convenios 54:,261662,Doctrina y Convenios 54,scripture_reference,trailing_punct
279336,Doctrina y Convenios 55:,261663,Doctrina y Convenios 55,scripture_reference,trailing_punct
279338,Doctrina y Convenios 56:,279337,Doctrina y Convenios 56,scripture_reference,trailing_punct
279466,Doctrina y Convenios 58:,279465,Doctrina y Convenios 58,scripture_reference,trailing_punct
279535,Doctrina y Convenios 59:,261697,Doctrina y Convenios 59,scripture_reference,trailing_punct
279537,Doctrina y Convenios 60:,279536,Doctrina y Convenios 60,scripture_reference,trailing_punct
279538,Doctrina y Convenios 61:,261724,Doctrina y Convenios 61,scripture_reference,trailing_punct
279539,Doctrina y Convenios 62:,261725,Doctrina y Convenios 62,scripture_reference,trailing_punct
279582,‘Velad,9663,Velad,person,leading_quote
279649,Doctrina y Convenios 63:,261749,Doctrina y Convenios 63,scripture_reference,trailing_punct
279750,Doctrina y Convenios 64:,279749,Doctrina y Convenios 64,scripture_reference,trailing_punct
279751,Doctrina y Convenios 65:,261772,Doctrina y Convenios 65,scripture_reference,trailing_punct
279827,Doctrina y Convenios 66:,261773,Doctrina y Convenios 66,scripture_reference,trailing_punct
279828,Doctrina y Convenios 67:,266935,Doctrina y Convenios 67,scripture_reference,trailing_punct
279830,Doctrina y Convenios 68:,279829,Doctrina y Convenios 68,scripture_reference,trailing_punct
279831,Doctrina y Convenios 69:,266943,Doctrina y Convenios 69,scripture_reference,trailing_punct
279832,Doctrina y Convenios 70:,266945,Doctrina y Convenios 70,scripture_reference,trailing_punct
279835,“Ezra Booth,32055,Ezra Booth,person,leading_quote
279929,Doctrina y Convenios 71:,261820,Doctrina y Convenios 71,scripture_reference,trailing_punct
279930,Doctrina y Convenios 72:,261822,Doctrina y Convenios 72,scripture_reference,trailing_punct
279931,Doctrina y Convenios 73:,261823,Doctrina y Convenios 73,scripture_reference,trailing_punct
279933,Doctrina y Convenios 74:,279932,Doctrina y Convenios 74,scripture_reference,trailing_punct
279935,Doctrina y Convenios 75:,279934,Doctrina y Convenios 75,scripture_reference,trailing_punct
279943,‘Sidney,30004,Sidney,person,leading_quote
280012,Doctrina y Convenios 76:,105968,Doctrina y Convenios 76,scripture_reference,trailing_punct
280030,“Poseo,130712,Poseo,person,leading_quote
280306,Doctrina y Convenios 77:,259473,Doctrina y Convenios 77,scripture_reference,trailing_punct
280307,Doctrina y Convenios 78:,261881,Doctrina y Convenios 78,scripture_reference,trailing_punct
280427,Doctrina y Convenios 10:,261222,Doctrina y Convenios 10,scripture_reference,trailing_punct
280429,Doctrina y Convenios 3.,280428,Doctrina y Convenios 3,scripture_reference,trailing_punct
280430,Doctrina y Convenios 3:,280428,Doctrina y Convenios 3,scripture_reference,trailing_punct
280504,Doctrina y Convenios 81:,261901,Doctrina y Convenios 81,scripture_reference,trailing_punct
280506,Doctrina y Convenios 82:,280505,Doctrina y Convenios 82,scripture_reference,trailing_punct
280507,Doctrina y Convenios 83:,261902,Doctrina y Convenios 83,scripture_reference,trailing_punct
280559,‘¿Hay,132553,¿Hay,place,leading_quote
280669,Doctrina y Convenios 84:,261927,Doctrina y Convenios 84,scripture_reference,trailing_punct
280781,Doctrina y Convenios 85:,280780,Doctrina y Convenios 85,scripture_reference,trailing_punct
280782,Doctrina y Convenios 86:,261950,Doctrina y Convenios 86,scripture_reference,trailing_punct
280783,Doctrina y Convenios 87:,261951,Doctrina y Convenios 87,scripture_reference,trailing_punct
280910,Doctrina y Convenios 88:27–31.,265005,Doctrina y Convenios 88:27–31,scripture_reference,trailing_punct
280913,Doctrina y Convenios 88:3–5.,303031,Doctrina y Convenios 88:3–5,scripture_reference,trailing_punct
280918,Doctrina y Convenios 88:5–13.,280668,Doctrina y Convenios 88:5–13,scripture_reference,trailing_punct
280919,Doctrina y Convenios 88:62–63.,109283,Doctrina y Convenios 88:62–63,scripture_reference,trailing_punct
280921,Doctrina y Convenios 88:62–69.,280920,Doctrina y Convenios 88:62–69,scripture_reference,trailing_punct
280922,Doctrina y Convenios 88:64–65.,171284,Doctrina y Convenios 88:64–65,scripture_reference,trailing_punct
280924,Doctrina y Convenios 88:,261969,Doctrina y Convenios 88,scripture_reference,trailing_punct
281044,Doctrina y Convenios 88:107.,109609,Doctrina y Convenios 88:107,scripture_reference,trailing_punct
281050,Doctrina y Convenios 88:121–126.,281049,Doctrina y Convenios 88:121–126,scripture_reference,trailing_punct
281052,Doctrina y Convenios 88:127–141.,281051,Doctrina y Convenios 88:127–141,scripture_reference,trailing_punct
281054,Doctrina y Convenios 88:138–141.,281053,Doctrina y Convenios 88:138–141,scripture_reference,trailing_punct
281056,Doctrina y Convenios 88:70–141:,281055,Doctrina y Convenios 88:70–141,scripture_reference,trailing_punct
281060,Doctrina y Convenios 88:77–80.,303082,Doctrina y Convenios 88:77–80,scripture_reference,trailing_punct
281062,Doctrina y Convenios 88:81.,106195,Doctrina y Convenios 88:81,scripture_reference,trailing_punct
281068,Doctrina y Convenios 88:93.,281067,Doctrina y Convenios 88:93,scripture_reference,trailing_punct
281070,Doctrina y Convenios 88:96–102.,281069,Doctrina y Convenios 88:96–102,scripture_reference,trailing_punct
281071,Doctrina y Convenios 88:119.,267113,Doctrina y Convenios 88:119,scripture_reference,trailing_punct
281103,Gospel Truth:,59043,Gospel Truth,person,trailing_punct
281118,“Vienna Jaques,32928,Vienna Jaques,person,leading_quote
281166,Doctrina y Convenios 89:18–21.,102754,Doctrina y Convenios 89:18–21,scripture_reference,trailing_punct
281169,Doctrina y Convenios 89:2.,274634,Doctrina y Convenios 89:2,scripture_reference,trailing_punct
281170,Doctrina y Convenios 89:3.,274635,Doctrina y Convenios 89:3,scripture_reference,trailing_punct
281174,Doctrina y Convenios 89:9.,274652,Doctrina y Convenios 89:9,scripture_reference,trailing_punct
281184,Doctrina y Convenios 89:,262007,Doctrina y Convenios 89,scripture_reference,trailing_punct
281187,Doctrina y Convenios 90:24:,266447,Doctrina y Convenios 90:24,scripture_reference,trailing_punct
281188,Doctrina y Convenios 90:28–31.,303134,Doctrina y Convenios 90:28–31,scripture_reference,trailing_punct
281189,Doctrina y Convenios 91.,262008,Doctrina y Convenios 91,scripture_reference,trailing_punct
281190,Doctrina y Convenios 91:,262008,Doctrina y Convenios 91,scripture_reference,trailing_punct
281192,Doctrina y Convenios 92.,281191,Doctrina y Convenios 92,scripture_reference,trailing_punct
281193,Doctrina y Convenios 92:,281191,Doctrina y Convenios 92,scripture_reference,trailing_punct
281209,“Verbo,55621,Verbo,person,leading_quote
281287,Doctrina y Convenios 93:11–17.,336317,Doctrina y Convenios 93:11–17,scripture_reference,trailing_punct
281289,Doctrina y Convenios 93:19–20.,102744,Doctrina y Convenios 93:19–20,scripture_reference,trailing_punct
281293,Doctrina y Convenios 93:21–22.,284326,Doctrina y Convenios 93:21–22,scripture_reference,trailing_punct
281294,Doctrina y Convenios 93:21–28.,97227,Doctrina y Convenios 93:21–28,scripture_reference,trailing_punct
281296,Doctrina y Convenios 93:29.,102819,Doctrina y Convenios 93:29,scripture_reference,trailing_punct
281298,Doctrina y Convenios 93:33–35.,100549,Doctrina y Convenios 93:33–35,scripture_reference,trailing_punct
281301,Doctrina y Convenios 93:40.,94812,Doctrina y Convenios 93:40,scripture_reference,trailing_punct
281303,Doctrina y Convenios 93:41–50.,262028,Doctrina y Convenios 93:41–50,scripture_reference,trailing_punct
281306,Doctrina y Convenios 93:8.,545052,Doctrina y Convenios 93:8,scripture_reference,trailing_punct
281307,Doctrina y Convenios 93:,262029,Doctrina y Convenios 93,scripture_reference,trailing_punct
281308,Doctrina y Convenios 93:36.,303194,Doctrina y Convenios 93:36,scripture_reference,trailing_punct
281365,‘Todos,6316,Todos,place,leading_quote
281437,Doctrina y Convenios 95:1–3.,303225,Doctrina y Convenios 95:1–3,scripture_reference,trailing_punct
281445,Doctrina y Convenios 97:10–12.,274508,Doctrina y Convenios 97:10–12,scripture_reference,trailing_punct
281447,Doctrina y Convenios 97:13–14.,91659,Doctrina y Convenios 97:13–14,scripture_reference,trailing_punct
281448,Doctrina y Convenios 97:15–17.,109245,Doctrina y Convenios 97:15–17,scripture_reference,trailing_punct
281449,Doctrina y Convenios 97:18–28.,262065,Doctrina y Convenios 97:18–28,scripture_reference,trailing_punct
281454,Doctrina y Convenios 94:,262067,Doctrina y Convenios 94,scripture_reference,trailing_punct
281455,Doctrina y Convenios 95:,262068,Doctrina y Convenios 95,scripture_reference,trailing_punct
281457,Doctrina y Convenios 96:,281456,Doctrina y Convenios 96,scripture_reference,trailing_punct
281460,Doctrina y Convenios 97:,281458,Doctrina y Convenios 97,scripture_reference,trailing_punct
281481,‘Este,9970,Este,place,leading_quote
281482,“Murdock,119981,Murdock,person,leading_quote
281538,Doctrina y Convenios 100:1.,104529,Doctrina y Convenios 100:1,scripture_reference,trailing_punct
281540,Doctrina y Convenios 100:15.,108885,Doctrina y Convenios 100:15,scripture_reference,trailing_punct
281542,Doctrina y Convenios 100:5–8.,272943,Doctrina y Convenios 100:5–8,scripture_reference,trailing_punct
281543,Doctrina y Convenios 100:9–11.,290720,Doctrina y Convenios 100:9–11,scripture_reference,trailing_punct
281546,"Doctrina y Convenios 98:16, 23–48.",281545,"Doctrina y Convenios 98:16, 23–48",scripture_reference,trailing_punct
281549,Doctrina y Convenios 98:1–3.,304141,Doctrina y Convenios 98:1–3,scripture_reference,trailing_punct
281556,Doctrina y Convenios 100.,262094,Doctrina y Convenios 100,scripture_reference,trailing_punct
281557,Doctrina y Convenios 100:,262094,Doctrina y Convenios 100,scripture_reference,trailing_punct
281558,Doctrina y Convenios 98.,267210,Doctrina y Convenios 98,scripture_reference,trailing_punct
281559,Doctrina y Convenios 98:,267210,Doctrina y Convenios 98,scripture_reference,trailing_punct
281560,Doctrina y Convenios 99.,262095,Doctrina y Convenios 99,scripture_reference,trailing_punct
281561,Doctrina y Convenios 99:,262095,Doctrina y Convenios 99,scripture_reference,trailing_punct
281681,Doctrina y Convenios 101:16.,88746,Doctrina y Convenios 101:16,scripture_reference,trailing_punct
281686,Doctrina y Convenios 101:1–8.,281685,Doctrina y Convenios 101:1–8,scripture_reference,trailing_punct
281689,Doctrina y Convenios 101:32–34.,262536,Doctrina y Convenios 101:32–34,scripture_reference,trailing_punct
281691,Doctrina y Convenios 101:35–38.,281690,Doctrina y Convenios 101:35–38,scripture_reference,trailing_punct
281693,Doctrina y Convenios 101:39–42.,281692,Doctrina y Convenios 101:39–42,scripture_reference,trailing_punct
281694,Doctrina y Convenios 101:3–5.,332709,Doctrina y Convenios 101:3–5,scripture_reference,trailing_punct
281695,Doctrina y Convenios 101:43–62.,262088,Doctrina y Convenios 101:43–62,scripture_reference,trailing_punct
281701,Doctrina y Convenios 101:76–80.,281700,Doctrina y Convenios 101:76–80,scripture_reference,trailing_punct
281702,Doctrina y Convenios 101:78.,170704,Doctrina y Convenios 101:78,scripture_reference,trailing_punct
281705,Doctrina y Convenios 101:9.,91013,Doctrina y Convenios 101:9,scripture_reference,trailing_punct
281708,Doctrina y Convenios 101.,281707,Doctrina y Convenios 101,scripture_reference,trailing_punct
281709,Doctrina y Convenios 101:,281707,Doctrina y Convenios 101,scripture_reference,trailing_punct
281788,Doctrina y Convenios 17:,261281,Doctrina y Convenios 17,scripture_reference,trailing_punct
281789,"Doctrina y Convenios 5,",261159,Doctrina y Convenios 5,scripture_reference,trailing_punct
281790,Doctrina y Convenios 5:,261159,Doctrina y Convenios 5,scripture_reference,trailing_punct
281906,Doctrina y Convenios 104:15–16.,274184,Doctrina y Convenios 104:15–16,scripture_reference,trailing_punct
281909,Doctrina y Convenios 104:19–46.,281908,Doctrina y Convenios 104:19–46,scripture_reference,trailing_punct
281915,Doctrina y Convenios 104:47–53.,281914,Doctrina y Convenios 104:47–53,scripture_reference,trailing_punct
281919,Doctrina y Convenios 104:78–86.,281918,Doctrina y Convenios 104:78–86,scripture_reference,trailing_punct
281923,Doctrina y Convenios 102:,281922,Doctrina y Convenios 102,scripture_reference,trailing_punct
281927,Doctrina y Convenios 104:,281926,Doctrina y Convenios 104,scripture_reference,trailing_punct
282043,Doctrina y Convenios 103:,282042,Doctrina y Convenios 103,scripture_reference,trailing_punct
282045,Doctrina y Convenios 105:,282044,Doctrina y Convenios 105,scripture_reference,trailing_punct
282051,“Warren Cowdery,132896,Warren Cowdery,person,leading_quote
282053,“Warren,30256,Warren,person,leading_quote
282176,Doctrina y Convenios 106:,262153,Doctrina y Convenios 106,scripture_reference,trailing_punct
282177,Doctrina y Convenios 107:,262154,Doctrina y Convenios 107,scripture_reference,trailing_punct
282179,Doctrina y Convenios 108:,282178,Doctrina y Convenios 108,scripture_reference,trailing_punct
282299,Doctrina y Convenios 109:,262197,Doctrina y Convenios 109,scripture_reference,trailing_punct
282300,Doctrina y Convenios 110:,262198,Doctrina y Convenios 110,scripture_reference,trailing_punct
282319,“Más,312973,Más,people,leading_quote
282439,Doctrina y Convenios 111:,262227,Doctrina y Convenios 111,scripture_reference,trailing_punct
282440,Doctrina y Convenios 112:,262228,Doctrina y Convenios 112,scripture_reference,trailing_punct
282441,Doctrina y Convenios 113:,262230,Doctrina y Convenios 113,scripture_reference,trailing_punct
282443,Doctrina y Convenios 114:,282442,Doctrina y Convenios 114,scripture_reference,trailing_punct
282462,‘Levantaos,7672,Levantaos,place,leading_quote
282473,“Dios el,144486,Dios el,person,leading_quote
282478,“vendrá Adán,378764,vendrá Adán,person,leading_quote
282489,“Nicolaitans,162913,Nicolaitans,person,leading_quote
282494,Convenios 119–120:,282451,Convenios 119–120,people,trailing_punct
282533,D. y C. 120:1;,282532,D. y C. 120:1,scripture_reference,trailing_punct
282551,Doctrina y Convenios 115:,282550,Doctrina y Convenios 115,scripture_reference,trailing_punct
282553,Doctrina y Convenios 116:,282552,Doctrina y Convenios 116,scripture_reference,trailing_punct
282555,"Doctrina y Convenios 117,",262267,Doctrina y Convenios 117,scripture_reference,trailing_punct
282556,Doctrina y Convenios 117:,262267,Doctrina y Convenios 117,scripture_reference,trailing_punct
282558,Doctrina y Convenios 118:,282557,Doctrina y Convenios 118,scripture_reference,trailing_punct
282570,“Sheol,326409,Sheol,person,leading_quote
282642,‘Deja,6585,Deja,place,leading_quote
282791,Doctrina y Convenios 124:,267327,Doctrina y Convenios 124,scripture_reference,trailing_punct
282884,Doctrina y Convenios 125:,282883,Doctrina y Convenios 125,scripture_reference,trailing_punct
282885,Doctrina y Convenios 126:,262353,Doctrina y Convenios 126,scripture_reference,trailing_punct
282886,Doctrina y Convenios 127:,262354,Doctrina y Convenios 127,scripture_reference,trailing_punct
282887,Doctrina y Convenios 128:,274015,Doctrina y Convenios 128,scripture_reference,trailing_punct
282968,"Doctrina y Convenios 6:10–12,",282967,Doctrina y Convenios 6:10–12,scripture_reference,trailing_punct
282989,Doctrina y Convenios 6:,266412,Doctrina y Convenios 6,scripture_reference,trailing_punct
282991,Doctrina y Convenios 8:,282990,Doctrina y Convenios 8,scripture_reference,trailing_punct
282993,Doctrina y Convenios 9:,282992,Doctrina y Convenios 9,scripture_reference,trailing_punct
283022,“el Padre y el Hijo,18224,El Padre y el Hijo,person,leading_quote
283114,Doctrina y Convenios 129:,283113,Doctrina y Convenios 129,scripture_reference,trailing_punct
283116,Doctrina y Convenios 130:,283115,Doctrina y Convenios 130,scripture_reference,trailing_punct
283164,“Condenación,12365,Condenación,person,leading_quote
283246,Doctrina y Convenios 132:,117103,Doctrina y Convenios 132,scripture_reference,trailing_punct
283268,Doctrina y Convenios 131:,283267,Doctrina y Convenios 131,scripture_reference,trailing_punct
283291,‘Dios Todopoderoso,7117,Dios Todopoderoso,person,leading_quote
283401,Doctrina y Convenios 132:,273163,Doctrina y Convenios 132,scripture_reference,trailing_punct
283580,Doctrina y Convenios 133:,262402,Doctrina y Convenios 133,scripture_reference,trailing_punct
451093,Rephah re'-fa,37137,Rephah,person,pronunciation_tail
283669,Doctrina y Convenios 135:,115155,Doctrina y Convenios 135,scripture_reference,trailing_punct
283675,Doctrina y Convenios 134:,262403,Doctrina y Convenios 134,scripture_reference,trailing_punct
283676,Doctrina y Convenios 136:,262422,Doctrina y Convenios 136,scripture_reference,trailing_punct
283687,“Informe,6211,Informe,place,leading_quote
283699,“Susa Young Gates,251483,Susa Young Gates,person,leading_quote
283784,Doctrina y Convenios 137:,262439,Doctrina y Convenios 137,scripture_reference,trailing_punct
283785,Doctrina y Convenios 138:,259405,Doctrina y Convenios 138,scripture_reference,trailing_punct
283883,Doctrina y Convenios 13:,261250,Doctrina y Convenios 13,scripture_reference,trailing_punct
283884,"Doctrina y Convenios 18,",261299,Doctrina y Convenios 18,scripture_reference,trailing_punct
283885,Doctrina y Convenios 18:,261299,Doctrina y Convenios 18,scripture_reference,trailing_punct
283887,Doctrina y Convenios 7:,283886,Doctrina y Convenios 7,scripture_reference,trailing_punct
283906,“Rigen,152080,Rigen,person,leading_quote
283958,"Doctrina y Convenios 4:4,",261471,Doctrina y Convenios 4:4,scripture_reference,trailing_punct
283960,"Doctrina y Convenios 11,",261223,Doctrina y Convenios 11,scripture_reference,trailing_punct
283961,Doctrina y Convenios 11:,261223,Doctrina y Convenios 11,scripture_reference,trailing_punct
283962,Doctrina y Convenios 12:,261249,Doctrina y Convenios 12,scripture_reference,trailing_punct
283963,"Doctrina y Convenios 4,",261158,Doctrina y Convenios 4,scripture_reference,trailing_punct
283964,Doctrina y Convenios 4:,261158,Doctrina y Convenios 4,scripture_reference,trailing_punct
283982,“Llenen,131913,Llenen,person,leading_quote
284020,Doctrina y Convenios 19:,261300,Doctrina y Convenios 19,scripture_reference,trailing_punct
284213,“Elder Russell M. Nelson,55471,Elder Russell M. Nelson,person,leading_quote
284343,“ordain,19476,Ordain,place,leading_quote
284524,“La familia,129081,La Familia,place,leading_quote
284566,‘Está,145543,Está,people,leading_quote
284578,“Tributo,740314,Tributo,person,leading_quote
284603,“Oliver,31376,Oliver,person,leading_quote
284605,“Utilizar,6611,Utilizar,person,leading_quote
285009,“Mirar,742670,Mirar,person,leading_quote
285096,“Guarden,550667,Guarden,person,leading_quote
285212,“Gospels,18970,Gospels,person,leading_quote
285323,“Ungido,3632,Ungido,place,leading_quote
285353,“Santo,7506,Santo,person,leading_quote
285747,“ ¿Cómo,139185,¿Cómo,person,leading_quote
285814,‘¡Consumado,10286,¡Consumado,place,leading_quote
285895,“Evito,338119,Evito,person,leading_quote
285896,“Rechacé,9047,Rechacé,person,leading_quote
286085,“Abordar,167212,Abordar,person,leading_quote
286289,“Agregar,304557,Agregar,person,leading_quote
286543,“Convenio de Abraham,149151,Convenio de Abraham,person,leading_quote
286932,“Boanerges,48278,Boanerges,person,leading_quote
287289,“Hombre de Santidad,18319,Hombre de Santidad,person,leading_quote
287439,‘Sabemos,152243,Sabemos,people,leading_quote
287441,‘¿Ha,13256,¿Ha,people,leading_quote
287442,’ Respondí,129621,Respondí,people,leading_quote
287497,‘Levántate,11240,Levántate,place,leading_quote
287560,“Zelote,44413,Zelote,person,leading_quote
287583,‘Elder,56082,Elder,person,leading_quote
287714,‘Bienaventurado,10734,Bienaventurado,place,leading_quote
287722,“Hallamos,133182,Hallamos,person,leading_quote
287836,“¿Creéis,8426,¿Creéis,people,leading_quote
287902,‘naciones,144307,Naciones,people,leading_quote
287912,“S. Mateo,287113,S. Mateo,person,leading_quote
287951,‘Aquello,10279,Aquello,person,leading_quote
287996,“Ayúdanos,13771,Ayúdanos,person,leading_quote
288057,“Linaje de Abraham,11524,Linaje de Abraham,person,leading_quote
288060,“Jahveh,45735,Jahveh,person,leading_quote
288275,“¿Otra,310492,¿Otra,people,leading_quote
288452,‘¿Ves,8605,¿Ves,people,leading_quote
288628,“¡Fuera,11747,¡Fuera,person,leading_quote
288667,“Iscariote,11344,Iscariote,person,leading_quote
288705,“Hijas de Jerusalén,11750,Hijas de Jerusalén,person,leading_quote
288773,“Raboni,147308,Raboni,person,leading_quote
288831,“Saulo,10971,Saulo,person,leading_quote
289042,“Escudriñe,259131,Escudriñe,person,leading_quote
289064,“Guardar,5767,Guardar,person,leading_quote
289102,“Utilice las Escrituras,321172,Utilice las Escrituras,person,leading_quote
289180,“Amado Padre,141566,Amado Padre,person,leading_quote
289186,‘Sigan,126311,Sigan,person,leading_quote
289192,“President Gordon B. Hinckley,706074,President Gordon B. Hinckley,person,leading_quote
289213,“Reminiscences,149525,Reminiscences,person,leading_quote
289222,“Disfrutamos,273045,Disfrutamos,person,leading_quote
289235,‘¡Cómo,16167,¡Cómo,place,leading_quote
289249,“Benjamin Franklin Johnson,165661,Benjamin Franklin Johnson,person,leading_quote
289355,“Hermano Heber,290217,Hermano Heber,person,leading_quote
289447,“Joseph Smith as Translator,271472,Joseph Smith as Translator,person,leading_quote
289451,“Letter VIII,377603,Letter VIII,person,leading_quote
289487,“Sr. Smith,289558,Sr. Smith,person,leading_quote
289493,“Read,759105,Read,person,leading_quote
289499,“Charles Anthon,43332,Charles Anthon,person,leading_quote
289546,“Eight Witnesses,391761,Eight Witnesses,person,leading_quote
289641,“Chief Anderson,290931,Chief Anderson,person,leading_quote
289667,“Mormonism,90257,Mormonism,person,leading_quote
289676,“The Center Place,816033,the Center Place,place,leading_quote
289705,“Amados,160242,Amados,place,leading_quote
289722,“Sidney,30004,Sidney,person,leading_quote
289744,“Orden Unida,9363,Orden Unida,people,leading_quote
289843,“Joseph Smith and the 1834 D. P. Hurlbut Case,290890,Joseph Smith and the 1834 D. P. Hurlbut Case,person,leading_quote
289855,“Dear Brethren,538518,Dear Brethren,person,leading_quote
289901,“Egyptian Antiquities,289900,Egyptian Antiquities,person,leading_quote
289971,“Grandison,208775,Grandison,person,leading_quote
289974,“Grandison Newell’s Obsession,208809,Grandison Newell’s Obsession,person,leading_quote
290043,“Emergence of Brigham Young,582855,Emergence of Brigham Young,people,leading_quote
290078,“Oliver’s Joseph,209042,Oliver’s Joseph,person,leading_quote
290222,“Tome,14267,Tome,place,leading_quote
290223,“Juez,6792,Juez,person,leading_quote
290236,“Lecture,214882,Lecture,person,leading_quote
290263,“Albert Perry Rockwood Journal,209421,Albert Perry Rockwood Journal,person,leading_quote
290282,“Walls,642118,Walls,person,leading_quote
290284,“Joseph Smith in Northern Missouri,290794,Joseph Smith in Northern Missouri,person,leading_quote
290408,“Phelps,10032,Phelps,person,leading_quote
290450,Woman’s,34830,Woman,person,possessive
290480,‘Haréis,13712,Haréis,person,leading_quote
290489,“Boggs,55995,Boggs,person,leading_quote
290493,” Jeffersonian Republican,290487,Jeffersonian Republican,person,leading_quote
290500,“Governor Boggs,290486,Governor Boggs,person,leading_quote
290501,” Nauvoo Neighbor,290581,Nauvoo Neighbor,person,leading_quote
290537,“Hermano Brigham,291551,Hermano Brigham,person,leading_quote
290612,“Record,211121,Record,place,leading_quote
290614,“Record,345435,Record,person,leading_quote
290616,“Record of Doings,290615,Record of Doings,person,leading_quote
290630,“Proclamation,209645,Proclamation,place,leading_quote
290658,“Estoy,127136,Estoy,place,leading_quote
290681,“Edwin Rushton,210375,Edwin Rushton,person,leading_quote
290688,“Dan Jones,111007,Dan Jones,person,leading_quote
290690,“Relato,147756,Relato,person,leading_quote
290729,“Sidney Rigdon,19546,Sidney Rigdon,person,leading_quote
290730,“Queridos,127112,Queridos,person,leading_quote
290738,“Speech,188322,Speech,person,leading_quote
290855,William M.,290808,William M,person,trailing_punct
290937,New Views of Mormon History:,295994,New Views of Mormon History,people,trailing_punct
291066,“Transforming Swampland,290325,Transforming Swampland,person,leading_quote
291112,“John Needham’s Nauvoo Letter,209735,John Needham’s Nauvoo Letter,person,leading_quote
291210,“Emplee,9690,Emplee,person,leading_quote
291247,“S. Brannan’s Letter,211815,S. Brannan’s Letter,person,leading_quote
291256,"General Church Minutes,",290303,General Church Minutes,person,trailing_punct
291356,“Reuben Miller,66300,Reuben Miller,person,leading_quote
291375,“Life Review,290938,Life Review,person,leading_quote
291399,“Cannon,64359,Cannon,person,leading_quote
291408,“Hansen,120299,Hansen,person,leading_quote
291428,“estaré,338084,Estaré,person,leading_quote
291437,“Thomas L. Kane,72937,Thomas L. Kane,person,leading_quote
291497,“Scandinavian Mission,218165,Scandinavian Mission,person,leading_quote
291533,“Jesse Haven,212581,Jesse Haven,person,leading_quote
291564,“Walker,137381,Walker,person,leading_quote
291567,“Cause and Origin of the Walker War,217920,Cause and Origin of the Walker War,people,leading_quote
291575,“Busby,212799,Busby,person,leading_quote
291587,“Minutes,161109,Minutes,person,leading_quote
291590,“Recollections,63213,Recollections,person,leading_quote
291592,“Smith,31138,Smith,person,leading_quote
291607,“Palawai Pioneers,212873,Palawai Pioneers,person,leading_quote
291608,“Hammond,105178,Hammond,person,leading_quote
291641,“Olsen,77904,Olsen,person,leading_quote
291670,“Leadership,245013,Leadership,person,leading_quote
291683,“Weather,453041,Weather,person,leading_quote
291708,“Todos,6316,Todos,place,leading_quote
291709,“Dígale,296881,Dígale,person,leading_quote
291717,“Cuiden,752376,Cuiden,person,leading_quote
291733,“Eastern Mail,213268,Eastern Mail,people,leading_quote
291734,“Expedition against Utah,291731,Expedition against Utah,people,leading_quote
291819,“Lee’s Confession,213403,Lee’s Confession,person,leading_quote
291960,“Mechanics’ Dramatic Association,213908,Mechanics’ Dramatic Association,people,leading_quote
292002,“Walter Murray Gibson,214042,Walter Murray Gibson,person,leading_quote
292020,“Family Life,292026,Family Life,person,leading_quote
292021,“Aunt Clara Decker,214126,Aunt Clara Decker,person,leading_quote
292031,“George Catlin,214147,George Catlin,person,leading_quote
292053,“Rachel R. Grant,214232,Rachel R. Grant,person,leading_quote
292079,“Dejaré,15449,Dejaré,person,leading_quote
292105,“Llame,12417,Llame,person,leading_quote
292240,“Living Martyr,293628,Living Martyr,people,leading_quote
292249,“Ignoro,8039,Ignoro,person,leading_quote
292278,“Samuel D. Chambers,214990,Samuel D. Chambers,person,leading_quote
292279,“Leggroan,214991,Leggroan,person,leading_quote
292329,“R. S. Reports,215103,R. S. Reports,person,leading_quote
292410,“Elder J.,611694,Elder J.,person,leading_quote
292414,“Joseph Standing Murder Case,215336,Joseph Standing Murder Case,person,leading_quote
292426,“Plotino C. Rhodakanaty,215372,Plotino C. Rhodakanaty,person,leading_quote
292497,“Rudger Clawson,64186,Rudger Clawson,person,leading_quote
292516,“Cox,58577,Cox,person,leading_quote
292599,“Grant’s Watershed,215842,Grant’s Watershed,person,leading_quote
292603,“Ferguson,165491,Ferguson,person,leading_quote
292626,Pago Pago,132569,Pago,person,duplicated_word
292672,“Homespun,210874,Homespun,person,leading_quote
292683,“Susa Young Gates and the Cultural Work of Home Literature,293574,Susa Young Gates and the Cultural Work of Home Literature,people,leading_quote
292730,“Liberated,558862,LIBERATED,person,leading_quote
292746,“Woman’s Exponent,139236,Woman’s Exponent,person,leading_quote
292766,“Anthon H. Lund,218830,Anthon H. Lund,place,leading_quote
292773,“Mormon ‘Widow’ in Colorado,293614,Mormon ‘Widow’ in Colorado,people,leading_quote
292777,“Iosepa,289292,Iosepa,people,leading_quote
293108,Harvey H.,590857,Harvey H,person,trailing_punct
293109,BHI.,292999,BHI,place,trailing_punct
293114,Congressional Record:,295549,Congressional Record,people,trailing_punct
293151,“Meliton Gonzalez Trejo:,293206,Meliton Gonzalez Trejo:,person,leading_quote
293206,Meliton Gonzalez Trejo:,214972,Meliton Gonzalez Trejo,person,trailing_punct
293219,Gospel Standards:,129016,Gospel Standards,people,trailing_punct
293265,“George Washington Hill,214845,George Washington Hill,person,leading_quote
293279,“Cyrus,18659,Cyrus,person,leading_quote
293373,BHI.,290399,BHI,people,trailing_punct
293381,“Henry W. Lawrence,216399,Henry W. Lawrence,person,leading_quote
293405,David K.,708033,David K,person,trailing_punct
293410,Exhibiting Mormonism:,292961,Exhibiting Mormonism,person,trailing_punct
293516,“David H. Smith in Utah,292093,David H. Smith in Utah,person,leading_quote
293696,“Professional and Business Opportunities for Women,218606,Professional and Business Opportunities for Women,people,leading_quote
293711,“Jarman,218674,Jarman,person,leading_quote
293717,“William Jarman,218671,William Jarman,person,leading_quote
293752,“Albert Edward Jarman,218832,Albert Edward Jarman,person,leading_quote
293754,“Albert Edward Jarman Meets with His Father,293750,Albert Edward Jarman Meets with His Father,person,leading_quote
293901,“Mormon Migration and Settlement,219294,Mormon Migration and Settlement,people,leading_quote
293905,“Abraham Kaleimahoe Fernandez,219309,Abraham Kaleimahoe Fernandez,person,leading_quote
293940,“The Mormon Church on Trial,219440,The Mormon Church on Trial,people,leading_quote
293961,“Marie,78918,Marie,person,leading_quote
293969,“Anna Karine Pedersdatter,219503,Anna Karine Pedersdatter,person,leading_quote
293976,“George Franklin Richards,219540,George Franklin Richards,person,leading_quote
293978,“Watchman,40718,Watchman,person,leading_quote
294100,“Alma W. Richards,219900,Alma W. Richards,person,leading_quote
294116,“Junius Romney and the 1912 Mormon Exodus,295900,Junius Romney and the 1912 Mormon Exodus,person,leading_quote
294233,BHI. Tema:,293723,BHI. Tema,people,trailing_punct
294260,“Hyrum M. Smith,68212,Hyrum M. Smith,person,leading_quote
294265,BHI. 25.,294464,BHI. 25,people,trailing_punct
294266,“Calvin S. Smith,220345,Calvin S. Smith,person,leading_quote
294314,“Hui Tau,220506,Hui Tau,person,leading_quote
294332,“Armenian Exodus,220585,Armenian Exodus,person,leading_quote
294354,“aceptaré,294329,Aceptaré,place,leading_quote
294378,“Ku Klux Klan,294361,Ku Klux Klan,people,leading_quote
294483,“Sprechen Sie Portugiesisch,221034,Sprechen Sie Portugiesisch,person,leading_quote
294527,“Sugar House Ward,291629,Sugar House Ward,person,leading_quote
294720,“Paul,19494,Paul,person,leading_quote
294721,“Pete,87751,Pete,person,leading_quote
294767,BHI. 8.,294170,BHI. 8,people,trailing_punct
294772,“Margarito Bautista,221883,Margarito Bautista,person,leading_quote
294880,“Hill Cumorah Pageant,646184,Hill Cumorah Pageant,person,leading_quote
295002,“Claudio Martins dos Santos,295014,Claudio Martins dos Santos,person,leading_quote
295152,“Social Outsiders,223020,Social Outsiders,people,leading_quote
295187,“Relief Society President Experiences,223127,Relief Society President Experiences,people,leading_quote
295198,“Arnold Friberg,83519,Arnold Friberg,person,leading_quote
295199,“John Philip Dalby,223163,John Philip Dalby,person,leading_quote
295254,“David O. McKay,56111,David O. McKay,person,leading_quote
295255,“McKay,56112,McKay,person,leading_quote
295267,“Famille Fargier,223357,Famille Fargier,person,leading_quote
295274,“Czechoslovak Mission,222985,Czechoslovak Mission,person,leading_quote
295340,“Pres,98391,Pres,person,leading_quote
295385,“Memoirs,220044,Memoirs,place,leading_quote
295386,“Memoirs,294165,Memoirs,person,leading_quote
295550,“Emma Lucy Gates,219183,Emma Lucy Gates,person,leading_quote
295737,“President McKay Shook This Old Black Hand,295347,President McKay Shook This Old Black Hand,person,leading_quote
295780,Fundamentalism and American Culture:,294393,Fundamentalism and American Culture,people,trailing_punct
295803,Roger P.,382823,Roger P,person,trailing_punct
295860,The Mormon Church on Trial:,219440,The Mormon Church on Trial,people,trailing_punct
296073,“Building Program,225367,Building Program,people,leading_quote
296089,“Dedicatory Prayer,187663,Dedicatory Prayer,person,leading_quote
296114,“Anote,146993,Anote,person,leading_quote
296152,“Woodworth,195569,Woodworth,person,leading_quote
296167,“Personal History,225701,Personal History,person,leading_quote
296281,“Correlation,101835,Correlation,people,leading_quote
296309,“Ruth,19549,Ruth,person,leading_quote
296344,“Merthyr Tydfil,226286,Merthyr Tydfil,person,leading_quote
296357,“Hermano Macey,296355,Hermano Macey,person,leading_quote
296379,“está,5680,Está,person,leading_quote
296409,“Geoff,226134,Geoff,person,leading_quote
296432,“Priesthood Correlation,226578,Priesthood Correlation,people,leading_quote
296540,“Hwang Keun Ok,226760,Hwang Keun Ok,person,leading_quote
296544,“Hwang,224468,Hwang,person,leading_quote
296581,“Johnson,62847,Johnson,person,leading_quote
296608,“Summary Report,298599,Summary Report,person,leading_quote
296610,“Hugh Winder Nibley,227029,Hugh Winder Nibley,person,leading_quote
296615,“Geschichte,231244,Geschichte,person,leading_quote
296703,“Eugene,71406,Eugene,person,leading_quote
296706,“Ruffin Bridgeforth,227080,Ruffin Bridgeforth,person,leading_quote
296712,“Darius,18662,Darius,person,leading_quote
296718,“Definitivamente,127966,Definitivamente,person,leading_quote
296738,“Deberías,161026,Deberías,person,leading_quote
296809,templo 19.,296328,templo 19,place,trailing_punct
296843,“Mary S. Kemp,227617,Mary S. Kemp,person,leading_quote
296910,“Cíñete,10978,Cíñete,person,leading_quote
296925,“Pres,227122,Pres,place,leading_quote
296939,“My Personal Rubicon,227891,My Personal Rubicon,people,leading_quote
296981,BHI. Temas:,294317,BHI. Temas,people,trailing_punct
297010,“Jerusalem Center,687489,Jerusalem Center,person,leading_quote
297015,“Jerusalem,3436,Jerusalem,place,leading_quote
297046,“Enduring Believers,225386,Enduring Believers,people,leading_quote
297051,“Qué,11411,Qué,person,leading_quote
297129,“Sabía,126336,Sabía,person,leading_quote
297152,“Spencer W. Kimball,29876,Spencer W. Kimball,person,leading_quote
297187,“Ezra Taft Benson,56284,Ezra Taft Benson,person,leading_quote
297212,“BYU,138751,BYU,person,leading_quote
297249,“Mirad,7588,Mirad,person,leading_quote
297250,“Complacer,547126,Complacer,person,leading_quote
297350,“Historical Report,296337,Historical Report,person,leading_quote
297390,“Vuelvan,146657,Vuelvan,place,leading_quote
297404,Zaire’s,85423,Zaire,place,possessive
297406,“¿Por,304040,¿Por,person,leading_quote
297417,“Mistolar,97585,Mistolar,people,leading_quote
297423,Iglesia 34.,290626,Iglesia 34,people,trailing_punct
297468,BHI. 21.,294732,BHI. 21,people,trailing_punct
297584,“Muchísimo,279958,Muchísimo,person,leading_quote
297619,“Evítenla,159718,Evítenla,person,leading_quote
297698,“Permanezcan,138086,Permanezcan,people,leading_quote
297778,BHI;,292999,BHI,place,trailing_punct
297792,“Palabras,148144,Palabras,place,leading_quote
297794,“Marjorie Hinckley Dies,230134,Marjorie Hinckley Dies,person,leading_quote
297835,“Madeleine Milestone,230259,Madeleine Milestone,person,leading_quote
297914,“Informe,6210,Informe,person,leading_quote
297975,“Temas,154612,Temas,people,leading_quote
297978,“Juventud de Israel,272735,Juventud de Israel,people,leading_quote
297988,“Exclamación de Hosanna,160258,Exclamación de Hosanna,person,leading_quote
297989,“Hosanna Shout,114682,Hosanna Shout,person,leading_quote
298040,Would-Be Saints:,381904,Would-Be Saints,people,trailing_punct
298188,“Preaching,641584,Preaching,person,leading_quote
298240,Michael A.,778649,Michael A,person,trailing_punct
298440,Chieko N.,382824,Chieko N,person,trailing_punct
298462,“History of Mormon Exhibits in World Expositions,296656,History of Mormon Exhibits in World Expositions,people,leading_quote
298889,“Confía,159501,Confía,person,leading_quote
299035,“Protegernos,286676,Protegernos,person,leading_quote
299036,“Confiar,138531,Confiar,person,leading_quote
299137,” ¿Has,8074,¿Has,people,leading_quote
299411,“Afrontar,375753,Afrontar,person,leading_quote
299544,“Trinidad,364054,Trinidad,person,leading_quote
299656,“¿Creo,127930,¿Creo,people,leading_quote
299816,“Profundizar,299542,Profundizar,people,leading_quote
299889,Gospel Truth:,89306,Gospel Truth,people,trailing_punct
299902,” ¿Alguna,6058,¿Alguna,people,leading_quote
299904,“Cuídate,10683,Cuídate,person,leading_quote
299926,“Descansar,7831,Descansar,person,leading_quote
299984,‘Anti-Nefi-Lehi,8099,Anti-Nefi-Lehi,people,leading_quote
300018,“Leales,152708,Leales,person,leading_quote
300096,“Instruye,381506,Instruye,people,leading_quote
300615,“Nuestro Buen Pastor,185830,Nuestro Buen Pastor,place,leading_quote
300781,“Conversión,18741,Conversión,person,leading_quote
301183,“Transmisión,6428,Transmisión,person,leading_quote
301213,“Recuerdo,125733,Recuerdo,person,leading_quote
301260,“Presten,125970,Presten,person,leading_quote
301261,“Amanda,129721,Amanda,person,leading_quote
301537,Doctrina y Convenios 2;,261127,Doctrina y Convenios 2,scripture_reference,trailing_punct
301625,“Recursos,270866,Recursos,place,leading_quote
301771,“Alcen,9603,Alcen,place,leading_quote
301888,“¿Has,8074,¿Has,people,leading_quote
302058,“Comenzarás,9852,Comenzarás,person,leading_quote
302444,“Dediquen,265373,Dediquen,place,leading_quote
302794,“Preguntas,5634,Preguntas,person,leading_quote
302813,Actividad B:,300680,Actividad B,people,trailing_punct
302855,“Valientes,4962,Valientes,place,leading_quote
302961,“Juramento,7202,Juramento,person,leading_quote
303106,“Benditos,7743,Benditos,person,leading_quote
303183,“Portadores,303144,Portadores,place,leading_quote
303218,“Señor de Sabaot,10255,Señor de Sabaot,person,leading_quote
303367,Campamento de Israel:,9687,Campamento de Israel,people,trailing_punct
303756,“Matrimonio,6213,Matrimonio,person,leading_quote
303870,“Seguir,6073,Seguir,person,leading_quote
303952,‘Después,5148,Después,place,leading_quote
304021,‘La Familia,129081,La Familia,place,leading_quote
304067,Actividad A:,298648,Actividad A,people,trailing_punct
304127,“Mapas,269305,Mapas,person,leading_quote
304128,“Fotografías,5860,Fotografías,place,leading_quote
304204,“Responder,6042,Responder,place,leading_quote
304408,“Gracias al Salvador,750550,Gracias al Salvador,place,leading_quote
304577,“Entiendo,6563,Entiendo,person,leading_quote
304647,“Hallelujah,539871,Hallelujah,person,leading_quote
304697,“Está,5680,Está,person,leading_quote
304831,“Pastorear,145402,Pastorear,person,leading_quote
304966,“Adquirir,182221,Adquirir,person,leading_quote
305001,Hechos 3:1–8;,106186,Hechos 3:1–8,scripture_reference,trailing_punct
305367,” Así,5845,Así,person,leading_quote
305466,“¿Hacia,748978,¿Hacia,people,leading_quote
305601,“Feet Shod with the Preparation of the Gospel of Peace,545051,Feet Shod with the Preparation of the Gospel of Peace,person,leading_quote
305767,“Introducción,259593,Introducción,person,leading_quote
305833,1 Nefi 11:26.,305831,1 Nefi 11:26,scripture_reference,trailing_punct
305853,Juan 1:14.,99532,Juan 1:14,scripture_reference,trailing_punct
305854,Juan 1:18.,257834,Juan 1:18,scripture_reference,trailing_punct
305861,Juan 1:38.,114754,Juan 1:38,scripture_reference,trailing_punct
305862,Juan 1:43–46.,116506,Juan 1:43–46,scripture_reference,trailing_punct
305897,"Juan 11:1–7,",305885,Juan 11:1–7,scripture_reference,trailing_punct
305898,"Juan 11:20–27,",93749,Juan 11:20–27,scripture_reference,trailing_punct
305899,"Juan 11:32–36,",304976,Juan 11:32–36,scripture_reference,trailing_punct
306014,Juan 4:24.,257981,Juan 4:24,scripture_reference,trailing_punct
306017,Juan 4:4.,100553,Juan 4:4,scripture_reference,trailing_punct
306131,"José Smith—Mateo 1:22–23, 28–36,",305340,"José Smith—Mateo 1:22–23, 28–36",scripture_reference,trailing_punct
306166,Lucas 1:30–35.,306449,Lucas 1:30–35,scripture_reference,trailing_punct
306179,Lucas 1:46–55.,257755,Lucas 1:46–55,scripture_reference,trailing_punct
306181,Lucas 1:53.,112813,Lucas 1:53,scripture_reference,trailing_punct
306199,“¿Llevamos,154633,¿Llevamos,people,leading_quote
306322,Lucas 3:7.,257886,Lucas 3:7,scripture_reference,trailing_punct
306323,Lucas 3:8.,99785,Lucas 3:8,scripture_reference,trailing_punct
306336,Lucas 5:8.,306335,Lucas 5:8,scripture_reference,trailing_punct
306362,“Rise,39059,Rise,person,leading_quote
306442,“La paz,80100,La Paz,person,leading_quote
306450,Mateo 1:18.,306170,Mateo 1:18,scripture_reference,trailing_punct
306452,Mateo 1:25.,335181,Mateo 1:25,scripture_reference,trailing_punct
306459,“Yugo,14600,Yugo,person,leading_quote
306490,“Continuamente,162453,Continuamente,place,leading_quote
306512,“ Tradiciones,747676,Tradiciones,person,leading_quote
306582,“Herod,18904,Herod,person,leading_quote
306625,Mateo 21:13.,114101,Mateo 21:13,scripture_reference,trailing_punct
306747,Marcos 1:8.,306746,Marcos 1:8,scripture_reference,trailing_punct
306752,Mateo 3:12.,306751,Mateo 3:12,scripture_reference,trailing_punct
306753,Mateo 3:7.,257898,Mateo 3:7,scripture_reference,trailing_punct
306775,Mateo 3:13.,93040,Mateo 3:13,scripture_reference,trailing_punct
306785,Mateo 3:16.,92815,Mateo 3:16,scripture_reference,trailing_punct
306825,Mateo 5:22.,276819,Mateo 5:22,scripture_reference,trailing_punct
306826,Mateo 5:27–28.,101751,Mateo 5:27–28,scripture_reference,trailing_punct
306910,Mateo 10:14.,306909,Mateo 10:14,scripture_reference,trailing_punct
306916,“Avanzando,157048,Avanzando,person,leading_quote
306941,“Revelación de Juan,18440,Revelación de Juan,person,leading_quote
306953,“Todopoderoso,10707,Todopoderoso,person,leading_quote
307003,“Preparar,5857,Preparar,person,leading_quote
307019,“ Fornicación,18943,Fornicación,person,leading_quote
307050,‘amén,115022,Amén,people,leading_quote
307051,‘Amén’,151973,Amén’,people,leading_quote
307066,“Vencer,139150,Vencer,place,leading_quote
307105,“León,307106,León,place,leading_quote
307282,“Heredero,19001,Heredero,person,leading_quote
307539,Lot.,19259,Lot,person,trailing_punct
308547,“Recibir,5057,Recibir,person,leading_quote
308667,“Elaborar,5846,Elaborar,person,leading_quote
309202,Etiquetar Etiquetar,307317,Etiquetar,people,duplicated_word
309416,“Sir Isaac Newton,732604,Sir Isaac Newton,person,leading_quote
309585,“Alexei Leonov,309579,Alexei Leonov,person,leading_quote
309629,‘Léanla,148735,Léanla,person,leading_quote
309631,‘Esperen,135939,Esperen,place,leading_quote
309857,“Religión,143902,Religión,person,leading_quote
309976,“Maestro,11269,Maestro,people,leading_quote
310014,‘Éstos,133251,Éstos,place,leading_quote
310027,“¿De,257777,¿De,person,leading_quote
310046,‘¡Qué,16839,¡Qué,place,leading_quote
310174,‘Adiós,7554,Adiós,place,leading_quote
310212,“Rodney C. Richardson,244793,Rodney C. Richardson,person,leading_quote
310240,‘Dijo,11304,Dijo,person,leading_quote
310265,“Admiro,127880,Admiro,person,leading_quote
310295,“Flora Amussen Benson,71383,Flora Amussen Benson,person,leading_quote
310303,‘Prefiero,129222,Prefiero,person,leading_quote
310323,‘¿Podrías,739589,¿Podrías,people,leading_quote
310324,‘Tienes razón,735641,Tienes razón,people,leading_quote
310402,“Farewell,29072,Farewell,person,leading_quote
310416,‘Vaya,14568,Vaya,person,leading_quote
310444,‘Vayamos,140426,Vayamos,person,leading_quote
310458,“¡Allí,740732,¡Allí,place,leading_quote
310474,“Crecí,134245,Crecí,person,leading_quote
310494,‘Pues,7190,Pues,person,leading_quote
310627,‘Jovencito,134946,Jovencito,place,leading_quote
310637,“Ezra,18690,Ezra,person,leading_quote
310649,‘Les,419951,Les,people,leading_quote
310692,‘Ése,128440,Ése,place,leading_quote
310693,‘Aprecio,129653,Aprecio,person,leading_quote
310698,“Ansioso,131264,Ansioso,person,leading_quote
310700,‘Vuélvete,14983,Vuélvete,place,leading_quote
310801,‘Tenga,17772,Tenga,place,leading_quote
310843,“Hermano Smith,312879,Hermano Smith,person,leading_quote
310898,“Rodney Badger,245725,Rodney Badger,person,leading_quote
310913,Iglesia? 5.,320127,Iglesia? 5,people,trailing_punct
310994,‘Hermano Smith,312879,Hermano Smith,person,leading_quote
311003,“George Albert Smith,57399,George Albert Smith,person,leading_quote
311073,“Preguntó,287420,Preguntó,person,leading_quote
311074,‘Estoy,127136,Estoy,place,leading_quote
311211,‘Quiero,9249,Quiero,person,leading_quote
311314,“Recibí,134833,Recibí,place,leading_quote
311339,Santo.,7171,Santo,people,trailing_punct
311353,“La Iglesia,5247,La Iglesia,people,leading_quote
311356,“‘Permaneced,166373,Permaneced,person,leading_quote
311358,“Somos,10434,Somos,place,leading_quote
311384,‘unidos,272813,Unidos,place,leading_quote
311401,“corazón,15743,Corazón,place,leading_quote
311474,‘¿Le,126810,¿Le,people,leading_quote
311500,‘¿Puedo,6617,¿Puedo,people,leading_quote
311544,“Preciosas,138398,Preciosas,person,leading_quote
311561,‘Teníamos,748570,Teníamos,person,leading_quote
311618,‘Santos,7632,Santos,people,leading_quote
311636,“Presidente Taylor,271120,Presidente Taylor,person,leading_quote
311663,‘¡Gracias,128351,¡Gracias,place,leading_quote
311669,‘¿Sigues,269658,¿Sigues,people,leading_quote
311685,‘Señor Grant,311731,Señor Grant,person,leading_quote
311693,“Sunday School Union,214098,Sunday School Union,people,leading_quote
311727,‘Tira,13922,Tira,person,leading_quote
311728,‘Cualquier,5320,Cualquier,person,leading_quote
311732,‘Hermano Maeser,311763,Hermano Maeser,person,leading_quote
311752,‘Olvídense,152330,Olvídense,person,leading_quote
311770,‘Rachel,19536,Rachel,person,leading_quote
311773,‘Madre,16956,Madre,place,leading_quote
311776,‘Hermano Grant,311760,Hermano Grant,person,leading_quote
311789,J. Grant’s,172563,J. Grant,person,possessive
311791,“Gospel Doctrine,58560,Gospel Doctrine,person,leading_quote
312003,“Observando,163884,Observando,person,leading_quote
312023,“Meek and Lowly,336183,Meek and Lowly,person,leading_quote
312069,“Solía,132999,Solía,person,leading_quote
312092,Trinidad.,18963,Trinidad,place,trailing_punct
312178,“Primeramente,25852,Primeramente,person,leading_quote
312195,“Concedan,745426,Concedan,person,leading_quote
312197,“Presidente McKay,310044,presidente McKay,person,leading_quote
312205,“Traigo,154033,Traigo,person,leading_quote
312218,“Elder Howard W. Hunter,68493,Elder Howard W. Hunter,person,leading_quote
312264,“Ésas,128670,Ésas,person,leading_quote
312451,‘Habló,14435,Habló,person,leading_quote
312506,“mirad,7588,Mirad,person,leading_quote
312614,‘Habla,12064,Habla,place,leading_quote
312827,“Reyn,248610,Reyn,person,leading_quote
312829,‘Reynolds,209522,Reynolds,person,leading_quote
312861,“Joseph Fielding Smith,55887,Joseph Fielding Smith,person,leading_quote
312872,“Relief Society Conference Minutes,313039,Relief Society Conference Minutes,people,leading_quote
312901,“Procuro,300694,Procuro,person,leading_quote
312921,‘Feliz,746580,Feliz,people,leading_quote
312924,Junie.,248755,Junie,person,trailing_punct
312962,‘Espero,127075,Espero,person,leading_quote
313117,‘Seguramente,129983,Seguramente,person,leading_quote
313129,‘Recuerdo,125733,Recuerdo,person,leading_quote
313130,“Quedé,145763,Quedé,person,leading_quote
313152,“Joseph Fielding Smith: Apostle,313038,Joseph Fielding Smith: Apostle,person,leading_quote
313170,“Medité,137585,Medité,person,leading_quote
313211,‘Salid,8361,Salid,place,leading_quote
313261,‘Tienen,150374,Tienen,people,leading_quote
313289,‘¡Deja,743755,¡Deja,place,leading_quote
313294,“Breve,5178,Breve,person,leading_quote
313382,“Continuamos,755043,Continuamos,person,leading_quote
313406,‘Todavía,15642,Todavía,person,leading_quote
313413,‘Predica,10447,Predica,people,leading_quote
313421,‘Soy,284716,SOY,people,leading_quote
313431,‘Sentí,126128,Sentí,person,leading_quote
313491,‘Hermano Fordham,290312,Hermano Fordham,person,leading_quote
313496,‘Probad,17822,Probad,person,leading_quote
313537,‘Señor Smith,163826,Señor Smith,person,leading_quote
313566,“Bastow,519462,Bastow,person,leading_quote
313572,“Autobiography,105713,Autobiography,person,leading_quote
313575,“Ladies’ Relief Society,313577,Ladies’ Relief Society,place,leading_quote
313597,‘Nadie,136114,Nadie,people,leading_quote
313598,‘George A.,271291,George A.,place,leading_quote
313613,‘Soy,17841,Soy,place,leading_quote
313631,“Wilford Woodruff,19866,Wilford Woodruff,person,leading_quote
313650,“Desafío,159804,Desafío,person,leading_quote
313655,“History of the Church,643440,History of the Church,people,leading_quote
313668,“Joseph Smith—Prophet,310031,Joseph Smith—Prophet,person,leading_quote
313686,‘Preparad,261761,Preparad,place,leading_quote
313709,“Quedó,736888,Quedó,place,leading_quote
313732,“¿de qué,269954,¿De qué,people,leading_quote
313848,“Vayan,9360,Vayan,person,leading_quote
314075,“Vimos,166162,Vimos,person,leading_quote
314081,‘Pregúntele,155834,Pregúntele,person,leading_quote
314165,“Jiří,250950,Jiří,person,leading_quote
314339,‘¡Todos,746844,¡Todos,place,leading_quote
314380,‘Bob,67271,Bob,person,leading_quote
314480,“Proporcionen,310309,Proporcionen,person,leading_quote
314537,‘¿Está,12415,¿Está,people,leading_quote
314555,‘¿Dónde,15861,¿Dónde,place,leading_quote
314572,‘Sal,7061,Sal,place,leading_quote
314626,“Worth While,183145,Worth While,person,leading_quote
314707,“Mark E. Peterson,197622,Mark E. Peterson,person,leading_quote
314710,“Somos,13907,Somos,person,leading_quote
314712,“Come,253762,Come,person,leading_quote
314717,“Frances Johnson Monson,686190,Frances Johnson Monson,person,leading_quote
314765,“Hermano Fordham,290312,Hermano Fordham,person,leading_quote
314780,‘¡Levántate,15909,¡Levántate,place,leading_quote
314801,‘¿Tienes,16207,¿Tienes,people,leading_quote
314835,“Character Sketch,108359,Character Sketch,person,leading_quote
314863,‘Quiero,10586,Quiero,place,leading_quote
314865,‘Levántate,7110,Levántate,person,leading_quote
314921,‘¿No tienes,290578,¿No tienes,people,leading_quote
314922,‘Entonces,16661,Entonces,place,leading_quote
315097,3 Nefi 27:16–20;,320998,3 Nefi 27:16–20,scripture_reference,trailing_punct
315325,Satanás Satanás,6584,Satanás,person,duplicated_word
315519,Cecilia Johns.,253192,Cecilia Johns,person,trailing_punct
315550,templo 1.,376669,templo 1,place,trailing_punct
315672,Autor anónimo.,132600,Autor anónimo,person,trailing_punct
315687,C. Harold Lowden.,253564,C. Harold Lowden,person,trailing_punct
316484,Augustus M. Toplady.,255628,Augustus M. Toplady,person,trailing_punct
317111,John D. Lee's,164266,John D. Lee,person,possessive
317381,“Recognizing Patterns of Abuse,198998,Recognizing Patterns of Abuse,concept,leading_quote
317527,Learning Learning,186668,Learning,person,duplicated_word
318602,Diligence Diligence,25872,Diligence,person,duplicated_word
318815,Children Children,34543,Children,person,duplicated_word
319334,Bradley R. Wilcox’s,74715,Bradley R. Wilcox,person,possessive
319594,“Personal Invitation to Attend Institute,243626,Personal Invitation to Attend Institute,people,leading_quote
319707,Tommy’s,59166,Tommy,person,possessive
319811,’The Lord Will Multiply the Harvest’ An Evening,319809,The Lord Will Multiply the Harvest’ An Evening,concept,leading_quote
319839,"Hear Him,",70818,Hear Him,concept,trailing_punct
320076,“Decidir,321800,Decidir,person,leading_quote
320077,“Acceder,5099,Acceder,place,leading_quote
320078,“Regocíjense,157375,Regocíjense,person,leading_quote
320080,“Guía,19058,Guía,person,leading_quote
320155,“obr[e,321052,obr[e,person,leading_quote
321073,“Comparar,6314,Comparar,person,leading_quote
321665,“Ángeles,6969,Ángeles,person,leading_quote
321679,“Análisis,6683,Análisis,person,leading_quote
321690,“Hacer,264644,Hacer,person,leading_quote
321711,“Comunicación,298627,Comunicación,person,leading_quote
321713,“Hablen,6417,Hablen,place,leading_quote
321837,“Invitación,321844,Invitación,person,leading_quote
321852,“Declaraciones,301832,Declaraciones,person,leading_quote
321933,"the ages,",651883,the Ages,period,trailing_punct
322290,Hezekiah’s,18906,Hezekiah,person,possessive
322944,King Lemuel’s,119260,King Lemuel,person,possessive
323128,"New Testament History,",527690,New Testament History,concept,trailing_punct
323645,King Asa’s,152863,King Asa,people,possessive
323936,Moses 7:18.,57639,Moses 7:18,scripture_reference,trailing_punct
324093,Jeremiah’s,19084,Jeremiah,person,possessive
325348,Philemon’s,19528,Philemon,person,possessive
325653,Fig. 1.,334205,Fig. 1,scripture_reference,trailing_punct
327309,Felix’s,33818,Felix,person,possessive
327315,Herod Agrippa II’s,327312,Herod Agrippa II,person,possessive
328193,The Temple in Antiquity:,666915,The Temple in Antiquity,concept,trailing_punct
329124,Tamar’s,35431,Tamar,person,possessive
329546,Zipporah’s,19883,Zipporah,person,possessive
330054,Joel’s,19091,Joel,person,possessive
331040,Saint’s,22389,Saint,place,possessive
331201,Partner A’s,331200,Partner A,people,possessive
331259,Reading Reading,41043,Reading,person,duplicated_word
331260,Writing Writing,47295,Writing,person,duplicated_word
331330,Attendance Attendance,21931,Attendance,person,duplicated_word
331871,“Han,5768,Han,person,leading_quote
331892,“Pido,158847,Pido,place,leading_quote
331919,“¿Cuán,127249,¿Cuán,person,leading_quote
331939,“Torah,46567,Torah,person,leading_quote
331941,“Groan,53700,Groan,person,leading_quote
331950,“Jesus,18645,Jesus,person,leading_quote
332054,3:16;,158990,3:16,scripture_reference,trailing_punct
332217,“Diaspora,44867,Diaspora,person,leading_quote
332222,“King Herod,80297,King Herod,person,leading_quote
332278,“Despise,11,Despise,person,leading_quote
332368,“Sinagoga,333250,Sinagoga,place,leading_quote
332703,“Moriah,109368,Moriah,person,leading_quote
332793,“Confesar,18729,Confesar,person,leading_quote
332935,“Scapegoat,53351,Scapegoat,person,leading_quote
332969,Hebreos 9.,265215,Hebreos 9,scripture_reference,trailing_punct
333269,“Escoge,11826,Escoge,person,leading_quote
333321,‘Vete,13621,Vete,place,leading_quote
333396,“Earnest,246904,Earnest,person,leading_quote
333415,“Importancia,315331,Importancia,person,leading_quote
333705,“Mark,19267,Mark,person,leading_quote
333774,“Judea,25406,Judea,person,leading_quote
333846,“Idol,325262,Idol,person,leading_quote
333957,2:15;,236538,2:15,scripture_reference,trailing_punct
334096,“Describe,161962,Describe,person,leading_quote
334185,‘Urim,14799,Urim,place,leading_quote
334320,“Ephod,36444,Ephod,person,leading_quote
334574,“Canaan,3581,Canaan,person,leading_quote
334953,“Surge,151062,Surge,person,leading_quote
335364,“Rey,6924,Rey,person,leading_quote
335371,“Divination,430262,DIVINATION,people,leading_quote
335381,“Piedras,149269,Piedras,person,leading_quote
335447,‘¿Hasta,17190,¿Hasta,people,leading_quote
335454,“Judah,19106,Judah,person,leading_quote
335530,“Viper,214491,Viper,person,leading_quote
335718,“Kings,19222,Kings,person,leading_quote
335731,“Jeroboam,19086,Jeroboam,person,leading_quote
335798,“Holiness,335799,Holiness,person,leading_quote
335877,“¿Quieres,8468,¿Quieres,people,leading_quote
335884,“Bethesda,97874,Bethesda,person,leading_quote
335954,“Nazarite,203574,Nazarite,person,leading_quote
336025,“¡Consumado,10286,¡Consumado,place,leading_quote
336038,7:40;,328566,7:40,scripture_reference,trailing_punct
336039,8:30;,328567,8:30,scripture_reference,trailing_punct
336113,“Diluvio,7927,Diluvio,person,leading_quote
336114,“Copy,210808,Copy,person,leading_quote
336115,“Nimrod,28281,Nimrod,person,leading_quote
336173,‘Saúl,12507,Saúl,place,leading_quote
336178,“Sabaoth,51296,Sabaoth,person,leading_quote
336293,3:15.,238935,3:15,scripture_reference,trailing_punct
336344,“Moab,19322,Moab,person,leading_quote
336345,“Chemosh,37307,Chemosh,person,leading_quote
336363,“Belial,333416,Belial,person,leading_quote
336366,“Dagon,37729,Dagon,person,leading_quote
336432,“Similitudes,298896,Similitudes,person,leading_quote
336439,“Kine,414115,Kine,person,leading_quote
336644,“Holy Bible,388456,Holy Bible,people,leading_quote
336652,Robert L.,702207,Robert L,person,trailing_punct
336663,“Chronology of the Old Testament,325056,Chronology of the Old Testament,people,leading_quote
336668,“Song of Solomon,605575,Song of Solomon,people,leading_quote
336748,“Keturah,36136,Keturah,person,leading_quote
336927,‘padre’,273035,Padre’,people,leading_quote
336981,Romanos 8:14–16.,337456,Romanos 8:14–16,scripture_reference,trailing_punct
337082,Robert J.,601927,Robert J,person,trailing_punct
337116,6:15;,318424,6:15,scripture_reference,trailing_punct
337168,“Andaré,15794,Andaré,person,leading_quote
337222,“Deuteronomy,48619,Deuteronomy,person,leading_quote
337223,‘Jehová nuestro Dios,12619,Jehová nuestro Dios,person,leading_quote
337336,“Calla,14139,Calla,person,leading_quote
337411,“Dar,140436,Dar,person,leading_quote
337413,“Phebe,35964,Phebe,person,leading_quote
337512,“Omer,8513,Omer,person,leading_quote
337573,“Guía,6278,Guía,place,leading_quote
337651,“Leer,152953,Leer,place,leading_quote
337654,“Uzzah,38388,Uzzah,person,leading_quote
337721,“Modelo,161614,Modelo,person,leading_quote
337831,‘Tenemos,141275,Tenemos,people,leading_quote
337912,“Delia,226126,Delia,person,leading_quote
337947,“Ungido,128836,Ungido,people,leading_quote
337949,“Alá,275575,Alá,person,leading_quote
337959,“Pensar,307017,Pensar,place,leading_quote
337984,“Utilizar,138638,Utilizar,place,leading_quote
338010,“Resolver,337983,Resolver,place,leading_quote
338024,“Éxito,134611,Éxito,person,leading_quote
338046,“Aprender,4845,Aprender,place,leading_quote
338051,“Saber,128323,Saber,place,leading_quote
338063,Escribir Escribir,266287,Escribir,person,duplicated_word
338070,“Organizar,5027,Organizar,place,leading_quote
338097,“Descubrir,338081,Descubrir,place,leading_quote
338300,Elder O. Hyde's,526694,Elder O. Hyde,person,possessive
338385,“Busquemos,312308,Busquemos,person,leading_quote
338541,“Registrar,6265,Registrar,person,leading_quote
338713,’70s,75758,70s,period,leading_quote
338716,Reuben Clark Jr.,133680,Reuben Clark Jr,person,trailing_punct
338923,Granger’s,197007,Granger,person,possessive
338948,Community of Christ’s,57344,Community of Christ,people,possessive
338955,Morley’s,193049,Morley,people,possessive
338975,LeRoi’s,219035,LeRoi,person,possessive
339079,Great Basin Kingdom:,211635,Great Basin Kingdom,place,trailing_punct
339379,the Oregon Trail’s,339377,the Oregon Trail,place,possessive
339480,the Granite Stake’s,555601,the Granite Stake,concept,possessive
339510,Edward R. Murrow’s,245376,Edward R. Murrow,person,possessive
339577,William Blackstone’s,210320,William Blackstone,person,possessive
339795,"D&C 46,",339794,D&C 46,scripture_reference,trailing_punct
339934,Parting the Veil:,341314,Parting the Veil,concept,trailing_punct
339980,Don Carlos’s,43294,Don Carlos,person,possessive
340057,Riley’s,77123,Riley,people,possessive
340182,Hofmann’s,228656,Hofmann,person,possessive
340195,E. Turley Jr.,376577,E. Turley Jr,person,trailing_punct
340207,Evans’s,107758,Evans,person,possessive
340317,Grant’s,225293,Grant,people,possessive
340555,A Most Influential Mormon Islander:,340561,A Most Influential Mormon Islander,concept,trailing_punct
340596,Samuel R. Williamson Jr.,376753,Samuel R. Williamson Jr,person,trailing_punct
340610,Williamson Jr.,376755,Williamson Jr,person,trailing_punct
340616,James I.,204429,James I,person,trailing_punct
340633,Sagwitch Sagwitch,72970,Sagwitch,person,duplicated_word
340855,the Young Men’s Mutual Improvement Association’s,66061,the Young Men’s Mutual Improvement Association,people,possessive
341093,Massacre at Mountain Meadows:,710337,Massacre at Mountain Meadows,concept,trailing_punct
341382,Fanny’s,208927,Fanny,people,possessive
341383,Fanny Alger’s,165035,Fanny Alger,person,possessive
341384,Hancock’s,114023,Hancock,person,possessive
341424,R. L. Polk & Co.,377148,R. L. Polk & Co,person,trailing_punct
341557,Ardeth Kapp’s,85323,Ardeth Kapp,person,possessive
341596,"the age of 16,",107765,the age of 16,period,trailing_punct
341670,"Temple Building,",312756,Temple Building,people,trailing_punct
341714,General Kearney's,391153,General Kearney,people,possessive
341956,Joseph Smith III:,112956,Joseph Smith III,person,trailing_punct
342094,Apostle Paul’s,46493,Apostle Paul,person,possessive
342152,Apostle Amasa Lyman’s,342195,Apostle Amasa Lyman,people,possessive
342201,Egbert B. Grandin’s,66664,Egbert B. Grandin,person,possessive
342293,Christopher Columbus’s,67201,Christopher Columbus,person,possessive
342345,Hawn’s,342347,Hawn,person,possessive
342361,Welfare before Welfare:,220617,Welfare before Welfare,concept,trailing_punct
342440,Mendel’s,377694,Mendel,person,possessive
342524,Bridgeforth’s,342521,Bridgeforth,place,possessive
342599,Everett Smith Jr.,377765,Everett Smith Jr,person,trailing_punct
342769,William Carl’s,342768,William Carl,person,possessive
342929,‘Man Was Also,344387,Man Was Also,concept,leading_quote
343009,Utah Co.,565190,Utah Co,people,trailing_punct
343042,>Mountain Meadows Massacre:,343040,>Mountain Meadows Massacre,people,trailing_punct
343333,Solomon Chamberlin’s,207958,Solomon Chamberlin,person,possessive
343463,Phelps’s,10032,Phelps,person,possessive
343527,Henry Louis Gates Jr.,378215,Henry Louis Gates Jr,person,trailing_punct
343574,Emmeline B. Wells’s,84358,Emmeline B. Wells,person,possessive
343730,the Nauvoo Lodge’s,343724,the Nauvoo Lodge,people,possessive
343748,William H. Stemper Jr.,378312,William H. Stemper Jr,person,trailing_punct
343788,William Weeks’s,90098,William Weeks,person,possessive
343874,"February 19, 1870:",354942,"February 19, 1870",period,trailing_punct
343931,Alvin Smith’s,150532,Alvin Smith,person,possessive
344050,Toe’s,344045,Toe,person,possessive
344081,Mary and Hyrum’s,344099,Mary and Hyrum,people,possessive
344088,Robert Thompson’s,208994,Robert Thompson,person,possessive
344142,John Witte Jr.,378490,John Witte Jr,person,trailing_punct
344145,John Calvin’s,81455,John Calvin,person,possessive
344196,Warren Cowdery’s,132896,Warren Cowdery,person,possessive
344211,Doctrine and Covenants 106:6.,132924,Doctrine and Covenants 106:6,scripture_reference,trailing_punct
344213,Doctrine and Covenants 106:8.,132925,Doctrine and Covenants 106:8,scripture_reference,trailing_punct
344351,Martin’s,65278,Martin,people,possessive
344684,Hancock’s,538830,Hancock,people,possessive
344705,Patten’s,9531,Patten,person,possessive
344749,Joseph Jr.’s,114309,Joseph Jr.,person,possessive
344780,Ashbel Kitchell’s,193644,Ashbel Kitchell,person,possessive
344781,Lawrence R. Flake’s,344778,Lawrence R. Flake,person,possessive
344788,E. B. Grandin’s,61183,E. B. Grandin,person,possessive
344906,Utah Territory’s,112922,Utah Territory,people,possessive
344923,Cannon’s,70938,Cannon,people,possessive
345009,N. K. Whitney & Co.,379750,N. K. Whitney & Co,person,trailing_punct
345020,Geauga Co.,661695,Geauga Co,person,trailing_punct
345150,Having More Learning Than Sense:,766178,Having More Learning Than Sense,concept,trailing_punct
345261,The Imperial Osages:,345264,The Imperial Osages,people,trailing_punct
345319,Susa Young Gates’s,214622,Susa Young Gates,people,possessive
345353,Freeman Nickerson’s,88482,Freeman Nickerson,person,possessive
345389,Jesse Gause’s,32611,Jesse Gause,person,possessive
345579,Samuel Underhill’s,379274,Samuel Underhill,person,possessive
345748,Nathan Baldwin’s,196436,Nathan Baldwin,person,possessive
345764,Thayer’s,345761,Thayer,person,possessive
345807,"Relief Society Minute Book,",291816,Relief Society Minute Book,people,trailing_punct
345832,Sister Snow’s,61761,Sister Snow,person,possessive
345908,Sister Smith’s,84372,Sister Smith,people,possessive
345945,Sister Lyman’s,345906,Sister Lyman,person,possessive
345948,Sister Bangerter’s,95106,Sister Bangerter,people,possessive
345976,"Society Minute Book,",209812,Society Minute Book,people,trailing_punct
346023,Sarah Kimball’s,110982,Sarah Kimball,person,possessive
346511,McLellin’s,32317,McLellin,people,possessive
346862,John Sharp's,533047,John Sharp,person,possessive
346946,Ann Eliza's,212475,Ann Eliza,person,possessive
347482,Lou Gehrig’s,108036,Lou Gehrig,person,possessive
347739,Andrew Ferguson’s,347737,Andrew Ferguson,person,possessive
347740,Mary Ferguson’s,380400,Mary Ferguson,person,possessive
347882,Peter Pan’s,102691,Peter Pan,person,possessive
348205,Barney’s,211613,Barney,person,possessive
348305,Judy Bester’s,348340,Judy Bester,person,possessive
348434,Moroni 10:,192032,Moroni 10,scripture_reference,trailing_punct
348448,Elaine Cannon’s,72459,Elaine Cannon,person,possessive
348486,Green’s,94740,Green,person,possessive
348502,J. Grant Jr.,380742,J. Grant Jr,person,trailing_punct
348577,William Hendricks’s,211654,William Hendricks,person,possessive
348767,Joseph Jacobs’s,380844,Joseph Jacobs,person,possessive
348830,Spafford’s,113662,Spafford,people,possessive
348962,"18, 1918,",340778,"18, 1918",period,trailing_punct
348974,Goddard’s,345376,Goddard,person,possessive
348982,"John Lancaster Spalding,",380947,John Lancaster Spalding,person,trailing_punct
349086,William Wordsworth’s,66149,William Wordsworth,person,possessive
349160,“Council of Health,349144,Council of Health,people,leading_quote
349438,Brigham Young University’s,56825,Brigham Young University,people,possessive
349650,Leatham’s,349617,Leatham,person,possessive
349682,"Mexican Mission,",223388,Mexican Mission,people,trailing_punct
349716,J.R.R. Tolkien’s,349758,J.R.R. Tolkien,person,possessive
349846,William D. Phillips Jr.,381329,William D. Phillips Jr,person,trailing_punct
349856,Chicago World’s Fair:,217975,Chicago World’s Fair,people,trailing_punct
349942,Clarissa Young’s,218254,Clarissa Young,people,possessive
350138,The Cuban Missile Crisis:,342715,the Cuban Missile Crisis,people,trailing_punct
350225,Virgil’s,476084,Virgil,people,possessive
350280,Kimball’s,208742,Kimball,people,possessive
350480,Elizabeth Ann Whitney’s,163984,Elizabeth Ann Whitney,person,possessive
350825,Sister E. R. Snow’s,353886,Sister E. R. Snow,person,possessive
351123,"the Committee on Charities,",351125,The Committee on Charities,people,trailing_punct
351142,Snow’s,313799,Snow,people,possessive
351189,"University of California,",243594,University of California,people,trailing_punct
352279,Nehemiah Harmon’s,517883,Nehemiah Harmon,person,possessive
352431,the house of Sister Bird’s,352466,the house of Sister Bird,people,possessive
352476,the house of Sister C. Hardy’s,352461,the house of Sister C. Hardy,people,possessive
352536,Amanda Barnes Smith’s,207387,Amanda Barnes Smith,people,possessive
352561,“Voice of Innocence,524468,Voice of Innocence,people,leading_quote
352564,Gen Smith’s,359647,Gen Smith,person,possessive
352597,The Translator and the Ghostwriter:,352603,The Translator and the Ghostwriter,concept,trailing_punct
352605,Nicholas Rowe’s,352606,Nicholas Rowe,person,possessive
352633,Sarah Partridge’s,352644,Sarah Partridge,person,possessive
352769,Emma’s,60798,Emma,people,possessive
352773,“Sister Eliza,352774,Sister Eliza,people,leading_quote
353216,Edward III.,353215,Edward III,person,trailing_punct
353550,Potter’s,63912,Potter,person,possessive
353686,Ellen Lunt’s,348720,Ellen Lunt,person,possessive
353772,Walker et al.,788617,Walker et al,person,trailing_punct
354186,Zina Card’s,354125,Zina Card,people,possessive
354194,Lucy Meserve Smith’s,60961,Lucy Meserve Smith,person,possessive
354268,"2 John 1:1,",133552,2 John 1:1,scripture_reference,trailing_punct
354386,Lady’s,353342,Lady,person,possessive
354752,Udall’s,489268,Udall,person,possessive
354754,Udall’s,292478,Udall,people,possessive
354759,Bathsheba Smith’s,215058,Bathsheba Smith,people,possessive
354982,Hannah M. Ells’s,347602,Hannah M. Ells,person,possessive
355154,80–81.,171035,80–81,period,trailing_punct
355168,Cragin’s,355071,Cragin,person,possessive
355171,Jacob Hawn’s,342346,Jacob Hawn,person,possessive
355190,Eleanor McLean’s,213202,Eleanor McLean,person,possessive
355191,Pratt’s,289826,Pratt,people,possessive
355287,Mary Godbe’s,670194,Mary Godbe,person,possessive
355328,Robert T. Burton’s,108993,Robert T. Burton,person,possessive
355334,Edward W. Tullidge’s,83076,Edward W. Tullidge,person,possessive
355400,Horne’s,212034,Horne,people,possessive
355778,Liljenquist’s,213375,Liljenquist,people,possessive
356038,Bathsheba Smith’s,85300,Bathsheba Smith,person,possessive
356365,Fanny Stenhouse’s,214583,Fanny Stenhouse,person,possessive
356571,Julian’s,230922,Julian,person,possessive
356654,Scoles’s,356656,Scoles,person,possessive
356802,Sister Chapman’s,693651,Sister Chapman,person,possessive
356872,Elizabeth Cady Stanton’s,215163,Elizabeth Cady Stanton,person,possessive
356873,Willard’s,65011,Willard,person,possessive
356958,Jane S. Richards’s,216612,Jane S. Richards,person,possessive
357100,Jo Smith’s,163336,Jo Smith,person,possessive
357101,Ellen Douglas’s,118279,Ellen Douglas,person,possessive
357215,“East Temple,357173,East Temple,place,leading_quote
357230,the Temple. Sis.,357229,the Temple. Sis,place,trailing_punct
357452,J. C. Bennett’s,520226,J. C. Bennett,person,possessive
357471,the Salt Lake Herald’s,216307,the Salt Lake Herald,place,possessive
358114,Rigdon’s,48728,Rigdon,person,possessive
358121,"Fayette Township,",183789,Fayette Township,place,trailing_punct
358255,Zebedee Coltrin’s,32063,Zebedee Coltrin,person,possessive
358326,“How the Elders,358325,How the Elders,concept,leading_quote
358382,the Joseph Smith Sr.,586091,the Joseph Smith Sr,people,trailing_punct
358536,Levi Hancock’s,30786,Levi Hancock,person,possessive
358550,Sarah Ann’s,357363,Sarah Ann,person,possessive
358667,Clayton’s,210034,Clayton,people,possessive
358704,Jackson Co.,606621,Jackson Co,people,trailing_punct
358739,Partridge’s,345444,Partridge,people,possessive
358769,Grandin’s,61187,Grandin,person,possessive
358788,Wayne Co.,290108,Wayne Co,person,trailing_punct
358842,Peter Whitmer Jr.’s,31219,Peter Whitmer Jr.,person,possessive
359079,Gilbert’s,32075,Gilbert,person,possessive
359120,the King James Bible’s,24022,the King James Bible,people,possessive
359128,Benjamin F. Johnson’s,73667,Benjamin F. Johnson,person,possessive
359152,Adam Clarke’s,203444,Adam Clarke,person,possessive
359399,Malachi’s,19264,Malachi,person,possessive
359404,Copley’s,193588,Copley,person,possessive
359495,F. G. Williams & Co.,378773,F. G. Williams & Co,person,trailing_punct
360051,George Edward Anderson’s,250279,George Edward Anderson,person,possessive
360719,Symonds Rider’s,347219,Symonds Rider,person,possessive
360753,Newel K. Whitney et al.,516075,Newel K. Whitney et al,person,trailing_punct
360758,Whitney’s,565392,Whitney,concept,possessive
360863,Far West’s,29774,Far West,place,possessive
360943,Booth’s,472474,Booth,concept,possessive
360961,William E. McLellin’s,29828,William E. McLellin,person,possessive
361009,Cache Co.,587113,Cache Co,people,trailing_punct
361273,Vienna Jacques’s,313224,Vienna Jacques,person,possessive
361285,Frederick Moeser’s,363355,Frederick Moeser,person,possessive
361435,Gilliam’s,221902,Gilliam,person,possessive
361527,Ann Lee’s,31917,Ann Lee,person,possessive
361584,Philip Burroughs’s,31540,Philip Burroughs,person,possessive
361599,Alexander Campbell’s,192894,Alexander Campbell,person,possessive
361674,the Joseph Smith Sr.,343952,the Joseph Smith Sr,place,trailing_punct
361795,Reynolds Cahoon’s,32977,Reynolds Cahoon,people,possessive
362086,"Lyman Wight,",196389,Lyman Wight,people,trailing_punct
362174,the Nauvoo Expositor’s,210267,the Nauvoo Expositor,people,possessive
362179,Richards’s,199312,Richards,people,possessive
362256,Fellows’s,525953,Fellows,person,possessive
362383,Essex Co.,526121,Essex Co,people,trailing_punct
362493,Kimball and Hyde’s,32404,Kimball and Hyde,concept,possessive
363000,Ezra Thayer’s,129931,Ezra Thayer,person,possessive
363199,Knight’s,112363,Knight,people,possessive
363343,Austria’s,369973,Austria,person,possessive
363458,Bishop Choi’s,118211,Bishop Choi,people,possessive
363647,Elisala’s,363639,Elisala,person,possessive
363664,Thomas Holder’s,363650,Thomas Holder,person,possessive
363762,Saint Church History:,207378,Saint Church History,place,trailing_punct
363870,Viacheslav Efimov’s,381977,Viacheslav Efimov,person,possessive
364123,Ćosić’s,364973,Ćosić,people,possessive
364125,John Stosich’s,364113,John Stosich,person,possessive
364157,Charles Taylor’s,78585,Charles Taylor,person,possessive
364373,the Sonora Ward’s,686915,the Sonora Ward,place,possessive
364387,Accra’s,75864,Accra,people,possessive
364712,Maxine Grimm’s,382358,Maxine Grimm,person,possessive
365178,Lina’s,708981,Lina,person,possessive
365350,Gregory Billikopf’s,382687,Gregory Billikopf,person,possessive
365353,Billikopf’s,365354,Billikopf,people,possessive
365446,Emmanuel Abu.,231490,Emmanuel Abu,person,trailing_punct
365472,Gabriela Lemos Lechini’s,382706,Gabriela Lemos Lechini,person,possessive
365533,the Vienna Branch’s,222078,the Vienna Branch,place,possessive
365732,Walter Murray Gibson’s,214042,Walter Murray Gibson,person,possessive
365747,A Gathering Place:,729889,A Gathering Place,concept,trailing_punct
365786,Harriet “Ret” Gundersen’s,382791,Harriet “Ret” Gundersen,person,possessive
365859,Alphonsine’s,365858,Alphonsine,person,possessive
365885,Manu’s,365881,Manu,person,possessive
366013,Marlene’s,366006,Marlene,person,possessive
366410,the North America West Area’s,62420,the North America West Area,place,possessive
366797,Anastasion’s,383997,Anastasion,people,possessive
367561,Henry Patalinghug’s,367551,Henry Patalinghug,person,possessive
367734,Oscar McConkie Jr.,383423,Oscar McConkie Jr,person,trailing_punct
367753,Mbuyi Nkitabungi’s,367750,Mbuyi Nkitabungi,people,possessive
367788,the CongoThe Church’s,371554,the CongoThe Church,people,possessive
367847,Vibol’s,367842,Vibol,person,possessive
367856,Ho Jik’s,226764,Ho Jik,person,possessive
367965,Fujiya Nara’s,363966,Fujiya Nara,person,possessive
367981,Edward Clissold’s,223096,Edward Clissold,person,possessive
368050,James Fielding’s,208921,James Fielding,person,possessive
368323,Mary Jean’s,368320,Mary Jean,person,possessive
368444,Wondra’s,368443,Wondra,people,possessive
368879,the Chion-Hocks’s,368876,the Chion-Hocks,people,possessive
369163,Stanley’s,212298,Stanley,people,possessive
369596,St. Petersburg’s,85038,St. Petersburg,place,possessive
369606,Charles C. Littke’s,383996,Charles C. Littke,person,possessive
369625,Francis M. Lyman’s,90286,Francis M. Lyman,person,possessive
369756,Einar Molland’s,369752,Einar Molland,person,possessive
369818,Edward’s,364711,Edward,people,possessive
369879,Daniel Kola’s,369872,Daniel Kola,person,possessive
370662,Iceland’s,370660,Iceland,people,possessive
370696,Mi Kyung’s,370694,Mi Kyung,person,possessive
371065,Elizabeth Brummer’s,384556,Elizabeth Brummer,person,possessive
371112,Venezuela’s,371073,Venezuela,person,possessive
371181,Northern Ireland’s,83634,Northern Ireland,place,possessive
371341,Helene’s,220157,Helene,person,possessive
371441,Adepoju’s,371442,Adepoju,person,possessive
371604,Ed Rowe’s,371607,Ed Rowe,person,possessive
371606,Jessie’s,108168,Jessie,person,possessive
371609,Vicky’s,371605,Vicky,person,possessive
372002,Tsao Lien-ch’eng,372003,Tsao,person,pronunciation_tail
372339,Ning Ching’s,372334,Ning Ching,person,possessive
372400,Reyna I. Aburto’s,59448,Reyna I. Aburto,person,possessive
372464,the Republic of South Africa’s,673465,the Republic of South Africa,place,possessive
372548,Joseph Larbie’s,372551,Joseph Larbie,person,possessive
372629,Iotua Tune’s,86303,Iotua Tune,person,possessive
372707,Elam Luddington’s,363798,Elam Luddington,person,possessive
372760,Michel’s,372752,Michel,person,possessive
372808,Wandell’s,536107,Wandell,people,possessive
373255,Massamba-Sita’s,373256,Massamba-Sita,people,possessive
373258,Jean Patrice’s,373259,Jean Patrice,person,possessive
373347,Carla’s,373344,Carla,person,possessive
373540,Heidi Kaspar’s,385397,Heidi Kaspar,person,possessive
373905,Fargier’s,373903,Fargier,person,possessive
373912,Kleinert’s,373908,Kleinert,person,possessive
374001,Mario’s,72316,Mario,person,possessive
374023,Allen’s,290329,Allen,people,possessive
374149,Michael Samura’s,371298,Michael Samura,person,possessive
374158,Elizabeth Bangura’s,374153,Elizabeth Bangura,person,possessive
374201,Sierra Leone’s,76941,Sierra Leone,people,possessive
374237,María Burk’s,385692,María Burk,person,possessive
374654,William Chittenden’s,385824,William Chittenden,person,possessive
374730,Sergei Tšekmarjov’s,374726,Sergei Tšekmarjov,person,possessive
374970,Anna Gaarden Widtsoe’s,215597,Anna Gaarden Widtsoe,person,possessive
375033,Puerto Rico’s,59287,Puerto Rico,place,possessive
375200,Vlam’s,222483,Vlam,person,possessive
375203,J. Paul Jongkees’s,375201,J. Paul Jongkees,person,possessive
375214,Johann’s,232179,Johann,person,possessive
375293,Maxine’s,96655,Maxine,people,possessive
375430,Valentine Valentine,73325,Valentine,person,duplicated_word
375559,Lizzie’s,104121,Lizzie,person,possessive
375617,the Republic.,809724,The Republic,place,trailing_punct
375749,Gold Rush Capitalists:,375748,Gold Rush Capitalists,person,trailing_punct
375848,“Policía,746737,Policía,person,leading_quote
375854,“Helmuth Hübener,222340,Helmuth Hübener,person,leading_quote
375883,“Kirtland Ohio,338938,Kirtland Ohio,person,leading_quote
375895,“United Orders,214318,United Orders,people,leading_quote
375933,” Evangelical Magazine and Gospel Advocate,271021,Evangelical Magazine and Gospel Advocate,people,leading_quote
375962,Véanse Temas:,291303,Véanse Temas,people,trailing_punct
376032,“Leah Widtsoe,293946,Leah Widtsoe,person,leading_quote
376052,“Stakes,20307,Stakes,person,leading_quote
376094,“Lealtad,146422,Lealtad,place,leading_quote
376187,“Manifiesto,19292,Manifiesto,place,leading_quote
376190,“Federal,520349,Federal,place,leading_quote
376255,“William Weeks,90098,William Weeks,person,leading_quote
376272,“Grant’s Watershed:,218388,Grant’s Watershed:,person,leading_quote
376274,“Apostolic Succession,210715,Apostolic Succession,people,leading_quote
376306,“Indian Placement,376307,Indian Placement,person,leading_quote
376362,"D. y C. 46,",378686,D. y C. 46,scripture_reference,trailing_punct
376374,Véanse los Temas:,375981,Véanse los Temas,people,trailing_punct
376390,“Rebaptism,761208,REBAPTISM,person,leading_quote
376397,“Setentas de Área,5315,Setentas de Área,person,leading_quote
376472,“Joseph Knight’s Recollection,207646,Joseph Knight’s Recollection,person,leading_quote
376477,“Sophronia Smith Stoddard McCleary,340006,Sophronia Smith Stoddard McCleary,person,leading_quote
376480,“Samuel Harrison Smith,67829,Samuel Harrison Smith,person,leading_quote
376485,“Joseph Smith’s Brothers,340017,Joseph Smith’s Brothers,person,leading_quote
376522,Black Mormon:,217987,Black Mormon,people,trailing_punct
376563,“General Introduction,426154,General Introduction,people,leading_quote
376648,“Young Woman’s Journal,116966,Young Woman’s Journal,people,leading_quote
376738,“Jonathan Napela,212320,Jonathan Napela,person,leading_quote
376759,“Joseph F.,19732,Joseph F.,person,leading_quote
376760,“Joseph F. Smith and the First World War:,295448,Joseph F. Smith and the First World War:,person,leading_quote
376761,“Joseph F. Smith,31137,Joseph F. Smith,person,leading_quote
376786,“Agreement with Isaac Hale,289502,Agreement with Isaac Hale,person,leading_quote
376801,Joseph Bates Noble:,209706,Joseph Bates Noble,person,trailing_punct
376837,“Sauniatu,382163,Sauniatu,person,leading_quote
376865,C. Kimball's,208913,C. Kimball,person,possessive
376881,“Singlehood,340908,Singlehood,people,leading_quote
376895,“Ute,212700,Ute,people,leading_quote
376922,“Memorandum,98096,Memorandum,person,leading_quote
376935,“Humanitarian Service,297241,Humanitarian Service,person,leading_quote
376949,‘Himnos,5228,Himnos,person,leading_quote
376990,“Belle S. Spafford,92331,Belle S. Spafford,person,leading_quote
376994,“Patriarchal Blessings,19491,Patriarchal Blessings,person,leading_quote
377048,“Palmyra,29724,Palmyra,place,leading_quote
377074,“Elizabeth Ann Whitmer Cowdery,341280,Elizabeth Ann Whitmer Cowdery,person,leading_quote
377087,“Moroni,19324,Moroni,person,leading_quote
377099,“Orden Unida de Enoc,292246,Orden Unida de Enoc,people,leading_quote
377135,“Francis,58864,Francis,person,leading_quote
377136,“Francis Ward,341385,Francis Ward,person,leading_quote
377150,Indianapolis:,61128,Indianapolis,place,trailing_punct
377163,Alcohol in America:,379256,Alcohol in America,people,trailing_punct
377191,“Amanda Smith,65010,Amanda Smith,person,leading_quote
377271,“Deseret Alphabet,341609,Deseret Alphabet,person,leading_quote
377297,“Church Headquarters,207354,Church Headquarters,person,leading_quote
377311,“Presencié,161165,Presencié,person,leading_quote
377322,“John Taylor,30565,John Taylor,person,leading_quote
377347,“Temples,632867,Temples,person,leading_quote
377397,“The Mormon Outmigration,377390,The Mormon Outmigration,people,leading_quote
377456,“Alexander H. Smith,214351,Alexander H. Smith,person,leading_quote
377508,“Alvin Smith,150532,Alvin Smith,person,leading_quote
377538,“Sam Brannan,109496,Sam Brannan,person,leading_quote
377568,“Orson,19038,Orson,person,leading_quote
377607,“Jesse Gause,32611,Jesse Gause,person,leading_quote
377692,“Leman Copley,31718,Leman Copley,person,leading_quote
377701,“Darwin,90777,Darwin,person,leading_quote
377808,“Akimel Au-Authm,342683,Akimel Au-Authm,person,leading_quote
377842,“Charles Ora Card,215706,Charles Ora Card,person,leading_quote
377917,“‘También,294910,También,people,leading_quote
377934,“Nathan Smith,85264,Nathan Smith,person,leading_quote
377935,“Joseph Smith’s,160293,“Joseph Smith,person,possessive
377936,“Addenda,342970,Addenda,person,leading_quote
377948,“Consejo de los Cincuenta,290611,Consejo de los Cincuenta,people,leading_quote
377962,“Life History of Nancy Naomi Alexander Tracy,377426,Life History of Nancy Naomi Alexander Tracy,person,leading_quote
377964,“Alexander Neibaur,159703,Alexander Neibaur,person,leading_quote
377972,‘Envíen,743228,Envíen,person,leading_quote
378008,“Martin Harris,29722,Martin Harris,person,leading_quote
378114,“Women with,381231,Women with,person,leading_quote
378196,“Joseph Smith Sr.,30664,Joseph Smith Sr.,person,leading_quote
378257,St. George.,57338,St. George,place,trailing_punct
378297,“Mormon Railroads,343689,Mormon Railroads,people,leading_quote
378302,“Compañero,17652,Compañero,person,leading_quote
378308,n.p.,344500,n.p,people,trailing_punct
378363,“moderación,376375,Moderación,person,leading_quote
378422,Kirtland.,19197,Kirtland,place,trailing_punct
378447,“Realmente,301522,Realmente,place,leading_quote
378524,Doctrina y Convenios 106:6.,262144,Doctrina y Convenios 106:6,scripture_reference,trailing_punct
378526,Doctrina y Convenios 106:8.,262145,Doctrina y Convenios 106:8,scripture_reference,trailing_punct
378588,“llegó de noche,9342,llegó de noche,person,leading_quote
378786,‘Cómo,4928,Cómo,place,leading_quote
378831,“Brief History,289875,Brief History,people,leading_quote
378897,“Creí,10622,Creí,person,leading_quote
378980,“Lyman Sherman,30372,Lyman Sherman,person,leading_quote
379066,“Joseph Smith Translation of the Bible,289622,Joseph Smith Translation of the Bible,person,leading_quote
379098,“Model of Christian Charity,185047,Model of Christian Charity,person,leading_quote
379157,“Joseph Smith’s Journeys,345366,Joseph Smith’s Journeys,person,leading_quote
379161,“O. Pratt,345379,O. Pratt,person,leading_quote
379162,“F. Nickerson,345380,F. Nickerson,person,leading_quote
379171,“Note,259647,Note,person,leading_quote
379204,‘Línea,126004,Línea,person,leading_quote
379250,“School of the Prophets,19691,School of the Prophets,people,leading_quote
379273,“Rev,417838,Rev,person,leading_quote
379338,“‘Walls,655875,Walls,people,leading_quote
379365,“Previamente,383852,Previamente,place,leading_quote
379368,“Declaración,138232,Declaración,person,leading_quote
379382,“Sólo,128993,Sólo,person,leading_quote
379439,“Nutrir,744885,Nutrir,person,leading_quote
379467,‘Han,135460,Han,place,leading_quote
379474,‘Bienvenida,4983,Bienvenida,place,leading_quote
379487,“Luchando,145015,Luchando,person,leading_quote
379496,“Apoyamos,127403,Apoyamos,person,leading_quote
379565,‘¿Desean,139536,¿Desean,people,leading_quote
380258,‘Utilizar,6611,Utilizar,person,leading_quote
380306,“Elder,56082,Elder,person,leading_quote
380327,‘Mensaje,161624,Mensaje,person,leading_quote
380342,Women and the Work of Benevolence:,381189,Women and the Work of Benevolence,people,trailing_punct
380367,“Mary Jacobs Wilson,347639,Mary Jacobs Wilson,person,leading_quote
380572,“Jennie Brimhall Knight,346176,Jennie Brimhall Knight,person,leading_quote
380637,“Morris Ashton Kjar,348273,Morris Ashton Kjar,person,leading_quote
380645,‘Encontrar,284693,Encontrar,people,leading_quote
380714,“Elaine Anderson Cannon,164129,Elaine Anderson Cannon,person,leading_quote
380721,“Awakening,226332,Awakening,person,leading_quote
380724,“Alice Ludlow Wilkinson,348472,Alice Ludlow Wilkinson,person,leading_quote
380734,“Mantengan,130758,Mantengan,person,leading_quote
380739,“Conference Minutes,290362,Conference Minutes,people,leading_quote
380748,“Notice,171376,Notice,person,leading_quote
380771,“William Dorris Hendricks,348574,William Dorris Hendricks,person,leading_quote
380779,“Anxiously Engaged,148704,Anxiously Engaged,person,leading_quote
380811,“Kanab Relief Society,380807,Kanab Relief Society,people,leading_quote
380849,“Leone Openshaw Jacobs,348781,Leone Openshaw Jacobs,person,leading_quote
380882,Difference for Women:,380883,Difference for Women,people,trailing_punct
380891,Elders Woodruff's,519527,Elders Woodruff,person,possessive
380907,“Elizabeth Ann Whitney,163984,Elizabeth Ann Whitney,person,leading_quote
380909,“Joseph [Smith,323858,Joseph [Smith,person,leading_quote
381027,‘Llamados,378959,Llamados,person,leading_quote
381044,“Truman O. Angell,90099,Truman O. Angell,person,leading_quote
381067,“Affidavit,219949,Affidavit,person,leading_quote
381108,“Reunión,4961,Reunión,person,leading_quote
381120,“Margaret C. Pickering,223276,Margaret C. Pickering,person,leading_quote
381162,‘Has,18051,Has,people,leading_quote
381165,“Greeting,211487,Greeting,person,leading_quote
381226,“Rachel Hannah Leatham Jensen,349610,Rachel Hannah Leatham Jensen,person,leading_quote
381277,“Gaining Light,349697,Gaining Light,person,leading_quote
381290,“Teología de los Santos de los Últimos Días,380430,Teología de los Santos de los Últimos Días,people,leading_quote
381294,“Camilla Kimball,152047,Camilla Kimball,person,leading_quote
381310,“Elsie Talmage Brandley,349784,Elsie Talmage Brandley,person,leading_quote
381311,“Elsie Talmage,349828,Elsie Talmage,person,leading_quote
381337,“Daniel Spencer,211924,Daniel Spencer,person,leading_quote
381379,“Premortal Life,19601,Premortal Life,people,leading_quote
381444,“Union of Feeling,350101,Union of Feeling,people,leading_quote
381499,Gospel Doctrine:,58560,Gospel Doctrine,person,trailing_punct
381529,“U.W.P. Club,350303,U.W.P. Club,people,leading_quote
381566,“Marianne Clark Sharp,67811,Marianne Clark Sharp,person,leading_quote
381568,“Marianne C. Sharp Appointed,350351,Marianne C. Sharp Appointed,person,leading_quote
381574,“Discourses,210836,Discourses,person,leading_quote
381599,“H. S.,614179,H. S.,person,leading_quote
381625,‘nobles,82414,Nobles,people,leading_quote
381636,‘Comprender,166943,Comprender,person,leading_quote
381642,‘Vivid,143942,Vivid,place,leading_quote
381968,“Joseph Toronto,116136,Joseph Toronto,person,leading_quote
382502,Bosnia y Herzegovina:,382494,Bosnia y Herzegovina,place,trailing_punct
382598,“Hija,11868,Hija,person,leading_quote
382693,“Pienso,143359,Pienso,place,leading_quote
383055,‘Anuncia,5176,Anuncia,people,leading_quote
383058,“Seguirás,269559,Seguirás,person,leading_quote
383195,“Escuela,378837,Escuela,people,leading_quote
383376,Church growth:,244796,Church Growth,people,trailing_punct
383419,República Democrática del Congo:,297772,República Democrática del Congo,people,trailing_punct
383498,“sentí,126128,Sentí,person,leading_quote
383750,‘Isileli Namosi,368701,Isileli Namosi,person,leading_quote
383901,“Oye,11915,Oye,place,leading_quote
384098,“Kresimir,682153,Kresimir,person,leading_quote
384130,“Vienna Mission Set Stage,369979,Vienna Mission Set Stage,person,leading_quote
384245,“Loftur Jónsson,366207,Loftur Jónsson,person,leading_quote
384252,“Lloraba,750214,Lloraba,person,leading_quote
384259,“Volvían,311027,Volvían,person,leading_quote
384836,“Douglas J. Martin,66052,Douglas J. Martin,person,leading_quote
384837,“‘Olelo,371894,Olelo,person,leading_quote
385029,‘Cuéntales,266050,Cuéntales,person,leading_quote
385131,“Continúo,140215,Continúo,person,leading_quote
385189,Países Bajos:,136027,Países Bajos,person,trailing_punct
385232,“Haré,7570,Haré,person,leading_quote
385278,“Sucesos,749866,Sucesos,person,leading_quote
385285,“Carlos H. Amado,63988,Carlos H. Amado,person,leading_quote
385382,“Carlos Pedraja de la Zerda,373422,Carlos Pedraja de la Zerda,person,leading_quote
385421,Anderson’s,602813,Anderson,place,possessive
385541,“Creo,140176,Creo,people,leading_quote
385554,“Llama,5158,Llama,person,leading_quote
385648,Claire J.,374156,Claire J,person,trailing_punct
385675,‘Fieles,17489,Fieles,place,leading_quote
385954,“Queda,12369,Queda,person,leading_quote
386075,“Sentí,140700,Sentí,place,leading_quote
386089,“Eso,6202,Eso,place,leading_quote
386283,Sampson’s,209349,Sampson,people,possessive
386295,Pearl Buck’s,94069,Pearl Buck,person,possessive
386327,Silas’s,33263,Silas,person,possessive
386330,Miriam’s,19321,Miriam,person,possessive
386396,Huldah’s,37932,Huldah,person,possessive
386509,Ding Ding,386508,Ding,person,duplicated_word
386558,Lo-ruhamah’s,40565,Lo-ruhamah,person,possessive
386566,ammi’s,40601,Ammi,person,possessive
386571,Elder L. Whitney Clayton’s,66325,Elder L. Whitney Clayton,person,possessive
386580,"Ezekiel, Daniel,",46911,"Ezekiel, Daniel",people,trailing_punct
386716,Jeroboam’s,19086,Jeroboam,person,possessive
386808,the King’s,777106,the King,people,possessive
386813,Vashti’s,38944,Vashti,person,possessive
387050,Robert L. Millet’s,74341,Robert L. Millet,person,possessive
387111,Eve’s,18687,Eve,person,possessive
387119,Lois’s,33449,Lois,person,possessive
387198,Carol Lynn Pearson’s,88075,Carol Lynn Pearson,person,possessive
387423,Issac’s,386633,Issac,people,possessive
387450,Ant.,203580,Ant,place,trailing_punct
387475,Joash’s,36330,Joash,person,possessive
387518,Eliza’s,75817,Eliza,people,possessive
387546,Anti-Nephi-Lehi’s,532220,Anti-Nephi-Lehi,concept,possessive
387728,King Benjamin's,3539,King Benjamin,person,possessive
387916,St. John's,88149,St. John,place,possessive
387991,Joseph Smith's,19102,Joseph Smith,person,possessive
388039,"""The Story of Mormonism",389543,The Story of Mormonism,concept,leading_quote
388257,Q. Cannon's,193280,Q. Cannon,person,possessive
388475,"Song of Solomon,",48580,Song of Solomon,person,trailing_punct
388521,King Zedekiah's,462103,King Zedekiah,people,possessive
388544,St. Matthew's,203707,St. Matthew,place,possessive
388583,Orson Pratt's,30156,Orson Pratt,person,possessive
388638,Donnelly's,655253,Donnelly,people,possessive
388644,John Taylor's,30565,John Taylor,person,possessive
388772,John Wesley's,86724,John Wesley,person,possessive
388816,St. Paul's,73008,St. Paul,place,possessive
388992,J. W.,301750,J. W,person,trailing_punct
389066,Bishop Newton's,669153,Bishop Newton,people,possessive
389139,Lecture 5.,573120,Lecture 5,concept,trailing_punct
389140,Martin Luther's,79657,Martin Luther,person,possessive
390820,Bishop Miller's,513107,Bishop Miller,person,possessive
390851,George Washington's,76388,George Washington,person,possessive
390852,Benjamin Franklin's,71542,Benjamin Franklin,person,possessive
391033,10:38.,25295,10:38,period,trailing_punct
391096,King James's,81454,King James,person,possessive
391124,16:42.,390973,16:42,period,trailing_punct
391174,19:75.,391173,19:75,period,trailing_punct
391177,13:61.,72197,13:61,period,trailing_punct
392121,"26:57,",42403,26:57,period,trailing_punct
392928,Thothmes III.,401262,Thothmes III,person,trailing_punct
392974,Charles I.,416787,Charles I,person,trailing_punct
392993,Miles Coverdale’s,44187,Miles Coverdale,person,possessive
392995,Thomas Matthew’s,44192,Thomas Matthew,person,possessive
393048,Herod Agrippa I.,327307,Herod Agrippa I,person,trailing_punct
393290,Lat.,490279,Lat,place,trailing_punct
393516,Archbishop Ussher’s,256029,Archbishop Ussher,person,possessive
393721,"28:51,",396425,28:51,period,trailing_punct
393778,St. Anthony’s,71911,St. Anthony,place,possessive
394213,Mount Mount,54065,Mount,place,duplicated_word
394341,Rameses III.,437531,Rameses III,person,trailing_punct
395366,Antiochus IV.,440392,Antiochus IV,person,trailing_punct
395629,Shalmanezer IV.,388279,Shalmanezer IV,person,trailing_punct
395679,"16:10,",495175,16:10,period,trailing_punct
395931,16:10;,495175,16:10,period,trailing_punct
396184,"24:30,",32308,24:30,period,trailing_punct
396211,Gomer’s,36061,Gomer,person,possessive
396725,Jephthah’s,34169,Jephthah,person,possessive
396960,"12:40,",51490,12:40,period,trailing_punct
397041,Lamech’s,30365,Lamech,person,possessive
397057,KINGDOM OF.,399028,KINGDOM OF,people,trailing_punct
397297,"11:21,",607499,11:21,period,trailing_punct
397413,"9:13,",24469,9:13,period,trailing_punct
397472,"10:13,",23566,10:13,period,trailing_punct
397862,24:18;,23810,24:18,period,trailing_punct
397944,"17:15,",23784,17:15,period,trailing_punct
398117,Jehoiakim’s,35062,Jehoiakim,person,possessive
398246,15:28;,50415,15:28,period,trailing_punct
398711,Geikie’s,203976,Geikie,person,possessive
398740,Aaron’s,3247,Aaron,person,possessive
398931,Rebekah’s,19200,Rebekah,person,possessive
399095,Ezra’s,18690,Ezra,person,possessive
400035,5:26;,28697,5:26,period,trailing_punct
400046,"28:19,",49643,28:19,period,trailing_punct
400280,"10:10,",23186,10:10,period,trailing_punct
400359,"12:31,",54132,12:31,period,trailing_punct
400446,"the Arnon,",483667,the Arnon,place,trailing_punct
400706,"27:56,",392043,27:56,period,trailing_punct
400754,Heb.,42219,Heb,place,trailing_punct
401050,"13:21,",44333,13:21,period,trailing_punct
401379,"18:13,",25270,18:13,period,trailing_punct
401576,"9:32,",29093,9:32,period,trailing_punct
401741,St. John’s,88149,St. John,place,possessive
401806,St. Paul’s,73008,St. Paul,place,possessive
402030,Hugh Miller’s,413353,Hugh Miller,person,possessive
402545,B.C. 458.,393217,B.C. 458,person,trailing_punct
402930,St. Peter’s,94250,St. Peter,place,possessive
403440,Syrtis Syrtis,599386,Syrtis,people,duplicated_word
403535,Henry VIII.,468257,Henry VIII,place,trailing_punct
403538,Taverner’s,468238,Taverner,people,possessive
403548,’ days,70063,Days,period,leading_quote
403557,Whitchurch’s,216131,Whitchurch,people,possessive
403657,Abel’s,3267,Abel,person,possessive
404291,Cotton Cotton,446302,Cotton,person,duplicated_word
404908,St. Luke’s,388896,St. Luke,person,possessive
404924,St. Paul’s,249376,St. Paul,people,possessive
405221,St. Paul’s,388128,St. Paul,person,possessive
406476,Bunyan’s,442169,Bunyan,person,possessive
406638,Ben-ammi’s,39948,Ben-ammi,person,possessive
407920,Shishak’s,37319,Shishak,person,possessive
408030,November and December.,27220,November and December,period,trailing_punct
408371,Pompey’s,45765,Pompey,person,possessive
409160,Jehovah’s,19083,Jehovah,concept,possessive
409187,King Uzziah’s,152859,King Uzziah,people,possessive
409313,St. Stephen’s,408461,St. Stephen,place,possessive
410412,Zeruiah’s,36234,Zeruiah,person,possessive
410867,St. Jerome’s,388815,St. Jerome,place,possessive
411441,Nathan’s,19330,Nathan,person,possessive
411859,"The Epistle To The,",404208,The Epistle To The,concept,trailing_punct
411862,Diana’s,33696,Diana,person,possessive
413383,St. Augustine’s,44646,St. Augustine,place,possessive
413907,Moffatt’s,425293,Moffatt,person,possessive
414429,St. Mark’s,56444,St. Mark,place,possessive
415263,“hour,466548,Hour,period,leading_quote
415497,dyer's,524019,Dyer,people,possessive
416000,Sabaoth sab'-a,51296,Sabaoth,person,pronunciation_tail
416136,Journey jur'-ni,362399,Journey,person,pronunciation_tail
416656,G. F. Moore's,416688,G. F. Moore,person,possessive
416789,Jesus' Messianic Claims Are Recognized:,416788,Jesus' Messianic Claims Are Recognized,person,trailing_punct
416805,Ant.,397813,Ant,person,trailing_punct
416831,Salah sa'-la,36106,Salah,person,pronunciation_tail
416920,Sallu sal'-u,37251,Sallu,person,pronunciation_tail
417228,Samlah sam'-la,36200,Samlah,person,pronunciation_tail
417236,Samos sa'-mos,33767,Samos,person,pronunciation_tail
417635,King Josiah's,46183,King Josiah,place,possessive
417640,Deuteronomy Deuteronomy,48619,Deuteronomy,person,duplicated_word
417643,The Alternative View:,417616,The Alternative View,concept,trailing_punct
417743,W. Bacher's,423797,W. Bacher,person,possessive
417848,Sargon sar'-gon,40712,Sargon,person,pronunciation_tail
417875,Saron sa'-ron,34052,Saron,person,pronunciation_tail
418105,Volume I.,283923,Volume I,person,trailing_punct
418169,Sceva se'-va,33695,Sceva,person,pronunciation_tail
418184,Revised Version's,392878,Revised Version,people,possessive
418312,the Patriarch Hyrum's,81619,the Patriarch Hyrum,people,possessive
418449,Sebam se'-bam,17287,Sebam,person,pronunciation_tail
418481,Secu se'-ku,418484,Secu,person,pronunciation_tail
418595,Selah se'-la,38016,Selah,person,pronunciation_tail
418782,Seneh se'-ne,418785,SENEH,people,pronunciation_tail
418787,Senir se'-nir,37013,Senir,person,pronunciation_tail
419149,Order of Books:,419136,Order of Books,people,trailing_punct
419184,Theodotion's,403505,Theodotion,people,possessive
419200,Serah se'-ra,19564,Serah,person,pronunciation_tail
419316,Seron se'-ron,419317,Seron,person,pronunciation_tail
419449,A. B. Davidson's,416543,A. B. Davidson,person,possessive
419482,Sesthel ses'-thel,419483,Sesthel,person,pronunciation_tail
419513,Sethur se'-thur,42269,Sethur,person,pronunciation_tail
419612,Shaddai shad'-a,402207,Shaddai,person,pronunciation_tail
419755,Shamma sham'-a,37167,Shamma,person,pronunciation_tail
419768,"Driver,",416093,Driver,people,trailing_punct
419777,Shammai sham'a-i,36535,Shammai,person,pronunciation_tail
419791,Shapham sha'-fam,36991,Shapham,person,pronunciation_tail
419868,KING'S,27647,King,person,possessive
419962,Shebah she'-ba,40103,Shebah,person,pronunciation_tail
420114,Shelah she'-la,36107,Shelah,person,pronunciation_tail
420129,Sheleph she'-lef,36110,Sheleph,person,pronunciation_tail
420157,West Asia's,162931,West Asia,place,possessive
420294,Shepham she'-fam,42469,Shepham,person,pronunciation_tail
420372,Sherah she'-ra,37136,Sherah,person,pronunciation_tail
420456,James Version's,44265,James Version,person,possessive
420478,Shibah shi'-ba,478393,Shibah,person,pronunciation_tail
420567,Shimeah shim'-e,37230,Shimeah,person,pronunciation_tail
420621,Shimeon shim'-e,39594,Shimeon,person,pronunciation_tail
420628,Shimma shim'-a,36525,Shimma,person,pronunciation_tail
420629,Shimon shi'-mon,36927,Shimon,person,pronunciation_tail
420639,Shimrith shim'-rith,37152,Shimrith,person,pronunciation_tail
420946,Shoham sho'-ham,36691,Shoham,person,pronunciation_tail
420970,King Saul's,44745,King Saul,person,possessive
421006,Shuah shoo'-a,36141,Shuah,person,pronunciation_tail
421047,Shur shur,37604,Shur,person,duplicated_word
421144,nobleman's,727,Nobleman,person,possessive
421346,Silla sil'-a,38006,Silla,person,pronunciation_tail
421569,Sinai si'-ni,41807,Sinai,person,pronunciation_tail
421646,Sinner sin'-er,52464,Sinner,person,pronunciation_tail
421674,Libri Sol.,421702,Libri Sol,place,trailing_punct
421785,Theol.,392318,Theol,place,trailing_punct
421827,Sol.,15698,Sol,person,trailing_punct
421939,Sivan se-van',395056,Sivan,person,pronunciation_tail
422247,"Shimea, Shobab,",632791,"Shimea, Shobab",people,trailing_punct
422424,"""The Song of Songs",422304,The Song of Songs,concept,leading_quote
422439,"Budde,",417309,Budde,people,trailing_punct
422470,Bastian's,531850,Bastian,concept,possessive
422508,"""The Song of the Three Holy Children",443920,The Song of the Three Holy Children,concept,leading_quote
422634,Sotai so'-ti,39678,Sotai,person,pronunciation_tail
423025,Stephen ste'-vn,19750,Stephen,person,pronunciation_tail
423056,Steward stu'-erd,358272,Steward,person,pronunciation_tail
423424,Suah su'-a,37162,Suah,person,pronunciation_tail
423492,H. Rawlinson's,399751,H. Rawlinson,person,possessive
423614,Susa su'-sa,47141,Susa,person,pronunciation_tail
423709,Sychar si'-kar,204243,Sychar,person,pronunciation_tail
423803,Synagogue Synagogue,19783,Synagogue,person,duplicated_word
423815,C. Taylor's,418991,C. Taylor,person,possessive
423867,"5,000 ft.",448320,"5,000 ft",object,trailing_punct
423875,"1,800 ft.",457445,"1,800 ft",object,trailing_punct
424074,St. Paul's,388128,St. Paul,person,possessive
424272,George Q. Cannon's,58516,George Q. Cannon,person,possessive
425012,Vashti vash'-ti,38944,Vashti,person,pronunciation_tail
425023,Vedan ve'-dan,401277,Vedan,person,pronunciation_tail
425102,"Chronicles, Ezra, Nehemiah,",412027,"Chronicles, Ezra, Nehemiah",people,trailing_punct
425319,JEROME'S,44257,Jerome,person,possessive
425492,Cabbon kab'-on,41490,Cabbon,person,pronunciation_tail
425496,"Vaticanus,",442100,Vaticanus,people,trailing_punct
425581,"The Expositor T,",443394,The Expositor T,concept,trailing_punct
425588,Cainan ka'-nan,30357,Cainan,person,pronunciation_tail
425594,Calah ka'-la,39799,Calah,person,pronunciation_tail
425802,Calneh kal'-ne,38463,Calneh,person,pronunciation_tail
425819,A. T. Clay's,417868,A. T. Clay,person,possessive
425820,Calno kal'-ne,402762,Calno,person,pronunciation_tail
425866,Camel kam'-el,508566,Camel,person,pronunciation_tail
425883,Camon ka'-mon,403675,Camon,person,pronunciation_tail
425987,menorah;,324465,Menorah,person,trailing_punct
426010,Canker kan'-ker,426011,CANKER,people,pronunciation_tail
426020,Canneh kan'-e,39421,Canneh,person,pronunciation_tail
426123,Jer.,22940,Jer,person,trailing_punct
426439,Pharaoh Necoh's,426444,Pharaoh Necoh,person,possessive
426584,Carem ka'-rem,426583,Carem,person,pronunciation_tail
426598,Carmel kar'-mel,16513,Carmel,person,pronunciation_tail
426633,Carmi kar'-mi,36503,Carmi,person,pronunciation_tail
426684,Carry kar'-i,34758,Carry,person,pronunciation_tail
426730,Caspis kas'-pin,426727,Caspis,person,pronunciation_tail
426747,Pollux kas'-ter,403789,Pollux,person,pronunciation_tail
426786,Jacob ....,3549,Jacob,person,trailing_punct
426799,Cauda ko'-da,426805,Cauda,person,pronunciation_tail
426861,Cedron se'-dron,393296,Cedron,person,pronunciation_tail
426899,Certainty ser'-tin,458941,Certainty,people,pronunciation_tail
426919,Chabris ka'-bris,426918,Chabris,person,pronunciation_tail
427009,Assur-bani-apli's,449946,Assur-bani-apli,place,possessive
427059,Eze 8:10:,416667,Eze 8:10,person,trailing_punct
427317,Chelal ke'-lal,39584,Chelal,person,pronunciation_tail
427323,Chelluh kel'-u,39602,Chelluh,person,pronunciation_tail
427348,Chemosh ke'-mosh,37307,Chemosh,person,pronunciation_tail
427405,Cheran ke'-ran,391952,Cheran,person,pronunciation_tail
427408,Cherethites ker'-e,38314,Cherethites,person,pronunciation_tail
427424,Cherub ke'-rub,39698,Cherub,person,pronunciation_tail
427460,Chesed ke'-sed,40000,Chesed,person,pronunciation_tail
427469,Chesil ke'-sil,41473,Chesil,person,pronunciation_tail
427527,38:26;,457356,38:26,period,trailing_punct
427610,Chilmad kil'-mad,39422,Chilmad,person,pronunciation_tail
427618,Chimham kim'-ham,38295,Chimham,person,pronunciation_tail
427670,Chislon kis'-lon,42473,Chislon,person,pronunciation_tail
427685,Chloe klo'-e,33053,Chloe,person,pronunciation_tail
427920,Christian kris'-chan,132072,Christian,person,pronunciation_tail
428261,vet.,457562,Vet,place,trailing_punct
428418,Ann.,61216,Ann,person,trailing_punct
428435,haer.,416798,Haer,person,trailing_punct
428611,Chun chun,36471,Chun,person,duplicated_word
428721,Chuzas ku'-zas,423059,Chuzas,person,pronunciation_tail
428938,Clauda klo'-da,33891,Clauda,person,pronunciation_tail
429051,Cleophas kle'-o,35011,Cleophas,person,pronunciation_tail
429133,Cnidus ni'-dus,33885,Cnidus,person,pronunciation_tail
429210,Cohort ko'-hort,490845,Cohort,person,pronunciation_tail
429346,Justin Martyr's,162795,Justin Martyr,people,possessive
429389,Comfort kum'-fert,50983,Comfort,person,pronunciation_tail
429442,C. H. Spurgeon's,87476,C. H. Spurgeon,person,possessive
429444,F. W. Farrar's,158933,F. W. Farrar,person,possessive
429483,Matthew Henry's,396169,Matthew Henry,person,possessive
429485,M. Henry's,429433,M. Henry,person,possessive
429546,Bishop Perowne's,429560,Bishop Perowne,person,possessive
429550,Dean Stanley's,392677,Dean Stanley,person,possessive
429551,B. Jowett's,458731,B. Jowett,person,possessive
429669,Abraham ibn Ezra's,429615,Abraham ibn Ezra,person,possessive
429789,Devils de'-monz,381331,Devils,person,pronunciation_tail
430054,Young's,354562,Young,people,possessive
430085,Coney ko'-ni,44659,Coney,person,pronunciation_tail
430103,Conference kon'-fer,245732,Conference,person,pronunciation_tail
430197,Conscience kon'-shens,765930,Conscience,person,pronunciation_tail
430373,Conviction kon-vikt',580872,Conviction,person,pronunciation_tail
430379,"""Holy Convocation",430380,Holy Convocation,concept,leading_quote
430386,Coos ko'-os,393689,Coos,person,pronunciation_tail
430388,Coping ko'-ping,238400,Coping,person,pronunciation_tail
430507,Marcion's,434586,Marcion,place,possessive
430522,"St. Paul,",73008,St. Paul,place,trailing_punct
430741,Cosam ko'-sam,35054,Cosam,person,pronunciation_tail
430758,Coulter kol'-ter,393736,Coulter,person,pronunciation_tail
430761,Counsellor koun'-sel,357453,Counsellor,person,pronunciation_tail
430823,Court Court,116774,Court,people,duplicated_word
430854,Coutha kou'-tha,430853,Coutha,person,pronunciation_tail
431005,Cozbi koz'-bi,42340,Cozbi,person,pronunciation_tail
431056,Crates kra'-tez,491452,Crates,person,pronunciation_tail
431218,Crescens kres'-enz,33480,Crescens,person,pronunciation_tail
431500,F. J. Hall's,469748,F. J. Hall,person,possessive
431764,Cummin kum'-in,601179,Cummin,person,pronunciation_tail
432034,"Paphos,",394052,Paphos,people,trailing_punct
432159,Xenophon's,417822,Xenophon,concept,possessive
432326,John ....,19092,John,person,trailing_punct
432460,Lu 10:34.,432514,Lu 10:34,person,trailing_punct
432574,G.A. Smith's,417923,G.A. Smith,people,possessive
432607,Omar o'-mar,36155,Omar,person,pronunciation_tail
432610,Omens o'-menz,616467,Omens,person,pronunciation_tail
432748,Onan o'-nan,36496,Onan,person,pronunciation_tail
432752,Lightfoot's,205401,Lightfoot,people,possessive
432771,Ono o'-no,42104,Ono,person,pronunciation_tail
432780,Onycha on'i-ka,404601,Onycha,person,pronunciation_tail
432825,Ophni of'-ni,41547,Ophni,person,pronunciation_tail
432832,Ophrah of'-ra,36906,Ophrah,person,pronunciation_tail
432890,Edwin Hatch's,116097,Edwin Hatch,person,possessive
432961,Ornan or'-nan,36618,Ornan,person,pronunciation_tail
433287,George Adam Smith's,107988,George Adam Smith,person,possessive
433453,"""Holy Land",28063,Holy Land,concept,leading_quote
433749,King Mesha's,401137,King Mesha,person,possessive
433923,Geog.,475960,Geog,person,trailing_punct
433925,G. Schumacher's,433362,G. Schumacher,person,possessive
433970,"2,000 ft.",418621,"2,000 ft",object,trailing_punct
433984,Pannag pan'-ag,39418,Pannag,people,pronunciation_tail
434011,The Temple and Cult:,434009,The Temple and Cult,people,trailing_punct
434291,Parah pa'-ra,41545,Parah,person,pronunciation_tail
434643,"Marcus Dods,",466944,Marcus Dods,people,trailing_punct
434757,P. Gardner's,432057,P. Gardner,person,possessive
435511,Peleth pe'-leth,36553,Peleth,person,pronunciation_tail
435597,Driver's,416093,Driver,people,possessive
435752,The National Aspect:,435587,The National Aspect,people,trailing_punct
435898,Peor pe'-or,16633,Peor,person,pronunciation_tail
435924,Pharez pe'-rez,35070,Pharez,person,pronunciation_tail
436095,Persia pur'-sha,394233,Persia,person,pronunciation_tail
436282,Ahura Mazda's,429881,Ahura Mazda,person,possessive
436382,Ahura Mazda's,436276,Ahura Mazda,people,possessive
436556,28:19:,49643,28:19,period,trailing_punct
436725,Dean Alford's,429537,Dean Alford,person,possessive
436779,The Three Worlds:,436746,The Three Worlds,people,trailing_punct
436845,Pharaoh fa'-ro,19499,Pharaoh,person,pronunciation_tail
436900,Pharez fa'-rez,35070,Pharez,person,pronunciation_tail
436955,Kitto's,412398,Kitto,people,possessive
436967,Pharosh fa'-rosh,39741,Pharosh,person,pronunciation_tail
437192,"Findlay,",815615,Findlay,people,trailing_punct
437345,The Conception of God:,437335,The Conception of God,concept,trailing_punct
437355,Philo's Works:,437336,Philo's Works,people,trailing_punct
437439,Phoebe fe'-be,12337,Phoebe,person,pronunciation_tail
437550,Phoenix fe'-niks,386017,Phoenix,person,pronunciation_tail
437582,Phurah fu'-ra,41817,Phurah,person,pronunciation_tail
437735,Piltai pil'-ti,42116,Piltai,person,pronunciation_tail
437757,Pinon pi'-non,36217,Pinon,person,pronunciation_tail
438044,Bishop Lowth's,429495,Bishop Lowth,people,possessive
438101,Budde's,417309,Budde,people,possessive
438124,Isaac Taylor's,438032,Isaac Taylor,person,possessive
438390,Potsherd pot'-shurd,405505,Potsherd,person,pronunciation_tail
438734,Priest Priest,19606,Priest,place,duplicated_word
438738,kohen ha-ro'sh,463263,Kohen,person,pronunciation_tail
438836,4:25 f.,419511,4:25 f,period,trailing_punct
439118,"Haggai, Zechariah, Malachi:",411437,"Haggai, Zechariah, Malachi",people,trailing_punct
439534,James Robertson's,247929,James Robertson,person,possessive
439679,Solomon sol'-ter,19746,Solomon,person,pronunciation_tail
439909,Retaliation Retaliation,405808,Retaliation,people,duplicated_word
439919,Purah pu'-ra,437577,Purah,person,pronunciation_tail
440036,Pygarg pi'-garg,405869,Pygarg,person,pronunciation_tail
440057,Aaron ar'-un,3247,Aaron,person,pronunciation_tail
440114,Abda ab'-da,37463,Abda,person,pronunciation_tail
440117,King David's,36327,King David,person,possessive
440372,Jesus ....,18645,Jesus,person,trailing_punct
440808,Achsah ak'-sa,36592,Achsah,person,pronunciation_tail
440812,Achshaph ak'-shaf,406097,Achshaph,person,pronunciation_tail
440833,Acra ak'-ra,421438,Acra,person,pronunciation_tail
441059,"Blass,",418177,Blass,people,trailing_punct
441249,Addar ad'-ar,37186,Addar,person,pronunciation_tail
441309,Adnah ad'-na,36367,Adnah,person,pronunciation_tail
441392,Adra a'-dra,512691,Adra,person,pronunciation_tail
441752,Ahab a'-hab,3301,Ahab,person,pronunciation_tail
441776,"January, 1909,",428172,"January, 1909",period,trailing_punct
441777,"April, 1910,",484693,"April, 1910",period,trailing_punct
441782,Zedekiah a'-hab,19875,Zedekiah,person,pronunciation_tail
441929,Ahlai a'-li,36301,Ahlai,person,pronunciation_tail
442000,Akkub ak'-ub,36868,Akkub,person,pronunciation_tail
442029,Aleph a'-lef,440996,Aleph,person,pronunciation_tail
442040,Alexander an Ephesian Heretic:,442039,Alexander an Ephesian Heretic,person,trailing_punct
442265,Queen Elizabeth's,38931,Queen Elizabeth,person,possessive
442281,"""Water",19257,Water,concept,leading_quote
442320,Omega al'-fa,7904,Omega,place,pronunciation_tail
442367,E. M. Thompson's,473670,E. M. Thompson,person,possessive
442371,Edward Clodd's,453949,Edward Clodd,person,possessive
442378,Oxf.,486819,Oxf,place,trailing_punct
442499,Aman a'-man,110912,Aman,person,pronunciation_tail
442633,Amon a'-mon,35435,Amon,person,pronunciation_tail
442778,Amzi am'-zi,37054,Amzi,person,pronunciation_tail
442811,Anan a'-nan,42071,Anan,person,pronunciation_tail
442852,Andrew an'-droo,3446,Andrew,person,pronunciation_tail
442893,Anem a'-nem,37076,Anem,person,pronunciation_tail
442908,Angel an'-jel,39171,Angel,person,pronunciation_tail
442954,Angel Angel,39171,Angel,person,duplicated_word
442970,Dill an'-is,442971,Dill,person,pronunciation_tail
442985,Annas an'-as,3468,Annas,person,pronunciation_tail
443010,"""Anointing",757472,Anointing,concept,leading_quote
443363,Johannine Epistles:,508115,Johannine Epistles,person,trailing_punct
443414,W. M. Ramsay's,427656,W. M. Ramsay,person,possessive
443467,"""The Great",443463,The Great,concept,leading_quote
443550,Compare Ant.,441569,Compare Ant,person,trailing_punct
443572,Aphrah af'-ra,42003,Aphrah,person,pronunciation_tail
443774,de la Cerda's,443773,de la Cerda,people,possessive
443926,"11th edition,",416711,11th edition,concept,trailing_punct
444185,the Ante-Nicene Library:,444240,the Ante-Nicene Library,people,trailing_punct
444391,Apphia af'-i,35754,Apphia,person,pronunciation_tail
444462,Ara a'-ra,37170,Ara,person,pronunciation_tail
444516,Comp. Geog.,444515,Comp. Geog,concept,trailing_punct
444695,Sale's,96653,Sale,people,possessive
444777,Arad a'-rad,37211,Arad,person,pronunciation_tail
444783,Arah a'-ra,37179,Arah,person,pronunciation_tail
444842,Aran a'-ran,36187,Aran,person,pronunciation_tail
444875,Arba ar'-ba,40020,Arba,person,pronunciation_tail
444970,"Birch,",518349,Birch,people,trailing_punct
445025,Archi ar'-ki,406961,Archi,person,pronunciation_tail
445127,Bashan.,24045,Bashan,place,trailing_punct
445147,Eri-Aku's,393343,Eri-Aku,people,possessive
445570,Arna ar'-na,417849,Arna,person,pronunciation_tail
445573,Arnan ar'-nan,36857,Arnan,person,pronunciation_tail
445576,Arni ar'-ni,407094,Arni,person,pronunciation_tail
445844,Ashan a'-shan,37065,Ashan,person,pronunciation_tail
445854,"26:38,",51559,26:38,period,trailing_punct
445901,Ashhur ash'-ur,445894,Ashhur,person,pronunciation_tail
445964,Ashur ash'-ur,36529,Ashur,person,pronunciation_tail
445976,Ish-bosheth's,38300,Ish-bosheth,person,possessive
446113,Pauly-Wissowa's,428246,Pauly-Wissowa,place,possessive
446171,Asnah as'-na,39666,Asnah,person,pronunciation_tail
446259,Assir as'-er,36844,Assir,person,pronunciation_tail
446262,Assos as'-os,33764,Assos,person,pronunciation_tail
446278,Assur as'-ur,407249,Assur,person,pronunciation_tail
446404,R. C. Thompson's,446430,R. C. Thompson,person,possessive
446447,the moon's,516194,the moon,place,possessive
446669,The Windows of Heaven:,68737,The Windows of Heaven,people,trailing_punct
446802,Atipha at'i-fa,446801,Atipha,person,pronunciation_tail
447160,Ava a'-va,13955,Ava,person,pronunciation_tail
447164,Avaran av'-a,481185,Avaran,person,pronunciation_tail
447181,Avim av'-im,41544,Avim,person,pronunciation_tail
447223,Azal a'-zal,43117,Azal,person,pronunciation_tail
447302,Azur a'-zur,39330,Azur,person,pronunciation_tail
447306,Azzur az'-ur,42059,Azzur,person,pronunciation_tail
447376,Ladan la'-dan,401233,Ladan,person,pronunciation_tail
447402,Lael la'-el,42409,Lael,person,pronunciation_tail
447403,Lahad la'-had,36873,Lahad,person,pronunciation_tail
447409,Lahmas la'-mas,447406,Lahmas,person,pronunciation_tail
447410,Lahmi la'-mi,36609,Lahmi,person,pronunciation_tail
447461,Lamech la'-mek,30365,Lamech,person,pronunciation_tail
447529,H. A. A. Kennedy's,512252,H. A. A. Kennedy,person,possessive
447533,Alexander the Great's,44943,Alexander the Great,people,possessive
447873,Lasha la'-sha,407474,Lasha,person,pronunciation_tail
447882,"Eusebius,",46050,Eusebius,people,trailing_punct
447968,John Wordsworth's,449760,John Wordsworth,person,possessive
448155,The Civil Law:,448095,The Civil Law,concept,trailing_punct
448218,Lawyer lo'-yer,352578,Lawyer,person,pronunciation_tail
448265,Leah le'-a,19210,Leah,person,pronunciation_tail
448273,Leaven lev'-n,151680,Leaven,person,pronunciation_tail
448319,"1,000 ft.",448303,"1,000 ft",object,trailing_punct
448343,Lecah le'-ka,36932,Lecah,person,pronunciation_tail
448373,Lehi le'-hi,19072,Lehi,person,pronunciation_tail
448428,Leshem le'-shem,395698,Leshem,person,pronunciation_tail
448437,Lethech le'-thek,448436,Lethech,person,pronunciation_tail
448468,Van Hoonacker's,435615,Van Hoonacker,person,possessive
448889,Libnah lib'-na,37062,Libnah,person,pronunciation_tail
448902,Libni lib'-ni,37034,Libni,person,pronunciation_tail
448983,Licence li'-sens,448982,Licence,person,pronunciation_tail
449109,Lilith lil'-ith,449108,Lilith,person,pronunciation_tail
449608,Lois lo'-is,33449,Lois,person,pronunciation_tail
449905,Lover luv'-er,254404,Lover,person,pronunciation_tail
449923,Lozon lo'-zon,449924,Lozon,person,pronunciation_tail
449931,Lucre lu'-ker,395951,Lucre,person,pronunciation_tail
449975,comms.,482112,Comms,place,trailing_punct
450096,"28:11,",39518,28:11,period,trailing_punct
450127,Lydda lid'-a,397365,Lydda,person,pronunciation_tail
450205,Rabbah rab'-a,395990,Rabbah,person,pronunciation_tail
450238,Raca ra'-ka,25341,Raca,person,pronunciation_tail
450253,Rachel ra'-chel,19536,Rachel,person,pronunciation_tail
450329,Raham ra'-ham,36571,Raham,person,pronunciation_tail
450381,Rakkath rak'-ath,399476,Rakkath,person,pronunciation_tail
450484,Raphah ra'-fa,45362,Raphah,person,pronunciation_tail
450501,Raphu ra'-fu,396060,Raphu,person,pronunciation_tail
450516,Raven ra'-vn,613626,Raven,person,pronunciation_tail
450594,Rechah re'-ka,408117,Rechah,person,pronunciation_tail
450616,The Manward Side:,450619,The Manward Side,concept,trailing_punct
450623,Record rek'-ord,345435,Record,person,pronunciation_tail
451030,Remeth re'-meth,41578,Remeth,person,pronunciation_tail
451037,Remmon rem'-on,408209,Remmon,person,pronunciation_tail
451176,the New Testament Christ's,479666,the New Testament Christ,people,possessive
451316,Reu re'-u,35074,Reu,person,pronunciation_tail
451363,Cyril Alex.,419042,Cyril Alex,person,trailing_punct
451519,Rezeph re'-zef,38098,Rezeph,person,pronunciation_tail
451565,Rhesa re'-sa,35049,Rhesa,person,pronunciation_tail
451569,Rhoda ro'-da,33558,Rhoda,person,pronunciation_tail
451618,Riblah rib'-la,38150,Riblah,person,pronunciation_tail
451707,Rinnah rin'-a,36928,Rinnah,person,pronunciation_tail
451712,Riot ri'-ut,210364,Riot,person,pronunciation_tail
451714,Riphath ri'-fath,36067,Riphath,person,pronunciation_tail
451721,Rissah ris'-a,42441,Rissah,person,pronunciation_tail
451788,Rohgah ro'-ga,37157,Rohgah,person,pronunciation_tail
452003,The Twelve Tables:,452004,The Twelve Tables,concept,trailing_punct
452513,Uri u'-ri,36522,Uri,person,pronunciation_tail
452605,Uzai u'-zi,42162,Uzai,person,pronunciation_tail
452679,"maskoreth,",452681,Maskoreth,person,trailing_punct
452689,Henry George's,610584,Henry George,person,possessive
452856,William Miller's,197634,William Miller,person,possessive
452866,J. M. P. Smith's,416606,J. M. P. Smith,person,possessive
453103,Ho 11:10.,449182,Ho 11:10,person,trailing_punct
453128,Fortune's,89848,Fortune,concept,possessive
453324,Paul Paul,19494,Paul,person,duplicated_word
453411,Sap.,453484,Sap,place,trailing_punct
453715,Workman wur'-der,352496,Workman,person,pronunciation_tail
453777,A. R. Wallace's,443250,A. R. Wallace,person,possessive
454030,Jaalam ja'-a,36153,Jaalam,person,pronunciation_tail
454034,Jaar ja'-ar,454033,Jaar,person,pronunciation_tail
454069,Jabbok jab'-ok,38732,Jabbok,person,pronunciation_tail
454081,Jabin ja'-bin,41378,Jabin,person,pronunciation_tail
454099,Jacan ja'-kan,454089,Jacan,person,pronunciation_tail
454101,Jachin ja'-kin,36684,Jachin,person,pronunciation_tail
454104,Boaz ja'-kin,3565,Boaz,person,pronunciation_tail
454218,Jada ja'-da,36536,Jada,person,pronunciation_tail
454220,Jadau ja'-do,39609,Jadau,person,pronunciation_tail
454236,Jadon ja'-don,42148,Jadon,person,pronunciation_tail
454239,Jael ja'-el,41789,Jael,person,pronunciation_tail
454244,Jagur ja'-gur,41460,Jagur,person,pronunciation_tail
454272,Jahdo ja'-do,36999,Jahdo,person,pronunciation_tail
454277,Jahweh ya'-we,486567,Jahweh,person,pronunciation_tail
454278,Jahzah ja'-za,37083,Jahzah,person,pronunciation_tail
454292,Jair ja'-er,36524,Jair,person,pronunciation_tail
454294,Jairite ja'-er,38315,Jairite,person,pronunciation_tail
454304,Jakeh ja'-ke,42654,Jakeh,person,pronunciation_tail
454305,Jakim ja'-kim,36675,Jakim,person,pronunciation_tail
454314,Jalon ja'-lon,36914,Jalon,person,pronunciation_tail
454315,Jambres jam'-brez,33467,Jambres,person,pronunciation_tail
454433,Janum ja'-num,41503,Janum,person,pronunciation_tail
454453,Japhlet jaf'-let,37151,Japhlet,person,pronunciation_tail
454456,Japho ja'-fo,409000,Japho,person,pronunciation_tail
454460,Jarah ja'-ra,37236,Jarah,person,pronunciation_tail
454472,Jarha jar'-ha,36555,Jarha,person,pronunciation_tail
454508,Jashen ja'-shen,396587,Jashen,person,pronunciation_tail
454523,Jashub ja'-shub,37093,Jashub,person,pronunciation_tail
454554,Javan ja'-van,36063,Javan,person,pronunciation_tail
454566,Javelin jav'-lin,396603,Javelin,person,pronunciation_tail
454592,Jaziz ja'-ziz,36803,Jaziz,person,pronunciation_tail
454887,Jehu je'-hu,36335,Jehu,person,pronunciation_tail
454921,Jehud je'-hud,41607,Jehud,person,pronunciation_tail
454929,Qere yechi'-el,416930,Qere,person,pronunciation_tail
454930,Jehush je'-hush,37242,Jehush,person,pronunciation_tail
454960,Jerah je'-ra,36112,Jerah,person,pronunciation_tail
455459,Valley Gate:,386460,Valley Gate,people,trailing_punct
455633,The Ptolemaic Rule:,455632,The Ptolemaic Rule,person,trailing_punct
455784,Jeshanah jesh'-a,396818,Jeshanah,person,pronunciation_tail
455791,Jesher je'-sher,36518,Jesher,person,pronunciation_tail
455826,Jesse jes'-e,19087,Jesse,person,pronunciation_tail
455851,Jesuites jes'-u,409390,Jesuites,person,pronunciation_tail
455854,Jesus je'-zus,18645,Jesus,person,pronunciation_tail
455880,John IV.,651585,John IV,person,trailing_punct
456004,"Stanley,",212298,Stanley,people,trailing_punct
456287,Decapolis--New Miracles:,455915,Decapolis--New Miracles,people,trailing_punct
456291,Blind Man:,578918,Blind Man,concept,trailing_punct
456312,The Temple Tax:,455919,The Temple Tax,people,trailing_punct
456323,The Cure of the Blind Man:,455923,The Cure of the Blind Man,concept,trailing_punct
456419,The Widow's Offering:,455942,The Widow's Offering,concept,trailing_punct
456527,The Galilean Appearances:,455966,The Galilean Appearances,concept,trailing_punct
456589,Jether je'-ther,36182,Jether,person,pronunciation_tail
456593,Jetheth je'-theth,36214,Jetheth,person,pronunciation_tail
456595,Jethlah jeth'-la,41602,Jethlah,person,pronunciation_tail
456597,Jethro jeth'-ro,19088,Jethro,person,pronunciation_tail
456609,Jetur je'-tur,36133,Jetur,person,pronunciation_tail
456626,Jewel ju'-el,409423,Jewel,person,pronunciation_tail
456689,Jibsam jib'-sam,37097,Jibsam,person,pronunciation_tail
456690,Jimnah jim'-na,40415,Jimnah,person,pronunciation_tail
456696,Joab jo'-ab,36233,Joab,person,pronunciation_tail
456723,Joah jo'-a,36727,Joah,person,pronunciation_tail
456818,Jobab jo'-bab,36120,Jobab,person,pronunciation_tail
456829,Joda jo'-da,409504,Joda,person,pronunciation_tail
456833,Joed jo'-ed,42082,Joed,person,pronunciation_tail
456931,Jogli jog'-li,409520,Jogli,person,pronunciation_tail
456932,Joha jo'-ha,36314,Joha,person,pronunciation_tail
457081,Ezra Abbot's,430039,Ezra Abbot,person,possessive
457250,Presbyter's,457253,Presbyter,people,possessive
457273,Jokim jo'-kim,36934,Jokim,person,pronunciation_tail
457286,Jokshan jok'-shan,36138,Jokshan,person,pronunciation_tail
457287,Joktan jok'-tan,36108,Joktan,person,pronunciation_tail
457292,Jona jo'-na,45834,Jona,person,pronunciation_tail
457294,Jonah jo'-na,19094,Jonah,person,pronunciation_tail
457329,Jonam jo'-nam,409594,Jonam,person,pronunciation_tail
457333,Jonan jo'-nan,35060,Jonan,person,pronunciation_tail
457378,Joppa jop'-a,33527,Joppa,person,pronunciation_tail
457386,Jorah jo'-ra,39630,Jorah,person,pronunciation_tail
457390,Joram jo'-ram,35434,Joram,person,pronunciation_tail
457468,Jorim jor'-rim,35059,Jorim,person,pronunciation_tail
457480,Jose jo'-se,35057,Jose,person,pronunciation_tail
457585,Joses jo'-sez,33940,Joses,person,pronunciation_tail
457586,Joshah jo'-sha,36954,Joshah,person,pronunciation_tail
457728,Jesus Sirach's,421859,Jesus Sirach,person,possessive
457747,Jotbah jot'-ba,411002,Jotbah,people,pronunciation_tail
457750,Jotham jo'-tham,24119,Jotham,person,pronunciation_tail
457813,Jucal joo'-kal,41094,Jucal,person,pronunciation_tail
457975,Judas joo'-das,19108,Judas,person,pronunciation_tail
458175,Judith joo'-dith,40101,Judith,person,pronunciation_tail
458219,Juel joo'-el,452291,Juel,person,pronunciation_tail
458336,Council of Trent:,388991,Council of Trent,people,trailing_punct
458388,"""Titius Justus",474493,Titius Justus,concept,leading_quote
458401,Gaal ga'-al,41837,Gaal,person,pronunciation_tail
458405,Gaba ga'-ba,397226,Gaba,person,pronunciation_tail
458412,Gabbai gab'-a,42084,Gabbai,person,pronunciation_tail
458449,N.D.,353196,n.d,place,trailing_punct
458479,Gadi ga'-di,38033,Gadi,person,pronunciation_tail
458482,Gaham ga'-ham,40006,Gaham,person,pronunciation_tail
458812,Galley gal'-i,409856,Galley,person,pronunciation_tail
458814,Gallim gal'-im,409857,Gallim,person,pronunciation_tail
458949,Gamul ga'-mul,36685,Gamul,person,pronunciation_tail
458988,Gatam ga'-tam,36157,Gatam,person,pronunciation_tail
459025,Gath gath,36465,Gath,person,duplicated_word
459083,Gazelle ga-zel',503109,Gazelle,person,pronunciation_tail
459097,Gazez ga'-zez,36575,Gazez,person,pronunciation_tail
459389,Joseph-Manasseh:,459374,Joseph-Manasseh,person,trailing_punct
459900,Gera ge'-ra,37187,Gera,person,pronunciation_tail
459902,Gerah ge'-ra,397267,Gerah,person,pronunciation_tail
459960,Geshem ge'-shem,42136,Geshem,person,pronunciation_tail
459963,Geshur ge'-shur,36543,Geshur,person,pronunciation_tail
459999,Gether ge'-ther,36105,Gether,person,pronunciation_tail
460005,Geuel gu'-el,42271,Geuel,person,pronunciation_tail
460043,Giah gi'-a,38306,Giah,person,pronunciation_tail
460173,Gileadites gil'-e,45269,Gileadites,person,pronunciation_tail
460174,Gilgal gil'-gal,410116,Gilgal,person,pronunciation_tail
460187,Giloh gi'-lo,41500,Giloh,person,pronunciation_tail
460221,Gittith git'-ith,46690,Gittith,person,pronunciation_tail
460446,Goath go'-a,410171,Goath,person,pronunciation_tail
460488,Herbert Spencer's,211294,Herbert Spencer,person,possessive
460583,Philo's,208408,Philo,people,possessive
460778,Goel go'-el,204158,Goel,person,pronunciation_tail
461016,the Christian Messiah:,120164,the Christian Messiah,people,trailing_punct
461127,Graecia gre'-sha,451871,Graecia,person,pronunciation_tail
461391,Greeting gret'-ing,211487,Greeting,person,pronunciation_tail
461530,Guilty gil'-ti,18978,Guilty,person,pronunciation_tail
461540,Gutter gut'-er,782381,Gutter,person,pronunciation_tail
461567,Zabad za'-bad,36300,Zabad,person,pronunciation_tail
461594,Zabdi zab'-di,36499,Zabdi,person,pronunciation_tail
461603,Zabud za'-bud,37461,Zabud,person,pronunciation_tail
461617,Zacchur zak'-ur,36946,Zacchur,person,pronunciation_tail
461634,Zacher za'-ker,19874,Zacher,person,pronunciation_tail
461655,Zaham za'-ham,410264,Zaham,person,pronunciation_tail
461661,Zair za'-ir,14089,Zair,person,pronunciation_tail
461668,Zalaph za'-laf,42163,Zalaph,person,pronunciation_tail
461675,Zalmonah zal-mo'na,410269,Zalmonah,person,pronunciation_tail
461685,Zamoth za'-moth,461686,Zamoth,person,pronunciation_tail
461764,Zattu zat'-u,39578,Zattu,person,pronunciation_tail
461767,Zavan za'-van,36184,Zavan,person,pronunciation_tail
461769,Zaza za'-za,36554,Zaza,person,pronunciation_tail
461771,Zealots zel'-ut,44415,Zealots,person,pronunciation_tail
461779,Zalmunna ze'-ba,41824,Zalmunna,person,pronunciation_tail
462012,Zecher ze'-ker,461843,Zecher,person,pronunciation_tail
462069,Zeeb ze'-eb,41820,Zeeb,person,pronunciation_tail
462070,Zelah ze'-la,410351,Zelah,person,pronunciation_tail
462072,Zelek ze'-lek,36297,Zelek,person,pronunciation_tail
462076,Zelzah zel'-za,410359,Zelzah,person,pronunciation_tail
462094,Zenan ze'-nan,41485,Zenan,person,pronunciation_tail
462095,Zenas ze'-nas,36042,Zenas,person,pronunciation_tail
462142,Zephath ze'-fath,466367,Zephath,person,pronunciation_tail
462147,Zepho ze'-fi,36156,Zepho,person,pronunciation_tail
462158,Zephon ze'-fon,39078,Zephon,person,pronunciation_tail
462164,Zer zer,467210,Zer,person,duplicated_word
462169,Zerah ze'-ra,35430,Zerah,person,pronunciation_tail
462207,Zeresh ze'-resh,38998,Zeresh,person,pronunciation_tail
462209,Zereth ze'-reth,36888,Zereth,person,pronunciation_tail
462218,Zeror ze'-ror,37753,Zeror,person,pronunciation_tail
462237,Zetham ze'-tham,36626,Zetham,person,pronunciation_tail
462240,Zethan ze'-than,37107,Zethan,person,pronunciation_tail
462241,Zethar ze'-thar,38959,Zethar,person,pronunciation_tail
462248,Zia zi'-a,36995,Zia,person,pronunciation_tail
462250,Ziba zi'-ba,31550,Ziba,person,pronunciation_tail
462264,Zibiah zib'-i,37848,Zibiah,person,pronunciation_tail
462267,Zichri zik'-ri,36744,Zichri,person,pronunciation_tail
462278,Zif zif,44387,Zif,person,duplicated_word
462301,Zillah zil'-a,40317,Zillah,person,pronunciation_tail
462306,Zilpah zil'-pa,40145,Zilpah,person,pronunciation_tail
462310,Zilthai zil'-thi,36369,Zilthai,person,pronunciation_tail
462313,Zimmah zim'-a,37035,Zimmah,person,pronunciation_tail
462314,Zimran zim'-ran,36137,Zimran,person,pronunciation_tail
462340,Zin zin,38833,Zin,person,duplicated_word
462368,David ....,18663,David,person,trailing_punct
462373,Ziphah zi'-fa,36911,Ziphah,person,pronunciation_tail
462376,Ziphron zif'-ron,42468,Ziphron,person,pronunciation_tail
462378,Zippor zip'-or,41653,Zippor,person,pronunciation_tail
462383,Zithri zith'-ri,391962,Zithri,person,pronunciation_tail
462392,Zizah zi'-za,36637,Zizah,person,pronunciation_tail
462429,Zoar zo'-ar,38855,Zoar,person,pronunciation_tail
462458,Zohar zo'-har,39300,Zohar,person,pronunciation_tail
462461,Zoheth zo'-heth,36931,Zoheth,person,pronunciation_tail
462506,Zophah zo'-fa,37159,Zophah,person,pronunciation_tail
462508,Zophar zo'-far,41226,Zophar,person,pronunciation_tail
462512,Zorah zo'-ra,37774,Zorah,person,pronunciation_tail
462556,"Bousset,",451359,Bousset,people,trailing_punct
462567,Zuar zu'-ar,42297,Zuar,person,pronunciation_tail
462584,Zuzim zu'-zim,397294,Zuzim,person,pronunciation_tail
462886,Our Father ....,67630,Our Father,concept,trailing_punct
463235,Firepan fir'-pan,397860,Firepan,person,pronunciation_tail
463241,Firkin fur'-kin,47485,Firkin,person,pronunciation_tail
463980,Furlong fur'-long,398004,Furlong,person,pronunciation_tail
464110,Hadrach ha'-drak,410819,Hadrach,person,pronunciation_tail
464120,Hagar ha'-gar,18894,Hagar,person,pronunciation_tail
464173,Haggeri hag'-e,36279,Haggeri,person,pronunciation_tail
464174,Haggi hag'-i,40406,Haggi,person,pronunciation_tail
464182,Hagri hag'-ri,459417,Hagri,person,pronunciation_tail
464227,Halah ha'-la,37014,Halah,person,pronunciation_tail
464264,Hali ha'-li,41581,Hali,person,pronunciation_tail
464336,Hammath ham'-ath,410871,Hammath,person,pronunciation_tail
464429,Rim-Sin's,464426,Rim-Sin,people,possessive
464455,"The Code of Hammurabi,",417790,the Code of Hammurabi,concept,trailing_punct
464470,"Hammurabi,",425606,Hammurabi,people,trailing_punct
464526,Hamran ham'-ran,465489,Hamran,person,pronunciation_tail
464529,Hamul ha'-mul,42351,Hamul,person,pronunciation_tail
464537,Hanan ha'-nan,36304,Hanan,person,pronunciation_tail
464628,Hanochites ha'-nok,42344,Hanochites,person,pronunciation_tail
464630,Hanun ha'-nun,36487,Hanun,person,pronunciation_tail
464650,Hara ha'-ra,37016,Hara,person,pronunciation_tail
464720,Hareph ha'-ref,36585,Hareph,person,pronunciation_tail
464722,Hareth ha'-reth,37664,Hareth,person,pronunciation_tail
464729,Harhur har'-hur,39671,Harhur,person,pronunciation_tail
464767,Harrow har'-o,398191,Harrow,person,pronunciation_tail
464769,Harsha har'-sha,39674,Harsha,person,pronunciation_tail
464777,Haruz ha'-ruz,38130,Haruz,person,pronunciation_tail
464827,Hatchet hach'-et,531419,Hatchet,person,pronunciation_tail
464844,Hattush hat'-ush,36859,Hattush,person,pronunciation_tail
464983,Upper Galilee ....,397141,Upper Galilee,person,trailing_punct
465178,Pauline ideas.,492935,Pauline ideas,person,trailing_punct
465397,Helah he'-la,36883,Helah,person,pronunciation_tail
465413,Helek he'-lek,41526,Helek,person,pronunciation_tail
465415,"Septuagint Codex Vaticanus,",480487,Septuagint Codex Vaticanus,concept,trailing_punct
465420,Helez he'-lez,36252,Helez,person,pronunciation_tail
465426,Heli he'-li,35037,Heli,person,pronunciation_tail
465484,Heman he'-man,32069,Heman,person,pronunciation_tail
465486,Hemath he'-math,36385,Hemath,person,pronunciation_tail
465488,Hemdan hem'-dan,36179,Hemdan,person,pronunciation_tail
465494,Hena he'-na,13975,Hena,person,pronunciation_tail
465504,Henoch he'-nok,36060,Henoch,person,pronunciation_tail
465518,Herald her'-ald,219929,Herald,person,pronunciation_tail
465555,Heres he'-rez,474360,Heres,person,pronunciation_tail
465582,Hermas hur'-mas,35983,Hermas,person,pronunciation_tail
465590,Hermon hur'-mon,41385,Hermon,person,pronunciation_tail
465597,Herod her'-ud,18904,Herod,person,pronunciation_tail
465634,Herod Agrippa's,43637,Herod Agrippa,person,possessive
465659,Heshmon hesh'-mon,411213,Heshmon,person,pronunciation_tail
465716,Hezrai hez'-ro,36274,Hezrai,person,pronunciation_tail
465734,Hiel hi'-el,37370,Hiel,person,pronunciation_tail
465849,Hirah hi'-ra,40278,Hirah,person,pronunciation_tail
465851,Hiram hi'-ram,29699,Hiram,person,pronunciation_tail
466082,Hobab ho'-bab,41796,Hobab,person,pronunciation_tail
466084,Hobah ho'-ba,411290,Hobah,person,pronunciation_tail
466103,Hoglah hog'-la,41529,Hoglah,person,pronunciation_tail
466104,Hoham ho'-ham,41363,Hoham,person,pronunciation_tail
466143,"""Holy of Holies",557918,Holy of Holies,concept,leading_quote
466213,John's,19092,John,person,possessive
466346,Horem ho'-rem,41600,Horem,person,pronunciation_tail
466360,Horim ho'-rit,412227,Horim,person,pronunciation_tail
466423,Horror hor'-er,42746,Horror,person,pronunciation_tail
466443,Hosah ho'-sa,36457,Hosah,person,pronunciation_tail
466542,Hothan ho'-tham,36311,Hothan,person,pronunciation_tail
466544,Hothir ho'-thir,36715,Hothir,person,pronunciation_tail
466642,Hukok hu'-kok,37078,Hukok,person,pronunciation_tail
466646,Huldah hul'-da,37932,Huldah,person,pronunciation_tail
466690,Huppah hup'-a,36676,Huppah,person,pronunciation_tail
466712,Hushah hu'-sha,36881,Hushah,person,pronunciation_tail
466714,Hushai hut'-shi,36806,Hushai,person,pronunciation_tail
466719,Husham hu'-sham,36198,Husham,person,pronunciation_tail
466730,Huzzab huz'-ab,411469,Huzzab,person,pronunciation_tail
466763,Hyssop his'-up,411491,Hyssop,person,pronunciation_tail
467006,Asa Gray's,186937,Asa Gray,person,possessive
467037,Edna ed'-na,130029,Edna,person,pronunciation_tail
467142,Eglah eg'-la,36836,Eglah,person,pronunciation_tail
467309,the 'Ainesh-Shems,290610,The,people,pronunciation_tail
467420,Elam e'-lam,24323,Elam,person,pronunciation_tail
467593,the Inhabitants of Elam:,467436,the Inhabitants of Elam,people,trailing_punct
467711,Sabachthani e'-li,415975,SABACHTHANI,people,pronunciation_tail
467820,Elim e'-lim,39094,Elim,person,pronunciation_tail
467950,Eloi e'-loi,35297,Eloi,person,pronunciation_tail
468042,Emmer em'-er,417216,Emmer,person,pronunciation_tail
468231,Coverdale's,400389,Coverdale,people,possessive
468374,Ephai e'-fi,41119,Ephai,person,pronunciation_tail
468398,Hip.,742888,Hip,place,trailing_punct
468457,J. Armitage Robinson's,434482,J. Armitage Robinson,people,possessive
468518,Ephrathah ef'-rath,455838,Ephrathah,person,pronunciation_tail
468607,Erites e'-ri,411898,Erites,people,pronunciation_tail
468988,Esdris ez'-dris,468990,Esdris,person,pronunciation_tail
469009,Eshek e'-shek,37241,Eshek,person,pronunciation_tail
469177,Etam e'-tam,36874,Etam,person,pronunciation_tail
469211,Etham e'-tham,39068,Etham,person,pronunciation_tail
469397,the Ethics of Jesus.,419270,The Ethics of Jesus,people,trailing_punct
469584,Ethnan eth'-nan,391960,Ethnan,person,pronunciation_tail
469614,"Luke, Silas, Timothy.",469615,"Luke, Silas, Timothy",people,trailing_punct
470277,Ezekiel: Ezekiel's,430961,Ezekiel: Ezekiel,people,possessive
470371,Ezra ez'-ra,18690,Ezra,person,pronunciation_tail
470413,Ezri ez'-ri,36796,Ezri,person,pronunciation_tail
470436,Ibri ib'-ri,36693,Ibri,person,pronunciation_tail
470439,Ibsam ib'-sam,456680,Ibsam,person,pronunciation_tail
470442,Ibzan ib'-zan,41721,Ibzan,person,pronunciation_tail
470514,Iim i'-im,41471,Iim,person,pronunciation_tail
470519,Ijon i'-jon,37356,Ijon,person,pronunciation_tail
470757,Imna im'-na,37160,Imna,person,pronunciation_tail
470758,Imnah im'-na,37147,Imnah,person,pronunciation_tail
470835,Imrah im'-ra,37165,Imrah,person,pronunciation_tail
470838,Imri im'-ri,37249,Imri,person,pronunciation_tail
471443,Deutero-Isaiah's,471286,Deutero-Isaiah,concept,possessive
471469,The Literary Style:,471289,The Literary Style,concept,trailing_punct
471475,A.B. Davidson's,448194,A.B. Davidson,people,possessive
471483,Canon Cheyne's,425877,Canon Cheyne,person,possessive
471563,Iscah iz'-ka,386643,Iscah,person,pronunciation_tail
471602,Ishpan ish'-pan,37221,Ishpan,person,pronunciation_tail
471611,Ishvi ish'-vi,418034,Ishvi,person,pronunciation_tail
471613,Isle i'-land,54489,Isle,place,pronunciation_tail
471911,Sam.,19557,Sam,person,trailing_punct
471968,Ithnan ith'-nan,398262,Ithnan,person,pronunciation_tail
471993,Ivah i'-va,38089,Ivah,person,pronunciation_tail
472025,Izhar iz'-har,36419,Izhar,person,pronunciation_tail
472032,Izri iz'-ri,36703,Izri,person,pronunciation_tail
472422,Talmon tal'-mon,37266,Talmon,person,pronunciation_tail
472839,Tarah ta'-ra,42449,Tarah,person,pronunciation_tail
473131,Telah te'-la,37139,Telah,person,pronunciation_tail
473156,Ann.,291324,Ann,place,trailing_punct
473484,Revised Version's,395649,Revised Version,person,possessive
473486,A. R. S. Kennedy's,417459,A. R. S. Kennedy,person,possessive
473559,the New Testament Writers:,447716,the New Testament Writers,people,trailing_punct
473563,Frederick G. Kenyon's,473626,Frederick G. Kenyon,person,possessive
473662,Tischendorf's,388542,Tischendorf,people,possessive
474092,Theudas thu'-das,33963,Theudas,person,pronunciation_tail
474124,Thisbe thiz'-be,412764,Thisbe,person,pronunciation_tail
474189,Threescore thre'-skor,41688,Threescore,person,pronunciation_tail
474271,Tibni tib'-ni,37366,Tibni,person,pronunciation_tail
474343,Timna tim'-na,36159,Timna,person,pronunciation_tail
474346,Timnah tim'-na,36212,Timnah,person,pronunciation_tail
474371,Timon ti'-mon,33976,Timon,person,pronunciation_tail
474497,Toah to'-a,412789,Toah,person,pronunciation_tail
474512,Tobie to'-bi,427162,Tobie,person,pronunciation_tail
474563,this New Year's,92691,this new year,period,possessive
474627,Tohu to'-hu,37559,Tohu,person,pronunciation_tail
474635,Tolad to-'lad,412798,Tolad,person,pronunciation_tail
474716,Torah to'-ra,46567,Torah,person,pronunciation_tail
474835,"Lightfoot,",205401,Lightfoot,people,trailing_punct
474908,Temple in the New Testament:,805339,Temple in the New Testament,people,trailing_punct
475032,Johannine Discourses:,475025,Johannine Discourses,people,trailing_punct
475149,Saint Paul's,435264,Saint Paul,person,possessive
475354,Nabal na'-bal,37676,Nabal,person,pronunciation_tail
475387,Naboth na'-both,37425,Naboth,person,pronunciation_tail
475431,Nahbi na'-bi,42270,Nahbi,person,pronunciation_tail
475437,Nahum na'-hum,19327,Nahum,person,pronunciation_tail
475476,Nain na'-in,98183,Nain,person,pronunciation_tail
475715,Naum na'-um,35042,Naum,person,pronunciation_tail
475792,Nebai ne'-bi,42061,Nebai,person,pronunciation_tail
475976,Nephew nef'-u,475669,Nephew,person,pronunciation_tail
476069,Clemens Rom.,489788,Clemens Rom,person,trailing_punct
476264,Buxtorf's,204913,Buxtorf,people,possessive
476336,Nimshi nim'-shi,37399,Nimshi,person,pronunciation_tail
476407,Nisan ni'-san,38986,Nisan,person,pronunciation_tail
476410,Nisroch nis'-rok,38105,Nisroch,person,pronunciation_tail
476414,Nitre ni'-ter,397998,Nitre,person,pronunciation_tail
476439,Nobah no'-ba,41825,Nobah,person,pronunciation_tail
476447,Nobai no'-bi,475794,NOBAI,people,pronunciation_tail
476458,Noe no'-e,415855,Noe,person,pronunciation_tail
476463,Nogah no'-ga,36400,Nogah,person,pronunciation_tail
476784,Pulpit Comm.,459561,Pulpit Comm,person,trailing_punct
476809,Nymphas nim'-fas,34077,Nymphas,person,pronunciation_tail
477006,New-Year's,474334,New-Year,period,possessive
477097,G. Smith's,203455,G. Smith,person,possessive
477117,Babi ba'-bi,478313,Babi,people,pronunciation_tail
477462,the Book of Gen.,448590,the Book of Gen,concept,trailing_punct
477582,Balak ba'-ak,35851,Balak,person,pronunciation_tail
477663,Bani ba'-ni,37055,Bani,person,pronunciation_tail
477671,Banid ba'-nid,477670,Banid,person,pronunciation_tail
477699,Banquet ban'-kwet,398871,BANQUET,person,pronunciation_tail
477769,De Bapt.,502233,de Bapt,person,trailing_punct
477832,Schurer's,417723,Schurer,people,possessive
477834,Stanley's,212298,Stanley,people,possessive
477923,Barak ba'-rak,34168,Barak,person,pronunciation_tail
477981,Barley bar'-li,413561,Barley,person,pronunciation_tail
478107,Bashan ba'-shan,400088,Bashan,person,pronunciation_tail
478154,Bassa bas'-a,478153,Bassa,person,pronunciation_tail
478243,Bean be'-an,91406,Bean,person,pronunciation_tail
478305,Beauty bu'-ti,99704,Beauty,person,pronunciation_tail
478516,Bela be'-la,36196,Bela,person,pronunciation_tail
478517,Belah be'-la,391964,Belah,person,pronunciation_tail
478577,"Temple of Belus,",399968,Temple of Belus,people,trailing_punct
478579,Ben ben,36426,Ben,person,duplicated_word
478671,Beno be'-no,36690,Beno,person,pronunciation_tail
478697,Beri be'-ri,37164,Beri,person,pronunciation_tail
478702,Berith be'-rith,393742,Berith,person,pronunciation_tail
478764,Betah be'-ta,413742,Betah,person,pronunciation_tail
478868,beth ha-'emeq,321714,Beth,people,pronunciation_tail
478952,a full day's,60222,a full day,period,possessive
479173,Beulah bu'-la,40939,Beulah,person,pronunciation_tail
479287,More Positive View:,479226,More Positive View,concept,trailing_punct
479337,A. S. Peake's,429600,A. S. Peake,person,possessive
479339,W. F. Adeney's,419290,W. F. Adeney,person,possessive
479387,Bruno Bauer's,491581,Bruno Bauer,people,possessive
479401,A. Klostermann's,417464,A. Klostermann,person,possessive
479405,F. Hitzig's,471519,F. Hitzig,person,possessive
479414,E. Riehm's,439169,E. Riehm,person,possessive
479417,A. Dillmann's,425577,A. Dillmann,person,possessive
479432,"T. Whitelaw,",471964,T. Whitelaw,person,trailing_punct
479460,Bichri bik'-ri,38310,Bichri,person,pronunciation_tail
479465,Bidkar bid'-kar,38216,Bidkar,person,pronunciation_tail
479508,Binnui bin'-u,39585,Binnui,person,pronunciation_tail
479538,Birsha bur'-sha,39864,Birsha,person,pronunciation_tail
479543,Birth Birth,23018,Birth,person,duplicated_word
479774,Boaz bo'-az,3565,Boaz,person,pronunciation_tail
480178,Breeches brich'-iz,480179,Breeches,person,pronunciation_tail
480324,Bukki buk'-i,37025,Bukki,person,pronunciation_tail
480345,Bunah bu'-na,36530,Bunah,person,pronunciation_tail
480349,Bunni bun'-i,42057,Bunni,person,pronunciation_tail
480412,Bushel boosh'-el,414021,Bushel,person,pronunciation_tail
480439,The Market-Place:,428880,the Market-Place,people,trailing_punct
480462,Byword bi'-wurd,970,Byword,person,pronunciation_tail
480501,Kallai kal'-a,42117,Kallai,person,pronunciation_tail
480502,Kamon ka'-mon,464905,Kamon,person,pronunciation_tail
480507,Kanah ka'-na,414052,Kanah,person,pronunciation_tail
480562,Keepers kep'-er,81597,Keepers,person,pronunciation_tail
480594,Kenez ke'-naz,393085,Kenez,person,pronunciation_tail
480637,Keros ke'-ros,39653,Keros,person,pronunciation_tail
480678,Keziz ke'-ziz,414106,Keziz,person,pronunciation_tail
480721,Kinah ki'-na,415903,Kinah,person,pronunciation_tail
480855,Kinsfolk kinz'-fok,480854,Kinsfolk,person,pronunciation_tail
480858,Kinswoman kinz'-man,480861,Kinswoman,person,pronunciation_tail
480955,Kishon ki'-shon,41631,Kishon,person,pronunciation_tail
480968,Kislev kis'-lef,288294,Kislev,person,pronunciation_tail
480989,Kittim kit'-im,36069,Kittim,person,pronunciation_tail
481009,Sargon of Agade's,446411,Sargon of Agade,people,possessive
481019,George Smith's,371064,George Smith,person,possessive
481038,Koa ko'-a,39393,Koa,person,pronunciation_tail
481053,Korah ko'-ra,36188,Korah,person,pronunciation_tail
481075,Korathites ko'-rath,42384,Korathites,person,pronunciation_tail
481140,Maaz ma'-az,36533,Maaz,person,pronunciation_tail
481378,III.,421515,III,place,trailing_punct
481507,Macron ma'-kron,405763,Macron,person,pronunciation_tail
481536,Madon ma'-don,415911,Madon,person,pronunciation_tail
481588,Magician maj'-ik,110,Magician,person,pronunciation_tail
481810,Mallos mal'-os,481809,Mallos,person,pronunciation_tail
481819,Mallus mal'-us,472977,Mallus,person,pronunciation_tail
481838,Mamre mam'-re,39853,Mamre,person,pronunciation_tail
481859,J. Eadie's,429539,J. Eadie,person,possessive
481890,Manaen man'-a,33581,Manaen,person,pronunciation_tail
481892,Manahath man'-a,36173,Manahath,person,pronunciation_tail
481979,Mina man'-e,730730,Mina,person,pronunciation_tail
481991,Mani ma'-ni,472554,Mani,person,pronunciation_tail
482060,Maoch ma'-ok,37691,Maoch,person,pronunciation_tail
482061,Maonites ma'-on,41710,Maonites,person,pronunciation_tail
482070,Marah ma'-ra,39093,Marah,person,pronunciation_tail
482083,Marcus mar'-kus,146000,Marcus,person,pronunciation_tail
482322,Martha mar'-tha,19299,Martha,person,pronunciation_tail
482381,Maschil mas'-kil,42789,Maschil,person,pronunciation_tail
482383,Mashal ma'-shal,37077,Mashal,person,pronunciation_tail
482400,Massa mas'-a,36129,Massa,person,pronunciation_tail
482401,Meribah mas'-a,38851,Meribah,people,pronunciation_tail
482474,Matthew math'-u,19212,Matthew,person,pronunciation_tail
482577,Hastings Hastings,116990,Hastings,person,duplicated_word
482616,Medan me'-dan,36139,Medan,person,pronunciation_tail
482910,Menan me'-nan,35064,Menan,person,pronunciation_tail
482929,Menna men'-a,414662,Menna,person,pronunciation_tail
483045,Mesha me'-sha,36564,Mesha,person,pronunciation_tail
483156,Mibhar mib'-har,36278,Mibhar,person,pronunciation_tail
483163,Mica mi'-ka,431982,Mica,person,pronunciation_tail
483201,Michah mi'-ka,36647,Michah,person,pronunciation_tail
483214,Michal mi'-kal,36448,Michal,person,pronunciation_tail
483232,Michri mik'-ri,37254,Michri,person,pronunciation_tail
483293,Migdol mig'-dol,39079,Migdol,person,pronunciation_tail
483389,Mina mi'-na,730730,Mina,person,pronunciation_tail
483474,Minnith min'-ith,41718,Minnith,person,pronunciation_tail
483514,Pascal's,529371,Pascal,people,possessive
483548,Misham mi'-sham,37202,Misham,person,pronunciation_tail
483604,Mizpeh miz'-pa,757925,Mizpeh,concept,pronunciation_tail
483645,Mizzah miz'-a,36191,Mizzah,person,pronunciation_tail
483647,Mnason na'-son,33796,Mnason,person,pronunciation_tail
483728,Modin mo'-din,414927,Modin,person,pronunciation_tail
483749,Moeth mo'-eth,415999,Moeth,person,pronunciation_tail
483752,Moladah mol'-a,36955,Moladah,person,pronunciation_tail
483776,Moli mo'-li,414940,Moli,person,pronunciation_tail
483844,Prognosticators munth'-li,439046,Prognosticators,person,pronunciation_tail
483995,Biblical Sac.,485055,Biblical Sac,people,trailing_punct
484046,Mozah mo'-za,41550,Mozah,person,pronunciation_tail
484082,Mushi mu'-shi,36649,Mushi,person,pronunciation_tail
484155,Myndus min'-dus,484154,Myndus,person,pronunciation_tail
484237,Dagon da'-gon,37729,Dagon,person,pronunciation_tail
484249,Daisan da'-san,791756,Daisan,person,pronunciation_tail
484262,Daleth da'-leth,472324,Daleth,person,pronunciation_tail
484350,Daniel dan'-yel,18661,Daniel,person,pronunciation_tail
484358,Payne Smith's,480185,Payne Smith,person,possessive
484417,Dannah dan'-a,41497,Dannah,person,pronunciation_tail
484419,Beit el-Ma',413823,Beit,place,pronunciation_tail
484424,Dara dar'-a,36502,Dara,person,pronunciation_tail
484426,Daric dar'-ik,401297,Daric,person,pronunciation_tail
484461,Dathan da'-than,38649,Dathan,person,pronunciation_tail
484465,a night's,39061,a night,period,possessive
484473,David da'-vid,18663,David,person,pronunciation_tail
484728,Wady el-'Areijeh,396137,Wady,person,pronunciation_tail
484842,Death Death,18664,Death,person,duplicated_word
484920,Decline de-klin',451967,Decline,person,pronunciation_tail
484986,Delay de-la',199872,Delay,person,pronunciation_tail
484998,Delight de-lit',216473,Delight,person,pronunciation_tail
485029,Delos de'-los,430478,Delos,person,pronunciation_tail
485177,Derbe dur'-be,33606,Derbe,person,pronunciation_tail
485201,Descent de-send',761670,DESCENT,people,pronunciation_tail
485287,Cranmer's,44202,Cranmer,people,possessive
485350,"February, March,",361446,"February, March",period,trailing_punct
485383,a new day's,58292,a new day,period,possessive
485400,Diblah dib'-la,400249,Diblah,person,pronunciation_tail
485413,Dibri dib'-ri,41944,Dibri,person,pronunciation_tail
485968,Dimnah dim'-na,41636,Dimnah,person,pronunciation_tail
485970,Dimonah di'-mon,401459,Dimonah,person,pronunciation_tail
485972,Dinah di'-na,40163,Dinah,person,pronunciation_tail
486162,the Spread of the Gospel:,486095,the Spread of the Gospel,people,trailing_punct
486261,Doeg do'-eg,37660,Doeg,person,pronunciation_tail
486305,Dothan do'-than,415393,Dothan,person,pronunciation_tail
486389,The Outer Garments:,486383,The Outer Garments,concept,trailing_punct
486459,Dumah du'-ma,36128,Dumah,person,pronunciation_tail
486482,Dura du'-ra,11161,Dura,person,pronunciation_tail
486498,Duty du'-ti,754522,Duty,person,pronunciation_tail
486553,Sabanneus SABANNEUS,461576,Sabanneus,person,duplicated_word
486619,Sabteca SABTECA,12435,Sabteca,person,duplicated_word
486843,Sadduk SADDUK,416813,Sadduk,person,duplicated_word
486849,Salamis SALAMIS,401724,Salamis,person,duplicated_word
486853,Salecah SALECAH,467067,Salecah,person,duplicated_word
486868,Sallai SALLAI,42085,Sallai,person,duplicated_word
486869,Sallu SALLU,37251,Sallu,person,duplicated_word
486874,Salmanasar SALMANASAR,280181,Salmanasar,person,duplicated_word
486887,Salt SALT,25287,Salt,person,duplicated_word
486963,Samech SAMECH,417203,Samech,person,duplicated_word
486969,Samlah SAMLAH,36200,Samlah,person,duplicated_word
486974,Samothrace SAMOTHRACE,401807,Samothrace,person,duplicated_word
486977,Samson SAMSON,19560,Samson,person,duplicated_word
487013,Samuel SAMUEL,18897,Samuel,person,duplicated_word
487159,Budde’s,417309,Budde,people,possessive
487206,1:11 f.,461143,1:11 f,period,trailing_punct
487243,9:23 f.,440563,9:23 f,period,trailing_punct
487328,Sansannah SANSANNAH,401862,Sansannah,person,duplicated_word
487336,Saphatias SAPHATIAS,417764,Saphatias,person,duplicated_word
487338,Saphuthi SAPHUTHI,417770,Saphuthi,person,duplicated_word
487341,Sarabias SARABIAS,417781,Sarabias,person,duplicated_word
487342,Sarah SARAH,19563,Sarah,person,duplicated_word
487359,Saramel SARAMEL,445716,Saramel,person,duplicated_word
487362,Saraph SARAPH,36935,Saraph,person,duplicated_word
487377,Sarepta SAREPTA,13355,Sarepta,person,duplicated_word
487378,Sargon SARGON,40712,Sargon,person,duplicated_word
487389,Sarothie SAROTHIE,401899,Sarothie,person,duplicated_word
487391,Sarsechim SARSECHIM,41103,Sarsechim,person,duplicated_word
487457,Saviour SAVIOUR,33316,Saviour,person,duplicated_word
487465,Sceva SCEVA,33695,Sceva,person,duplicated_word
487510,Scythopolis SCYTHOPOLIS,44124,Scythopolis,person,duplicated_word
487548,Sebam SEBAM,17287,Sebam,person,duplicated_word
487552,Sechenias SECHENIAS,420012,Sechenias,person,duplicated_word
487554,Secu SECU,418484,Secu,person,duplicated_word
487555,Secundus SECUNDUS,33757,Secundus,person,duplicated_word
487579,Selah SELAH,38016,Selah,person,duplicated_word
487584,Selemias SELEMIAS,418602,Selemias,person,duplicated_word
487586,Seleucia SELEUCIA,33584,Seleucia,person,duplicated_word
487603,Seleucus V .,418646,Seleucus V,person,trailing_punct
487614,Semachiah SEMACHIAH,402086,Semachiah,person,duplicated_word
487616,Semei SEMEI,35048,Semei,person,duplicated_word
487620,Senaah SENAAH,39641,Senaah,person,duplicated_word
487626,Seneh SENEH,392250,Seneh,person,duplicated_word
487627,Senir SENIR,37013,Senir,person,duplicated_word
487630,Sennacherib SENNACHERIB,37918,Sennacherib,person,duplicated_word
487642,Sephar SEPHAR,402117,Sephar,person,duplicated_word
487644,Sepharad SEPHARAD,392277,Sepharad,person,duplicated_word
487650,Serah SERAH,19564,Serah,person,duplicated_word
487651,Seraiah SERAIAH,36904,Seraiah,person,duplicated_word
487674,Seron SERON,419317,Seron,person,duplicated_word
487780,Sesthel SESTHEL,419483,Sesthel,person,duplicated_word
487783,Seth SETH,19574,Seth,person,duplicated_word
487786,Settle SETTLE,112021,Settle,person,duplicated_word
487803,Shaalabbin SHAALABBIN,392342,Shaalabbin,person,duplicated_word
487804,Shaalbim SHAALBIM,41701,Shaalbim,person,duplicated_word
487807,Shaaph SHAAPH,36580,Shaaph,person,duplicated_word
487810,Shabbethai SHABBETHAI,39568,Shabbethai,person,duplicated_word
487813,Shachia SHACHIA,37198,Shachia,person,duplicated_word
487814,Shaddai SHADDAI,402207,Shaddai,person,duplicated_word
487818,Shaharaim SHAHARAIM,37192,Shaharaim,person,duplicated_word
487822,Shalishah SHALISHAH,419583,Shalishah,person,duplicated_word
487823,Shallecheth SHALLECHETH,36743,Shallecheth,person,duplicated_word
487828,Shallun SHALLUN,42156,Shallun,person,duplicated_word
487833,Shama SHAMA,36309,Shama,person,duplicated_word
487869,Shamgar SHAMGAR,41788,Shamgar,person,duplicated_word
487872,Shamhuth SHAMHUTH,36772,Shamhuth,person,duplicated_word
487873,Shamir SHAMIR,36696,Shamir,person,duplicated_word
487882,Shamma SHAMMA,37167,Shamma,person,duplicated_word
487884,Shammai SHAMMAI,36535,Shammai,person,duplicated_word
487885,Shammoth SHAMMOTH,36280,Shammoth,person,duplicated_word
487886,Shammua SHAMMUA,36395,Shammua,person,duplicated_word
487887,Shamsherai SHAMSHERAI,37224,Shamsherai,person,duplicated_word
487888,Shapham SHAPHAM,36991,Shapham,person,duplicated_word
487891,Shaphan SHAPHAN,37936,Shaphan,person,duplicated_word
487896,Sharai SHARAI,39607,Sharai,person,duplicated_word
487897,Sharezer SHAREZER,38102,Sharezer,person,duplicated_word
487898,Esarhaddon’s,38103,Esarhaddon,person,possessive
487916,Shashai SHASHAI,39606,Shashai,person,duplicated_word
487917,Shaul SHAUL,19566,Shaul,person,duplicated_word
487923,Shavsha SHAVSHA,36480,Shavsha,person,duplicated_word
487924,Sheal SHEAL,39581,Sheal,person,duplicated_word
487925,Shealtiel SHEALTIEL,35051,Shealtiel,person,duplicated_word
487931,Sheariah SHEARIAH,37240,Sheariah,person,duplicated_word
487933,Sheba SHEBA,36072,Sheba,person,duplicated_word
487970,Shebaniah SHEBANIAH,36441,Shebaniah,person,duplicated_word
487973,Sheber SHEBER,36579,Sheber,person,duplicated_word
487980,Shecaniah SHECANIAH,36673,Shecaniah,person,duplicated_word
487984,Shechem SHECHEM,34007,Shechem,person,duplicated_word
488000,Shedeur SHEDEUR,42243,Shedeur,person,duplicated_word
488013,Sheerah SHEERAH,420093,Sheerah,person,duplicated_word
488016,Shehariah SHEHARIAH,37225,Shehariah,person,duplicated_word
488025,Shekinah SHEKINAH,420110,Shekinah,person,duplicated_word
488038,Shelah SHELAH,36107,Shelah,person,duplicated_word
488041,Sheleph SHELEPH,36110,Sheleph,person,duplicated_word
488042,Shelesh SHELESH,37161,Shelesh,person,duplicated_word
488044,Shelomoth SHELOMOTH,36629,Shelomoth,person,duplicated_word
488045,Shelumiel SHELUMIEL,42221,Shelumiel,person,duplicated_word
488047,Shem SHEM,19579,Shem,person,duplicated_word
488054,Shema SHEMA,36570,Shema,person,duplicated_word
488056,Shemaah SHEMAAH,36331,Shemaah,person,duplicated_word
488057,Shemaiah SHEMAIAH,36417,Shemaiah,person,duplicated_word
488072,Shemer SHEMER,37368,Shemer,person,duplicated_word
488075,Shemiramoth SHEMIRAMOTH,36428,Shemiramoth,person,duplicated_word
488077,Shemuel SHEMUEL,37044,Shemuel,person,duplicated_word
488080,Sheol SHEOL,326409,Sheol,person,duplicated_word
488093,Shepham SHEPHAM,42469,Shepham,person,duplicated_word
488094,Shephatiah SHEPHATIAH,36344,Shephatiah,person,duplicated_word
488096,Shephelah SHEPHELAH,45909,Shephelah,person,duplicated_word
488099,Shephupham SHEPHUPHAM,402879,Shephupham,person,duplicated_word
488100,Sherebiah SHEREBIAH,39752,Sherebiah,person,duplicated_word
488106,Sheresh SHERESH,37119,Sheresh,person,duplicated_word
488116,Sheshai SHESHAI,41454,Sheshai,person,duplicated_word
488117,Sheshan SHESHAN,36552,Sheshan,person,duplicated_word
488124,Sheth SHETH,36092,Sheth,person,duplicated_word
488142,Shibah SHIBAH,478393,Shibah,person,duplicated_word
488144,Shibboleth SHIBBOLETH,41725,Shibboleth,person,duplicated_word
488149,Shield SHIELD,50397,Shield,person,duplicated_word
488153,Shikkeron SHIKKERON,420516,Shikkeron,person,duplicated_word
488154,Shilhim SHILHIM,41476,Shilhim,person,duplicated_word
488176,Shimea SHIMEA,36610,Shimea,person,duplicated_word
488177,Shimeah SHIMEAH,37230,Shimeah,person,duplicated_word
488179,Shimeam SHIMEAM,37272,Shimeam,person,duplicated_word
488190,Shimron SHIMRON,37094,Shimron,person,duplicated_word
488192,Shimshai SHIMSHAI,39718,Shimshai,person,duplicated_word
488196,Shin SHIN,420664,Shin,person,duplicated_word
488197,Shinab SHINAB,39865,Shinab,person,duplicated_word
488207,Shiphi SHIPHI,36971,Shiphi,person,duplicated_word
488208,Shiphrah SHIPHRAH,39038,Shiphrah,person,duplicated_word
488241,Shitrai SHITRAI,36798,Shitrai,person,duplicated_word
488243,Charles Scribner's,554280,Charles Scribner,person,possessive
488251,Shittim SHITTIM,420908,Shittim,person,duplicated_word
488264,Shiza SHIZA,36303,Shiza,person,duplicated_word
488267,Shobach SHOBACH,36489,Shobach,person,duplicated_word
488279,Shoham SHOHAM,36691,Shoham,person,duplicated_word
488283,Shroud SHROUD,420997,Shroud,person,duplicated_word
488293,Shuhah SHUHAH,421002,Shuhah,person,duplicated_word
488298,Shunammite SHUNAMMITE,38187,Shunammite,person,duplicated_word
488307,Shur SHUR,37604,Shur,person,duplicated_word
488310,Shushan SHUSHAN,328849,Shushan,person,duplicated_word
488316,Shuthelah SHUTHELAH,37132,Shuthelah,person,duplicated_word
488325,Sibboleth SIBBOLETH,41726,Sibboleth,person,duplicated_word
488328,Siccuth SICCUTH,446420,Siccuth,person,duplicated_word
488380,Silla SILLA,38006,Silla,person,duplicated_word
488398,Silver SILVER,33925,Silver,person,duplicated_word
488409,Simon SIMON,19581,Simon,person,duplicated_word
488440,12:18 f.,482211,12:18 f,period,trailing_punct
488592,R. A. Watson’s,458119,R. A. Watson,person,possessive
488672,Sinim SINIM,23701,Sinim,person,duplicated_word
488679,Sisera SISERA,37579,Sisera,person,duplicated_word
488682,Sismai SISMAI,12720,Sismai,person,duplicated_word
488685,Sitnah SITNAH,421926,Sitnah,person,duplicated_word
488812,Sleight SLEIGHT,422071,Sleight,person,duplicated_word
488857,Soldier SOLDIER,49720,Soldier,person,duplicated_word
488933,Eccles.,206684,Eccles,person,trailing_punct
488980,6:11 f.,465211,6:11 f,period,trailing_punct
488992,Syr.,489462,Syr,place,trailing_punct
489002,Sophereth SOPHERETH,39679,Sophereth,person,duplicated_word
489004,Sophonias SOPHONIAS,771424,Sophonias,person,duplicated_word
489007,Sorrel SORREL,429320,Sorrel,person,duplicated_word
489009,Sosthenes SOSTHENES,33051,Sosthenes,person,duplicated_word
489045,Eldad Woodruff's,517035,Eldad Woodruff,person,possessive
489074,Herod Agrippa’s,43637,Herod Agrippa,person,possessive
489117,Stacte STACTE,392837,Stacte,person,duplicated_word
489139,Stephanas STEPHANAS,33058,Stephanas,person,duplicated_word
489143,Stephen STEPHEN,19750,Stephen,person,duplicated_word
489146,Steward STEWARD,358272,Steward,person,duplicated_word
489217,Story STORY,218356,Story,person,duplicated_word
489266,Stripes STRIPES,225051,Stripes,person,duplicated_word
489270,Sua SUA,467288,Sua,person,duplicated_word
489272,Suah SUAH,37162,Suah,person,duplicated_word
489278,Subas SUBAS,423428,Subas,person,duplicated_word
489283,Succoth SUCCOTH,38070,Succoth,person,duplicated_word
489304,Sud SUD,423423,Sud,person,duplicated_word
489306,Sudias SUDIAS,456831,Sudias,person,duplicated_word
489310,Sukkiim SUKKIIM,403310,Sukkiim,person,duplicated_word
489314,Sun SUN,113011,Sun,person,duplicated_word
489340,Suph SUPH,392892,Suph,person,duplicated_word
489343,Suphah SUPHAH,392895,Suphah,person,duplicated_word
489345,Susanna SUSANNA,35172,Susanna,person,duplicated_word
489360,Sychar SYCHAR,204243,Sychar,person,duplicated_word
489437,Vaniah VANIAH,39603,Vaniah,person,duplicated_word
489463,Vashti VASHTI,38944,Vashti,person,duplicated_word
489466,Vedan VEDAN,401277,Vedan,person,duplicated_word
489468,Versions VERSIONS,403470,Versions,person,duplicated_word
489470,Vessels VESSELS,650128,Vessels,person,duplicated_word
489501,Vinegar VINEGAR,322895,Vinegar,person,duplicated_word
489538,Vows VOWS,645206,Vows,person,duplicated_word
489575,Jerome’s,44257,Jerome,person,possessive
489608,Charlemagne’s,425387,Charlemagne,people,possessive
489649,Clement VIII .,481945,Clement VIII,person,trailing_punct
489664,Cab CAB,47484,Cab,person,duplicated_word
489695,Cage CAGE,92463,Cage,person,duplicated_word
489697,Caiaphas CAIAPHAS,3578,Caiaphas,person,duplicated_word
489713,Calah CALAH,39799,Calah,person,duplicated_word
489745,Camel CAMEL,508566,Camel,person,duplicated_word
489757,Canaan CANAAN,3581,Canaan,person,duplicated_word
489862,Eccl.,25089,Eccl,place,trailing_punct
489875,Cap CAP,355146,Cap,person,duplicated_word
489883,Caph CAPH,632186,Caph,person,duplicated_word
489885,Capharsalama CAPHARSALAMA,256234,Capharsalama,person,duplicated_word
489896,Cappadocia CAPPADOCIA,31191,Cappadocia,person,duplicated_word
489905,Caravan CARAVAN,429828,Caravan,person,duplicated_word
489923,Carmi CARMI,36503,Carmi,person,duplicated_word
489928,Carnaim CARNAIM,407214,Carnaim,person,duplicated_word
489935,Carob CAROB,681254,Carob,person,duplicated_word
489941,Carshena CARSHENA,38962,Carshena,person,duplicated_word
489944,Casiphia CASIPHIA,403785,Casiphia,person,duplicated_word
489949,Cassia CASSIA,403787,Cassia,person,duplicated_word
489964,Cathua CATHUA,426775,Cathua,person,duplicated_word
489969,Caul CAUL,403831,Caul,person,duplicated_word
489990,Cedar CEDAR,12461,Cedar,person,duplicated_word
490011,Chabris CHABRIS,426918,Chabris,person,duplicated_word
490015,Chadiasai CHADIASAI,426926,Chadiasai,person,duplicated_word
490040,Chamber CHAMBER,403895,Chamber,person,duplicated_word
490041,Chamberlain CHAMBERLAIN,78370,Chamberlain,person,duplicated_word
490055,Chapiter CHAPITER,403900,Chapiter,person,duplicated_word
490057,Charaathalan CHARAATHALAN,427145,Charaathalan,people,duplicated_word
490061,Charea CHAREA,427170,Charea,person,duplicated_word
490075,Rawlinson’s,403750,Rawlinson,people,possessive
490084,Chaseba CHASEBA,427245,Chaseba,person,duplicated_word
490095,Chelal CHELAL,39584,Chelal,person,duplicated_word
490113,Chenaanah CHENAANAH,37106,Chenaanah,person,duplicated_word
490114,Chenani CHENANI,42213,Chenani,person,duplicated_word
490122,Cherith CHERITH,403969,Cherith,person,duplicated_word
490138,Chesed CHESED,40000,Chesed,person,duplicated_word
490141,Chesulloth CHESULLOTH,456670,Chesulloth,person,duplicated_word
490253,Chimham CHIMHAM,38295,Chimham,person,duplicated_word
490260,Chislon CHISLON,42473,Chislon,person,duplicated_word
490271,Choba CHOBA,427687,Choba,person,duplicated_word
490275,Choler CHOLER,427703,Choler,person,duplicated_word
490281,Chorbe CHORBE,427740,Chorbe,person,duplicated_word
490286,St. Luke’s,90703,St. Luke,place,possessive
490419,Darius III.,401311,Darius III,person,trailing_punct
490531,Herod Philip’s,45528,Herod Philip,person,possessive
490533,Herod the Great’s,43797,Herod the Great,people,possessive
490542,Lightfoot’s,205401,Lightfoot,people,possessive
490549,Rev.,416303,Rev,place,trailing_punct
490649,Chuza CHUZA,35171,Chuza,person,duplicated_word
490651,Cilicia CILICIA,33624,Cilicia,person,duplicated_word
490787,Clement CLEMENT,35774,Clement,person,duplicated_word
490801,Clopas CLOPAS,11395,Clopas,person,duplicated_word
490802,Closet CLOSET,393595,Closet,person,duplicated_word
490804,Cloud CLOUD,429106,Cloud,person,duplicated_word
490807,Jahweh’s,486567,Jahweh,person,possessive
490817,Cnidus CNIDUS,33885,Cnidus,person,duplicated_word
490900,Colt COLT,429372,Colt,person,duplicated_word
490901,Comfort COMFORT,50983,Comfort,person,duplicated_word
490942,Conaniah CONANIAH,37944,Conaniah,person,duplicated_word
490966,Cruden’s,430050,Cruden,person,possessive
490975,Coney CONEY,44659,Coney,person,duplicated_word
491038,Conscience CONSCIENCE,765930,Conscience,person,duplicated_word
491105,Cor COR,27651,Cor,person,duplicated_word
491280,Cosam COSAM,35054,Cosam,person,duplicated_word
491283,Cotton COTTON,446302,Cotton,person,duplicated_word
491285,Coulter COULTER,393736,Coulter,person,duplicated_word
491297,Courage COURAGE,87301,Courage,person,duplicated_word
491451,Crates CRATES,491452,Crates,person,duplicated_word
491500,Crib CRIB,608261,Crib,person,duplicated_word
491565,Crimson CRIMSON,429276,Crimson,person,duplicated_word
491605,Crow CROW,99865,Crow,person,duplicated_word
491647,Cuckow CUCKOW,431746,Cuckow,person,duplicated_word
491650,Cummin CUMMIN,601179,Cummin,person,duplicated_word
491711,Cyamon CYAMON,431955,Cyamon,person,duplicated_word
491718,Cylinder CYLINDER,491713,Cylinder,person,duplicated_word
491734,Cyrene CYRENE,33544,Cyrene,person,duplicated_word
491749,Oabdius OABDIUS,432171,Oabdius,people,duplicated_word
491783,Obadiah OBADIAH,19421,Obadiah,person,duplicated_word
491819,b.c.,488223,b.c,people,trailing_punct
491854,Cheyne’s,418209,Cheyne,person,possessive
491867,Obeth OBETH,432311,Obeth,person,duplicated_word
491869,Oboth OBOTH,404439,Oboth,person,duplicated_word
491877,Odomera ODOMERA,432363,Odomera,person,duplicated_word
491892,Ohel OHEL,36851,Ohel,person,duplicated_word
491895,Oholiab OHOLIAB,39228,Oholiab,person,duplicated_word
491947,Olivet OLIVET,198041,Olivet,person,duplicated_word
491949,Omar OMAR,36155,Omar,person,duplicated_word
491950,Omens OMENS,616467,Omens,person,duplicated_word
491955,Onam ONAM,36175,Onam,person,duplicated_word
491956,Onan ONAN,36496,Onan,person,duplicated_word
491958,Onesiphorus ONESIPHORUS,33452,Onesiphorus,person,duplicated_word
491968,Ono ONO,42104,Ono,person,duplicated_word
491969,Onycha ONYCHA,404601,Onycha,person,duplicated_word
491970,Onyx ONYX,393932,Onyx,person,duplicated_word
491972,Ophir OPHIR,36119,Ophir,person,duplicated_word
491982,Ophni OPHNI,41547,Ophni,person,duplicated_word
491983,Oracle ORACLE,361754,Oracle,person,duplicated_word
491995,Organ ORGAN,92150,Organ,person,duplicated_word
492038,Othniel OTHNIEL,36783,Othniel,person,duplicated_word
492039,Othonias OTHONIAS,433027,Othonias,person,duplicated_word
492085,Pagiel PAGIEL,42226,Pagiel,person,duplicated_word
492099,Palal PALAL,42161,Palal,person,duplicated_word
492116,Ish-bosheth’s,38300,Ish-bosheth,person,possessive
492137,Pallu PALLU,36981,Pallu,person,duplicated_word
492163,Eduard Meyer’s,471674,Eduard Meyer,person,possessive
492271,Parah PARAH,41545,Parah,person,duplicated_word
492321,Parshandatha PARSHANDATHA,39011,Parshandatha,person,duplicated_word
492372,Patara PATARA,33790,Patara,person,duplicated_word
492382,Pathros PATHROS,404893,Pathros,person,duplicated_word
492450,Ramsay’s,417941,Ramsay,person,possessive
492453,Lightfoot’s,204918,Lightfoot,person,possessive
492543,Pedahel PEDAHEL,42476,Pedahel,person,duplicated_word
492557,Pekahiah PEKAHIAH,38036,Pekahiah,person,duplicated_word
492586,Penuel PENUEL,36879,Penuel,person,duplicated_word
492762,Peter PETER,19498,Peter,person,duplicated_word
492939,St. Peter’s,407923,St. Peter,person,possessive
493031,Phaltiel PHALTIEL,38370,Phaltiel,person,duplicated_word
493069,Phaselis PHASELIS,405185,Phaselis,person,duplicated_word
493073,Phassurus PHASSURUS,436988,Phassurus,person,duplicated_word
493087,Philemon PHILEMON,19528,Philemon,person,duplicated_word
493108,Philip PHILIP,19529,Philip,person,duplicated_word
493269,Phoros PHOROS,420379,Phoros,person,duplicated_word
493340,Pipe PIPE,410709,Pipe,person,duplicated_word
493352,Pisidia PISIDIA,405390,Pisidia,person,duplicated_word
493457,Driver’s,416093,Driver,people,possessive
493464,Plane PLANE,394518,Plane,person,duplicated_word
493540,Poratha PORATHA,39014,Poratha,person,duplicated_word
493562,Potiphar POTIPHAR,40270,Potiphar,person,duplicated_word
493563,Potiphera POTIPHERA,15527,Potiphera,person,duplicated_word
493564,Potsherd POTSHERD,405505,Potsherd,person,duplicated_word
494102,Abiathar’s,35320,Abiathar,person,possessive
494184,Prochorus PROCHORUS,33974,Prochorus,person,duplicated_word
494255,Virgil’s,74820,Virgil,person,possessive
494514,Puah PUAH,37092,Puah,person,duplicated_word
494532,Purah PURAH,437577,Purah,person,duplicated_word
494540,Purity PURITY,602452,Purity,person,duplicated_word
494556,Aaron AARON,3247,Aaron,person,duplicated_word
494623,Abacuc ABACUC,440071,Abacuc,person,duplicated_word
494630,Abarim ABARIM,38829,Abarim,person,duplicated_word
494654,Bel Bel,41178,Bel,person,duplicated_word
494684,Abda ABDA,37463,Abda,person,duplicated_word
494686,Abdi ABDI,37052,Abdi,person,duplicated_word
494690,Abdiel ABDIEL,37002,Abdiel,person,duplicated_word
494691,Abdon ABDON,37070,Abdon,person,duplicated_word
494693,Abednego ABEDNEGO,94301,Abednego,person,duplicated_word
494694,Abel ABEL,3267,Abel,person,duplicated_word
494715,Abi ABI,36255,Abi,person,duplicated_word
494719,Abiathar ABIATHAR,35320,Abiathar,person,duplicated_word
494725,Abidan ABIDAN,42225,Abidan,person,duplicated_word
494728,Abigail ABIGAIL,36515,Abigail,person,duplicated_word
494736,Abihu ABIHU,36658,Abihu,person,duplicated_word
494738,Abihud ABIHUD,37188,Abihud,person,duplicated_word
494739,Abijah ABIJAH,36671,Abijah,person,duplicated_word
494750,Abimael ABIMAEL,36118,Abimael,person,duplicated_word
494755,Abinadab ABINADAB,36225,Abinadab,person,duplicated_word
494765,Abishai ABISHAI,36245,Abishai,person,duplicated_word
494767,Abishua ABISHUA,37024,Abishua,person,duplicated_word
494768,Abishur ABISHUR,36538,Abishur,person,duplicated_word
494769,Abissei ABISSEI,440332,Abissei,person,duplicated_word
494772,Herbert’s,66642,Herbert,person,possessive
494812,Abronah ABRONAH,440499,Abronah,person,duplicated_word
494822,Acacia ACACIA,394912,Acacia,person,duplicated_word
494842,Aceldama ACELDAMA,33511,Aceldama,person,duplicated_word
494843,Achaia ACHAIA,33128,Achaia,person,duplicated_word
494849,Achaicus ACHAICUS,33131,Achaicus,person,duplicated_word
494856,Achias ACHIAS,437426,Achias,person,duplicated_word
494861,Achipha ACHIPHA,440772,Achipha,person,duplicated_word
494862,Achmetha ACHMETHA,394936,Achmetha,person,duplicated_word
494869,Achshaph ACHSHAPH,406097,Achshaph,person,duplicated_word
494872,Jabin’s,41378,Jabin,person,possessive
494873,Achzib ACHZIB,393445,Achzib,person,duplicated_word
494930,Acub ACUB,14768,Acub,person,duplicated_word
494933,Adadah ADADAH,415583,Adadah,person,duplicated_word
494937,Adalia ADALIA,39015,Adalia,person,duplicated_word
494940,Adam ADAM,3289,Adam,person,duplicated_word
494990,Adasa ADASA,406143,Adasa,person,duplicated_word
495006,Adin ADIN,39627,Adin,person,duplicated_word
495008,Adina ADINA,36302,Adina,person,duplicated_word
495010,Adithaim ADITHAIM,41482,Adithaim,person,duplicated_word
495011,Adlai ADLAI,36800,Adlai,person,duplicated_word
495015,Adnah ADNAH,36367,Adnah,person,duplicated_word
495031,Adonikam ADONIKAM,39626,Adonikam,person,duplicated_word
495048,Adoraim ADORAIM,37771,Adoraim,person,duplicated_word
495054,Adrammelech ADRAMMELECH,38068,Adrammelech,person,duplicated_word
495075,Adriel ADRIEL,37631,Adriel,person,duplicated_word
495078,Adullam ADULLAM,37662,Adullam,person,duplicated_word
495082,Advent ADVENT,427881,Advent,person,duplicated_word
495085,St. John:,88149,St. John,place,trailing_punct
495121,Aggaba AGGABA,461085,AGGABA,person,duplicated_word
495126,Agony AGONY,454327,Agony,person,duplicated_word
495127,St. Matthew’s,203707,St. Matthew,place,possessive
495129,Agrapha AGRAPHA,441653,Agrapha,person,duplicated_word
495152,Agrippa AGRIPPA,3299,Agrippa,person,duplicated_word
495153,Agur AGUR,42653,Agur,person,duplicated_word
495155,Ahab AHAB,3301,Ahab,person,duplicated_word
495166,Aharhel AHARHEL,36893,Aharhel,person,duplicated_word
495167,Ahasbai AHASBAI,38346,Ahasbai,person,duplicated_word
495169,Ahasuerus AHASUERUS,38600,Ahasuerus,person,duplicated_word
495170,Ahava AHAVA,39750,Ahava,person,duplicated_word
495176,Ahaziah AHAZIAH,36842,Ahaziah,person,duplicated_word
495180,Ahiam AHIAM,36268,Ahiam,person,duplicated_word
495183,Ahihud AHIHUD,37207,Ahihud,person,duplicated_word
495187,Ahikam AHIKAM,37939,Ahikam,person,duplicated_word
495189,Ahimaaz AHIMAAZ,37029,Ahimaaz,person,duplicated_word
495195,Ahiman AHIMAN,37267,Ahiman,person,duplicated_word
495197,Ahinadab AHINADAB,37478,Ahinadab,person,duplicated_word
495201,Ahio AHIO,36389,Ahio,person,duplicated_word
495203,Ahiram AHIRAM,42366,Ahiram,person,duplicated_word
495207,Ahishahar AHISHAHAR,391955,Ahishahar,person,duplicated_word
495213,Ahlab AHLAB,41696,Ahlab,person,duplicated_word
495218,Ahoah AHOAH,37189,Ahoah,person,duplicated_word
495220,Ahuzzam AHUZZAM,406381,Ahuzzam,person,duplicated_word
495241,Akan AKAN,36185,Akan,person,duplicated_word
495254,Akkub AKKUB,36868,Akkub,person,duplicated_word
495268,Alcove ALCOVE,442024,Alcove,person,duplicated_word
495269,Alema ALEMA,433840,Alema,person,duplicated_word
495270,Alemeth ALEMETH,37060,Alemeth,person,duplicated_word
495273,Alexander ALEXANDER,33318,Alexander,person,duplicated_word
495287,Alexander’s,33318,Alexander,person,possessive
495328,Alleluia ALLELUIA,35838,Alleluia,person,duplicated_word
495333,Allon ALLON,36972,Allon,person,duplicated_word
495348,Almon ALMON,41627,Almon,person,duplicated_word
495351,Almond ALMOND,406507,Almond,person,duplicated_word
495366,Almug ALMUG,786079,Almug,person,duplicated_word
495386,Alphabet ALPHABET,442370,Alphabet,person,duplicated_word
495406,Alush ALUSH,406554,Alush,person,duplicated_word
495408,Amad AMAD,41585,Amad,person,duplicated_word
495410,Amal AMAL,406568,Amal,person,duplicated_word
495421,Aman AMAN,110912,Aman,person,duplicated_word
495423,Amana AMANA,406577,Amana,person,duplicated_word
495424,Amariah AMARIAH,36645,Amariah,person,duplicated_word
495433,Amasai AMASAI,36366,Amasai,person,duplicated_word
495434,Amashsai AMASHSAI,442527,Amashsai,person,duplicated_word
495435,Amasiah AMASIAH,37809,Amasiah,person,duplicated_word
495436,Amaziah AMAZIAH,36843,Amaziah,person,duplicated_word
495464,Ammidioi AMMIDIOI,426927,Ammidioi,person,duplicated_word
495504,Amon AMON,35435,Amon,person,duplicated_word
495523,10:32 f.,478116,10:32 f,period,trailing_punct
495540,Amphipolis AMPHIPOLIS,394416,Amphipolis,person,duplicated_word
495541,Ampliatus AMPLIATUS,406685,Ampliatus,person,duplicated_word
495543,Amraphel AMRAPHEL,39860,Amraphel,person,duplicated_word
495551,Amzi AMZI,37054,Amzi,person,duplicated_word
495554,Anab ANAB,41389,Anab,person,duplicated_word
495560,Anaiah ANAIAH,42065,Anaiah,person,duplicated_word
495565,Anan ANAN,42071,Anan,person,duplicated_word
495566,Ananiah ANANIAH,3430,Ananiah,person,duplicated_word
495573,Anathoth ANATHOTH,24297,Anathoth,person,duplicated_word
495593,’ H. C. O. Lanchester,495347,H. C. O. Lanchester,person,leading_quote
495594,Andrew ANDREW,3446,Andrew,person,duplicated_word
495597,Anem ANEM,37076,Anem,person,duplicated_word
495700,Anger ANGER,147555,Anger,person,duplicated_word
495736,Aniam ANIAM,37127,Aniam,person,duplicated_word
495738,Anna ANNA,3448,Anna,person,duplicated_word
495745,Annas ANNAS,3468,Annas,person,duplicated_word
495806,Antiochus III.,434455,Antiochus III,person,trailing_punct
495831,Antiochus III .,434455,Antiochus III,person,trailing_punct
495835,Antiochus IV .,440392,Antiochus IV,person,trailing_punct
495839,Antiochus V .,475127,Antiochus V,person,trailing_punct
495842,Antiochus VI .,443507,Antiochus VI,people,trailing_punct
495844,Antiochus VII .,429046,Antiochus VII,person,trailing_punct
495848,Antipas ANTIPAS,27544,Antipas,person,duplicated_word
495853,Antonia ANTONIA,406836,Antonia,person,duplicated_word
495854,Anub ANUB,36891,Anub,person,duplicated_word
495861,Apelles APELLES,35974,Apelles,person,duplicated_word
495862,Aphek APHEK,37422,Aphek,person,duplicated_word
495867,Aphekah APHEKAH,41505,Aphekah,person,duplicated_word
495868,Aphiah APHIAH,37755,Aphiah,person,duplicated_word
495870,Aphrah APHRAH,42003,Aphrah,person,duplicated_word
495902,Apocrypha APOCRYPHA,43673,Apocrypha,person,duplicated_word
495922,Jael’s,41789,Jael,person,possessive
495935,Antiochus V.,475127,Antiochus V,person,trailing_punct
495938,Apollos APOLLOS,32559,Apollos,person,duplicated_word
495952,Appaim APPAIM,36542,Appaim,person,duplicated_word
495955,Apphia APPHIA,35754,Apphia,person,duplicated_word
495976,Ara ARA,37170,Ara,person,duplicated_word
496005,Arad ARAD,37211,Arad,person,duplicated_word
496021,Aran ARAN,36187,Aran,person,duplicated_word
496041,Arbela ARBELA,256201,Arbela,person,duplicated_word
496045,Arbite ARBITE,38356,Arbite,person,duplicated_word
496052,Archelaus ARCHELAUS,35568,Archelaus,person,duplicated_word
496053,Archer ARCHER,213061,Archer,person,duplicated_word
496065,Ardat ARDAT,445084,Ardat,person,duplicated_word
496075,Aretas III.,475375,Aretas III,people,trailing_punct
496080,Ariel ARIEL,39749,Ariel,person,duplicated_word
496084,Arioch ARIOCH,38539,Arioch,person,duplicated_word
496085,Arisai ARISAI,39018,Arisai,person,duplicated_word
496090,Ark ARK,3487,Ark,person,duplicated_word
496109,W. R. Smith’s,416535,W. R. Smith,person,possessive
496119,Armageddon ARMAGEDDON,18569,Armageddon,person,duplicated_word
496120,Armenia ARMENIA,220562,Armenia,person,duplicated_word
496121,Armoni ARMONI,38320,Armoni,person,duplicated_word
496178,Arna ARNA,417849,Arna,person,duplicated_word
496184,Arnan ARNAN,36857,Arnan,person,duplicated_word
496186,Arnon ARNON,41714,Arnon,person,duplicated_word
496193,Arod AROD,40409,Arod,person,duplicated_word
496196,Aroer AROER,13911,Aroer,person,duplicated_word
496208,Arphaxad ARPHAXAD,35084,Arphaxad,person,duplicated_word
496209,Arrow ARROW,445619,Arrow,person,duplicated_word
496217,Art ART,33802,Art,person,duplicated_word
496222,Artaxerxes ARTAXERXES,39715,Artaxerxes,person,duplicated_word
496227,Artemas ARTEMAS,36041,Artemas,person,duplicated_word
496230,Artificer ARTIFICER,460380,Artificer,person,duplicated_word
496264,Arubboth ARUBBOTH,445659,Arubboth,person,duplicated_word
496269,Asadias ASADIAS,418497,Asadias,person,duplicated_word
496270,Asahel ASAHEL,36250,Asahel,person,duplicated_word
496283,Asaramel ASARAMEL,445715,Asaramel,person,duplicated_word
496288,Ascalon ASCALON,394993,Ascalon,person,duplicated_word
496307,Ashan ASHAN,37065,Ashan,person,duplicated_word
496308,Asharelah ASHARELAH,445719,Asharelah,person,duplicated_word
496309,Ashbea ASHBEA,407173,Ashbea,person,duplicated_word
496310,Ashbel ASHBEL,37183,Ashbel,person,duplicated_word
496312,Ashdod ASHDOD,447297,ASHDOD,person,duplicated_word
496317,Asher ASHER,3512,Asher,person,duplicated_word
496326,Asherah ASHERAH,37345,Asherah,person,duplicated_word
496341,Ashes ASHES,52114,Ashes,person,duplicated_word
496351,Ashhur ASHHUR,445894,Ashhur,person,duplicated_word
496352,Ashima ASHIMA,38073,Ashima,person,duplicated_word
496357,Ashkenaz ASHKENAZ,36066,Ashkenaz,person,duplicated_word
496362,Ashnah ASHNAH,41479,Ashnah,person,duplicated_word
496382,Ashtoreth ASHTORETH,37303,Ashtoreth,person,duplicated_word
496405,Ashurbanipal ASHURBANIPAL,421276,Ashurbanipal,person,duplicated_word
496406,Ashvath ASHVATH,37156,Ashvath,person,duplicated_word
496419,Asipha ASIPHA,446129,Asipha,person,duplicated_word
496426,Asnah ASNAH,39666,Asnah,person,duplicated_word
496427,Asnapper ASNAPPER,398922,Asnapper,person,duplicated_word
496428,Asom ASOM,415995,Asom,person,duplicated_word
496433,Asriel ASRIEL,41527,Asriel,person,duplicated_word
496460,Asshur ASSHUR,36101,Asshur,person,duplicated_word
496462,Assir ASSIR,36844,Assir,person,duplicated_word
496464,Assos ASSOS,33764,Assos,person,duplicated_word
496581,Shamshi-Adad IV.,496583,Shamshi-Adad IV,people,trailing_punct
496618,Kurigalzu III.,496608,Kurigalzu III,person,trailing_punct
496639,Tukulti-Ninib’s,496641,Tukulti-Ninib,people,possessive
496697,Shalmaneser IV.,399499,Shalmaneser IV,people,trailing_punct
496783,Atad ATAD,405922,Atad,person,duplicated_word
496784,Atar ATAR,436330,Atar,person,duplicated_word
496786,Atarah ATARAH,36532,Atarah,person,duplicated_word
496791,Ater ATER,39628,Ater,person,duplicated_word
496793,Ateta ATETA,473539,ATETA,person,duplicated_word
496794,Athaiah ATHAIAH,42078,Athaiah,person,duplicated_word
496795,Athaliah ATHALIAH,37226,Athaliah,person,duplicated_word
496797,Atharim ATHARIM,446744,Atharim,person,duplicated_word
496799,Athenobius ATHENOBIUS,431794,Athenobius,person,duplicated_word
496804,Athlai ATHLAI,407309,Athlai,person,duplicated_word
496806,Atipha ATIPHA,446801,Atipha,person,duplicated_word
496927,Attai ATTAI,36363,Attai,person,duplicated_word
496933,Attendance ATTENDANCE,21931,Attendance,person,duplicated_word
496943,Augustus AUGUSTUS,33863,Augustus,person,duplicated_word
496969,"Handsworth,",674205,Handsworth,place,trailing_punct
497125,Avith AVITH,407343,Avith,person,duplicated_word
497132,Avvim AVVIM,434295,Avvim,person,duplicated_word
497140,Azael AZAEL,447221,Azael,person,duplicated_word
497141,Azaniah AZANIAH,42054,Azaniah,person,duplicated_word
497144,Azarel AZAREL,420126,Azarel,person,duplicated_word
497156,Azarias AZARIAS,422521,Azarias,person,duplicated_word
497168,Azaz AZAZ,36985,Azaz,person,duplicated_word
497169,Azazel AZAZEL,45167,Azazel,person,duplicated_word
497171,Azaziah AZAZIAH,36436,Azaziah,person,duplicated_word
497178,Azetas AZETAS,447284,Azetas,person,duplicated_word
497181,Aziza AZIZA,407382,Aziza,person,duplicated_word
497182,Azmaveth AZMAVETH,36265,Azmaveth,person,duplicated_word
497184,Azmon AZMON,41447,Azmon,person,duplicated_word
497186,Azor AZOR,35447,Azor,person,duplicated_word
497187,Azriel AZRIEL,36787,Azriel,person,duplicated_word
497189,Azubah AZUBAH,36516,Azubah,person,duplicated_word
497190,Azzur AZZUR,42059,Azzur,person,duplicated_word
497192,Laadah LAADAH,36933,Laadah,person,duplicated_word
497201,Lace LACE,447341,Lace,person,duplicated_word
497215,Ladan LADAN,401233,Ladan,person,duplicated_word
497225,Lahmam LAHMAM,41491,Lahmam,person,duplicated_word
497296,Laodicea LAODICEA,35788,Laodicea,person,duplicated_word
497300,Lappidoth LAPPIDOTH,447857,Lappidoth,person,duplicated_word
497302,Lasha LASHA,407474,Lasha,person,duplicated_word
497303,Lassharon LASSHARON,497305,Lassharon,person,duplicated_word
497314,Laughter LAUGHTER,55297,Laughter,person,duplicated_word
497421,Lawyer LAWYER,352578,Lawyer,person,duplicated_word
497435,Lazarus LAZARUS,19209,Lazarus,person,duplicated_word
497460,Leaven LEAVEN,151680,Leaven,person,duplicated_word
497471,Lebana LEBANA,14774,Lebana,person,duplicated_word
497503,Lebonah LEBONAH,402670,Lebonah,person,duplicated_word
497507,Leeks LEEKS,407717,Leeks,person,duplicated_word
497523,Lehabim LEHABIM,36078,Lehabim,person,duplicated_word
497526,Lehi LEHI,19072,Lehi,person,duplicated_word
497527,Lemuel LEMUEL,19211,Lemuel,person,duplicated_word
497528,Lentils LENTILS,448393,Lentils,person,duplicated_word
497534,Leshem LESHEM,395698,Leshem,person,duplicated_word
497535,Lessau LESSAU,448429,Lessau,person,duplicated_word
497537,Letushim LETUSHIM,40078,Letushim,person,duplicated_word
497539,Leummim LEUMMIM,391959,Leummim,person,duplicated_word
497561,Levis LEVIS,677766,Levis,person,duplicated_word
497737,Lewd LEWD,448865,Lewd,person,duplicated_word
497761,Libni LIBNI,37034,Libni,person,duplicated_word
497779,Lidebir LIDEBIR,449452,Lidebir,person,duplicated_word
497858,Likhi LIKHI,37126,Likhi,person,duplicated_word
497859,Lilith LILITH,449108,Lilith,person,duplicated_word
497883,Linen LINEN,395880,Linen,person,duplicated_word
497903,Linus LINUS,33489,Linus,person,duplicated_word
497913,Lion LION,468985,Lion,people,duplicated_word
497919,Lip LIP,573,Lip,person,duplicated_word
497934,Lively LIVELY,671358,Lively,person,duplicated_word
497957,Lizard LIZARD,490044,Lizard,person,duplicated_word
497982,Loddeus LODDEUS,417120,Loddeus,person,duplicated_word
497985,Log LOG,518121,Log,person,duplicated_word
497987,Logos LOGOS,195668,Logos,person,duplicated_word
498019,Lois LOIS,33449,Lois,person,duplicated_word
498083,Lotan LOTAN,36164,Lotan,person,duplicated_word
498085,Lots LOTS,512588,Lots,person,duplicated_word
498221,"5:5 ,",533325,5:5,period,trailing_punct
498245,Lucifer LUCIFER,19261,Lucifer,person,duplicated_word
498258,Lucre LUCRE,395951,Lucre,person,duplicated_word
498308,Lute LUTE,450090,Lute,person,duplicated_word
498322,Lycia LYCIA,33884,Lycia,person,duplicated_word
498323,Lydia LYDIA,33637,Lydia,person,duplicated_word
498324,16:14 f.,459656,16:14 f,period,trailing_punct
498328,Lye LYE,450137,Lye,person,duplicated_word
498330,Lysanias LYSANIAS,35032,Lysanias,person,duplicated_word
498337,Lystra LYSTRA,33605,Lystra,person,duplicated_word
498349,Rabbah RABBAH,395990,Rabbah,person,duplicated_word
498378,Rachel RACHEL,19536,Rachel,person,duplicated_word
498382,Raddai RADDAI,36513,Raddai,person,duplicated_word
498383,Rafts RAFTS,810177,Rafts,person,duplicated_word
498400,Raham RAHAM,36571,Raham,person,duplicated_word
498417,Rakkath RAKKATH,399476,Rakkath,person,duplicated_word
498419,Ram RAM,35069,Ram,person,duplicated_word
498444,Ransom RANSOM,1902,Ransom,person,duplicated_word
498445,Rapha RAPHA,37185,Rapha,person,duplicated_word
498446,Raphael RAPHAEL,30854,Raphael,person,duplicated_word
498455,Raphah RAPHAH,45362,Raphah,person,duplicated_word
498457,Raphu RAPHU,396060,Raphu,person,duplicated_word
498460,Raven RAVEN,613626,Raven,person,duplicated_word
498466,Razis RAZIS,450529,Razis,person,duplicated_word
498469,Reaiah REAIAH,36587,Reaiah,person,duplicated_word
498566,Reelaiah REELAIAH,39617,Reelaiah,person,duplicated_word
498592,Regem REGEM,36577,Regem,person,duplicated_word
498628,Rehabiah REHABIAH,36641,Rehabiah,person,duplicated_word
498630,Rehoboam REHOBOAM,19540,Rehoboam,person,duplicated_word
498640,Remaliah REMALIAH,24122,Remaliah,person,duplicated_word
498641,Remnant REMNANT,23031,Remnant,person,duplicated_word
498642,Remphan REMPHAN,415650,Remphan,person,duplicated_word
498654,Rephael REPHAEL,36732,Rephael,person,duplicated_word
498655,Rephaiah REPHAIAH,36856,Rephaiah,person,duplicated_word
498689,Rest REST,34190,Rest,person,duplicated_word
498747,Reu REU,35074,Reu,person,duplicated_word
498748,Reuben REUBEN,19544,Reuben,person,duplicated_word
498765,Reumah REUMAH,40004,Reumah,person,duplicated_word
498806,Rezeph REZEPH,38098,Rezeph,person,duplicated_word
498819,Rezon REZON,37312,Rezon,person,duplicated_word
498823,Rhoda RHODA,33558,Rhoda,person,duplicated_word
498829,Ribai RIBAI,36262,Ribai,person,duplicated_word
498830,Riblah RIBLAH,38150,Riblah,person,duplicated_word
498840,Riddles RIDDLES,458846,Riddles,person,duplicated_word
498851,Ezk.,432631,Ezk,place,trailing_punct
498884,Rimmon RIMMON,36951,Rimmon,person,duplicated_word
498889,Ring RING,255613,Ring,person,duplicated_word
498933,Merab’s,36447,Merab,person,possessive
498969,Rod ROD,58931,Rod,person,duplicated_word
498970,Rodanim RODANIM,39783,Rodanim,person,duplicated_word
498990,Paley’s,388563,Paley,person,possessive
499045,Roof ROOF,91671,Roof,person,duplicated_word
499046,Rose ROSE,114857,Rose,person,duplicated_word
499050,Rosh ROSH,40411,Rosh,person,duplicated_word
499053,Rue RUE,408416,Rue,person,duplicated_word
499064,Ruth RUTH,19549,Ruth,person,duplicated_word
499076,Uknaz UKNAZ,408427,Uknaz,person,duplicated_word
499077,Ulai ULAI,396286,Ulai,person,duplicated_word
499122,Uri URI,36522,Uri,person,duplicated_word
499159,Uthai UTHAI,37248,Uthai,person,duplicated_word
499180,Uzziah UZZIAH,24105,Uzziah,person,duplicated_word
499184,Uzziel UZZIEL,36418,Uzziel,person,duplicated_word
499190,Tobit’s,412673,Tobit,place,possessive
499221,21:14 f.,435626,21:14 f,period,trailing_punct
499242,Waterspouts WATERSPOUTS,396360,Waterspouts,person,duplicated_word
499293,Weasel WEASEL,408597,Weasel,person,duplicated_word
499294,Weeds WEEDS,408176,Weeds,person,duplicated_word
499423,Wimple WIMPLE,453187,Wimple,person,duplicated_word
499492,Wizard WIZARD,453601,Wizard,person,duplicated_word
499569,Herod Agrippa i.,327307,Herod Agrippa I,person,trailing_punct
499571,Wormwood WORMWOOD,35905,Wormwood,person,duplicated_word
499575,Wrath WRATH,171736,Wrath,person,duplicated_word
499632,Jaakan JAAKAN,396484,Jaakan,person,duplicated_word
499634,Jaakobah JAAKOBAH,36967,Jaakobah,person,duplicated_word
499635,Jaala JAALA,39682,Jaala,person,duplicated_word
499637,Jaar JAAR,454033,Jaar,person,duplicated_word
499640,Jaareshiah JAARESHIAH,454021,Jaareshiah,person,duplicated_word
499642,Jaasu JAASU,454022,Jaasu,person,duplicated_word
499645,Jaaziel JAAZIEL,36427,Jaaziel,person,duplicated_word
499647,Jabal JABAL,40312,Jabal,person,duplicated_word
499648,Jabbok JABBOK,38732,Jabbok,person,duplicated_word
499653,N. W.,796209,n. W,person,trailing_punct
499661,Jabin JABIN,41378,Jabin,person,duplicated_word
499672,Jabneh JABNEH,37864,Jabneh,person,duplicated_word
499673,Jacan JACAN,454089,Jacan,person,duplicated_word
499727,Jada JADA,36536,Jada,person,duplicated_word
499731,Jadon JADON,42148,Jadon,person,duplicated_word
499732,Jael JAEL,41789,Jael,person,duplicated_word
499735,Jagur JAGUR,41460,Jagur,person,duplicated_word
499736,Jah JAH,42954,Jah,person,duplicated_word
499743,Jahdai JAHDAI,36576,Jahdai,person,duplicated_word
499745,Jahdo JAHDO,36999,Jahdo,person,duplicated_word
499746,Jahmai JAHMAI,37096,Jahmai,person,duplicated_word
499748,Jahweh JAHWEH,486567,Jahweh,person,duplicated_word
499749,Jahzah JAHZAH,37083,Jahzah,person,duplicated_word
499752,Jahzeiah JAHZEIAH,454251,Jahzeiah,person,duplicated_word
499754,Jahzerah JAHZERAH,37260,Jahzerah,person,duplicated_word
499757,Jairus JAIRUS,35157,Jairus,person,duplicated_word
499784,St. James’s,250096,St. James,place,possessive
499810,Jamlech JAMLECH,36953,Jamlech,person,duplicated_word
499811,Jamnia JAMNIA,46158,Jamnia,person,duplicated_word
499817,Jannai JANNAI,408988,Jannai,person,duplicated_word
499828,Japheth JAPHETH,19077,Japheth,person,duplicated_word
499831,Japhlet JAPHLET,37151,Japhlet,person,duplicated_word
499833,Jarah JARAH,37236,Jarah,person,duplicated_word
499846,Jarimoth JARIMOTH,409011,Jarimoth,person,duplicated_word
499853,Jasaelus JASAELUS,454493,Jasaelus,person,duplicated_word
499857,Jashen JASHEN,396587,Jashen,person,duplicated_word
499862,Jason JASON,33667,Jason,person,duplicated_word
499864,Jasper JASPER,79731,Jasper,person,duplicated_word
499869,Jathniel JATHNIEL,36723,Jathniel,person,duplicated_word
499871,Javan JAVAN,36063,Javan,person,duplicated_word
499879,Javelin JAVELIN,396603,Javelin,person,duplicated_word
499884,Jaziz JAZIZ,36803,Jaziz,person,duplicated_word
499892,Jeatherai JEATHERAI,454600,Jeatherai,person,duplicated_word
499893,Jeberechiah JEBERECHIAH,409023,Jeberechiah,person,duplicated_word
499906,Jechoniah JECHONIAH,454628,Jechoniah,person,duplicated_word
499910,Jecoliah JECOLIAH,37861,Jecoliah,person,duplicated_word
499923,Jedidiah JEDIDIAH,38247,Jedidiah,person,duplicated_word
499924,Jeduthun JEDUTHUN,36456,Jeduthun,person,duplicated_word
499926,Jeeli JEELI,454029,Jeeli,person,duplicated_word
499929,Jehiah JEHIAH,36443,Jehiah,person,duplicated_word
499931,Jehizkiah JEHIZKIAH,37878,Jehizkiah,person,duplicated_word
499944,Jehoiachin JEHOIACHIN,35436,Jehoiachin,person,duplicated_word
499951,Jehoiakim JEHOIAKIM,35062,Jehoiakim,person,duplicated_word
499965,Jehonathan JEHONATHAN,36795,Jehonathan,person,duplicated_word
499967,Jehoram JEHORAM,35433,Jehoram,person,duplicated_word
499969,Jehoshabeath JEHOSHABEATH,37839,Jehoshabeath,person,duplicated_word
499996,Jehubbah JEHUBBAH,37158,Jehubbah,person,duplicated_word
499999,Jehud JEHUD,41607,Jehud,person,duplicated_word
500002,Jehudijah JEHUDIJAH,36920,Jehudijah,person,duplicated_word
500003,Jehuel JEHUEL,454673,Jehuel,person,duplicated_word
500008,Jekuthiel JEKUTHIEL,36921,Jekuthiel,person,duplicated_word
500011,Jemuel JEMUEL,36942,Jemuel,person,duplicated_word
500012,Jephthah JEPHTHAH,34169,Jephthah,person,duplicated_word
500024,Jerah JERAH,36112,Jerah,person,duplicated_word
500041,Jeremai JEREMAI,39598,Jeremai,person,duplicated_word
500207,Jeremiel JEREMIEL,442927,Jeremiel,person,duplicated_word
500212,Jeremy JEREMY,32744,Jeremy,person,duplicated_word
500222,Jeriah JERIAH,36644,Jeriah,person,duplicated_word
500223,Jeribai JERIBAI,36316,Jeribai,person,duplicated_word
500242,Jeriel JERIEL,37095,Jeriel,person,duplicated_word
500243,Jerijah JERIJAH,36758,Jerijah,person,duplicated_word
500245,Jerioth JERIOTH,36517,Jerioth,person,duplicated_word
500246,Jeroboam JEROBOAM,19086,Jeroboam,person,duplicated_word
500251,Jerubbesheth JERUBBESHETH,38238,Jerubbesheth,person,duplicated_word
500252,Jeruel JERUEL,396401,Jeruel,person,duplicated_word
500293,Jerusha JERUSHA,38042,Jerusha,person,duplicated_word
500295,Jesharelah JESHARELAH,36701,Jesharelah,person,duplicated_word
500296,Jeshebeab JESHEBEAB,36677,Jeshebeab,person,duplicated_word
500297,Jesher JESHER,36518,Jesher,person,duplicated_word
500298,Jeshimon JESHIMON,37671,Jeshimon,person,duplicated_word
500300,Jeshishai JESHISHAI,36998,Jeshishai,person,duplicated_word
500301,Jeshohaiah JESHOHAIAH,36968,Jeshohaiah,person,duplicated_word
500302,Jeshua JESHUA,36672,Jeshua,person,duplicated_word
500311,Jeshurun JESHURUN,409370,Jeshurun,person,duplicated_word
500315,Jesse JESSE,19087,Jesse,person,duplicated_word
500323,Jesus JESUS,18645,Jesus,person,duplicated_word
500439,Jetheth JETHETH,36214,Jetheth,person,duplicated_word
500448,Jeuz JEUZ,37197,Jeuz,person,duplicated_word
500449,Jew JEW,24876,Jew,person,duplicated_word
500450,Jewel JEWEL,409423,Jewel,person,duplicated_word
500510,Flinders Petrie’s,420896,Flinders Petrie,people,possessive
500530,Jezaniah JEZANIAH,36558,Jezaniah,person,duplicated_word
500531,Jezebel JEZEBEL,19089,Jezebel,person,duplicated_word
500542,Jeziel JEZIEL,36332,Jeziel,person,duplicated_word
500543,Jezrahiah JEZRAHIAH,42125,Jezrahiah,person,duplicated_word
500564,Joakim JOAKIM,423630,Joakim,person,duplicated_word
500573,Joanan JOANAN,45884,Joanan,person,duplicated_word
500574,Joanna JOANNA,35009,Joanna,person,duplicated_word
500601,Zophar’s,41226,Zophar,person,possessive
500620,Joed JOED,42082,Joed,person,duplicated_word
500658,Joelah JOELAH,36350,Joelah,person,duplicated_word
500659,Joezer JOEZER,36349,Joezer,person,duplicated_word
500662,Jogli JOGLI,409520,Jogli,person,duplicated_word
500680,Bishop Westcott’s,417599,Bishop Westcott,people,possessive
500864,Joiakim JOIAKIM,42108,Joiakim,person,duplicated_word
500866,Jokim JOKIM,36934,Jokim,person,duplicated_word
500870,Jokshan JOKSHAN,36138,Jokshan,person,duplicated_word
500871,Joktan JOKTAN,36108,Joktan,person,duplicated_word
500876,Jonadab JONADAB,37993,Jonadab,person,duplicated_word
500925,Jonam JONAM,409594,Jonam,person,duplicated_word
500926,Jonas JONAS,25524,Jonas,person,duplicated_word
500930,Jonathan JONATHAN,19095,Jonathan,person,duplicated_word
500941,Joppa JOPPA,33527,Joppa,person,duplicated_word
500951,Jorah JORAH,39630,Jorah,person,duplicated_word
500952,Jorai JORAI,36993,Jorai,person,duplicated_word
500980,Jorim JORIM,35059,Jorim,person,duplicated_word
500985,Josaphias JOSAPHIAS,416918,Josaphias,person,duplicated_word
500988,Josech JOSECH,409657,Josech,person,duplicated_word
500989,Joseph JOSEPH,19097,Joseph,person,duplicated_word
501026,Josephus JOSEPHUS,328508,Josephus,person,duplicated_word
501044,Joshah JOSHAH,36954,Joshah,person,duplicated_word
501045,Joshaviah JOSHAVIAH,36317,Joshaviah,person,duplicated_word
501046,Joshbekashah JOSHBEKASHAH,36713,Joshbekashah,person,duplicated_word
501048,Joshibiah JOSHIBIAH,457588,Joshibiah,person,duplicated_word
501049,Joshua JOSHUA,19104,Joshua,person,duplicated_word
501199,Josiah’s,19105,Josiah,person,possessive
501206,Josiphiah JOSIPHIAH,39746,Josiphiah,person,duplicated_word
501210,Jotbathah JOTBATHAH,409710,Jotbathah,person,duplicated_word
501270,Judah JUDAH,19106,Judah,person,duplicated_word
501290,Judaism JUDAISM,44709,Judaism,person,duplicated_word
501291,Judas JUDAS,19108,Judas,person,duplicated_word
501445,Judgment JUDGMENT,451234,JUDGMENT,person,duplicated_word
501460,Julius JULIUS,33881,Julius,person,duplicated_word
501466,Juniper JUNIPER,510635,Juniper,person,duplicated_word
501467,Jupiter JUPITER,409794,Jupiter,person,duplicated_word
501551,Justus JUSTUS,33512,Justus,person,duplicated_word
501559,Gaal GAAL,41837,Gaal,person,duplicated_word
501561,Gabatha GABATHA,409802,Gabatha,person,duplicated_word
501564,Gabbai GABBAI,42084,Gabbai,person,duplicated_word
501566,Gabbatha GABBATHA,409803,Gabbatha,person,duplicated_word
501570,Gabrias GABRIAS,458418,Gabrias,person,duplicated_word
501572,Gabriel GABRIEL,18868,Gabriel,person,duplicated_word
501592,Gadara GADARA,45345,Gadara,person,duplicated_word
501595,Gaddi GADDI,42263,Gaddi,person,duplicated_word
501597,Gaddiel GADDIEL,42262,Gaddiel,person,duplicated_word
501599,Gadi GADI,38033,Gadi,person,duplicated_word
501600,Gaham GAHAM,40006,Gaham,person,duplicated_word
501601,Gahar GAHAR,39662,Gahar,person,duplicated_word
501639,Galeed GALEED,396044,Galeed,person,duplicated_word
501655,Gall GALL,322861,Gall,person,duplicated_word
501658,Galley GALLEY,409856,Galley,person,duplicated_word
501659,Gallim GALLIM,409857,Gallim,person,duplicated_word
501660,Gallio GALLIO,33691,Gallio,person,duplicated_word
501666,18:14 f.,468490,18:14 f,period,trailing_punct
501667,Gamael GAMAEL,458830,Gamael,person,duplicated_word
501669,Gamaliel i.,135977,Gamaliel I,person,trailing_punct
501701,Gammadim GAMMADIM,397177,Gammadim,person,duplicated_word
501719,Gatam GATAM,36157,Gatam,person,duplicated_word
501721,Gath GATH,36465,Gath,person,duplicated_word
501730,Gaulanitis GAULANITIS,398225,Gaulanitis,person,duplicated_word
501733,Gazara GAZARA,421437,Gazara,person,duplicated_word
501738,Gazelle GAZELLE,503109,Gazelle,person,duplicated_word
501740,Gazera GAZERA,459081,Gazera,person,duplicated_word
501742,Gazzam GAZZAM,39664,Gazzam,person,duplicated_word
501754,Geber GEBER,23604,Geber,person,duplicated_word
501765,Geder GEDER,16437,Geder,person,duplicated_word
501770,Gehenna GEHENNA,45491,Gehenna,person,duplicated_word
501780,Gemalli GEMALLI,409977,Gemalli,person,duplicated_word
501850,Genubath GENUBATH,37310,Genubath,person,duplicated_word
501879,Gera GERA,37187,Gera,person,duplicated_word
501881,Gerah GERAH,397267,Gerah,person,duplicated_word
501886,Gerasa GERASA,45346,Gerasa,person,duplicated_word
501892,Gerizim GERIZIM,44899,Gerizim,person,duplicated_word
501895,Geron GERON,459936,Geron,person,duplicated_word
501928,Gerson GERSON,459955,Gerson,person,duplicated_word
501934,Geshem GESHEM,42136,Geshem,person,duplicated_word
501964,Giah GIAH,38306,Giah,person,duplicated_word
501992,Gibeon GIBEON,36407,Gibeon,person,duplicated_word
502039,Gilalai GILALAI,42123,Gilalai,person,duplicated_word
502055,Gilgal GILGAL,410116,Gilgal,person,duplicated_word
502060,Giloh GILOH,41500,Giloh,person,duplicated_word
502062,Ginath GINATH,37367,Ginath,person,duplicated_word
502063,Ginnethoi GINNETHOI,460198,Ginnethoi,person,duplicated_word
502069,Gittaim GITTAIM,38382,Gittaim,person,duplicated_word
502072,Gizrites GIZRITES,460239,Gizrites,person,duplicated_word
502125,Goah GOAH,460445,Goah,person,duplicated_word
502253,Goiim GOIIM,442758,Goiim,person,duplicated_word
502263,Goliath GOLIATH,18886,Goliath,person,duplicated_word
502269,Gorgias GORGIAS,349592,Gorgias,person,duplicated_word
502312,"Papias,",449281,Papias,people,trailing_punct
502361,Gotholias GOTHOLIAS,461047,Gotholias,person,duplicated_word
502364,Gothoniel GOTHONIEL,461049,Gothoniel,person,duplicated_word
502365,Gourd GOURD,397458,Gourd,person,duplicated_word
502458,Grapes GRAPES,461136,Grapes,person,duplicated_word
502459,Grass GRASS,209456,Grass,person,duplicated_word
502504,Ezr.,428144,Ezr,place,trailing_punct
502536,Hort’s,419048,Hort,people,possessive
502551,Numb.,388267,Numb,place,trailing_punct
502553,Origen’s,62463,Origen,people,possessive
502577,R. L. Ottley’s,436567,R. L. Ottley,person,possessive
502599,Gudgodah GUDGODAH,415724,Gudgodah,person,duplicated_word
502638,Gutter GUTTER,782381,Gutter,person,duplicated_word
502640,Zaanan ZAANAN,652505,Zaanan,person,duplicated_word
502643,Zaanannim ZAANANNIM,41591,Zaanannim,person,duplicated_word
502647,Zabad ZABAD,36300,Zabad,person,duplicated_word
502655,Zabbai ZABBAI,39580,Zabbai,person,duplicated_word
502659,Zabdi ZABDI,36499,Zabdi,person,duplicated_word
502662,Zabdiel ZABDIEL,36763,Zabdiel,person,duplicated_word
502663,Zabud ZABUD,37461,Zabud,person,duplicated_word
502664,Zaccai ZACCAI,39622,Zaccai,person,duplicated_word
502671,Zachary ZACHARY,690641,Zachary,person,duplicated_word
502672,Zadok ZADOK,35449,Zadok,person,duplicated_word
502677,Zaham ZAHAM,410264,Zaham,person,duplicated_word
502680,Zalaph ZALAPH,42163,Zalaph,person,duplicated_word
502684,Zalmonah ZALMONAH,410269,Zalmonah,person,duplicated_word
502685,Zalmunna ZALMUNNA,41824,Zalmunna,person,duplicated_word
502688,Zamoth ZAMOTH,461686,Zamoth,person,duplicated_word
502690,Zamzummim ZAMZUMMIM,397299,Zamzummim,person,duplicated_word
502692,Zanoah ZANOAH,36922,Zanoah,person,duplicated_word
502698,Zaraias ZARAIAS,436814,Zaraias,person,duplicated_word
502703,Zarephath ZAREPHATH,47029,Zarephath,person,duplicated_word
502709,Zattu ZATTU,39578,Zattu,person,duplicated_word
502710,Zaza ZAZA,36554,Zaza,person,duplicated_word
502715,Zebah ZEBAH,41823,Zebah,person,duplicated_word
502718,Zebedee ZEBEDEE,19076,Zebedee,person,duplicated_word
502719,Zebina ZEBINA,39608,Zebina,person,duplicated_word
502720,Zeboim ZEBOIM,14616,Zeboim,person,duplicated_word
502722,Zebudah ZEBUDAH,38151,Zebudah,person,duplicated_word
502723,Zebul ZEBUL,41838,Zebul,person,duplicated_word
502724,Zebulun ZEBULUN,19873,Zebulun,person,duplicated_word
502746,Zechariah ZECHARIAH,19872,Zechariah,person,duplicated_word
502786,Zecher ZECHER,461843,Zecher,person,duplicated_word
502788,Zechrias ZECHRIAS,470357,Zechrias,person,duplicated_word
502793,Zedekiah ZEDEKIAH,19875,Zedekiah,person,duplicated_word
502797,Zelek ZELEK,36297,Zelek,person,duplicated_word
502802,Zelzah ZELZAH,410359,Zelzah,person,duplicated_word
502804,Zemaraim ZEMARAIM,41543,Zemaraim,person,duplicated_word
502807,Zemirah ZEMIRAH,462078,Zemirah,person,duplicated_word
502808,Zenas ZENAS,36042,Zenas,person,duplicated_word
502810,Zephaniah ZEPHANIAH,19878,Zephaniah,person,duplicated_word
502839,A. B. Davidson’s,416543,A. B. Davidson,person,possessive
502842,Zer ZER,467210,Zer,person,duplicated_word
502844,Zerah ZERAH,35430,Zerah,person,duplicated_word
502849,Zerahiah ZERAHIAH,36477,Zerahiah,person,duplicated_word
502856,Zeresh ZERESH,38998,Zeresh,person,duplicated_word
502858,Zereth ZERETH,36888,Zereth,person,duplicated_word
502860,Zeror ZEROR,37753,Zeror,person,duplicated_word
502861,Zeruah ZERUAH,37316,Zeruah,person,duplicated_word
502862,Zerubbabel ZERUBBABEL,19879,Zerubbabel,person,duplicated_word
502875,Zeruiah ZERUIAH,36234,Zeruiah,person,duplicated_word
502878,Zetham ZETHAM,36626,Zetham,person,duplicated_word
502879,Zethan ZETHAN,37107,Zethan,person,duplicated_word
502880,Zethar ZETHAR,38959,Zethar,person,duplicated_word
502883,Ziba ZIBA,31550,Ziba,person,duplicated_word
502887,Zibia ZIBIA,37195,Zibia,person,duplicated_word
502888,Zibiah ZIBIAH,37848,Zibiah,person,duplicated_word
502889,Zichri ZICHRI,36744,Zichri,person,duplicated_word
502892,Zidon’s,26454,Zidon,person,possessive
502905,Zillah ZILLAH,40317,Zillah,person,duplicated_word
502906,Zillethai ZILLETHAI,462289,Zillethai,person,duplicated_word
502907,Zilpah ZILPAH,40145,Zilpah,person,duplicated_word
502911,Zimmah ZIMMAH,37035,Zimmah,person,duplicated_word
502912,Zimran ZIMRAN,36137,Zimran,person,duplicated_word
502918,Zin ZIN,38833,Zin,person,duplicated_word
502926,Ziph ZIPH,36565,Ziph,person,duplicated_word
502933,Ziphah ZIPHAH,36911,Ziphah,person,duplicated_word
502934,Ziphron ZIPHRON,42468,Ziphron,person,duplicated_word
502937,Zippor ZIPPOR,41653,Zippor,person,duplicated_word
502940,Zipporah ZIPPORAH,19883,Zipporah,person,duplicated_word
502942,Ziz ZIZ,37825,Ziz,person,duplicated_word
502943,Zizah ZIZAH,36637,Zizah,person,duplicated_word
502953,Zoar ZOAR,38855,Zoar,person,duplicated_word
502955,Zobebah ZOBEBAH,36892,Zobebah,person,duplicated_word
502958,Zophah ZOPHAH,37159,Zophah,person,duplicated_word
502960,Zophar ZOPHAR,41226,Zophar,person,duplicated_word
502962,Zophim ZOPHIM,397733,Zophim,person,duplicated_word
502968,Zorah ZORAH,37774,Zorah,person,duplicated_word
502972,Zuph ZUPH,37038,Zuph,person,duplicated_word
502974,Zur ZUR,37229,Zur,person,duplicated_word
502975,Zuriel ZURIEL,42413,Zuriel,person,duplicated_word
502977,Zuzim ZUZIM,397294,Zuzim,person,duplicated_word
502983,H. V. Hilprecht’s,425817,H. V. Hilprecht,person,possessive
503131,Famine FAMINE,89315,Famine,person,duplicated_word
503178,Favour FAVOUR,397485,Favour,person,duplicated_word
503187,Fawn FAWN,623587,Fawn,person,duplicated_word
503246,Ferret FERRET,462466,Ferret,person,duplicated_word
503249,Fig FIG,428877,Fig,person,duplicated_word
503276,Firkin FIRKIN,47485,Firkin,person,duplicated_word
503310,Flagon FLAGON,410689,Flagon,person,duplicated_word
503315,Flax FLAX,395883,Flax,person,duplicated_word
503341,Floor FLOOR,410708,Floor,person,duplicated_word
503342,Flour FLOUR,112195,Flour,person,duplicated_word
503431,Footstool FOOTSTOOL,463524,Footstool,person,duplicated_word
503434,Ford FORD,87968,Ford,person,duplicated_word
503529,Fortunatus FORTUNATUS,33130,Fortunatus,person,duplicated_word
503550,Frankincense FRANKINCENSE,463878,Frankincense,person,duplicated_word
503557,Fray FRAY,463889,Fray,person,duplicated_word
503560,Freewill FREEWILL,628368,Freewill,person,duplicated_word
503584,Furlong FURLONG,398004,Furlong,person,duplicated_word
503585,Furnace FURNACE,393976,FURNACE,person,duplicated_word
503595,Haahashtari HAAHASHTARI,36887,Haahashtari,person,duplicated_word
503596,Habaiah HABAIAH,39688,Habaiah,person,duplicated_word
503598,Habakkuk HABAKKUK,18893,Habakkuk,person,duplicated_word
503615,Habazziniah HABAZZINIAH,464036,Habazziniah,person,duplicated_word
503616,Habergeon HABERGEON,410800,Habergeon,person,duplicated_word
503622,Hacaliah HACALIAH,17003,Hacaliah,person,duplicated_word
503624,Hachilah HACHILAH,398036,Hachilah,person,duplicated_word
503632,Hadadrimmon HADADRIMMON,43108,Hadadrimmon,person,duplicated_word
503634,Hadar HADAR,36131,Hadar,person,duplicated_word
503635,Hadarezer HADAREZER,36464,Hadarezer,person,duplicated_word
503636,Hadashah HADASHAH,410812,Hadashah,person,duplicated_word
503637,Hadassah HADASSAH,38974,Hadassah,person,duplicated_word
503644,Hadrach HADRACH,410819,Hadrach,person,duplicated_word
503648,Hagabah HAGABAH,39658,Hagabah,person,duplicated_word
503649,Hagar HAGAR,18894,Hagar,person,duplicated_word
503675,Haggedolim HAGGEDOLIM,410236,Haggedolim,person,duplicated_word
503676,Haggi HAGGI,40406,Haggi,person,duplicated_word
503677,Haggiah HAGGIAH,37043,Haggiah,person,duplicated_word
503679,Haggith HAGGITH,36833,Haggith,person,duplicated_word
503684,Hahiroth HAHIROTH,493292,Hahiroth,person,duplicated_word
503698,Hakkatan HAKKATAN,39747,Hakkatan,person,duplicated_word
503699,Hakupha HAKUPHA,39670,Hakupha,person,duplicated_word
503700,Halah HALAH,37014,Halah,person,duplicated_word
503701,Halak HALAK,410852,Halak,person,duplicated_word
503703,Halhul HALHUL,413746,Halhul,person,duplicated_word
503704,Hali HALI,41581,Hali,person,duplicated_word
503707,Halicarnassus HALICARNASSUS,445306,Halicarnassus,person,duplicated_word
503714,Hallel HALLEL,205393,Hallel,person,duplicated_word
503716,Hallelujah HALLELUJAH,539871,Hallelujah,person,duplicated_word
503717,Hallohesh HALLOHESH,42067,Hallohesh,person,duplicated_word
503720,Hallow HALLOW,1685,Hallow,person,duplicated_word
503727,Haman HAMAN,38983,Haman,person,duplicated_word
503730,Jeroboam ii.,309015,Jeroboam II,person,trailing_punct
503733,Hammath HAMMATH,410871,Hammath,person,duplicated_word
503738,Hammedatha HAMMEDATHA,38984,Hammedatha,person,duplicated_word
503742,Hammon HAMMON,37080,Hammon,person,duplicated_word
503744,Hammuel HAMMUEL,464364,Hammuel,person,duplicated_word
503745,Hammurabi HAMMURABI,420747,Hammurabi,person,duplicated_word
503748,Hamonah HAMONAH,39488,Hamonah,person,duplicated_word
503756,Hamran HAMRAN,465489,Hamran,person,duplicated_word
503757,Hamul HAMUL,42351,Hamul,person,duplicated_word
503764,Hamutal HAMUTAL,38148,Hamutal,person,duplicated_word
503765,Hanamel HANAMEL,418376,Hanamel,person,duplicated_word
503768,Hananel HANANEL,464538,Hananel,person,duplicated_word
503807,Psammetichus i.,436884,Psammetichus I,people,trailing_punct
503813,Lucian’s,298370,Lucian,person,possessive
503814,Hannah HANNAH,3461,Hannah,person,duplicated_word
503815,Hannathon HANNATHON,41568,Hannathon,person,duplicated_word
503819,Hanun HANUN,36487,Hanun,person,duplicated_word
503824,Hapharaim HAPHARAIM,41574,Hapharaim,person,duplicated_word
503828,Happizzez HAPPIZZEZ,443560,Happizzez,person,duplicated_word
503831,Hara HARA,37016,Hara,person,duplicated_word
503832,Haradah HARADAH,415755,Haradah,person,duplicated_word
503839,Harbona HARBONA,38956,Harbona,person,duplicated_word
503847,Hare HARE,215530,Hare,person,duplicated_word
503848,Hareph HAREPH,36585,Hareph,person,duplicated_word
503849,Harhaiah HARHAIAH,42149,Harhaiah,person,duplicated_word
503851,Harhur HARHUR,39671,Harhur,person,duplicated_word
503856,Hariph HARIPH,42060,Hariph,person,duplicated_word
503869,Harmon HARMON,503870,Harmon,person,duplicated_word
503880,Harnepher HARNEPHER,37163,Harnepher,person,duplicated_word
503881,Harod HAROD,41816,Harod,person,duplicated_word
503885,Harosheth HAROSHETH,41794,Harosheth,person,duplicated_word
503889,Harrow HARROW,398191,Harrow,person,duplicated_word
503892,Harsha HARSHA,39674,Harsha,person,duplicated_word
503896,Harumaph HARUMAPH,42150,Harumaph,person,duplicated_word
503897,Haruz HARUZ,38130,Haruz,person,duplicated_word
503898,Hasadiah HASADIAH,36852,Hasadiah,person,duplicated_word
503902,Hashabnah HASHABNAH,42070,Hashabnah,person,duplicated_word
503904,Hashbaddanah HASHBADDANAH,475357,Hashbaddanah,person,duplicated_word
503907,Hashubah HASHUBAH,36850,Hashubah,person,duplicated_word
503912,Hassenuah HASSENUAH,402110,Hassenuah,person,duplicated_word
503913,Hasshub HASSHUB,37262,Hasshub,person,duplicated_word
503915,Hassophereth HASSOPHERETH,422570,Hassophereth,person,duplicated_word
503916,Hasupha HASUPHA,39651,Hasupha,person,duplicated_word
503917,Hatchet HATCHET,531419,Hatchet,person,duplicated_word
503920,Hatipha HATIPHA,398212,Hatipha,person,duplicated_word
503921,Hatita HATITA,39648,Hatita,person,duplicated_word
503925,Hattil HATTIL,39685,Hattil,person,duplicated_word
503932,Hauran HAURAN,39538,Hauran,person,duplicated_word
503941,Havilah HAVILAH,36073,Havilah,person,duplicated_word
503946,Hazael HAZAEL,37398,Hazael,person,duplicated_word
503947,Jahweb’s,500915,Jahweb,person,possessive
503948,Hazaiah HAZAIAH,42080,Hazaiah,person,duplicated_word
503959,Hazarmaveth HAZARMAVETH,36111,Hazarmaveth,person,duplicated_word
503965,Hazel HAZEL,60420,Hazel,person,duplicated_word
503969,Hazerim HAZERIM,411052,Hazerim,person,duplicated_word
503970,Hazeroth HAZEROTH,38617,Hazeroth,person,duplicated_word
503973,Haziel HAZIEL,36630,Haziel,person,duplicated_word
503988,Head HEAD,194117,Head,person,duplicated_word
504131,Hebron HEBRON,18898,Hebron,person,duplicated_word
504147,Heifer HEIFER,411127,Heifer,person,duplicated_word
504150,Heir HEIR,398312,Heir,person,duplicated_word
504151,Helah HELAH,36883,Helah,person,duplicated_word
504160,Heleb HELEB,36260,Heleb,person,duplicated_word
504161,Helek HELEK,41526,Helek,person,duplicated_word
504166,Heliodorus HELIODORUS,421455,Heliodorus,person,duplicated_word
504170,Helkai HELKAI,42111,Helkai,person,duplicated_word
504183,Heman HEMAN,32069,Heman,person,duplicated_word
504185,Hemlock HEMLOCK,398345,Hemlock,person,duplicated_word
504190,Henadad HENADAD,39709,Henadad,person,duplicated_word
504195,Herald HERALD,219929,Herald,person,duplicated_word
504202,Herb HERB,398352,Herb,person,duplicated_word
504229,Heresh HERESH,37264,Heresh,person,duplicated_word
504230,Heresy HERESY,398364,Heresy,person,duplicated_word
504240,Hermon HERMON,41385,Hermon,person,duplicated_word
504244,Herodias HERODIAS,18905,Herodias,person,duplicated_word
504251,Heshmon HESHMON,411213,Heshmon,person,duplicated_word
504252,Heth HETH,28095,Heth,person,duplicated_word
504253,Hethlon HETHLON,411215,Hethlon,person,duplicated_word
504282,Louis xiv.,405014,Louis XIV,person,trailing_punct
504307,Hezion HEZION,37355,Hezion,person,duplicated_word
504317,Hierapolis HIERAPOLIS,45550,Hierapolis,person,duplicated_word
504324,Hiermas HIERMAS,465749,Hiermas,person,duplicated_word
504345,Hilen HILEN,37064,Hilen,person,duplicated_word
504346,Hilkiah HILKIAH,36738,Hilkiah,person,duplicated_word
504359,Hillel HILLEL,41728,Hillel,person,duplicated_word
504367,Hinge HINGE,465831,Hinge,person,duplicated_word
504371,Hippopotamus HIPPOPOTAMUS,411269,Hippopotamus,person,duplicated_word
504372,Hirah HIRAH,40278,Hirah,person,duplicated_word
504412,Hizkiah HIZKIAH,43157,Hizkiah,person,duplicated_word
504413,Hobab HOBAB,41796,Hobab,person,duplicated_word
504419,Hobah HOBAH,411290,Hobah,person,duplicated_word
504422,Hoglah HOGLAH,41529,Hoglah,person,duplicated_word
504424,Hoham HOHAM,41363,Hoham,person,duplicated_word
504460,Holofernes HOLOFERNES,43821,Holofernes,person,duplicated_word
504570,Horem HOREM,41600,Horem,person,duplicated_word
504574,Horites HORITES,39876,Horites,person,duplicated_word
504597,Horonaim HORONAIM,40683,Horonaim,person,duplicated_word
504604,Hosah HOSAH,36457,Hosah,person,duplicated_word
504627,the 3rd century b.c.,492667,the 3rd century b.c,period,trailing_punct
504642,Hosen HOSEN,509831,Hosen,person,duplicated_word
504644,Hoshaiah HOSHAIAH,41128,Hoshaiah,person,duplicated_word
504645,Hoshama HOSHAMA,36848,Hoshama,person,duplicated_word
504673,Hothir HOTHIR,36715,Hothir,person,duplicated_word
504691,Macalister’s,417298,Macalister,person,possessive
504776,Hushah HUSHAH,36881,Hushah,person,duplicated_word
504777,Hushai HUSHAI,36806,Hushai,person,duplicated_word
504781,Husham HUSHAM,36198,Husham,person,duplicated_word
504786,Huzzab HUZZAB,411469,Huzzab,person,duplicated_word
504803,Hyssop HYSSOP,411491,Hyssop,person,duplicated_word
504850,Ebez EBEZ,466854,Ebez,person,duplicated_word
504873,Koheleth’s,504874,Koheleth,people,possessive
504931,Eden EDEN,18668,Eden,person,duplicated_word
504966,Edrei EDREI,398653,Edrei,person,duplicated_word
504978,Mohammed’s,404094,Mohammed,person,possessive
504989,Gamaliel I.,135977,Gamaliel I,person,trailing_punct
504990,Eglah EGLAH,36836,Eglah,person,duplicated_word
505089,Ehud EHUD,37105,Ehud,person,duplicated_word
505091,Ekrebel EKREBEL,428717,Ekrebel,person,duplicated_word
505093,Ekron EKRON,467394,Ekron,person,duplicated_word
505100,Elah ELAH,36216,Elah,person,duplicated_word
505103,Elam ELAM,24323,Elam,person,duplicated_word
505119,Elasa ELASA,12731,Elasa,person,duplicated_word
505121,Elasah ELASAH,39587,Elasah,person,duplicated_word
505138,Eleadah ELEADAH,467400,Eleadah,person,duplicated_word
505185,Lange’s,409996,Lange,people,possessive
505203,Eleph ELEPH,411647,Eleph,person,duplicated_word
505208,Elhanan ELHANAN,36251,Elhanan,person,duplicated_word
505216,Eliam ELIAM,36729,Eliam,person,duplicated_word
505217,Eliaonias ELIAONIAS,461715,Eliaonias,person,duplicated_word
505220,Eliasaph ELIASAPH,42227,Eliasaph,person,duplicated_word
505229,Eliasib ELIASIB,12818,Eliasib,person,duplicated_word
505238,Eliezer ELIEZER,35058,Eliezer,person,duplicated_word
505241,Elihoreph ELIHOREPH,37459,Elihoreph,person,duplicated_word
505260,Elim ELIM,39094,Elim,person,duplicated_word
505269,Eliphal ELIPHAL,36271,Eliphal,person,duplicated_word
505270,Eliphalat ELIPHALAT,467966,ELIPHALAT,person,duplicated_word
505274,Elisabeth ELISABETH,18675,Elisabeth,person,duplicated_word
505276,Eliseus ELISEUS,35104,Eliseus,person,duplicated_word
505277,Elisha ELISHA,18677,Elisha,person,duplicated_word
505292,Elishah ELISHAH,36068,Elishah,person,duplicated_word
505302,Elizaphan ELIZAPHAN,36416,Elizaphan,person,duplicated_word
505310,Elmadam ELMADAM,411751,Elmadam,person,duplicated_word
505324,Eltolad ELTOLAD,421416,Eltolad,person,duplicated_word
505326,Eluzai ELUZAI,36340,Eluzai,person,duplicated_word
505327,Elymais ELYMAIS,398603,Elymais,person,duplicated_word
505332,Elzaphan ELZAPHAN,39305,Elzaphan,person,duplicated_word
505351,Emim EMIM,396128,Emim,person,duplicated_word
505359,Emmer EMMER,417216,Emmer,person,duplicated_word
505460,Henry VI.,651832,Henry VI,person,trailing_punct
505461,Henry VII.,577146,Henry VII,person,trailing_punct
505462,Edward VI.,468259,Edward VI,person,trailing_punct
505471,Purvey’s,505458,Purvey,people,possessive
505472,Gasquet’s,468199,Gasquet,person,possessive
505497,Luther’s,90994,Luther,person,possessive
505594,Edward VI.,389145,Edward VI,people,trailing_punct
505607,Enoch ENOCH,18680,Enoch,person,duplicated_word
505617,Envy ENVY,54560,Envy,person,duplicated_word
505620,Epaphras EPAPHRAS,34057,Epaphras,person,duplicated_word
505628,Ephah EPHAH,36146,Ephah,person,duplicated_word
505632,Epher EPHER,36147,Epher,person,duplicated_word
505661,6:21 f.,434787,6:21 f,period,trailing_punct
505672,Ephraim EPHRAIM,18682,Ephraim,person,duplicated_word
505684,Ephrathite EPHRATHITE,37620,Ephrathite,person,duplicated_word
505685,Ephron EPHRON,40008,Ephron,person,duplicated_word
505692,Epilepsy EPILEPSY,468534,Epilepsy,person,duplicated_word
505698,Esaias ESAIAS,18836,Esaias,person,duplicated_word
505699,Esarhaddon ESARHADDON,38103,Esarhaddon,person,duplicated_word
505723,Eschew ESCHEW,398938,Eschew,person,duplicated_word
505733,Esdris ESDRIS,468990,Esdris,person,duplicated_word
505735,Eshan ESHAN,454407,Eshan,person,duplicated_word
505742,Eshek ESHEK,37241,Eshek,person,duplicated_word
505743,Eshtaol ESHTAOL,41477,Eshtaol,person,duplicated_word
505749,Eshton ESHTON,36898,Eshton,person,duplicated_word
505763,Esther ESTHER,18684,Esther,person,duplicated_word
505777,Etam ETAM,36874,Etam,person,duplicated_word
505780,Ethan ETHAN,36424,Ethan,person,duplicated_word
505973,Antiochus III.,455634,Antiochus III,place,trailing_punct
505975,Eunice EUNICE,33450,Eunice,person,duplicated_word
505989,Eupator EUPATOR,438245,Eupator,person,duplicated_word
506001,Euraquilo EURAQUILO,424048,Euraquilo,person,duplicated_word
506012,St Paul’s,499778,St Paul,person,possessive
506258,Ezbai EZBAI,36277,Ezbai,person,duplicated_word
506372,Ezra EZRA,18690,Ezra,person,duplicated_word
506394,Ezrah EZRAH,454301,Ezrah,person,duplicated_word
506395,Ezri EZRI,36796,Ezri,person,duplicated_word
506399,Ibhar IBHAR,36397,Ibhar,person,duplicated_word
506401,Ibri IBRI,36693,Ibri,person,duplicated_word
506403,Ibzan IBZAN,41721,Ibzan,person,duplicated_word
506450,Igdaliah IGDALIAH,41084,Igdaliah,person,duplicated_word
506457,Iim IIM,41471,Iim,person,duplicated_word
506458,Ijon IJON,37356,Ijon,person,duplicated_word
506461,Iliadun ILIADUN,470528,Iliadun,person,duplicated_word
506478,Imla IMLA,37438,Imla,person,duplicated_word
506479,Immanuel IMMANUEL,18913,Immanuel,person,duplicated_word
506498,Imna IMNA,37160,Imna,person,duplicated_word
506500,Imrah IMRAH,37165,Imrah,person,duplicated_word
506555,Inn INN,79745,Inn,person,duplicated_word
506599,Iphdeiah IPHDEIAH,471214,Iphdeiah,person,duplicated_word
506625,Irijah IRIJAH,41095,Irijah,person,duplicated_word
506630,Isaac ISAAC,18915,Isaac,person,duplicated_word
506656,Isaiah ISAIAH,18916,Isaiah,person,duplicated_word
506897,Skinner’s,70610,Skinner,person,possessive
506899,Iscah ISCAH,386643,Iscah,person,duplicated_word
506900,Isdael ISDAEL,460090,Isdael,person,duplicated_word
506907,Ishi ISHI,36551,Ishi,person,duplicated_word
506923,Ishpan ISHPAN,37221,Ishpan,person,duplicated_word
506924,Ishvah ISHVAH,459307,Ishvah,person,duplicated_word
506933,Ismachiah ISMACHIAH,37911,Ismachiah,person,duplicated_word
507022,Isshijah ISSHIJAH,445793,Isshijah,person,duplicated_word
507031,Ithlah ITHLAH,467957,Ithlah,person,duplicated_word
507032,Ithnan ITHNAN,398262,Ithnan,person,duplicated_word
507033,Ithream ITHREAM,36835,Ithream,person,duplicated_word
507042,"Jan.,",107544,Jan,period,trailing_punct
507054,Iyim IYIM,440098,Iyim,person,duplicated_word
507059,Izliah IZLIAH,456655,Izliah,person,duplicated_word
507060,Izrahiah IZRAHIAH,37098,Izrahiah,person,duplicated_word
507063,Izziah IZZIAH,456654,Izziah,person,duplicated_word
507072,Quarry QUARRY,507075,Quarry,person,duplicated_word
507076,Quartus QUARTUS,35991,Quartus,person,duplicated_word
507141,Tabbath TABBATH,412271,Tabbath,person,duplicated_word
507142,Tabellius TABELLIUS,472184,Tabellius,person,duplicated_word
507144,Taber TABER,343622,Taber,person,duplicated_word
507145,Taberah TABERAH,38889,Taberah,person,duplicated_word
507251,Tabrimmon TABRIMMON,412361,Tabrimmon,person,duplicated_word
507272,Tahpanhes TAHPANHES,398146,Tahpanhes,person,duplicated_word
507282,Tale TALE,399293,Tale,person,duplicated_word
507284,Talent TALENT,408622,Talent,person,duplicated_word
507285,Talmai TALMAI,36831,Talmai,person,duplicated_word
507324,R. Gamaliel’s,507318,R. Gamaliel,person,possessive
507346,Taphath TAPHATH,37474,Taphath,person,duplicated_word
507348,Taralah TARALAH,41552,Taralah,person,duplicated_word
507412,Taw TAW,473026,Taw,person,duplicated_word
507414,Tebaliah TEBALIAH,36739,Tebaliah,person,duplicated_word
507415,Tehinnah TEHINNAH,36902,Tehinnah,person,duplicated_word
507422,Telah TELAH,37139,Telah,person,duplicated_word
507425,Asshur’s,36101,Asshur,person,possessive
507430,Telem TELEM,39573,Telem,person,duplicated_word
507434,Telmelah TELMELAH,412491,Telmelah,person,duplicated_word
507500,Terah TERAH,35071,Terah,person,duplicated_word
507539,Charles i.,416787,Charles I,person,trailing_punct
507623,Syr.-Cur.,507631,Syr.-Cur,place,trailing_punct
507626,Tatian’s,423739,Tatian,person,possessive
507672,Walton’s,435803,Walton,people,possessive
507742,Theras THERAS,473993,Theras,person,duplicated_word
507744,Thermeleth THERMELETH,473227,Thermeleth,person,duplicated_word
507820,Thomas THOMAS,19268,Thomas,person,duplicated_word
507884,Thummim THUMMIM,39195,Thummim,person,duplicated_word
507885,Thunder THUNDER,190567,Thunder,person,duplicated_word
507904,Tiberias TIBERIAS,45284,Tiberias,person,duplicated_word
507913,Tibhath TIBHATH,412662,Tibhath,person,duplicated_word
507915,Tibni TIBNI,37366,Tibni,person,duplicated_word
508011,Timna TIMNA,36159,Timna,person,duplicated_word
508012,Timnah TIMNAH,36212,Timnah,person,duplicated_word
508014,Timnath TIMNATH,399503,Timnath,person,duplicated_word
508024,Timon TIMON,33976,Timon,person,duplicated_word
508025,Timotheus TIMOTHEUS,19753,Timotheus,person,duplicated_word
508048,Epistles St. Paul’s,494210,Epistles St. Paul,person,possessive
508064,Tirhakah TIRHAKAH,38096,Tirhakah,person,duplicated_word
508066,Tirhanah TIRHANAH,391958,Tirhanah,person,duplicated_word
508070,Tirzah TIRZAH,37339,Tirzah,person,duplicated_word
508094,Tobiah TOBIAH,39687,Tobiah,person,duplicated_word
508099,Tobias TOBIAS,43811,Tobias,person,duplicated_word
508101,Tochen TOCHEN,36963,Tochen,person,duplicated_word
508108,Tongs TONGS,474643,Tongs,person,duplicated_word
508122,Tools TOOLS,20283,Tools,person,duplicated_word
508127,Topaz TOPAZ,559054,Topaz,person,duplicated_word
508128,Tophel TOPHEL,38616,Tophel,person,duplicated_word
508130,Torah TORAH,46567,Torah,person,duplicated_word
508131,Torch TORCH,474718,Torch,person,duplicated_word
508134,Tortoise TORTOISE,399567,Tortoise,person,duplicated_word
508138,Tower TOWER,413475,Tower,person,duplicated_word
508159,Plato’s,67199,Plato,people,possessive
508160,Aristotle’s,75109,Aristotle,people,possessive
508249,Trogyllium TROGYLLIUM,475150,TROGYLLIUM,person,duplicated_word
508277,Tubal TUBAL,22468,Tubal,person,duplicated_word
508281,Tunic TUNIC,486397,TUNIC,person,duplicated_word
508312,Naaman NAAMAN,19325,Naaman,person,duplicated_word
508317,Naamites NAAMITES,412990,Naamites,person,duplicated_word
508318,Naarah NAARAH,36884,Naarah,person,duplicated_word
508320,Naaran NAARAN,37146,Naaran,person,duplicated_word
508323,Nabal NABAL,37676,Nabal,person,duplicated_word
508324,Nabarias NABARIAS,475356,Nabarias,person,duplicated_word
508334,Nahaliel NAHALIEL,413013,Nahaliel,person,duplicated_word
508338,Naham NAHAM,23350,Naham,person,duplicated_word
508339,Nahamani NAHAMANI,42184,Nahamani,person,duplicated_word
508340,Naharai NAHARAI,36298,Naharai,person,duplicated_word
508348,Nahshon NAHSHON,35067,Nahshon,person,duplicated_word
508384,Nain NAIN,98183,Nain,person,duplicated_word
508439,Naphisi NAPHISI,508627,Naphisi,person,duplicated_word
508441,Naphtali NAPHTALI,19329,Naphtali,person,duplicated_word
508451,Naphtuhim NAPHTUHIM,36079,Naphtuhim,person,duplicated_word
508454,Napkin NAPKIN,399697,Napkin,person,duplicated_word
508456,Narcissus NARCISSUS,35977,Narcissus,person,duplicated_word
508466,Nathanias NATHANIAS,475686,Nathanias,person,duplicated_word
508533,Nebat NEBAT,37299,Nebat,person,duplicated_word
508562,Necklace NECKLACE,475874,Necklace,person,duplicated_word
508563,Nedabiah NEDABIAH,399758,Nedabiah,person,duplicated_word
508609,Nehiloth NEHILOTH,399775,Nehiloth,person,duplicated_word
508615,Nephew NEPHEW,475669,Nephew,person,duplicated_word
508617,Nephilim NEPHILIM,460045,Nephilim,person,duplicated_word
508623,Nephtoah NEPHTOAH,413187,Nephtoah,person,duplicated_word
508624,"Baedeker-Socin,",422201,Baedeker-Socin,people,trailing_punct
508628,Ner NER,36756,Ner,person,duplicated_word
508629,Nergal NERGAL,41109,Nergal,person,duplicated_word
508632,Neriah NERIAH,41069,Neriah,person,duplicated_word
508661,Netaim NETAIM,459168,Netaim,person,duplicated_word
508684,Netophas NETOPHAS,476157,Netophas,person,duplicated_word
508704,Neziah NEZIAH,39677,Neziah,person,duplicated_word
508709,Nicolas NICOLAS,33978,Nicolas,person,duplicated_word
508713,Nicopolis NICOPOLIS,45030,Nicopolis,person,duplicated_word
508715,Niger NIGER,46352,Niger,person,duplicated_word
508725,Nimrah NIMRAH,28393,Nimrah,person,duplicated_word
508729,Nimrod NIMROD,28281,Nimrod,person,duplicated_word
508734,Nimshi NIMSHI,37399,Nimshi,person,duplicated_word
508746,Nisroch NISROCH,38105,Nisroch,person,duplicated_word
508752,Nitre NITRE,397998,Nitre,person,duplicated_word
508764,Nob NOB,413364,Nob,person,duplicated_word
508767,Nod NOD,253781,Nod,person,duplicated_word
508922,Numenius NUMENIUS,443448,Numenius,person,duplicated_word
508925,Nun NUN,20658,Nun,person,duplicated_word
508938,Baal BAAL,3516,Baal,person,duplicated_word
508981,Baalis BAALIS,41120,Baalis,person,duplicated_word
508982,Baalsamus BAALSAMUS,476905,Baalsamus,person,duplicated_word
508989,Baana BAANA,37475,Baana,person,duplicated_word
508991,Baani BAANI,426495,Baani,person,duplicated_word
508992,Baara BAARA,37193,Baara,person,duplicated_word
508993,Baaseiah BAASEIAH,37047,Baaseiah,person,duplicated_word
508994,Baasha BAASHA,37344,Baasha,person,duplicated_word
508995,Babbler BABBLER,476941,Babbler,person,duplicated_word
509039,Bahurim BAHURIM,38372,Bahurim,person,duplicated_word
509043,Bakbakkar BAKBAKKAR,37263,Bakbakkar,person,duplicated_word
509047,Bakbukiah BAKBUKIAH,42089,Bakbukiah,person,duplicated_word
509051,Balaam BALAAM,3518,Balaam,person,duplicated_word
509063,Baladan BALADAN,38121,Baladan,person,duplicated_word
509064,Balah BALAH,41556,Balah,person,duplicated_word
509065,Balak BALAK,35851,Balak,person,duplicated_word
509066,Balamon BALAMON,433814,Balamon,person,duplicated_word
509079,Baltasar BALTASAR,146863,Baltasar,person,duplicated_word
509103,Banaias BANAIAS,477641,Banaias,person,duplicated_word
509119,Banquet BANQUET,398871,BANQUET,person,duplicated_word
509139,Barabbas BARABBAS,3526,Barabbas,person,duplicated_word
509148,Barachel BARACHEL,41278,Barachel,person,duplicated_word
509150,Barak BARAK,34168,Barak,person,duplicated_word
509156,Bariah BARIAH,36861,Bariah,person,duplicated_word
509158,Barnabas BARNABAS,3530,Barnabas,person,duplicated_word
509160,Barodis BARODIS,477996,Barodis,person,duplicated_word
509161,Barrel BARREL,454458,BARREL,person,duplicated_word
509164,Barsabbas BARSABBAS,45861,Barsabbas,person,duplicated_word
509182,Bashan BASHAN,400088,Bashan,person,duplicated_word
509198,Bason BASON,400092,Bason,person,duplicated_word
509210,Shulammite’s,392587,Shulammite,concept,possessive
509215,Bathshua BATHSHUA,413614,Bathshua,person,duplicated_word
509260,Mt.’s,246441,Mt.,place,possessive
509270,Bebai BEBAI,39579,Bebai,person,duplicated_word
509271,Becher BECHER,37100,Becher,person,duplicated_word
509272,Becorath BECORATH,478315,Becorath,person,duplicated_word
509274,Bectileth BECTILETH,478328,Bectileth,person,duplicated_word
509276,Bedad BEDAD,36199,Bedad,person,duplicated_word
509277,Bedan BEDAN,37121,Bedan,person,duplicated_word
509278,Bedeiah BEDEIAH,39601,Bedeiah,person,duplicated_word
509279,Bee BEE,504474,Bee,person,duplicated_word
509282,Beeltethmus BEELTETHMUS,450514,Beeltethmus,person,duplicated_word
509290,Beera BEERA,37178,Beera,person,duplicated_word
509291,Beerah BEERAH,36983,Beerah,person,duplicated_word
509292,Beeri BEERI,40102,Beeri,person,duplicated_word
509293,Beeroth BEEROTH,38380,Beeroth,person,duplicated_word
509309,Bela BELA,36196,Bela,person,duplicated_word
509318,10:16 f.,427439,10:16 f,period,trailing_punct
509320,Bell BELL,293843,Bell,person,duplicated_word
509335,Ben BEN,36426,Ben,person,duplicated_word
509343,Benhadad III .,478649,Benhadad III,person,trailing_punct
509349,Benaiah BENAIAH,36246,Benaiah,person,duplicated_word
509360,Benefactor BENEFACTOR,288062,Benefactor,person,duplicated_word
509377,Beno BENO,36690,Beno,person,duplicated_word
509378,Benoni BENONI,15463,Benoni,person,duplicated_word
509382,Beracah BERACAH,400203,Beracah,person,duplicated_word
509383,Beraiah BERAIAH,37218,Beraiah,person,duplicated_word
509385,Berechiah BERECHIAH,36423,Berechiah,person,duplicated_word
509395,Bernice BERNICE,33862,Bernice,person,duplicated_word
509408,Besai BESAI,39665,Besai,person,duplicated_word
509411,Besor BESOR,13690,Besor,person,duplicated_word
509416,Betah BETAH,413742,Betah,person,duplicated_word
509427,s.v .,493282,s.v,person,trailing_punct
509517,Bethabara BETHABARA,45847,Bethabara,person,duplicated_word
509537,Bethphage BETHPHAGE,34904,Bethphage,person,duplicated_word
509538,Bethsaida BETHSAIDA,34386,Bethsaida,person,duplicated_word
509547,Bethul BETHUL,41557,Bethul,person,duplicated_word
509548,Bethulia BETHULIA,426923,Bethulia,person,duplicated_word
509562,Beulah BEULAH,40939,Beulah,person,duplicated_word
509570,Bezalel BEZALEL,37764,Bezalel,person,duplicated_word
509572,Bezek BEZEK,413882,Bezek,person,duplicated_word
509575,Bezer BEZER,37082,Bezer,person,duplicated_word
509612,Bichri BICHRI,38310,Bichri,person,duplicated_word
509615,Bidkar BIDKAR,38216,Bidkar,person,duplicated_word
509616,Bigthan BIGTHAN,38980,Bigthan,person,duplicated_word
509623,Bill BILL,60036,Bill,person,duplicated_word
509627,Bilshan BILSHAN,39618,Bilshan,person,duplicated_word
509630,Binea BINEA,37237,Binea,person,duplicated_word
509642,Birsha BIRSHA,39864,Birsha,person,duplicated_word
509643,Birth BIRTH,23018,Birth,person,duplicated_word
509671,Bithiah BITHIAH,36923,Bithiah,person,duplicated_word
509675,Bithynia BITHYNIA,394125,Bithynia,person,duplicated_word
509678,Bitumen BITUMEN,488823,Bitumen,person,duplicated_word
509694,Blasphemy BLASPHEMY,324007,Blasphemy,person,duplicated_word
509706,Blasting BLASTING,479659,Blasting,person,duplicated_word
509707,Blemish BLEMISH,400361,Blemish,person,duplicated_word
509719,Blood BLOOD,34285,Blood,person,duplicated_word
509730,Boaz BOAZ,3565,Boaz,person,duplicated_word
509733,Bocheru BOCHERU,37239,Bocheru,person,duplicated_word
509741,Bohan BOHAN,41449,Bohan,person,duplicated_word
509746,Bolt BOLT,479818,Bolt,person,duplicated_word
509769,Border BORDER,22405,Border,person,duplicated_word
509771,Bosor BOSOR,413972,Bosor,person,duplicated_word
509772,Bosora BOSORA,479925,Bosora,person,duplicated_word
509775,Botch BOTCH,479806,Botch,person,duplicated_word
509777,Bottle BOTTLE,480017,Bottle,person,duplicated_word
509787,Box BOX,93647,Box,person,duplicated_word
509794,Bozez BOZEZ,37590,Bozez,person,duplicated_word
509828,Breeches BREECHES,480179,Breeches,person,duplicated_word
509838,Brick BRICK,413999,Brick,person,duplicated_word
509857,Brooch BROOCH,480246,Brooch,person,duplicated_word
509858,Brook BROOK,225122,Brook,person,duplicated_word
509901,Bukki BUKKI,37025,Bukki,person,duplicated_word
509902,Bukkiah BUKKIAH,36706,Bukkiah,person,duplicated_word
509906,Bunah BUNAH,36530,Bunah,person,duplicated_word
509908,Bunni BUNNI,42057,Bunni,person,duplicated_word
509925,Bushel BUSHEL,414021,Bushel,person,duplicated_word
509926,Butler BUTLER,290139,Butler,person,duplicated_word
509927,Butter BUTTER,511618,Butter,person,duplicated_word
509928,Buz BUZ,37000,Buz,person,duplicated_word
509929,Buzi BUZI,39325,Buzi,person,duplicated_word
509939,Kadmiel KADMIEL,39642,Kadmiel,person,duplicated_word
509950,Kallai KALLAI,42117,Kallai,person,duplicated_word
509951,Kamon KAMON,464905,Kamon,person,duplicated_word
509953,Kanah KANAH,414052,Kanah,person,duplicated_word
509960,Kartah KARTAH,415895,Kartah,person,duplicated_word
509966,Kedemah KEDEMAH,36135,Kedemah,person,duplicated_word
509967,Kedemoth KEDEMOTH,414068,Kedemoth,person,duplicated_word
509971,Kehelathah KEHELATHAH,414075,Kehelathah,person,duplicated_word
509973,Keilah KEILAH,36925,Keilah,person,duplicated_word
509975,Kelaiah KELAIAH,39571,Kelaiah,person,duplicated_word
509977,Kemuel KEMUEL,36784,Kemuel,person,duplicated_word
509988,Kenaz KENAZ,36158,Kenaz,person,duplicated_word
509992,Kenizzites KENIZZITES,415901,Kenizzites,person,duplicated_word
510005,Keros KEROS,39653,Keros,person,duplicated_word
510011,Kethibh KETHIBH,416931,Kethibh,person,duplicated_word
510013,Keturah KETURAH,36136,Keturah,person,duplicated_word
510017,Keziah KEZIAH,357513,Keziah,person,duplicated_word
510019,Kibzaim KIBZAIM,41628,Kibzaim,person,duplicated_word
510025,Kidron KIDRON,403853,Kidron,person,duplicated_word
510041,Kin KIN,55056,Kin,person,duplicated_word
510048,Kinah KINAH,415903,Kinah,person,duplicated_word
510049,Kindness KINDNESS,30287,Kindness,person,duplicated_word
510174,Kir KIR,38049,Kir,person,duplicated_word
510209,Kish KISH,28096,Kish,person,duplicated_word
510212,Kishi KISHI,36425,Kishi,person,duplicated_word
510222,Kiss KISS,400623,Kiss,person,duplicated_word
510233,Kittim KITTIM,36069,Kittim,person,duplicated_word
510254,Koa KOA,39393,Koa,person,duplicated_word
510287,Koheleth KOHELETH,411543,Koheleth,person,duplicated_word
510288,Kolaiah KOLAIAH,41048,Kolaiah,person,duplicated_word
510327,Maadai MAADAI,39599,Maadai,person,duplicated_word
510333,Maarath MAARATH,41511,Maarath,person,duplicated_word
510341,Maasmas MAASMAS,481135,Maasmas,person,duplicated_word
510350,Demetrius i.,477496,Demetrius I,people,trailing_punct
510362,Demetrius iii.,600275,Demetrius III,people,trailing_punct
510389,Macron MACRON,405763,Macron,person,duplicated_word
510393,Madmannah MADMANNAH,36581,Madmannah,person,duplicated_word
510398,Madon MADON,415911,Madon,person,duplicated_word
510405,Magdiel MAGDIEL,36219,Magdiel,person,duplicated_word
510524,Magnificat MAGNIFICAT,45611,Magnificat,person,duplicated_word
510544,Magus MAGUS,481642,Magus,person,duplicated_word
510547,Mahanaim MAHANAIM,37086,Mahanaim,person,duplicated_word
510563,Maharai MAHARAI,36259,Maharai,person,duplicated_word
510566,Mahazioth MAHAZIOTH,36716,Mahazioth,person,duplicated_word
510569,Mahlah MAHLAH,41528,Mahlah,person,duplicated_word
510573,Mahseiah MAHSEIAH,481121,Mahseiah,person,duplicated_word
510575,Maiannas MAIANNAS,481691,Maiannas,person,duplicated_word
510577,Makaz MAKAZ,414347,Makaz,person,duplicated_word
510617,Malchiel MALCHIEL,37150,Malchiel,person,duplicated_word
510633,Mallothi MALLOTHI,36714,Mallothi,person,duplicated_word
510640,Mallus MALLUS,472977,Mallus,person,duplicated_word
510643,Malobathron MALOBATHRON,509534,Malobathron,person,duplicated_word
510649,Mamnitanemus MAMNITANEMUS,481832,Mamnitanemus,person,duplicated_word
510705,Maneh MANEH,414394,Maneh,person,duplicated_word
510707,Manger MANGER,686475,Manger,person,duplicated_word
510710,Mani MANI,472554,Mani,person,duplicated_word
510712,Manius MANIUS,482001,Manius,person,duplicated_word
510737,Manoah MANOAH,41731,Manoah,person,duplicated_word
510748,Mantle MANTLE,400796,Mantle,person,duplicated_word
510750,Maoch MAOCH,37691,Maoch,person,duplicated_word
510753,Marah MARAH,39093,Marah,person,duplicated_word
510757,Maralah MARALAH,415926,Maralah,person,duplicated_word
510758,Maranatha MARANATHA,400808,Maranatha,person,duplicated_word
510761,Marcus MARCUS,146000,Marcus,person,duplicated_word
510766,Marisa MARISA,227347,Marisa,person,duplicated_word
510812,Eloi Eloi,35297,Eloi,person,duplicated_word
510836,Marmoth MARMOTH,452532,Marmoth,person,duplicated_word
510837,Maroth MAROTH,415927,Maroth,person,duplicated_word
510959,Marsena MARSENA,38966,Marsena,person,duplicated_word
510960,Martha MARTHA,19299,Martha,person,duplicated_word
510996,Maschil MASCHIL,42789,Maschil,person,duplicated_word
510999,Mashal MASHAL,37077,Mashal,person,duplicated_word
511000,Masias MASIAS,482386,Masias,person,duplicated_word
511003,Massa MASSA,36129,Massa,person,duplicated_word
511013,Mattanah MATTANAH,42318,Mattanah,person,duplicated_word
511022,Mattattah MATTATTAH,482458,Mattattah,person,duplicated_word
511024,Matthan MATTHAN,35453,Matthan,person,duplicated_word
511065,Justin Martyr’s,162795,Justin Martyr,people,possessive
511073,Matthias MATTHIAS,19305,Matthias,person,duplicated_word
511079,Maul MAUL,221358,Maul,person,duplicated_word
511103,Zarephath’s,47029,Zarephath,person,possessive
511124,Mearah MEARAH,41421,Mearah,person,duplicated_word
511125,Meconah MECONAH,482611,Meconah,person,duplicated_word
511128,Medan MEDAN,36139,Medan,person,duplicated_word
511270,Meekness MEEKNESS,19351,Meekness,person,duplicated_word
511275,Megiddo MEGIDDO,37173,Megiddo,person,duplicated_word
511283,Megilloth MEGILLOTH,404510,Megilloth,person,duplicated_word
511285,Mehujael MEHUJAEL,40310,Mehujael,person,duplicated_word
511290,Mekonah MEKONAH,42099,Mekonah,person,duplicated_word
511292,Melatiah MELATIAH,42147,Melatiah,person,duplicated_word
511304,Melita MELITA,256053,Melita,person,duplicated_word
511311,Mem MEM,64521,Mem,person,duplicated_word
511321,Menahem MENAHEM,38032,Menahem,person,duplicated_word
511332,Menelaus MENELAUS,421456,Menelaus,person,duplicated_word
511336,Menestheus MENESTHEUS,444260,Menestheus,person,duplicated_word
511339,Menna MENNA,414662,Menna,person,duplicated_word
511340,Mephaath MEPHAATH,37085,Mephaath,person,duplicated_word
511343,Merab MERAB,36447,Merab,person,duplicated_word
511344,Meraiah MERAIAH,42110,Meraiah,person,duplicated_word
511385,Meres MERES,38965,Meres,person,duplicated_word
511402,Meroz MEROZ,415943,Meroz,person,duplicated_word
511413,Meshobab MESHOBAB,36952,Meshobab,person,duplicated_word
511418,Meshullemeth MESHULLEMETH,38129,Meshullemeth,person,duplicated_word
511509,Methuselah METHUSELAH,19314,Methuselah,person,duplicated_word
511510,Methushael METHUSHAEL,425569,Methushael,person,duplicated_word
511513,Meuzal MEUZAL,483149,Meuzal,person,duplicated_word
511515,Mibhar MIBHAR,36278,Mibhar,person,duplicated_word
511540,Ewald’s,402080,Ewald,person,possessive
511561,Michael MICHAEL,19317,Michael,person,duplicated_word
511567,Michal MICHAL,36448,Michal,person,duplicated_word
511577,Michri MICHRI,37254,Michri,person,duplicated_word
511598,Migdol MIGDOL,39079,Migdol,person,duplicated_word
511603,Migron MIGRON,24299,Migron,person,duplicated_word
511606,Mikneiah MIKNEIAH,36433,Mikneiah,person,duplicated_word
511607,Milalai MILALAI,42122,Milalai,person,duplicated_word
511631,Millet MILLET,211119,Millet,person,duplicated_word
511695,Minni MINNI,395527,Minni,person,duplicated_word
511699,Miphkad MIPHKAD,42165,Miphkad,person,duplicated_word
511725,Matthew Arnold’s,66085,Matthew Arnold,person,possessive
511739,Mishmannah MISHMANNAH,36362,Mishmannah,person,duplicated_word
511742,Mispereth MISPERETH,39620,Mispereth,person,duplicated_word
511764,Mitylene MITYLENE,33765,Mitylene,person,duplicated_word
511776,Mizar MIZAR,42891,Mizar,person,duplicated_word
511798,Mizraim MIZRAIM,36070,Mizraim,person,duplicated_word
511800,Mizzah MIZZAH,36191,Mizzah,person,duplicated_word
511801,Mnason MNASON,33796,Mnason,person,duplicated_word
511820,Moadiah MOADIAH,42052,Moadiah,person,duplicated_word
511821,Mochmur MOCHMUR,483711,Mochmur,person,duplicated_word
511822,Modin MODIN,414927,Modin,person,duplicated_word
511833,Moeth MOETH,415999,Moeth,person,duplicated_word
511846,Molid MOLID,414944,Molid,person,duplicated_word
511848,Momdis MOMDIS,483781,Momdis,person,duplicated_word
511892,Moon MOON,41370,Moon,person,duplicated_word
511908,Mortar MORTAR,401166,Mortar,person,duplicated_word
512110,Mosollamus MOSOLLAMUS,491924,Mosollamus,person,duplicated_word
512111,14:18 f.,459732,14:18 f,period,trailing_punct
512126,Mote MOTE,372527,Mote,person,duplicated_word
512160,Mouth MOUTH,55397,Mouth,person,duplicated_word
512164,Moza MOZA,36574,Moza,person,duplicated_word
512165,Mozah MOZAH,41550,Mozah,person,duplicated_word
512167,Mss MSS,362398,Mss,person,duplicated_word
512300,Bengel’s,413245,Bengel,person,possessive
512307,Tischendorf’s,388542,Tischendorf,people,possessive
512330,Mule MULE,559867,Mule,person,duplicated_word
512336,Murder MURDER,27078,Murder,person,duplicated_word
512363,Myndus MYNDUS,484154,Myndus,person,duplicated_word
512373,Myrtle MYRTLE,401234,Myrtle,person,duplicated_word
512392,Daberath DABERATH,37075,Daberath,person,duplicated_word
512394,Dabria DABRIA,484230,Dabria,person,duplicated_word
512397,Dagon DAGON,37729,Dagon,person,duplicated_word
512404,Daleth DALETH,472324,Daleth,person,duplicated_word
512405,Dalmanutha DALMANUTHA,415133,Dalmanutha,person,duplicated_word
512407,Dalphon DALPHON,39012,Dalphon,person,duplicated_word
512408,Damaris DAMARIS,33680,Damaris,person,duplicated_word
512433,Dan DAN,18660,Dan,person,duplicated_word
512442,Daniel DANIEL,18661,Daniel,person,duplicated_word
512474,Dannah DANNAH,41497,Dannah,person,duplicated_word
512478,Dara DARA,36502,Dara,person,duplicated_word
512479,Darda DARDA,37489,Darda,person,duplicated_word
512480,Darius DARIUS,18662,Darius,person,duplicated_word
512489,Dart DART,484454,Dart,person,duplicated_word
512490,Dathema DATHEMA,484464,Dathema,person,duplicated_word
512491,Daughter DAUGHTER,20146,Daughter,person,duplicated_word
512492,David DAVID,18663,David,person,duplicated_word
512589,Debir DEBIR,37059,Debir,person,duplicated_word
512595,Deborah DEBORAH,18665,Deborah,person,duplicated_word
512625,Decapolis DECAPOLIS,46459,Decapolis,person,duplicated_word
512635,Dedan DEDAN,36142,Dedan,person,duplicated_word
512652,Delaiah DELAIAH,36687,Delaiah,person,duplicated_word
512653,Delilah DELILAH,18666,Delilah,person,duplicated_word
512654,Delos DELOS,430478,Delos,person,duplicated_word
512716,Demon DEMON,415298,Demon,person,duplicated_word
512719,Denarius DENARIUS,435550,DENARIUS,people,duplicated_word
512741,Destroy DESTROY,34518,Destroy,person,duplicated_word
512802,2:13 f.,478043,2:13 f,period,trailing_punct
512812,Dial DIAL,429347,Dial,person,duplicated_word
512818,Diaspora DIASPORA,44867,Diaspora,person,duplicated_word
512821,Diblaim DIBLAIM,40564,Diblaim,person,duplicated_word
512877,Diklah DIKLAH,36116,Diklah,person,duplicated_word
512878,Dilan DILAN,483620,Dilan,person,duplicated_word
512894,Dionysus DIONYSUS,435975,Dionysus,person,duplicated_word
512895,Dioscorinthius DIOSCORINTHIUS,508004,Dioscorinthius,person,duplicated_word
512898,Diotrephes DIOTREPHES,33498,Diotrephes,person,duplicated_word
512931,Seleucus I.,487591,Seleucus I,person,trailing_punct
512934,Distaff DISTAFF,422745,DISTAFF,person,duplicated_word
512936,Dizahab DIZAHAB,415380,Dizahab,person,duplicated_word
512955,Dodanim DODANIM,391951,Dodanim,person,duplicated_word
512956,Dodavahu DODAVAHU,467757,Dodavahu,person,duplicated_word
512982,Dothan DOTHAN,415393,Dothan,person,duplicated_word
512984,Doubt DOUBT,52028,Doubt,person,duplicated_word
513001,Dram DRAM,486341,Dram,person,duplicated_word
513053,Drusilla DRUSILLA,33852,Drusilla,person,duplicated_word
513065,Duke DUKE,292272,Duke,person,duplicated_word
513104,Oliver Cowdery's,18654,Oliver Cowdery,person,possessive
513156,Elder John Murdock's,539400,Elder John Murdock,person,possessive
513157,Elder Pratt's,74796,Elder Pratt,person,possessive
513244,"about 2 o'clock,",513269,About 2 o'clock,period,trailing_punct
513283,J. S. Jun.,587719,J. S. Jun,person,trailing_punct
513396,Asael Smith's,106978,Asael Smith,person,possessive
513435,"Fayette,",31231,Fayette,people,trailing_punct
513471,Elder Rigdon's,32463,Elder Rigdon,person,possessive
513501,Joseph S.,175743,Joseph S,person,trailing_punct
513503,Simonds Ryder's,32070,Simonds Ryder,person,possessive
513515,David Whitmer's,31201,David Whitmer,person,possessive
513705,Ezra Booth's,32055,Ezra Booth,person,possessive
513709,Newel K. Whitney's,30204,Newel K. Whitney,person,possessive
513833,Elder Phelps's,113954,Elder Phelps,person,possessive
513859,Gilbert & Whitney's,362289,Gilbert & Whitney,people,possessive
513940,Joseph C. Kingsbury's,358560,Joseph C. Kingsbury,person,possessive
513987,Sidney Rigdon's,19546,Sidney Rigdon,person,possessive
514064,Ezra Thayre's,31560,Ezra Thayre,person,possessive
514088,Peter French's,195745,Peter French,person,possessive
514091,Elijah Smith's,514613,Elijah Smith,person,possessive
514156,Sydney Rigdon's,155269,Sydney Rigdon,person,possessive
514167,Nancy Rigdon's,209763,Nancy Rigdon,person,possessive
514293,"Copley,",131122,Copley,people,trailing_punct
514329,A. S. Gilbert et al.,514614,A. S. Gilbert et al,person,trailing_punct
514346,"N. Y.,--Prophet's",514279,"N. Y.,--Prophet",person,possessive
514405,Elder Hyde's,112077,Elder Hyde,person,possessive
514474,Warren A. Cowdery's,30245,Warren A. Cowdery,person,possessive
514496,Joseph Holbrook's,207579,Joseph Holbrook,person,possessive
514500,Vinson Knight's,30749,Vinson Knight,person,possessive
514520,Elder Cahoon's,515021,Elder Cahoon,people,possessive
514586,Joseph Bosworth's,514596,Joseph Bosworth,person,possessive
514587,Jonathan Taylor's,166960,Jonathan Taylor,person,possessive
514654,"""The Church of the Latter-day Saints",514731,The Church of the Latter-day Saints,concept,leading_quote
514660,Israel Barlow's,93896,Israel Barlow,person,possessive
514682,Sylvester Smith's,30124,Sylvester Smith,person,possessive
514707,Lewis Zobriski's,517893,Lewis Zobriski,person,possessive
514742,Elder Kimball's,63851,Elder Kimball,person,possessive
514778,S. B. Stoddard's,377697,S. B. Stoddard,person,possessive
514843,Elder Woodruff's,97267,Elder Woodruff,person,possessive
514889,William Smith's,29832,William Smith,person,possessive
514917,John Johnson's,30121,John Johnson,person,possessive
515037,Oliver Olney's,351714,Oliver Olney,person,possessive
515051,M. M. Noah's,515054,M. M. Noah,person,possessive
515072,E. M'Lellin's,514912,E. M'Lellin,person,possessive
515176,HEBER C. KIMBALL.,30760,Heber C. Kimball,person,trailing_punct
515215,Elder Young's,219895,Elder Young,people,possessive
515234,Hezekiah Peck's,249205,Hezekiah Peck,person,possessive
515393,Elder Johnson's,69955,Elder Johnson,person,possessive
515428,Wilford Woodruff's,19866,Wilford Woodruff,person,possessive
515573,Elder Patten's,196841,Elder Patten,person,possessive
515886,Bishop Newel K. Whitney's,68445,Bishop Newel K. Whitney,people,possessive
515941,the day of God's,33437,the day of God,period,possessive
515950,Sampson Avard's,209150,Sampson Avard,person,possessive
516004,Bishop Partridge's,66883,Bishop Partridge,people,possessive
516038,Prophet et al.,516090,Prophet et al,person,trailing_punct
516092,Zebedee Coltrin's,32063,Zebedee Coltrin,person,possessive
516145,Algernon Sidney Gilbert's,32073,Algernon Sidney Gilbert,person,possessive
516172,Lyman Wight's,196389,Lyman Wight,people,possessive
516201,Sidney Gilbert's,30093,Sidney Gilbert,person,possessive
516213,Hyrum Smith's,19583,Hyrum Smith,person,possessive
516236,the Prophet Elijah's,245538,the Prophet Elijah,people,possessive
516391,Harvey Whitlock's,32057,Harvey Whitlock,person,possessive
516566,Heber C. Kimball's,30760,Heber C. Kimball,person,possessive
516726,Brigham Young's,19870,Brigham Young,person,possessive
516780,Don Carlos Smith's,209474,Don Carlos Smith,person,possessive
516915,Parley P. Pratt's,29824,Parley P. Pratt,person,possessive
516959,G. W. Robinson's,516765,G. W. Robinson,person,possessive
517106,Simeon Carter's,32059,Simeon Carter,person,possessive
517125,George W. Robinson's,344591,George W. Robinson,person,possessive
517162,Jacob Stolling's,518428,Jacob Stolling,person,possessive
517188,Elder Turley's,518962,Elder Turley,person,possessive
517267,E. M. Ryland's,517273,E. M. Ryland,person,possessive
517284,Oliver Granger's,30546,Oliver Granger,person,possessive
517369,John L. Butler's,217245,John L. Butler,person,possessive
517545,Andrew Lamereaux's,517959,Andrew Lamereaux,person,possessive
517553,Samuel Hale's,517477,Samuel Hale,person,possessive
517560,Joel H. Johnson's,255202,Joel H. Johnson,person,possessive
517587,Joseph C. Clark's,518046,Joseph C. Clark,person,possessive
517588,Edwin P. Merriam's,518055,Edwin P. Merriam,person,possessive
517589,Jo Smith's,163336,Jo Smith,person,possessive
517695,Jacob Chapman's,516443,Jacob Chapman,person,possessive
517917,"""The History of Joseph Smith",566305,The History of Joseph Smith,concept,leading_quote
517944,Elder Carter's,65493,Elder Carter,person,possessive
517945,Elder Page's,207590,Elder Page,person,possessive
518005,Lucius N. Scovil's,209816,Lucius N. Scovil,person,possessive
518062,Elder Keeler's,515251,Elder Keeler,person,possessive
518069,David Orton's,519773,David Orton,person,possessive
518107,Thomas Carico's,517939,Thomas Carico,person,possessive
518223,the High Council at Far West:,515537,the High Council at Far West,people,trailing_punct
518329,Neil Gillium's,518325,Neil Gillium,person,possessive
518398,General Atchison's,516938,General Atchison,people,possessive
518526,Smith Humphrey's,518355,Smith Humphrey,people,possessive
518574,Joseph Young's,30781,Joseph Young,person,possessive
518580,William Mann's,517196,William Mann,person,possessive
518657,Rabbi Landau's,532345,Rabbi Landau,person,possessive
518683,R. B. Thompson's,199135,R. B. Thompson,person,possessive
518786,Smith Humphrey's,518197,Smith Humphrey,person,possessive
518832,Isaac Russell's,77156,Isaac Russell,person,possessive
519125,"Dymock,",520514,Dymock,people,trailing_punct
519232,Benjamin Jones's,516836,Benjamin Jones,person,possessive
519260,Isaac Haight's,199377,Isaac Haight,person,possessive
519273,Elijah Fordham's,252180,Elijah Fordham,people,possessive
519279,Joseph Murdock's,345000,Joseph Murdock,person,possessive
519373,James Powell's,519367,James Powell,person,possessive
519464,"Respectfully, &c.",525232,"Respectfully, &c",people,trailing_punct
519533,Elder Parley P. Pratt's,91399,Elder Parley P. Pratt,person,possessive
519555,Porter Rockwell's,196012,Porter Rockwell,person,possessive
519568,John Corril's,516071,John Corril,person,possessive
519607,forty.,34519,Forty,period,trailing_punct
519615,Osmon M. Duel's,514971,Osmon M. Duel,person,possessive
519624,Sister Kimball's,86658,Sister Kimball,person,possessive
519626,Lorenzo Young's,515888,Lorenzo Young,person,possessive
519634,Ephraim Owen's,517334,Ephraim Owen,person,possessive
519667,the sixth day of April next.,523679,the sixth day of April next,period,trailing_punct
519685,Dimick Huntington's,209459,Dimick Huntington,person,possessive
519699,Ebenezer Robinson's,196784,Ebenezer Robinson,person,possessive
519727,Elder Theodore Turley's,518546,Elder Theodore Turley,person,possessive
519792,St. Luke's,90703,St. Luke,place,possessive
519794,St. Paul's,249376,St. Paul,people,possessive
519804,Elder Taylor's,67667,Elder Taylor,person,possessive
520100,Sylvester B. Stoddard's,519755,Sylvester B. Stoddard,person,possessive
520385,Elder Heber C. Kimball's,93845,Elder Heber C. Kimball,person,possessive
520495,"Worcestershire, England,",590682,"Worcestershire, England",place,trailing_punct
520808,Elder Kimball's,227054,Elder Kimball,place,possessive
520904,"""The Martyrdom of Joseph Smith",210408,The Martyrdom of Joseph Smith,concept,leading_quote
520926,Elder Wight's,515155,Elder Wight,person,possessive
521135,Elder Heber C.,538696,Elder Heber C,person,trailing_punct
521188,Richard Livesey's,209683,Richard Livesey,person,possessive
521467,Major-General Bennett's,521248,Major-General Bennett,people,possessive
521478,General Rich's,523591,General Rich,people,possessive
521523,"Gee,",226805,Gee,person,trailing_punct
521623,George A.'s,60434,George A.,person,possessive
521639,"General Orders,",291839,General Orders,people,trailing_punct
521641,General Smith's,525403,General Smith,people,possessive
521665,Orson Spencer's,66601,Orson Spencer,person,possessive
521668,Editor's,657160,EDITOR,people,possessive
521669,"Office,",376380,Office,people,trailing_punct
521683,Charles V.,429968,Charles V,person,trailing_punct
521692,Bishop Knight's,518549,Bishop Knight,people,possessive
521710,Sister Emma's,350316,Sister Emma,people,possessive
521772,Sister Durphy's,522397,Sister Durphy,person,possessive
521814,Hyrum Kimball's,519479,Hyrum Kimball,person,possessive
521876,Benjamin F. Johnson's,73667,Benjamin F. Johnson,person,possessive
522147,Bishop Vinson Knight's,339958,Bishop Vinson Knight,people,possessive
522181,Joseph W. Coolidge's,517811,Joseph W. Coolidge,person,possessive
522274,John Snyder's,77157,John Snyder,person,possessive
522276,John Benbow's,62910,John Benbow,person,possessive
522304,Cornelius P. Lott's,518765,Cornelius P. Lott,person,possessive
522314,Elder Ward's,524393,Elder Ward,person,possessive
522317,Elder Ward's,524392,Elder Ward,place,possessive
522338,Elder Winchester's,196796,Elder Winchester,person,possessive
522349,William Player's,210509,William Player,person,possessive
522639,Carlos Granger's,520143,Carlos Granger,person,possessive
522735,Elders Taylor's,517903,Elders Taylor,person,possessive
522762,Richard Savary's,79352,Richard Savary,person,possessive
522819,St. Joseph.,111139,St. Joseph,place,trailing_punct
522871,Emma Smith's,30909,Emma Smith,person,possessive
522943,Daniel Russell's,522942,Daniel Russell,person,possessive
523027,Amos Davis's,362681,Amos Davis,person,possessive
523028,Edward Hunter's,116432,Edward Hunter,person,possessive
523078,"HIRAM KIMBALL,",207304,Hiram Kimball,person,trailing_punct
523102,the Lieutenant-General's,521246,the Lieutenant-General,people,possessive
523125,"Cloud,",429106,Cloud,person,trailing_punct
523196,Eliza R. Snow's,58767,Eliza R. Snow,person,possessive
523240,Libeus T. Coon's,516457,Libeus T. Coon,person,possessive
523732,John Eagle's,362268,John Eagle,person,possessive
523786,Reynolds Cahoon's,32977,Reynolds Cahoon,people,possessive
523916,David Town's,523915,David Town,person,possessive
523970,Crane's,431053,CRANE,people,possessive
524065,Sing Sing,19728,Sing,person,duplicated_word
524268,Willard Richard's,523757,Willard Richard,person,possessive
524292,J. C. Bennett's,520226,J. C. Bennett,person,possessive
524494,Charles C.,537921,Charles C,person,trailing_punct
524532,King Follett's,90229,King Follett,person,possessive
524557,J. H. Jackson's,534064,J. H. Jackson,person,possessive
524567,"the Laws, Fosters,",524808,"the Laws, Fosters",people,trailing_punct
524633,Jeremiah Smith's,524461,Jeremiah Smith,person,possessive
524705,Van Buren's,9317,Van Buren,person,possessive
524833,JOSEPH SMITH'S,19102,Joseph Smith,person,possessive
524889,Hosea Stout's,218296,Hosea Stout,person,possessive
524921,Hayward's,600902,Hayward,place,possessive
524965,"the Gospel of the Son of God,",91084,the Gospel of the Son of God,concept,trailing_punct
525061,St. Mary's,510987,St. Mary,place,possessive
525111,Henry Miller's,519640,Henry Miller,person,possessive
525122,Elder Thomas Bullock.,524763,Elder Thomas Bullock,person,trailing_punct
525138,Charles B. Penrose's,341691,Charles B. Penrose,person,possessive
525167,Van Orden's,212530,Van Orden,person,possessive
525341,General Deming's,524261,General Deming,people,possessive
525526,Warren Smith's,341485,Warren Smith,person,possessive
525528,Francis Higbee's,210260,Francis Higbee,person,possessive
525531,Henry W. Miller's,519760,Henry W. Miller,person,possessive
525569,Davidson Hibbard's,662414,Davidson Hibbard,people,possessive
525627,Orsimus F. Bostwick's,604746,Orsimus F. Bostwick,person,possessive
525706,Brother Young's,517096,Brother Young,people,possessive
525733,Thomas Kingston's,531672,Thomas Kingston,person,possessive
525821,Job's,19090,Job,person,possessive
525844,"Sunday, 8th,",515718,"Sunday, 8th",period,trailing_punct
525857,HYDE'S,9308,Hyde,person,possessive
525928,John Killien's,525926,John Killien,person,possessive
525970,"the Laws, Higbees,",524546,"the Laws, Higbees",people,trailing_punct
525991,Major-General's,518621,Major-General,people,possessive
525997,General Dunham's,524515,General Dunham,people,possessive
526103,"Cypry,",524457,Cypry,place,trailing_punct
526139,Ala.,288370,Ala,place,trailing_punct
526295,Smith's,48812,Smith,people,possessive
526309,William Draper's,516672,William Draper,person,possessive
526357,MASS.,131010,Mass,place,trailing_punct
526464,John Wilkie's,526459,John Wilkie,person,possessive
526619,Chauncy L. Higbee's,209885,Chauncy L. Higbee,person,possessive
526621,Cyrus H. Wheelock's,255929,Cyrus H. Wheelock,person,possessive
526641,David Yearsley's,623460,David Yearsley,person,possessive
526673,Black Hawk's,214088,Black Hawk,people,possessive
526721,George D. Grant's,212753,George D. Grant,person,possessive
526755,Doc. & Cov.,248251,Doc. & Cov,people,trailing_punct
526924,p. xiv.,490529,p. xiv,person,trailing_punct
527085,Timothy--Paul's,475157,Timothy--Paul,person,possessive
527272,ANTONY'S,92203,Antony,people,possessive
527362,Joseph F. Smith's,31137,Joseph F. Smith,person,possessive
527364,"Ezekiel, Daniel.",46911,"Ezekiel, Daniel",people,trailing_punct
527375,Rom.,24098,Rom,place,trailing_punct
527856,King Follet's,515739,King Follet,people,possessive
527858,lesson v.,528275,Lesson V,person,trailing_punct
527872,I. Joseph Smith's,529785,I. Joseph Smith,person,possessive
527960,"Kitto's Biblical Literature,",521400,Kitto's Biblical Literature,people,trailing_punct
527973,St. Mark's,56444,St. Mark,place,possessive
528013,III Nephi xx.,387830,III Nephi xx,people,trailing_punct
528086,Edward Gibbon's,60106,Edward Gibbon,person,possessive
528255,John Fisk's,760555,John Fisk,person,possessive
528624,Lesson V.,528275,Lesson V,person,trailing_punct
528633,Newcomb's,528628,Newcomb,people,possessive
528685,John Fiske's,469740,John Fiske,person,possessive
528707,Ernest Haeckel's,528622,Ernest Haeckel,person,possessive
528761,P.G.P.,673698,P.G.P,people,trailing_punct
528842,Cardinal Newman's,447131,Cardinal Newman,person,possessive
528917,Lesson xxxvii.,528923,Lesson xxxvii,person,trailing_punct
529068,Henry Drummond's,89748,Henry Drummond,person,possessive
529383,St. Luke's,388896,St. Luke,person,possessive
529427,Le Conte's,529345,Le Conte,person,possessive
529640,Paul I.,651600,Paul I,person,trailing_punct
529641,Stephen IV.,389018,Stephen IV,person,trailing_punct
529643,Pope Leo III.,389021,Pope Leo III,person,trailing_punct
529645,"Stephen V.,",651486,Stephen V,person,trailing_punct
529649,Boniface VI.,389030,Boniface VI,person,trailing_punct
529650,Stephen VII.,389032,Stephen VII,person,trailing_punct
529651,Leo V.,389035,Leo V,person,trailing_punct
529652,Sergius III.,389037,Sergius III,person,trailing_punct
529657,John XII.,389049,John XII,person,trailing_punct
529661,Benedict VII.,651624,Benedict VII,person,trailing_punct
529665,Victor III.,389063,Victor III,person,trailing_punct
529783,MAN'S,42759,MAN,people,possessive
529859,Archdeacon Paley's,529853,Archdeacon Paley,people,possessive
529908,Pope Paul III.,535051,Pope Paul III,person,trailing_punct
529948,"""Figures of the Past",525003,Figures of the Past,concept,leading_quote
529959,xxiv.,486464,XXIV,person,trailing_punct
530012,Abraham Lincoln's,58721,Abraham Lincoln,person,possessive
530019,South Carolina's,30894,South Carolina,place,possessive
530217,Calder's,530219,Calder,people,possessive
530314,"Palmyra,",29724,Palmyra,place,trailing_punct
530357,Henry Rawlinson's,400181,Henry Rawlinson,person,possessive
530420,"""Illinois College",530416,Illinois College,people,leading_quote
530454,King Noah's,29121,King Noah,person,possessive
530883,Elder Lyman's,221123,Elder Lyman,person,possessive
530889,Elder Foote's,612305,Elder Foote,people,possessive
531057,King Mosiah's,28067,King Mosiah,people,possessive
531080,"Edmund Burke,",87479,Edmund Burke,person,trailing_punct
531328,Josiah Priest's,531393,Josiah Priest,person,possessive
531458,I. Woodbridge Riley's,340053,I. Woodbridge Riley,people,possessive
531484,"""The Reconstruction of Religious Belief",527655,The Reconstruction of Religious Belief,concept,leading_quote
531568,Louis XIV.,405014,Louis XIV,person,trailing_punct
531571,P. De Roo's,530587,P. De Roo,person,possessive
531574,De Roo's,530997,De Roo,person,possessive
531784,Max Muller's,420027,Max Muller,person,possessive
531830,The World's,78786,The World,concept,possessive
531862,Manco-Capac III.,531886,Manco-Capac III,place,trailing_punct
531955,Solomon Spaulding's,102714,Solomon Spaulding,person,possessive
531997,John Spaulding's,531953,John Spaulding,person,possessive
532003,"""The Manuscript Found",532018,The Manuscript Found,concept,leading_quote
532059,Appendix B.,779739,Appendix B,person,trailing_punct
532061,the Church Historian's,94307,the Church Historian,people,possessive
532062,John W. Rigdon's,192897,John W. Rigdon,person,possessive
532093,Alexander Campbell's,192894,Alexander Campbell,person,possessive
532195,King James's,44264,King James,place,possessive
532221,Anti-Nephi-Lehi's,532220,Anti-Nephi-Lehi,concept,possessive
532312,"""The Golden Bible",339227,The Golden Bible,concept,leading_quote
532893,TAYLOR'S,48866,Taylor,person,possessive
532897,Van Vliet's,532895,Van Vliet,person,possessive
532908,Herod Herod,18904,Herod,person,duplicated_word
533338,the Martyr Stephen's,248472,the Martyr Stephen,place,possessive
533474,"May, 1833:",203258,"May, 1833",period,trailing_punct
533698,Wasson's,523454,Wasson,people,possessive
533804,Apostle Hyde's,176890,Apostle Hyde,person,possessive
533912,A quarter of a century's,66770,a quarter of a century,period,possessive
534004,General Demming's,532679,General Demming,people,possessive
534100,Derby's,217298,Derby,people,possessive
534198,"""The Disciples",514285,The Disciples,concept,leading_quote
534291,Elder Young's,219898,Elder Young,person,possessive
534356,Niel Gilliam's,534127,Niel Gilliam,person,possessive
534505,"the Republic,",809724,The Republic,place,trailing_punct
534538,D. R. Atchison's,518154,D. R. Atchison,person,possessive
534597,"Gilbert, Whitney & Co.'s",345008,"Gilbert, Whitney & Co.",people,possessive
534683,Hyrum Page's,534682,Hyrum Page,people,possessive
534933,St. Bartholomew's,532939,St. Bartholomew,place,possessive
534936,Henry VIII's,98158,Henry VIII,person,possessive
534958,M. Guizot's,529888,M. Guizot,person,possessive
535068,Henry IV's,534805,Henry IV,person,possessive
535437,George Brooks's,520563,George Brooks,person,possessive
535438,Edward Ockey's,376601,Edward Ockey,person,possessive
535504,Abram O. Smoot's,518853,Abram O. Smoot,person,possessive
535578,Albert Carrington's,214657,Albert Carrington,person,possessive
535647,Leonard Hardy's,535780,Leonard Hardy,person,possessive
535952,E. K. Bassett's,535936,E. K. Bassett,person,possessive
536455,Robert Burton's,672943,Robert Burton,person,possessive
536459,Charles Hale's,536453,Charles Hale,person,possessive
536473,Henry Terry's,536475,Henry Terry,person,possessive
536483,Charles Terry's,536437,Charles Terry,person,possessive
536517,J. D. Lee's,536937,J. D. Lee,person,possessive
536539,A. Johnson's,526304,A. Johnson,person,possessive
536598,Hosea Stout's,207500,Hosea Stout,place,possessive
536677,Appleton M. Harmon's,525295,Appleton M. Harmon,person,possessive
536713,John Pack's,211859,John Pack,person,possessive
536715,Phineas Young's,55774,Phineas Young,people,possessive
536736,John Brown's,164546,John Brown,person,possessive
536841,J. B. Noble's,356036,J. B. Noble,person,possessive
536862,Norton Jacob's,344494,Norton Jacob,people,possessive
537161,Aaron Farr's,536289,Aaron Farr,person,possessive
537166,Luke Johnson's,30125,Luke Johnson,person,possessive
537515,Joseph Kingsbury's,358545,Joseph Kingsbury,person,possessive
537528,Joseph A.,47974,Joseph A,person,trailing_punct
537638,J. J. Hardin's,199389,J. J. Hardin,person,possessive
537965,John Gool's,537964,John Gool,person,possessive
537992,Isaac Higbee's,164468,Isaac Higbee,person,possessive
538008,"Elders Kimball,",516931,Elders Kimball,person,trailing_punct
538009,Willard Snow's,514668,Willard Snow,person,possessive
538033,Robert Pierce's,520985,Robert Pierce,person,possessive
538058,Elder Sidney Rigdon's,194313,Elder Sidney Rigdon,person,possessive
538262,F. M. Higbee's,525022,F. M. Higbee,person,possessive
538381,Amasa M. Lyman's,347173,Amasa M. Lyman,person,possessive
538400,James Emmett's,519860,James Emmett,person,possessive
538408,Joseph] Smith's,18235,Joseph] Smith,person,possessive
538456,Bishop Hale's,582364,Bishop Hale,people,possessive
538528,Leonora Taylor's,208719,Leonora Taylor,person,possessive
538643,Daniel Tyler's,84759,Daniel Tyler,person,possessive
538683,Ezra Chase's,523097,Ezra Chase,person,possessive
538693,Reuben Miller's,66300,Reuben Miller,person,possessive
538867,Amasa Lyman's,30776,Amasa Lyman,person,possessive
539089,Elder Brannan's,40755,Elder Brannan,person,possessive
539110,Edmund Durfee's,516630,Edmund Durfee,person,possessive
539119,James C. Snow's,341431,James C. Snow,person,possessive
539127,James Arlington Bennett's,519212,James Arlington Bennett,person,possessive
539163,Richard F. Burton's,164767,Richard F. Burton,person,possessive
539235,Lucien Woodworth's,519239,Lucien Woodworth,person,possessive
539262,Elder Clayton's,87447,Elder Clayton,people,possessive
539276,A. P. Rockwood's,521042,A. P. Rockwood,person,possessive
539300,Arlington Bennett's,523226,Arlington Bennett,person,possessive
539457,Departure for the West.,539497,Departure for the West,concept,trailing_punct
540472,"verses 24–26,",150818,verses 24–26,scripture_reference,trailing_punct
540800,Elder Melvin J. Ballard’s,68494,Elder Melvin J. Ballard,person,possessive
540898,Sister Beck’s,110468,Sister Beck,people,possessive
541000,Olive’s,227342,Olive,people,possessive
541159,Rosa’s,124322,Rosa,person,possessive
541413,Neil L. Anderson’s,319791,Neil L. Anderson,person,possessive
541475,Elder Gerard’s,726748,Elder Gerard,person,possessive
541834,Paula’s,57886,Paula,person,possessive
542115,Matthew 28:19–20;,57922,Matthew 28:19–20,scripture_reference,trailing_punct
542617,King Hezekiah’s,48189,King Hezekiah,person,possessive
542664,Elder Von G. Keetch’s,237095,Elder Von G. Keetch,person,possessive
542903,Mia’s,105149,Mia,person,possessive
543034,Liam’s,70226,Liam,person,possessive
543708,Geshem’s,42136,Geshem,person,possessive
543898,John Tanner’s,103834,John Tanner,person,possessive
544017,King Jehoiakim’s,153726,King Jehoiakim,person,possessive
544235,Wendy W. Nelson’s,59006,Wendy W. Nelson,person,possessive
544261,Abraham Abraham,3278,Abraham,person,duplicated_word
544379,"Mateo 26:39,",89289,Mateo 26:39,scripture_reference,trailing_punct
544458,“ Revelación de Juan,18440,Revelación de Juan,person,leading_quote
544734,“Patience,19486,Patience,person,leading_quote
544752,Isaías 58:6–7.,106976,Isaías 58:6–7,scripture_reference,trailing_punct
544773,“¿Como,161211,¿Como,person,leading_quote
544774,‘Reconciliaos,7260,Reconciliaos,place,leading_quote
544779,“Señora Patton,128483,Señora Patton,person,leading_quote
544837,"Hechos 15:1,",544477,Hechos 15:1,scripture_reference,trailing_punct
544842,"Hechos 12:1–19,",305062,Hechos 12:1–19,scripture_reference,trailing_punct
544870,“Capacitación,4930,Capacitación,person,leading_quote
544898,"Romanos 6:16,",270405,Romanos 6:16,scripture_reference,trailing_punct
544933,“Honradez,272956,Honradez,person,leading_quote
545084,“Filipenses,26042,Filipenses,person,leading_quote
545130,Hechos 22;,544411,Hechos 22,scripture_reference,trailing_punct
545184,Alma 7:,12532,Alma 7,scripture_reference,trailing_punct
545262,Lucas 2:10.,105277,Lucas 2:10,scripture_reference,trailing_punct
545268,“Codo,10757,Codo,person,leading_quote
545331,“Entender,180160,Entender,person,leading_quote
545364,Juan 4:34.,111695,Juan 4:34,scripture_reference,trailing_punct
545365,Juan 4:35.,105271,Juan 4:35,scripture_reference,trailing_punct
545378,“ Heredero,19001,Heredero,person,leading_quote
545385,"Hechos 2:37–38,",107033,Hechos 2:37–38,scripture_reference,trailing_punct
545387,"Juan 14:16,",90008,Juan 14:16,scripture_reference,trailing_punct
545403,"Isaías 53:3–9,",305263,Isaías 53:3–9,scripture_reference,trailing_punct
545404,“ Yugo,14600,Yugo,person,leading_quote
545839,“Reflexiona,151764,Reflexiona,person,leading_quote
546215,‘Entrar,307978,Entrar,people,leading_quote
546634,“Aplicación,299493,Aplicación,person,leading_quote
547630,“Sala,11803,Sala,person,leading_quote
547871,4:25;,542886,4:25,scripture_reference,trailing_punct
548635,“Vincular,304110,Vincular,place,leading_quote
548924,“Superar,286438,Superar,person,leading_quote
548995,“Demostrar,304328,Demostrar,person,leading_quote
549010,“Cara,128389,Cara,place,leading_quote
549297,“Jesucristo”.</p,743177,Jesucristo”.</p,person,leading_quote
549629,"3 John,",326741,3 John,scripture_reference,trailing_punct
550476,Pray Pray,19599,Pray,person,duplicated_word
550560,‘Primero,5598,Primero,person,leading_quote
550694,David David,18663,David,person,duplicated_word
550704,Marla Marla,550707,Marla,person,duplicated_word
550708,“Marla,550707,Marla,person,leading_quote
550751,Jorge Jorge,82562,Jorge,person,duplicated_word
550794,‘Salario,151076,Salario,place,leading_quote
550825,“Guía,5467,Guía,people,leading_quote
550964,“¿Cuándo,295128,¿Cuándo,people,leading_quote
551461,"S. George Ellsworth,",211086,S. George Ellsworth,person,trailing_punct
551492,"January 17, 1847,",177102,"January 17, 1847",period,trailing_punct
552920,2d ed.,552919,2d ed,object,trailing_punct
553771,Aunt Rachel’s,355259,Aunt Rachel,person,possessive
554000,trans.,474073,Trans,people,trailing_punct
554009,Joseph of Arimathea’s,48294,Joseph of Arimathea,person,possessive
554089,McDonald’s,90610,McDonald,people,possessive
554135,John Gottman’s,112710,John Gottman,person,possessive
554368,Gary Chapman’s,554370,Gary Chapman,person,possessive
555009,the Church(Salt Lake City:,582860,the Church(Salt Lake City,place,trailing_punct
555187,George IV.,776821,George IV,person,trailing_punct
555268,xvi.,417153,XVI,place,trailing_punct
555269,xiv.,416178,XIV,place,trailing_punct
555270,xxix.,434054,XXIX,place,trailing_punct
555343,inJoseph Smith’s,555562,inJoseph Smith,person,possessive
555563,Rodger I. Anderson’s,555561,Rodger I. Anderson,person,possessive
555612,Sidney Sperry’s,555617,Sidney Sperry,person,possessive
555627,Benson’s,56151,Benson,people,possessive
555628,Ezra Taft Benson’s,56284,Ezra Taft Benson,person,possessive
555872,the Book of Mormon(Salt Lake City:,601646,the Book of Mormon(Salt Lake City,concept,trailing_punct
555994,Lucy Harris’s,129298,Lucy Harris,person,possessive
556010,Enos’s,18681,Enos,person,possessive
556049,Dan Vogel’s,360127,Dan Vogel,person,possessive
556050,John Clark’s,209383,John Clark,person,possessive
556062,William Pilkington’s,207851,William Pilkington,person,possessive
556196,Hu Wei-I.,372006,Hu Wei-I,person,trailing_punct
556556,Mitchill’s,280317,Mitchill,person,possessive
556564,Jean-Francois Champollion’s,798125,Jean-Francois Champollion,people,possessive
556702,Mack Smith’s,237195,Mack Smith,person,possessive
556740,"Gold Bible,”Reflector,",556691,"Gold Bible,”Reflector",concept,trailing_punct
556774,n.p.,773894,n.p,person,trailing_punct
556789,Grandin’s,207956,Grandin,people,possessive
556794,Hadley’s,154386,Hadley,place,possessive
556809,Marshall’s,377601,Marshall,people,possessive
556813,Hadley’s,105958,Hadley,person,possessive
557350,Genesis(New York:,642756,Genesis(New York,place,trailing_punct
557400,"the Feast of the Tabernacles,",343626,the Feast of the Tabernacles,people,trailing_punct
557430,"Easter,",96161,Easter,people,trailing_punct
557857,the New Testament Christ’s,479666,the New Testament Christ,people,possessive
558044,II Cor.,387832,II Cor,person,trailing_punct
558094,the year of the Prophet's,229657,the year of the prophet,period,possessive
558118,the days of God's,685432,the days of God,period,possessive
558129,Luke xii:2.,558041,Luke xii:2,person,trailing_punct
558178,Ira Hatch's,558180,Ira Hatch,people,possessive
558210,Mary Magdalene's,19300,Mary Magdalene,person,possessive
558691,Queen Victoria's,218906,Queen Victoria,person,possessive
558702,Elder Penrose's,558701,Elder Penrose,person,possessive
558730,John Cook's,106162,John Cook,person,possessive
558912,"Wells, Fargo & Co.'s",246802,"Wells, Fargo & Co.",people,possessive
558932,Jacob M. Truman's,559333,Jacob M. Truman,person,possessive
559204,Brothers Grouard's,558316,Brothers Grouard,people,possessive
559216,L. O. Littlefield's,622378,L. O. Littlefield,person,possessive
559280,D. B. Huntington's,564582,D. B. Huntington,person,possessive
559346,Daniel Allen's,517495,Daniel Allen,person,possessive
559398,Jesse D. Hunter's,218225,Jesse D. Hunter,person,possessive
559431,Sergeant Tyler's,559427,Sergeant Tyler,person,possessive
559469,Call's,18636,Call,people,possessive
559558,R. T. Burton's,285972,R. T. Burton,person,possessive
559568,Joseph W. Young's,389620,Joseph W. Young,person,possessive
559680,David Rogers’s,358414,David Rogers,person,possessive
559688,Mary Fielding’s,55494,Mary Fielding,person,possessive
559699,Uncle Joseph’s,513391,Uncle Joseph,person,possessive
559716,Stephen C. Taysom’s,559709,Stephen C. Taysom,person,possessive
559938,John’s’s,32973,John’s,person,possessive
560043,Julina’s,86868,Julina,person,possessive
560075,Mary S.,565006,Mary S,person,trailing_punct
560206,Abraham O. Smoot’s,212941,Abraham O. Smoot,person,possessive
560220,Jerusha Smith’s,344086,Jerusha Smith,person,possessive
560284,William Jasper Harris’s,213655,William Jasper Harris,person,possessive
560337,William Cowper’s,62091,William Cowper,person,possessive
560341,Mercy Rachel’s,564715,Mercy Rachel,person,possessive
560342,Levira’s,214295,Levira,person,possessive
560363,William Jasper’s,560322,William Jasper,person,possessive
560375,Jeffrey’s,58557,Jeffrey,person,possessive
560500,Joseph A.’s,537528,Joseph A.,person,possessive
560521,Joseph A’s,47974,Joseph A,person,possessive
560594,Davis Stake’s,164974,Davis Stake,person,possessive
560739,John Ernest Harris’s,561247,John Ernest Harris,person,possessive
560740,Albert Harris’s,560192,Albert Harris,person,possessive
560919,"Joseph F.,",248168,Joseph F,person,trailing_punct
561504,Ann Jane Lupton’s,561195,Ann Jane Lupton,person,possessive
561628,Mary Evans’s,357743,Mary Evans,person,possessive
562595,Joseph F.'s,19732,Joseph F.,person,possessive
562638,Sarah Lovina’s,561446,Sarah Lovina,person,possessive
562763,Adelia’s,562765,Adelia,person,possessive
562770,Martha Artimissa’s,562637,Martha Artimissa,person,possessive
562771,Artimissa’s,559854,Artimissa,person,possessive
562851,Heber John’s,560453,Heber John,person,possessive
562938,"Utah County Administration Building,",565576,Utah County Administration Building,people,trailing_punct
563055,Sarah Harris Passey’s,559795,Sarah Harris Passey,person,possessive
563097,Alice Ann Kimball’s,562020,Alice Ann Kimball,person,possessive
563122,Ann Harris’s,561474,Ann Harris,person,possessive
563465,Jerusha Barden’s,343352,Jerusha Barden,person,possessive
563547,Elizabeth Jane Fisher’s,561235,Elizabeth Jane Fisher,person,possessive
563561,Cousin George Gee.,563562,Cousin George Gee,person,trailing_punct
563606,West St.,563705,West St,place,trailing_punct
563631,Abraham Cannon’s,216416,Abraham Cannon,person,possessive
563748,Artie’s,563886,Artie,person,possessive
563825,Julina Lambson’s,86880,Julina Lambson,person,possessive
563941,Fielding Smith’s,249120,Fielding Smith,people,possessive
563947,Patten Harris’s,561387,Patten Harris,person,possessive
563951,Robert Harris’s,97274,Robert Harris,person,possessive
564116,Pond Town’s,213529,Pond Town,person,possessive
564136,Martha Ann Smith Harris’s,86889,Martha Ann Smith Harris,person,possessive
564180,Alvin’s,31118,Alvin,person,possessive
564254,Patriarch Hyrum Smith’s,99566,Patriarch Hyrum Smith,place,possessive
564370,Carole Call King’s,559796,Carole Call King,person,possessive
564394,Joseph F. Martha Ann’s,563339,Joseph F. Martha Ann,person,possessive
564411,Uncle William’s,615010,Uncle William,person,possessive
564463,Verna Passey Call’s,565833,Verna Passey Call,person,possessive
564554,Willie’s,71678,Willie,person,possessive
564619,Aunt Sarah’s,563650,Aunt Sarah,person,possessive
564620,Aunt Edna’s,563691,Aunt Edna,concept,possessive
564651,Hyrum Harris’s,565775,Hyrum Harris,person,possessive
564703,Emily Harris’s,108732,Emily Harris,person,possessive
564733,Lambson Smith’s,293802,Lambson Smith,person,possessive
564824,the US Constitution’s,622924,the US Constitution,period,possessive
565022,Uncle Sam’s,88311,Uncle Sam,person,possessive
565272,W. W. Cluff’s,113965,W. W. Cluff,person,possessive
565281,Edna Lambson’s,145385,Edna Lambson,person,possessive
565285,Melissa’s,63929,Melissa,person,possessive
565306,Mary Jane’s,212736,Mary Jane,person,possessive
565359,McKean’s,214593,McKean,people,possessive
565368,H. H. Milman’s,529587,H. H. Milman,person,possessive
565557,Joseph F’s,248168,Joseph F,person,possessive
565572,A. O. Smoot’s,526227,A. O. Smoot,person,possessive
565617,Charles Johnson’s,565600,Charles Johnson,person,possessive
565739,Zina Christine’s,561478,Zina Christine,person,possessive
565746,Joseph Albert’s,560166,Joseph Albert,person,possessive
565815,Ballard’s,230606,Ballard,people,possessive
565816,Hyrum Mack Smith’s,86874,Hyrum Mack Smith,person,possessive
565817,John Henry Smith’s,119371,John Henry Smith,person,possessive
565900,Joseph F. Joseph F.’s,563621,Joseph F. Joseph F.,person,possessive
565902,Martha Ann Hopes Martha Ann’s,565880,Martha Ann Hopes Martha Ann,person,possessive
565916,Martha Ann Martha Ann’s,565882,Martha Ann Martha Ann,person,possessive
565924,Aunt Thompson’s,559921,Aunt Thompson,person,possessive
565966,Joseph F.;,248168,Joseph F,person,trailing_punct
565974,Edna’s,130029,Edna,person,possessive
565977,Julina’s,249075,Julina,place,possessive
566022,Uncle Joseph Smith’s,248502,Uncle Joseph Smith,person,possessive
566222,Greg Kearney’s,769287,Greg Kearney,person,possessive
566237,Adams’s,208808,Adams,people,possessive
566262,Keith Thomas’s,634957,Keith Thomas,person,possessive
566325,Haven’s,812722,Haven,people,possessive
566327,Charlotte Haven’s,566324,Charlotte Haven,place,possessive
566357,George Moore’s,100255,George Moore,person,possessive
566399,Truman G. Madsen’s,63336,Truman G. Madsen,person,possessive
566543,Q. Walker Lewis’s,165386,Q. Walker Lewis,person,possessive
566704,"Church Educational System Religious Educators’ Symposium,",818378,Church Educational System Religious Educators’ Symposium,people,trailing_punct
566721,"Oliver,",31376,Oliver,person,trailing_punct
566730,The Founder of Mormonism:,530443,The Founder of Mormonism,people,trailing_punct
566775,William Smith’s,29832,William Smith,person,possessive
566839,"John A.,",161446,John A,person,trailing_punct
566912,"Fort Supply,",51468,Fort Supply,people,trailing_punct
566918,Joseph Smith’s Polygamy:,165139,Joseph Smith’s Polygamy,person,trailing_punct
566949,Utah Journal Co.,796581,Utah Journal Co,people,trailing_punct
566963,W. Richmond’s,431143,W. Richmond,person,possessive
567086,the Book of Mormon: A Reader’s Guide(New York:,660143,the Book of Mormon: A Reader’s Guide(New York,concept,trailing_punct
567196,Vitamin C.,567189,Vitamin C,person,trailing_punct
567643,Charles Darwin’s,342437,Charles Darwin,person,possessive
567960,Popper’s,445180,Popper,people,possessive
568008,St. Augustine’s,87604,St. Augustine,people,possessive
568126,Samuel Medley’s,84833,Samuel Medley,person,possessive
568270,Merriam-Webster’s,169963,Merriam-Webster,person,possessive
568648,Lou Jean’s,568364,Lou Jean,person,possessive
568748,A. Sidney Gilbert’s,32643,A. Sidney Gilbert,person,possessive
568797,Welfare Before Welfare:,220617,Welfare before Welfare,concept,trailing_punct
568880,Truman Angell’s,212567,Truman Angell,person,possessive
569083,Vinson Knight’s,342143,Vinson Knight,people,possessive
569351,Mary Smith’s,67751,Mary Smith,person,possessive
569403,the Faith(Salt Lake City:,644637,the Faith(Salt Lake City,place,trailing_punct
569608,Elder Dieter F. Uchtdorf’s,105104,Elder Dieter F. Uchtdorf,person,possessive
569796,Susan Easton Black’s,58877,Susan Easton Black,person,possessive
569870,John Gray's,110181,John Gray,person,possessive
569881,Meeting the Challenges of Today’s,86751,Meeting the Challenges of Today,concept,possessive
569952,Lizzie Belle’s,569951,Lizzie Belle,person,possessive
569962,Widtsoe’s,90227,Widtsoe,person,possessive
569965,Leah Widtsoe’s,293946,Leah Widtsoe,person,possessive
570079,Joseph’s Smith’s,808598,Joseph’s Smith,person,possessive
570082,Dean C. Jessee’s,70885,Dean C. Jessee,person,possessive
570455,Steven Harper’s,73660,Steven Harper,person,possessive
570513,"the House of God,",109702,the House of God,people,trailing_punct
570664,Robert Calef’s,570722,Robert Calef,person,possessive
570668,Calef’s,570726,Calef,people,possessive
570698,Sjodahl’s,634433,Sjodahl,people,possessive
570703,Roger Conant’s,570702,Roger Conant,person,possessive
570718,Samuel Sewall’s,668769,Samuel Sewall,person,possessive
570758,“Clean Hands,80489,Clean Hands,concept,leading_quote
570777,&c &c &c.,362889,&c &c &c,people,trailing_punct
570798,”Wilford Woodruff’s Journal,97993,Wilford Woodruff’s Journal,person,leading_quote
571007,Aaron &.,586429,Aaron &,people,trailing_punct
571035,The Mormon Jesus:,772336,The Mormon Jesus,people,trailing_punct
571178,Asael Smith’s,106978,Asael Smith,person,possessive
571187,Nicholas J. Frederick’s,322190,Nicholas J. Frederick,person,possessive
571200,Hugh Nibley’s,64932,Hugh Nibley,person,possessive
571253,Norman Russell’s,162766,Norman Russell,person,possessive
571254,Gregory Palamas’s,571250,Gregory Palamas,person,possessive
571344,Saint Theology Seminar’s,571335,Saint Theology Seminar,place,possessive
571365,Carter Charles’s,571334,Carter Charles,person,possessive
571403,Harriet Beecher Stowe’s,100983,Harriet Beecher Stowe,person,possessive
571404,Carol Cornwall Madsen’s,63589,Carol Cornwall Madsen,person,possessive
571413,Rachel Cope’s,159574,Rachel Cope,person,possessive
571414,Black’s,182958,Black,people,possessive
571425,J. Spencer Fluhman’s,165170,J. Spencer Fluhman,person,possessive
571446,Christopher C. Jones’s,339841,Christopher C. Jones,person,possessive
571567,N. T. Wright’s,77379,N. T. Wright,person,possessive
572000,Frederiksborg Castle.,681753,Frederiksborg Castle,person,trailing_punct
572269,William Blake’s,621745,William Blake,person,possessive
572275,A. E. Housman’s,763142,A. E. Housman,person,possessive
572406,Alexis de Tocqueville’s,60091,Alexis de Tocqueville,person,possessive
572799,Abram’s,36121,Abram,person,possessive
572952,McConkie’s,154607,McConkie,people,possessive
573115,Wang Yang-Ming’s,573067,Wang Yang-Ming,person,possessive
573180,"March 16, 1839:",41625,"March 16, 1839",period,trailing_punct
573188,the Master Potter's,176446,the Master Potter,people,possessive
573481,Life(London:,567652,Life(London,person,trailing_punct
573588,Jacob Neusner’s,553900,Jacob Neusner,person,possessive
573846,Isaiah Isaiah,18916,Isaiah,person,duplicated_word
573850,Ezekiel Ezekiel,18689,Ezekiel,person,duplicated_word
573868,Judaism’s,428154,Judaism,concept,possessive
574260,Hermann Gunkel’s,445188,Hermann Gunkel,person,possessive
574261,R. Scott Burton’s,574239,R. Scott Burton,person,possessive
574452,Jacob Milgrom’s,573735,Jacob Milgrom,person,possessive
574583,Unas’s,440427,Unas,people,possessive
574598,KA-gm-nj’s,574596,KA-gm-nj,people,possessive
574947,“Holy of Holies,557918,Holy of Holies,concept,leading_quote
575008,The Voice of Israel's,533383,The Voice of Israel,people,possessive
575195,the Heavenly King’s,124462,the Heavenly King,people,possessive
575361,the Book of Moses(Salt Lake City:,574170,the Book of Moses(Salt Lake City,concept,trailing_punct
575518,the future day of God’s,794344,the future day of God,period,possessive
575649,Elder Carlos E. Asay’s,81947,Elder Carlos E. Asay,person,possessive
576050,Elder Parley P. Pratt’s,91399,Elder Parley P. Pratt,person,possessive
576095,‘Learning,544254,Learning,concept,leading_quote
576161,Lundwall’s,575994,Lundwall,person,possessive
576180,Brigham Young Univ.,576109,Brigham Young Univ,person,trailing_punct
576209,Israel A. Smith’s,576162,Israel A. Smith,person,possessive
576272,Cainan’s,30357,Cainan,person,possessive
576277,Salah’s,36106,Salah,person,possessive
576278,Reu’s,35074,Reu,person,possessive
576364,Salah Salah,36106,Salah,person,duplicated_word
576365,Eber Eber,29822,Eber,person,duplicated_word
576367,Reu Reu,35074,Reu,person,duplicated_word
576418,Chart 1.,765358,Chart 1,concept,trailing_punct
576470,Agnes Caldwell’s,84721,Agnes Caldwell,place,possessive
576498,Jack’s,70087,Jack,person,possessive
576625,Jay Todd’s,810792,Jay Todd,person,possessive
576731,Hauglid’s,166191,Hauglid,person,possessive
576732,Gee’s,226805,Gee,person,possessive
576788,Lambert’s,212275,Lambert,person,possessive
576917,Lee Metcalfe’s,788395,Lee Metcalfe,person,possessive
576968,Horos’s,440393,Horos,person,possessive
660225,PETER'S,19498,Peter,person,possessive
577140,Henry VIII’s,98158,Henry VIII,person,possessive
577281,Beza’s,392977,Beza,person,possessive
577291,Erasmus’s,545274,Erasmus,person,possessive
577310,Erasmus’s,44177,Erasmus,people,possessive
577441,the Gospel of Mark:,48444,the Gospel of Mark,place,trailing_punct
577545,Edward Stevenson's,67982,Edward Stevenson,person,possessive
577593,”Barton,146233,Barton,person,leading_quote
577597,"Spencer W. Kimball,",29876,Spencer W. Kimball,person,trailing_punct
577618,’”And,306863,And,person,leading_quote
577635,Harper’s,57675,Harper,person,possessive
577640,”Further,463999,Further,person,leading_quote
577647,Derek’s,88624,Derek,person,possessive
577754,Blayney’s,435802,Blayney,people,possessive
577795,Barker’s,324297,Barker,people,possessive
577799,Benjamin Blayney’s,577753,Benjamin Blayney,person,possessive
577824,Leonardo da Vinci’s,91035,Leonardo da Vinci,person,possessive
577873,Bishop Bancroft’s,577158,Bishop Bancroft,person,possessive
578037,Dale C. Allison Jr.,599927,Dale C. Allison Jr,person,trailing_punct
578170,James Bible's,81646,James Bible,person,possessive
578296,John Rainolds’s,577155,John Rainolds,person,possessive
578346,Italics Italics,88296,Italics,people,duplicated_word
578396,Samuel the Lamanite’s,19561,Samuel the Lamanite,person,possessive
578459,the Revolution It Inspired (New York:,578329,the Revolution It Inspired (New York,period,trailing_punct
580120,Nazareth of Galilee:,35223,Nazareth of Galilee,person,trailing_punct
580375,the Galilean Jesus:,204172,the Galilean Jesus,people,trailing_punct
580509,Jesusâ.,578648,Jesusâ,person,trailing_punct
582142,William G. Hartley's,58873,William G. Hartley,person,possessive
582724,Kanab Kanab,219021,Kanab,person,duplicated_word
582731,Tooele Tooele,129013,Tooele,person,duplicated_word
582737,Beaver Beaver,215398,Beaver,place,duplicated_word
582741,"Morgan, Summit,",560993,"Morgan, Summit",people,trailing_punct
585091,"November 10, 1868:",585087,"November 10, 1868",period,trailing_punct
585790,Josiah Stowell Jr.,289477,Josiah Stowell Jr,person,trailing_punct
585809,"Cornell University,",98906,Cornell University,people,trailing_punct
586795,J. Smith jr.,783106,J. Smith JR,person,trailing_punct
586972,"December 8, 1844:",586223,"December 8, 1844",period,trailing_punct
586990,"1819âAugust 31, 1886,",587298,"1819âAugust 31, 1886",period,trailing_punct
587292,"1819âJanuary 8, 1901,",586924,"1819âJanuary 8, 1901",period,trailing_punct
587294,"1821âNovember 11, 1907,",586949,"1821âNovember 11, 1907",period,trailing_punct
587295,"1809âMarch 17, 1851,",586955,"1809âMarch 17, 1851",period,trailing_punct
587296,"1821âSeptember 25, 1917,",586963,"1821âSeptember 25, 1917",period,trailing_punct
587300,"1821âAugust 27, 1901,",587010,"1821âAugust 27, 1901",period,trailing_punct
587310,"1831âOctober 14, 1906,",587136,"1831âOctober 14, 1906",period,trailing_punct
587311,"1825âJanuary 24, 1907,",587209,"1825âJanuary 24, 1907",period,trailing_punct
587707,"Pharisees,",19500,Pharisees,people,trailing_punct
588034,"April 5, 1829:",81416,"April 5, 1829",period,trailing_punct
588557,Robert J. Matthew’s,616052,Robert J. Matthew,person,possessive
588594,The New International Greek Testament Commentary:,600573,The New International Greek Testament Commentary,people,trailing_punct
588651,The Joseph Smith Translation of Luke’s,609150,the Joseph Smith Translation of Luke,people,possessive
588742,Interpreter’s,342058,Interpreter,person,possessive
588939,Joseph Fitzmeyer’s,666447,Joseph Fitzmeyer,person,possessive
589022,Eric D. Huntsman’s,239722,Eric D. Huntsman,person,possessive
589037,John Locke’s,54938,John Locke,person,possessive
589052,Jefferson’s,106764,Jefferson,person,possessive
589071,Victoria Ruvolo’s,122509,Victoria Ruvolo,person,possessive
589548,Heather Hardy’s,578978,Heather Hardy,person,possessive
589698,Targum Jonathan’s,434503,Targum Jonathan,person,possessive
590134,"this late,",174773,this late,period,trailing_punct
590325,Peder Madsen's,589867,Peder Madsen,person,possessive
590891,Florence Florence,99824,Florence,place,duplicated_word
591894,the “day of the Lord’s,325050,the “day of the Lord,period,possessive
591937,Martella Lane’s,591936,Martella Lane,person,possessive
591940,Richard Cowan’s,582325,Richard Cowan,person,possessive
591959,C. C. A. Christensen’s,223089,C. C. A. Christensen,person,possessive
591967,Richard Linford’s,591997,Richard Linford,person,possessive
591969,T. Fairbanks's,591963,T. Fairbanks,people,possessive
591995,the Restoration(Salt Lake City:,568783,the Restoration(Salt Lake City,place,trailing_punct
592021,Richard E. Bennett’s,73002,Richard E. Bennett,person,possessive
592171,the New York World's,533022,the New York World,people,possessive
592190,Lorenzo Snow Lorenzo Snow's,313855,Lorenzo Snow Lorenzo Snow,person,possessive
592270,Fielding’s,146016,Fielding,people,possessive
592278,Isaac Russell’s,77156,Isaac Russell,person,possessive
592280,Helen Mar Kimball’s,165048,Helen Mar Kimball,person,possessive
592423,Ford Motor Company’s,592815,Ford Motor Company,people,possessive
592499,the Bishops’ Bible’s,393001,the Bishops’ Bible,people,possessive
592580,Elias Hart’s,592579,Elias Hart,person,possessive
592582,Hart’s,512648,Hart,people,possessive
592607,Lucy Mack Smith's,55881,Lucy Mack Smith,person,possessive
592686,Richard Cowan's,582325,Richard Cowan,person,possessive
592722,the University of California’s,73749,the University of California,people,possessive
592782,D. C.,291424,D. C,person,trailing_punct
592824,“Dennis Smith,116672,Dennis Smith,person,leading_quote
592890,the Communications Futures Committee’s,592885,the Communications Futures Committee,people,possessive
592904,Mitt Romney’s,230398,Mitt Romney,person,possessive
592908,Romney’s,171411,Romney,people,possessive
592929,Jim Hansen’s,592925,Jim Hansen,person,possessive
592935,Janette Hales Beckham's,84114,Janette Hales Beckham,person,possessive
593048,“Public Affairs Department,230472,Public Affairs Department,people,leading_quote
593096,Brunson’s,593095,Brunson,people,possessive
593149,Reuben McBride’s,338906,Reuben McBride,person,possessive
593153,"May 2, 1843:",566355,"May 2, 1843",period,trailing_punct
593170,Seymour Brunson’s,30769,Seymour Brunson,person,possessive
593278,St. Martin's,231503,St. Martin,place,possessive
594016,Julius Caesar's,44699,Julius Caesar,people,possessive
594225,"Lehi, Nephi,",91842,"Lehi, Nephi",people,trailing_punct
594839,"April 6, 1830:",29805,"April 6, 1830",period,trailing_punct
595441,St Peter's,596608,St Peter,person,possessive
595776,ELIZA R. SNOW'S,58767,Eliza R. Snow,person,possessive
595809,Margaret Foutz's,596176,Margaret Foutz,person,possessive
595903,"Walkerfold, Chaidgley,",514795,"Walkerfold, Chaidgley",people,trailing_punct
596026,"""Mother Whitney",513985,Mother Whitney,concept,leading_quote
596086,Mary Fielding's,55494,Mary Fielding,person,possessive
596154,Uncle Joseph's,513391,Uncle Joseph,person,possessive
596173,R. Snow's,237660,R. Snow,person,possessive
596219,Belinda M. Pratt's,352157,Belinda M. Pratt,person,possessive
596255,Lucy Mack's,19741,Lucy Mack,person,possessive
596257,Mother Lucy's,596260,Mother Lucy,concept,possessive
596283,John P. Green's,532643,John P. Green,person,possessive
596286,Sister Vilate's,595907,Sister Vilate,people,possessive
596560,Sister Prescindia's,596552,Sister Prescindia,people,possessive
596567,Lamb's,19204,Lamb,concept,possessive
596578,Mary Ann Pratt's,209514,Mary Ann Pratt,person,possessive
596660,Apostle Page's,597127,Apostle Page,person,possessive
596686,Sister Walton's,357988,Sister Walton,people,possessive
596857,CLARK'S,63071,Clark,person,possessive
596968,Elder Gilbert's,516202,Elder Gilbert,person,possessive
597155,Stephen Markham's,71039,Stephen Markham,person,possessive
597238,MISSOURI'S,525911,MISSOURI,people,possessive
597335,JOHN TAYLOR'S,30565,John Taylor,person,possessive
597413,Henry Clay's,60048,Henry Clay,person,possessive
597421,Gallatin the Prophet's,597424,Gallatin the Prophet,place,possessive
597598,Jerome Murphy-O’Connor,44257,Jerome,person,pronunciation_tail
597625,Sergius Paulus’s,33588,Sergius Paulus,person,possessive
597673,Richard Lloyd Anderson’s,84246,Richard Lloyd Anderson,person,possessive
598007,"Center,",553217,Center,people,trailing_punct
598323,Valentinus’s,600082,Valentinus,people,possessive
598418,The Nature of the Atonement:,446836,The Nature of the Atonement,concept,trailing_punct
598673,Duke University’s,95822,Duke University,people,possessive
598680,"the University of Calgary,",654732,the University of Calgary,people,trailing_punct
599338,The King’s,797876,The King,concept,possessive
599345,James Bible’s,81646,James Bible,person,possessive
599510,Matthew Matthew,19212,Matthew,person,duplicated_word
599544,Papias’s,388546,Papias,person,possessive
599572,Wayment’s,599487,Wayment,people,possessive
599643,Herod Antipas’s,43900,Herod Antipas,person,possessive
599918,D. A. Carson’s,571715,D. A. Carson,person,possessive
599948,W. Ewing:,416217,W. Ewing,person,trailing_punct
600178,Trajan’s,388866,Trajan,people,possessive
600285,Archelaus’s,35568,Archelaus,person,possessive
600297,Stephanus’s,577788,Stephanus,people,possessive
600397,theInspired Version’s,600396,theInspired Version,person,possessive
600494,Cicero’s,94934,Cicero,people,possessive
600558,Deuteronomy’s,48619,Deuteronomy,person,possessive
600585,the Eternal Father’s,633209,the Eternal Father,people,possessive
600748,Raymond Brown’s,553907,Raymond Brown,person,possessive
600818,Zerubbabel’s,19879,Zerubbabel,person,possessive
600888,Bar Kokhba’s,600890,Bar Kokhba,people,possessive
600977,Caligula’s,45292,Caligula,person,possessive
601082,Zeno’s,47228,Zeno,person,possessive
601373,King Saul’s,441907,King Saul,people,possessive
601513,Euthalius’s,392877,Euthalius,people,possessive
601701,Odysseus’s,442079,Odysseus,person,possessive
602221,R. Meir’s,763262,R. Meir,person,possessive
602528,Matthew B. The Gate of Heaven:,777470,Matthew B. The Gate of Heaven,person,trailing_punct
602610,The Temple of Jesus’ Body:,602613,The Temple of Jesus’ Body,people,trailing_punct
602653,Annas II’s,602652,Annas II,person,possessive
602718,Agrippa II’s,440266,Agrippa II,period,possessive
603177,John Burk’s,359588,John Burk,person,possessive
603180,"Outrage in Jackson County,",603613,Outrage in Jackson County,concept,trailing_punct
603265,Sally Phelps’s,166016,Sally Phelps,person,possessive
603437,Mehitabel’s,604182,Mehitabel,people,possessive
603453,Enon’s,464936,Enon,people,possessive
603466,Cortland County’s,568819,Cortland County,place,possessive
603728,Thomas Marsh’s,75868,Thomas Marsh,person,possessive
603796,Ebenezer Robinson’s,196784,Ebenezer Robinson,person,possessive
603851,The Star’s,611567,The Star,concept,possessive
604080,Hicks’s,208384,Hicks,people,possessive
604435,Grant Underwood’s,211011,Grant Underwood,person,possessive
604684,“The Outrage in Jackson County,208426,The Outrage in Jackson County,concept,leading_quote
604726,James Arlington Bennet’s,114605,James Arlington Bennet,person,possessive
604730,Henry Clay’s,60048,Henry Clay,person,possessive
604978,"Corrill,",361463,Corrill,people,trailing_punct
605009,Elizabeth Ann Whitmer Cowdery’s,341280,Elizabeth Ann Whitmer Cowdery,person,possessive
605021,Isaac Watts’s,86182,Isaac Watts,person,possessive
605047,John Newton’s,103031,John Newton,person,possessive
605145,Swain’s,254066,Swain,person,possessive
605146,Swain’s,254068,Swain,people,possessive
605203,Simeon Carter’s,32059,Simeon Carter,person,possessive
605205,Nahum Curtis’s,517824,Nahum Curtis,people,possessive
605251,Mark L. Staker’s,342884,Mark L. Staker,person,possessive
605538,NOAA’s,779596,NOAA,people,possessive
605541,Henry E. Phelps’s,605413,Henry E. Phelps,person,possessive
605616,”Deseret,18790,Deseret,person,leading_quote
605738,"Brewster,",360090,Brewster,people,trailing_punct
605824,W. W.’s,293261,W. W.,person,possessive
606033,Morgan’s,78762,Morgan,people,possessive
606040,Bernard’s,140220,Bernard,person,possessive
606076,1644–1844(New York:,627872,1644–1844(New York,place,trailing_punct
606156,Levi Williams’s,198246,Levi Williams,person,possessive
606311,James Emmett’s,519860,James Emmett,person,possessive
606364,Elder Phelps’s,113954,Elder Phelps,person,possessive
606400,Addison Pratt’s,136223,Addison Pratt,person,possessive
606525,The Versatile W. W. Phelps:,210738,The Versatile W. W. Phelps,concept,trailing_punct
606561,The Apostle Paul’s,83342,The Apostle Paul,concept,possessive
606659,Sister Peck's,606660,Sister Peck,people,possessive
606690,Elder Tanner's,226114,Elder Tanner,person,possessive
606715,Joseph Knight Jun.,814670,Joseph Knight Jun,person,trailing_punct
606747,SIDNEY RIGDON'S,19546,Sidney Rigdon,person,possessive
606761,Elder Budge's,3386,Elder Budge,person,possessive
606780,six month's,662526,six month,period,possessive
606797,Jackson co.,606621,Jackson Co,people,trailing_punct
607385,12:37:,39030,12:37,period,trailing_punct
607732,JSâMJoseph SmithâMatthew.,607733,JSâMJoseph SmithâMatthew,person,trailing_punct
607837,8:19;,23086,8:19,period,trailing_punct
610524,Craig A.,599174,Craig A,person,trailing_punct
610541,The Dead Sea Scrolls Translated:,609234,The Dead Sea Scrolls Translated,people,trailing_punct
610756,8:34;,34364,8:34,period,trailing_punct
610966,about twelve years of age:,35176,about twelve years of age,period,trailing_punct
611369,N.p.,611289,n.p,place,trailing_punct
611491,More Learning Than Sense:,611507,More Learning Than Sense,concept,trailing_punct
611572,William E McLellin's,612314,William E McLellin,person,possessive
612235,"February 27, 1835:",56340,"February 27, 1835",period,trailing_punct
612351,"December 23, 1844:",612728,"December 23, 1844",period,trailing_punct
613288,More Learning than Sense:,611507,More Learning Than Sense,concept,trailing_punct
615268,"Whitlock,",612613,Whitlock,people,trailing_punct
615487,F[rederick] G.,359224,F[rederick] G,people,trailing_punct
615677,"April 16, 1835:",612684,"April 16, 1835",period,trailing_punct
615810,Ïá¿Ï Î³á¿Ï.,617802,Ïá¿Ï Î³á¿Ï,period,trailing_punct
615833,Sib.,474673,Sib,place,trailing_punct
616678,"April 8, 1843,",250033,"April 8, 1843",period,trailing_punct
617105,¦ÏÎ±.,647580,¦ÏÎ±,person,trailing_punct
617170,"Beale,",668451,Beale,people,trailing_punct
617614,"Vincent,",431674,Vincent,person,trailing_punct
617740,Adv.,453344,Adv,place,trailing_punct
617871,á¼ÏÎ½Î¯á¿³.,618011,á¼ÏÎ½Î¯á¿³,person,trailing_punct
618655,John the Beloved:,30838,John the Beloved,person,trailing_punct
619244,"18:12,",28581,18:12,period,trailing_punct
619589,G. K. Beale’s,325961,G. K. Beale,person,possessive
619649,A. Gardner’s,520891,A. Gardner,person,possessive
619651,Joseph M. Spencer’s,325076,Joseph M. Spencer,person,possessive
619685,”Second Witness,620052,Second Witness,person,leading_quote
619729,Jared Ludlow’s,329924,Jared Ludlow,person,possessive
619730,Nicholas Frederick’s,601611,Nicholas Frederick,person,possessive
619731,Amy Easton-Flake’s,327608,Amy Easton-Flake,person,possessive
619734,Frank F. Judd Jr.’s,190908,Frank F. Judd Jr.,person,possessive
619740,Kerry Hull’s,324159,Kerry Hull,person,possessive
619743,Easton-Flake’s,625976,Easton-Flake,people,possessive
620000,"Noah, Abinadi’s",767203,"Noah, Abinadi",people,possessive
620075,Giorgio Agamben’s,620087,Giorgio Agamben,person,possessive
620148,Heidegger’s,620080,Heidegger,person,possessive
620215,Amulek and Alma2’s,620212,Amulek and Alma2,people,possessive
620217,Corianton Corianton,18744,Corianton,person,duplicated_word
620270,"Gospel of Mark,",103470,Gospel of Mark,concept,trailing_punct
620302,Royal Skousen’s,163219,Royal Skousen,people,possessive
620306,Royal Skousen’s,163216,Royal Skousen,person,possessive
620337,Grant Hardy’s,163239,Grant Hardy,person,possessive
620796,David Stuart’s,762299,David Stuart,person,possessive
621420,Robert J. Matthews’s,66062,Robert J. Matthews,person,possessive
621523,"Department of Anthropology,",621537,Department of Anthropology,people,trailing_punct
621884,Carl Bloch’s,68550,Carl Bloch,person,possessive
621898,Bernard Sleigh’s,621915,Bernard Sleigh,person,possessive
621981,Cyrene’s,33544,Cyrene,person,possessive
621987,Joseph of Arimathaea’s,19101,Joseph of Arimathaea,person,possessive
622379,Historian's,345395,Historian,people,possessive
622407,Joseph E.,156411,Joseph E,person,trailing_punct
622628,The Committee Manuscript’s,622620,the Committee Manuscript,people,possessive
622641,"OT1,",622582,OT1,people,trailing_punct
622838,Andrew Jackson’s,92359,Andrew Jackson,person,possessive
622848,John C. Frémont’s,622988,John C. Frémont,person,possessive
622917,Gerrit J. Dirkmaat’s,61193,Gerrit J. Dirkmaat,person,possessive
622925,the Mormon History Association’s,360657,the Mormon History Association,people,possessive
622955,John Brown’s,164546,John Brown,person,possessive
623156,"March 1, 1845,",252112,"March 1, 1845",period,trailing_punct
623160,"5]Brigham Young,",621951,5]Brigham Young,people,trailing_punct
623166,"April 18, 1844,",197281,"April 18, 1844",period,trailing_punct
623172,"April 11, 1845,",606413,"April 11, 1845",period,trailing_punct
623177,"March 11, 1845,",606313,"March 11, 1845",period,trailing_punct
623180,"January 13, 1846,",622908,"January 13, 1846",period,trailing_punct
623190,"Fifty, Minutes:",181198,"Fifty, Minutes",period,trailing_punct
623323,Dana’s,60234,Dana,person,possessive
623426,"January 11, 1846,",622860,"January 11, 1846",period,trailing_punct
623525,Richards’s,60292,Richards,person,possessive
623642,Wight’s,252159,Wight,people,possessive
624142,Hagar’s,18894,Hagar,person,possessive
624283,the Old Testament Prophets:,669320,the Old Testament Prophets,people,trailing_punct
624495,“Kingdom of Israel,110042,Kingdom of Israel,place,leading_quote
624510,Rabbi Hillel’s,588724,Rabbi Hillel,person,possessive
624775,Saddam Hussein’s,777587,Saddam Hussein,person,possessive
624812,Hammurabi’s,421090,Hammurabi,place,possessive
624977,Enoch Enoch,18680,Enoch,person,duplicated_word
624985,David Brooks’s,58801,David Brooks,person,possessive
624994,Brooks’s,98609,Brooks,people,possessive
624998,New Translation of the Bible:,578186,New Translation of the Bible,people,trailing_punct
625041,Brigham Young University's,56825,Brigham Young University,people,possessive
625049,Lisa Campbell’s,625050,Lisa Campbell,person,possessive
625414,Ariel:,39749,Ariel,person,trailing_punct
625599,Rebecca’s,19201,Rebecca,person,possessive
625600,King Jeroboam’s,543534,King Jeroboam,people,possessive
625609,Donald W. Parry’s,104666,Donald W. Parry,person,possessive
625636,Franklin S. Harris’s,93781,Franklin S. Harris,person,possessive
625638,American Fork Seminary’s,625634,American Fork Seminary,people,possessive
625723,Bar Hebraeus’s,444741,Bar Hebraeus,people,possessive
625887,Neill F. Marriott’s,59216,Neill F. Marriott,person,possessive
626283,"Institute for Social Research,",626287,Institute for Social Research,people,trailing_punct
626422,F. C.,655698,F. C,place,trailing_punct
626507,W. C.,656288,W. C,person,trailing_punct
626526,Friedan’s,626527,Friedan,person,possessive
626540,John Bowlby’s,68853,John Bowlby,person,possessive
626556,"Jaccard,",679661,Jaccard,person,trailing_punct
626577,Bahr’s,416703,Bahr,person,possessive
626769,"1998b,",626703,1998b,period,trailing_punct
626947,R. W.,656159,R. W,person,trailing_punct
627072,”Contexts,598150,Contexts,person,leading_quote
627176,"Hart,",512648,Hart,people,trailing_punct
627237,L. Y.,656667,L. Y,person,trailing_punct
627465,Joseph Knight Jr.’s,193646,Joseph Knight Jr.,person,possessive
627776,Swedenborg’s,178430,Swedenborg,people,possessive
627786,Quinn’s,628708,Quinn,people,possessive
627814,Emanuel Swedenborg’s,345620,Emanuel Swedenborg,person,possessive
627829,Lang’s,223022,Lang,people,possessive
627830,Emmanuel Swedenborg’s,362760,Emmanuel Swedenborg,person,possessive
627873,Brooke’s,627822,Brooke,people,possessive
628235,Walters’s,226893,Walters,people,possessive
628248,Fawn Brodie’s,566256,Fawn Brodie,person,possessive
628257,John H. Wigger’s,344649,John H. Wigger,person,possessive
628649,Orsamus Turner’s,571156,Orsamus Turner,person,possessive
628713,P. Blakeslee’s,629211,P. Blakeslee,person,possessive
628714,Backman’s,628503,Backman,people,possessive
628718,Seager’s,628271,Seager,people,possessive
628727,the State of New-York(Albany:,629135,the State of New-York(Albany,people,trailing_punct
628774,Jennings’s,208301,Jennings,people,possessive
628807,Stephen C. Harper’s,569308,Stephen C. Harper,person,possessive
629008,J. Smith Jr’s,783106,J. Smith JR,person,possessive
629011,George Lane’s,159665,George Lane,person,possessive
629020,George Peck:,628527,George Peck,person,trailing_punct
629086,Dean Jessee’s,90651,Dean Jessee,person,possessive
629128,Richard L. Anderson’s,163667,Richard L. Anderson,person,possessive
629149,Neibaur’s,211141,Neibaur,people,possessive
629158,Edward Stevenson’s,67982,Edward Stevenson,person,possessive
629159,Rupp’s,211284,Rupp,person,possessive
629298,The Restoration(Salt Lake City:,568783,the Restoration(Salt Lake City,place,trailing_punct
629335,Mormonism’s,552308,Mormonism,people,possessive
629342,Anderson’s,62544,Anderson,person,possessive
629384,Hyde’s,9308,Hyde,person,possessive
629525,Joseph Don Carlos Young’s,216589,Joseph Don Carlos Young,person,possessive
629594,Eugene Young’s,165844,Eugene Young,person,possessive
629771,The Heavens are Open:,637927,The Heavens Are Open,concept,trailing_punct
629892,St. Anselm’s,768539,St. Anselm,place,possessive
629893,Bernard of Clairvaux’s,89905,Bernard of Clairvaux,person,possessive
629976,Elder Oaks’s,18487,Elder Oaks,place,possessive
630068,Emily V. Strong’s,562997,Emily V. Strong,person,possessive
630101,Nephi is Nephi’s,690896,Nephi is Nephi,people,possessive
630214,Mormon Student Manual:,75482,Mormon Student Manual,people,trailing_punct
630297,Gustaf Aulén’s,657588,Gustaf Aulén,person,possessive
630527,Woman Folly’s,630528,Woman Folly,concept,possessive
630536,Woman Folly’s,630529,Woman Folly,person,possessive
630601,"Lehi, Alma’s",672166,"Lehi, Alma",people,possessive
630678,Kishkumen’s,19225,Kishkumen,person,possessive
631077,Nibley’s,98002,Nibley,people,possessive
631104,Spencer’s,102038,Spencer,people,possessive
631162,John W. Welch’s,63750,John W. Welch,person,possessive
631196,Earl Wunderli’s,784762,Earl Wunderli,person,possessive
631248,Saul/Paul’s,699743,Saul/Paul,people,possessive
631337,Locke’s,572360,Locke,person,possessive
631536,Emory University School of Law’s,631709,Emory University School of Law,people,possessive
631641,Harry S. Truman’s,93963,Harry S. Truman,person,possessive
631695,"Reach the Children,",720897,Reach the Children,people,trailing_punct
631726,Stephen Kearny’s,211677,Stephen Kearny,person,possessive
631789,the Wasatch Front’s,67173,the Wasatch Front,people,possessive
631988,Alonzo Gaskill’s,568080,Alonzo Gaskill,person,possessive
632258,Jenson’s,381344,Jenson,people,possessive
632268,Naomi’s,19328,Naomi,person,possessive
632288,Boaz and Naomi’s,623859,Boaz and Naomi,people,possessive
632321,Daniel Belnap’s,328107,Daniel Belnap,person,possessive
632395,Augustine’s,62464,Augustine,person,possessive
632401,Alexander the Great’s,44943,Alexander the Great,people,possessive
632409,The Antiochene School’s,632408,the Antiochene School,people,possessive
632410,the Antiochene School’s,632408,the Antiochene School,people,possessive
632411,the Alexandrian School’s,479366,the Alexandrian School,people,possessive
632432,Tertullian’s,206095,Tertullian,person,possessive
632669,John Goldingay’s,624061,John Goldingay,person,possessive
632670,Immanuel Kant’s,576341,Immanuel Kant,person,possessive
632796,Sidney B. Sperry’s,90899,Sidney B. Sperry,person,possessive
632997,Ben-Hadad’s,37353,Ben-hadad,person,possessive
633022,Nelson Glueck’s,814588,Nelson Glueck,person,possessive
633239,"the fifteenth, sixteenth,",642272,"the fifteenth, sixteenth",period,trailing_punct
633247,Faith's,3495,Faith,concept,possessive
633310,Stephen Robinson’s,116105,Stephen Robinson,person,possessive
633352,Bart Ehrman’s,555377,Bart Ehrman,person,possessive
633589,Catholic Church’s,389088,Catholic Church,people,possessive
633702,Nephi3’s,594289,Nephi3,person,possessive
633805,Donald Parry’s,573461,Donald Parry,person,possessive
633818,George Laub’s,249429,George Laub,person,possessive
634382,John].,641304,John],person,trailing_punct
634644,Oscar Wilde’s,535671,Oscar Wilde,person,possessive
634645,Richard Strauss’s,634655,Richard Strauss,person,possessive
634789,Chapter I. Joseph's,388036,Chapter I. Joseph,person,possessive
634797,Chapter I. JOSEPH'S,388036,Chapter I. Joseph,person,possessive
634928,Abbott’s,625769,Abbott,people,possessive
635005,Gerald Lund’s,684606,Gerald Lund,person,possessive
635071,Susan Young Gates’s,379158,Susan Young Gates,person,possessive
635091,Alexander Neibaur’s,159703,Alexander Neibaur,person,possessive
635100,Edward Bonney’s,526041,Edward Bonney,person,possessive
635149,45]Joseph Smith’s,566422,45]Joseph Smith,person,possessive
635477,John Winthrop’s,117726,John Winthrop,person,possessive
635540,George Watt’s,629649,George Watt,person,possessive
635621,Caroline’s,65578,Caroline,people,possessive
635768,”Webster’s Dictionary 1828,774390,Webster’s Dictionary 1828,people,leading_quote
635903,George Peck’s,628527,George Peck,person,possessive
635904,Edward Durfee’s,525999,Edward Durfee,person,possessive
635906,John Swift’s,635224,John Swift,person,possessive
636263,James Campbell's,513602,James Campbell,person,possessive
636380,11:16.,204766,11:16,period,trailing_punct
636539,Romney’s,59857,Romney,person,possessive
636576,The Life Beyond(Salt Lake City:,572196,The Life Beyond(Salt Lake City,people,trailing_punct
636683,Erik Erikson’s,568539,Erik Erikson,person,possessive
636729,Religious Education’s,298283,Religious Education,people,possessive
636735,Millet’s,211119,Millet,person,possessive
636784,William Appleby’s,576872,William Appleby,person,possessive
636786,Josiah Quincy’s,55899,Josiah Quincy,person,possessive
636845,66]Joseph Smith’s,658376,66]Joseph Smith,person,possessive
636922,Arminius’s,342424,Arminius,people,possessive
637057,Brian Birch’s,809726,Brian Birch,person,possessive
637139,Shipps’s,216446,Shipps,people,possessive
637144,Mary Baker Eddy’s,637145,Mary Baker Eddy,person,possessive
637153,Ames’s,208553,Ames,person,possessive
637162,Norman Malcolm’s,637159,Norman Malcolm,person,possessive
637177,Mormon Theology(Salt Lake City:,571535,Mormon Theology(Salt Lake City,people,trailing_punct
637251,Draper and Rhodes’s,322223,Draper and Rhodes,people,possessive
637260,Granville Sharp’s,637310,Granville Sharp,person,possessive
637272,Hal Lindsey’s,619165,Hal Lindsey,person,possessive
637278,Richard Bauckham’s,579759,Richard Bauckham,person,possessive
637464,Andrew C. Skinner’s,70608,Andrew C. Skinner,person,possessive
637465,Andrew Skinner’s,555863,Andrew Skinner,person,possessive
637474,Augustus Caesar’s,393039,Augustus Caesar,people,possessive
637689,Richard Evans’s,68424,Richard Evans,person,possessive
637695,Elder Evans’s,71153,Elder Evans,person,possessive
637696,Paul Tillich’s,648518,Paul Tillich,person,possessive
637708,the Evans Chair’s,637675,the Evans Chair,people,possessive
637714,Madsen’s,637701,Madsen,people,possessive
637715,Truman Madsen’s,132181,Truman Madsen,person,possessive
637733,Douglas Davies's,637732,Douglas Davies,people,possessive
637736,Jonathan Edwards’s,104510,Jonathan Edwards,person,possessive
637788,Jerry Kaplan’s,637710,Jerry Kaplan,person,possessive
637976,The Most Correct Book:,770208,The Most Correct Book,concept,trailing_punct
638115,Brent L. Top’s,163874,Brent L. Top,person,possessive
638155,Moody’s,582493,Moody,people,possessive
638210,Maddox’s,104471,Maddox,person,possessive
638212,Heisenberg’s,654467,Heisenberg,person,possessive
638314,Robert Millet’s,62456,Robert Millet,person,possessive
638378,Dante Alighieri’s,114270,Dante Alighieri,person,possessive
638532,Nyssa’s,443904,Nyssa,person,possessive
638534,Basil’s,426359,Basil,person,possessive
638558,Sister Lydia’s,80070,Sister Lydia,people,possessive
638745,Bishop Wright’s,638743,Bishop Wright,person,possessive
638769,Sister Lydia's,80070,Sister Lydia,people,possessive
638782,Jesse Goldthwait's,638781,Jesse Goldthwait,person,possessive
638857,Bishop Hunter's,583715,Bishop Hunter,people,possessive
638858,Bishop Hunter's,247668,Bishop Hunter,person,possessive
638862,the average day's,626265,the average day,period,possessive
638865,Joseph W. Johnson's,49535,Joseph W. Johnson,person,possessive
638877,"the Books of Nephi,",387727,the Books of Nephi,people,trailing_punct
639016,Thomas L. Kane's,72937,Thomas L. Kane,person,possessive
639023,George III.,97156,George III,person,trailing_punct
639041,Winter Quarter's,88697,winter quarter,period,possessive
639046,Aunt Zina's,354784,Aunt Zina,person,possessive
639055,Ira Eldredge's,539478,Ira Eldredge,people,possessive
639074,Phillip B. Lewis's,526055,Phillip B. Lewis,person,possessive
639076,Kiama's,639075,Kiama,people,possessive
639215,Uncle Brigham's,343567,Uncle Brigham,person,possessive
639231,Samuel Knight's,317241,Samuel Knight,person,possessive
639232,John R. Murdock's,216702,John R. Murdock,person,possessive
639234,William H. Dame's,164902,William H. Dame,person,possessive
639240,Daniel D. McArthur's,250037,Daniel D. McArthur,person,possessive
639329,Eli Whipple's,562545,Eli Whipple,people,possessive
639356,St. George's,57338,St. George,place,possessive
639378,Pacific's,215959,Pacific,people,possessive
639422,John Wadley's,639367,John Wadley,person,possessive
639428,David R. Gill's,639612,David R. Gill,person,possessive
639605,Robert T. Burton's,108993,Robert T. Burton,person,possessive
639659,Earl Beaconsfield's,639653,Earl Beaconsfield,person,possessive
639707,Joseph W.'s,171556,Joseph W.,person,possessive
639727,Walter M. Gibson's,213784,Walter M. Gibson,person,possessive
639752,the end of an hour's,531269,the end of an hour,period,possessive
640038,Gadara’s,45345,Gadara,person,possessive
640216,Runesson et al.,640189,Runesson et al,person,trailing_punct
640442,Mark Mark,19267,Mark,person,duplicated_word
640464,Gospel’s,18890,Gospel,concept,possessive
640527,Baptism’s,3522,Baptism,concept,possessive
640559,Shon D. Hopkin’s,322452,Shon D. Hopkin,people,possessive
640842,"John the Baptist, Elijah,",557772,"John the Baptist, Elijah",person,trailing_punct
641088,Eugene Peterson’s,637270,Eugene Peterson,person,possessive
641310,John] .,641304,John],person,trailing_punct
641626,Simon Magus’s,46582,Simon Magus,person,possessive
641676,Judas’s,19108,Judas,person,possessive
641805,World's,435747,World,period,possessive
641983,Henry W. Bigler's,214026,Henry W. Bigler,person,possessive
642071,Page 25:,768175,Page 25,concept,trailing_punct
642161,Lalla Amira’s,642155,Lalla Amira,person,possessive
642325,Orin Parker’s,642286,Orin Parker,person,possessive
642408,Putnam’s,518498,Putnam,people,possessive
642425,Thimme’s,642424,Thimme,person,possessive
642427,Bousquet’s,642444,Bousquet,people,possessive
642442,Bousquet’s,642426,Bousquet,person,possessive
642605,Hud’s,462229,Hud,people,possessive
642670,Ath-Tha’labi’s,642710,Ath-Tha’labi,person,possessive
642900,An-Nisaburi’s,642925,An-Nisaburi,person,possessive
643003,Tarikh al-’Arab,435789,Tarikh,people,pronunciation_tail
643123,Muhammad ‘Abdu’s,643120,Muhammad ‘Abdu,person,possessive
643143,Sarekat Islam’s,643142,Sarekat Islam,person,possessive
643196,Sister Hammond's,91262,Sister Hammond,person,possessive
643243,J. H. Napela's,551376,J. H. Napela,person,possessive
643488,R. H. Charles’s,421874,R. H. Charles,person,possessive
643839,John Gee’s,165956,John Gee,person,possessive
643929,Brian Hauglid’s,619751,Brian Hauglid,person,possessive
643979,the Early Life of Abraham:,166183,the Early Life of Abraham,people,trailing_punct
644055,St. Ambrose’s,644048,St. Ambrose,place,possessive
644072,Pagels’s,644071,Pagels,person,possessive
644082,Locke’s,405625,Locke,concept,possessive
644194,Kerry Muhlestein’s,56622,Kerry Muhlestein,person,possessive
644513,Hurlbut’s,208414,Hurlbut,people,possessive
644535,Kidd’s,469394,Kidd,person,possessive
644670,Helen Mar’s,165207,Helen Mar,person,possessive
644713,Lewis’s,55736,Lewis,person,possessive
644872,Interpreter’s Bible(New York:,573796,Interpreter’s Bible(New York,person,trailing_punct
645079,Michael Williams’s,99140,Michael Williams,person,possessive
645098,Samael’s,775008,Samael,person,possessive
645168,Adam Adam,3289,Adam,person,duplicated_word
645285,Hutch’s,645286,Hutch,people,possessive
645321,Willard Richard’s,523757,Willard Richard,person,possessive
645387,Xu Shen’s,645380,Xu Shen,person,possessive
645601,Durkheim’s,653676,Durkheim,people,possessive
645602,Rodney Stark’s,109815,Rodney Stark,person,possessive
645605,Durkheim’s,635431,Durkheim,person,possessive
645703,Andrew Greeley’s,645704,Andrew Greeley,person,possessive
645712,Thomas F. O’Dea’s,645714,Thomas F. O’Dea,person,possessive
645898,Ani’s,645891,Ani,person,possessive
646046,Michael Ing’s,645465,Michael Ing,person,possessive
646088,English Dictionary’s,93405,English Dictionary,concept,possessive
646277,Janne Sjodahl’s,634422,Janne Sjodahl,person,possessive
646414,A. Culbertson’s,612072,A. Culbertson,person,possessive
646433,George F. Richards’s,63241,George F. Richards,person,possessive
646481,Nathan O. Hatch's,163744,Nathan O. Hatch,person,possessive
646558,Adam Clark’s,288489,Adam Clark,person,possessive
646584,"Zina Card Brown Family Collection,",164014,Zina Card Brown Family Collection,people,trailing_punct
646585,”Mormon Midwife,293499,Mormon Midwife,person,leading_quote
646653,Stapley’s,211720,Stapley,people,possessive
646689,Billy Graham’s,68067,Billy Graham,person,possessive
646704,Rabbi Muntzberg’s,646701,Rabbi Muntzberg,person,possessive
646764,Herbert Danby’s,600904,Herbert Danby,person,possessive
647079,"5:10,",49463,5:10,period,trailing_punct
647272,"the Corinthians,2d ed.",647375,"the Corinthians,2d ed",people,trailing_punct
647786,Ïá¿¶Î¼Î±.,648596,Ïá¿¶Î¼Î±,people,trailing_punct
648408,"10:14,",23300,10:14,period,trailing_punct
648972,"F. F. Bruce,",557353,F. F. Bruce,person,trailing_punct
648991,"Fitzmyer,",650226,Fitzmyer,people,trailing_punct
649687,John Gee.,165956,John Gee,person,trailing_punct
650047,"á¼Î´ÎµÎ»ÏÎ¿Î¯ Î¼Î¿Ï ,",647191,á¼Î´ÎµÎ»ÏÎ¿Î¯ Î¼Î¿Ï,person,trailing_punct
650687,Immortal Man’s,650686,Immortal Man,people,possessive
650796,B. H. Robert’s,815764,B. H. Robert,person,possessive
650859,Woolley’s,799914,Woolley,people,possessive
650994,Jessee’s,290287,Jessee,people,possessive
651096,Lebolo’s,165919,Lebolo,person,possessive
651252,Elder Robert’s,521579,Elder Robert,person,possessive
651485,Leo’s,446407,Leo,people,possessive
651492,St. Clement’s,817696,St. Clement,people,possessive
651501,Alberic’s,389047,Alberic,people,possessive
651844,Otto IV.,651835,Otto IV,person,trailing_punct
651845,Frederick’s,133440,Frederick,person,possessive
651850,Frederick’s,262284,Frederick,place,possessive
652153,King Ahaz’s,232830,King Ahaz,people,possessive
652299,van Selms’s,652346,van Selms,person,possessive
652388,Brevard Childs’s,652304,Brevard Childs,person,possessive
652430,"Smith-Christopher,",617573,Smith-Christopher,people,trailing_punct
652564,“mount Zion,19881,Mount Zion,place,leading_quote
652573,Obadiah’s,19421,Obadiah,person,possessive
652747,Luke Luke,19262,Luke,person,duplicated_word
653562,Scanzoni’s,655569,Scanzoni,people,possessive
653566,Donahue’s,581341,Donahue,person,possessive
653567,Stott’s,293559,Stott,person,possessive
653571,McNamara’s,653569,McNamara,people,possessive
653572,Warner’s,66212,Warner,people,possessive
653634,D. L.,654308,D. L,person,trailing_punct
653729,Durbin’s,653815,Durbin,person,possessive
653949,Gouldner’s,653674,Gouldner,people,possessive
654009,Goldscheider’s,653176,Goldscheider,person,possessive
654191,Moberg’s,654279,Moberg,person,possessive
654262,R. C.,656041,R. C,person,trailing_punct
654450,Capra’s,654497,Capra,person,possessive
654461,Thomas Young’s,530344,Thomas Young,person,possessive
654464,Bohr’s,654486,Bohr,person,possessive
654474,De Broglie’s,654475,De Broglie,person,possessive
654645,"Washington, D.C:",653789,"Washington, D.C",place,trailing_punct
654689,“Educational Guidance in Human Love,654600,Educational Guidance in Human Love,concept,leading_quote
654726,Martin et al.,654725,Martin et al,person,trailing_punct
654754,"Church of Christ,",57810,Church of Christ,people,trailing_punct
655118,Peter Berger’s,655484,Peter Berger,person,possessive
655123,Cantril’s,655176,Cantril,people,possessive
655124,Appendix A.,779738,Appendix A,person,trailing_punct
655149,Family Life’s,91978,Family Life,people,possessive
655246,Smyth’s,371125,Smyth,person,possessive
655473,John Mack Faragher’s,815124,John Mack Faragher,person,possessive
655571,LaHaye’s,655573,LaHaye,people,possessive
655574,Beverly LaHaye’s,654351,Beverly LaHaye,person,possessive
655586,Tim LaHaye’s,618698,Tim LaHaye,person,possessive
655717,Nye et al.,655716,Nye et al,person,trailing_punct
655951,Ellis’s,240910,Ellis,person,possessive
655985,"S. L.,",654977,S. L,person,trailing_punct
656074,Bergin’s,554769,Bergin,person,possessive
656111,DSM-III-R’s,656108,DSM-III-R,people,possessive
656112,Whorf’s,769943,Whorf,people,possessive
656253,H. G.,786242,H. G,person,trailing_punct
656611,"L. Y.,",656667,L. Y,person,trailing_punct
656805,King Pharoah's,656804,King Pharoah,person,possessive
656942,Sister Eliza's,352774,Sister Eliza,people,possessive
656951,Sister Zina's,354131,Sister Zina,person,possessive
656965,Woman's,34495,Woman,people,possessive
657052,Sister Prescendia's,657032,Sister Prescendia,people,possessive
657084,Sister Bathsheba's,657068,Sister Bathsheba,people,possessive
657145,three day's,387584,three day,period,possessive
657163,Sister Whitney's,194296,Sister Whitney,people,possessive
657315,Sarah Ann's,357363,Sarah Ann,person,possessive
657320,Helen Mar Whitney's,67031,Helen Mar Whitney,person,possessive
657383,Stephen Neill’s,637143,Stephen Neill,person,possessive
657385,Paul Avis’s,657424,Paul Avis,person,possessive
657508,Theodore Beza’s,473589,Theodore Beza,person,possessive
657585,Quasten’s,610619,Quasten,person,possessive
657597,Anselm of Canterbury’s,630299,Anselm of Canterbury,people,possessive
657600,Anselm’s,109553,Anselm,people,possessive
657602,Irenaeus’s,412596,Irenaeus,people,possessive
657955,Douglas Davies’s,557595,Douglas Davies,person,possessive
657959,Barth’s,347950,Barth,place,possessive
657969,Harry Pappas’s,657958,Harry Pappas,person,possessive
658097,"50]Brigham Young,",564892,50]Brigham Young,people,trailing_punct
658098,Ronald H. Nash’s,121743,Ronald H. Nash,person,possessive
658104,"Saint,",22389,Saint,place,trailing_punct
658120,Peter Abelard’s,630301,Peter Abelard,person,possessive
658132,Ernst Troeltsch’s,653507,Ernst Troeltsch,person,possessive
658193,Jaroslav Pelikan’s,344131,Jaroslav Pelikan,person,possessive
658199,York City:,171926,York City,place,trailing_punct
658260,Steve Davis’s,657537,Steve Davis,person,possessive
658514,Parry’s,557884,Parry,people,possessive
658615,Rabbi Eleazar’s,473732,Rabbi Eleazar,person,possessive
659738,John Hilton III’s,77198,John Hilton III,person,possessive
659755,Charles Swift’s,325062,Charles Swift,person,possessive
659856,Allport’s,653565,Allport,people,possessive
659976,Sacvan Bercovitch’s,659967,Sacvan Bercovitch,person,possessive
659977,Bercovitch’s,660023,Bercovitch,people,possessive
660277,Saint John's,421641,Saint John,person,possessive
660417,Luke xxiv.,388067,Luke xxiv,person,trailing_punct
660432,the beginning of God's,634879,the beginning of God,period,possessive
660462,Joseph Fielding's,67752,Joseph Fielding,person,possessive
660855,Utah Valley’s,211808,Utah Valley,people,possessive
660891,Dating Dating,115025,Dating,person,duplicated_word
661592,Austin King's,197099,Austin King,person,possessive
661816,"the Congregational Church,",351130,the Congregational Church,people,trailing_punct
661969,Stoddard v. Smith Sr.,661974,Stoddard v. Smith Sr,person,trailing_punct
662566,Smith v. Guthrie:,662438,Smith v. Guthrie,person,trailing_punct
662645,Dana v. Brink:,524093,Dana v. Brink,person,trailing_punct
662755,Jeremiah Smith Sr.,662754,Jeremiah Smith Sr,person,trailing_punct
662793,People v. Williams 1:,662780,People v. Williams 1,person,trailing_punct
663228,Law et al.,525510,Law et al,person,trailing_punct
663741,"January 12, 1838:",196873,"January 12, 1838",period,trailing_punct
664120,James v.,388107,James v,person,trailing_punct
665256,Josiah Lamborn:,209939,Josiah Lamborn,person,trailing_punct
665718,Far West:,29774,Far West,place,trailing_punct
665767,"Aristotle,",75109,Aristotle,people,trailing_punct
665959,Rabban Johanan’s,665956,Rabban Johanan,person,possessive
666287,Babylonian New Year’s,769248,Babylonian New Year,period,possessive
666289,The King .,797876,The King,concept,trailing_punct
666316,"St. Maximus,",800885,St. Maximus,place,trailing_punct
666318,H. Leclerq’s,666307,H. Leclerq,person,possessive
666595,Widengren’s,617625,Widengren,people,possessive
666976,43]Joseph Smith’s,638597,43]Joseph Smith,person,possessive
667430,Marcion’s,434637,Marcion,people,possessive
667542,Luke Jesus’s,667533,Luke Jesus,person,possessive
667713,Mark Mark’s,640442,Mark Mark,person,possessive
667806,Thomas P. Rausch’s,667226,Thomas P. Rausch,person,possessive
667995,the Gospel of John’s,48284,the Gospel of John,place,possessive
668015,James Charlesworth’s,566438,James Charlesworth,person,possessive
668133,Eric Huntsman’s,557763,Eric Huntsman,person,possessive
668149,King Saul’s,44745,King Saul,person,possessive
668197,"The Epistles of John,",417601,The Epistles of John,concept,trailing_punct
668218,"English Translation,",466048,English Translation,people,trailing_punct
668337,McConkie’s,58554,McConkie,person,possessive
668530,James Adair’s,531334,James Adair,person,possessive
668532,Ethan Smith’s,102713,Ethan Smith,person,possessive
668548,Ethan’s,36424,Ethan,person,possessive
668569,Harold Hougey’s,668544,Harold Hougey,person,possessive
668572,Sandra Tanner’s,566403,Sandra Tanner,person,possessive
668585,George D. Smith’s,344505,George D. Smith,person,possessive
668599,Brigham D. Madsen’s,217771,Brigham D. Madsen,person,possessive
668889,Montgomery’s,350134,Montgomery,people,possessive
669112,Great Spirit’s,668841,Great Spirit,place,possessive
669261,xiv.,650972,XIV,person,trailing_punct
669514,Beverly.,217164,Beverly,place,trailing_punct
670532,"the HamGodbe Papers,",670314,the HamGodbe Papers,people,trailing_punct
671399,James Gordon Bennett Sr.,671629,James Gordon Bennett Sr,person,trailing_punct
671736,13:35.,23252,13:35,period,trailing_punct
671825,Hans Christian Andersen's,94396,Hans Christian Andersen,person,possessive
671849,Ben Adhem's,671846,Ben Adhem,person,possessive
671908,John Locke's,54938,John Locke,person,possessive
671959,Bert’s,60421,Bert,person,possessive
672152,Elder Brown’s,233452,Elder Brown,person,possessive
672159,Todd’s,58928,Todd,person,possessive
672250,Supper’s,477705,Supper,concept,possessive
672326,Jack H. Goaslind Jr.,165315,Jack H. Goaslind Jr,person,trailing_punct
672358,16:19;,51654,16:19,period,trailing_punct
672406,Elder Cowley’s,55831,Elder Cowley,person,possessive
672507,Japheth’s,19077,Japheth,person,possessive
672508,Javan’s,36063,Javan,person,possessive
672832,Kin Yan Cante’s,672830,Kin Yan Cante,person,possessive
672879,Sister de Jager’s,677451,Sister de Jager,person,possessive
672948,Judy Kearns’s,672953,Judy Kearns,person,possessive
672949,Judy’s,221717,Judy,person,possessive
672975,Lester’s,672976,Lester,people,possessive
673034,Elder Spori’s,673032,Elder Spori,person,possessive
673039,Jacob Spori’s,338984,Jacob Spori,person,possessive
673061,Gotlieb’s,673063,Gotlieb,person,possessive
673137,Sergeant Carrington’s,673136,Sergeant Carrington,person,possessive
673190,Sister Smith’s,56381,Sister Smith,person,possessive
673194,William Wood’s,665079,William Wood,person,possessive
673237,Sister Hansen’s,592831,Sister Hansen,person,possessive
673264,Jonas Hanway’s,673263,Jonas Hanway,person,possessive
673271,Mirian’s,673270,Mirian,people,possessive
673471,John Henry Newman’s,121820,John Henry Newman,person,possessive
673512,Melanie’s,57400,Melanie,person,possessive
673552,"the end of the month,",66616,the end of the month,period,trailing_punct
673590,Ali Hafid’s,673589,Ali Hafid,person,possessive
673601,Alma Elizabeth’s,673596,Alma Elizabeth,person,possessive
673749,Ho Nam’s,386143,Ho Nam,person,possessive
673872,Phil Garland’s,673863,Phil Garland,person,possessive
674159,Abu’s,471657,Abu,people,possessive
674192,Andy’s,111938,Andy,person,possessive
674278,Boston College’s,76529,Boston College,people,possessive
674312,the University of Southern California’s,85415,the University of Southern California,people,possessive
674359,Robin Hood’s,484490,Robin Hood,person,possessive
674395,Yumul’s,674393,Yumul,person,possessive
674421,Shelly’s,678493,Shelly,concept,possessive
674504,Elder Featherstone’s,72297,Elder Featherstone,person,possessive
674560,"Constant Companion,",674595,Constant Companion,person,trailing_punct
674576,Liv’s,486080,Liv,person,possessive
674646,Sister Cannon’s,56396,Sister Cannon,people,possessive
674648,Elaine’s,60424,Elaine,person,possessive
674663,Newell K. Whitney’s,150079,Newell K. Whitney,person,possessive
674703,Patrick’s,117822,Patrick,person,possessive
674707,Michael’s,19317,Michael,person,possessive
674709,Michael O’Brien’s,674706,Michael O’Brien,person,possessive
674758,Kitty’s,117393,Kitty,person,possessive
674855,Malcolm Greenaway’s,674851,Malcolm Greenaway,person,possessive
674860,Erroll Bennett’s,674861,Erroll Bennett,person,possessive
674869,Erroll’s,674888,Erroll,people,possessive
674874,Erroll’s,674865,Erroll,person,possessive
674880,Gabriel Vaianui’s,674878,Gabriel Vaianui,person,possessive
674933,Sister Redd’s,674927,Sister Redd,person,possessive
674967,Elder Granville’s,674963,Elder Granville,person,possessive
675010,Sister Hall’s,675009,Sister Hall,people,possessive
675043,Uncle David’s,176068,Uncle David,person,possessive
675089,’ Sister Elliott,675088,Sister Elliott,people,leading_quote
675179,Cieza’s,675059,Cieza,person,possessive
675197,Santacruz Pachacuti’s,675178,Santacruz Pachacuti,person,possessive
675231,Young Joseph’s,72388,Young Joseph,person,possessive
675248,Elder Anderson’s,74901,Elder Anderson,person,possessive
675253,Sister Anderson’s,674036,Sister Anderson,person,possessive
675254,Joseph Anderson’s,59758,Joseph Anderson,person,possessive
675368,Jean’s,84363,Jean,person,possessive
675382,Bill’s,479490,BILL,people,possessive
675514,the day of the Prophet’s,761695,the day of the Prophet,period,possessive
675727,Bess’s,675725,Bess,people,possessive
675804,Rob’s,42607,Rob,person,possessive
675843,Elder F. Enzio Busche’s,84640,Elder F. Enzio Busche,person,possessive
675844,Elder Busche’s,84641,Elder Busche,people,possessive
675847,Busche’s,225891,Busche,people,possessive
675855,Enzio Busche’s,370820,Enzio Busche,person,possessive
675897,Sue’s,93234,Sue,person,possessive
675977,Sister Benson’s,70715,Sister Benson,people,possessive
675992,Elder Abrea’s,673983,Elder Abrea,person,possessive
675998,Elder Abrea’s,112931,Elder Abrea,people,possessive
676065,Cesar Aedo’s,676053,Cesar Aedo,person,possessive
676068,the Aaronic Priesthood and Young Women’s,92054,the Aaronic Priesthood and Young Women,people,possessive
676074,Doug Carlsen’s,676077,Doug Carlsen,person,possessive
676084,Steve’s,56468,Steve,person,possessive
676090,Sister Evans:,106674,Sister Evans,people,trailing_punct
676099,Malcolm Tent’s,676097,Malcolm Tent,person,possessive
676165,Jena Hamilton’s,676167,Jena Hamilton,person,possessive
676238,Elder Faust’s,676237,Elder Faust,people,possessive
676256,Eileen Webster’s,676255,Eileen Webster,person,possessive
676294,Seki-san’s,676293,Seki-san,person,possessive
676298,Mochida-san’s,676278,Mochida-san,people,possessive
676353,Elder Kikuchi’s,101687,Elder Kikuchi,person,possessive
676377,McCauley’s,676375,McCauley,people,possessive
676378,Bishop Bunker’s,676376,Bishop Bunker,person,possessive
676407,"the Netherlands,",386450,The Netherlands,place,trailing_punct
676517,Troy’s,82984,Troy,people,possessive
676548,Baboe Kit’s,676540,Baboe Kit,person,possessive
676561,“bad days,100478,bad days,period,leading_quote
676685,Moulton’s,84201,Moulton,people,possessive
676713,Robby’s,673740,Robby,person,possessive
676747,Tom Monson’s,109297,Tom Monson,person,possessive
676762,Christal Methvin’s,92462,Christal Methvin,person,possessive
676797,"Religious Instruction,",674229,Religious Instruction,people,trailing_punct
677364,Elder Larkin’s,677367,Elder Larkin,person,possessive
677769,Cathy’s,64335,Cathy,person,possessive
677849,Blaine’s,73074,Blaine,people,possessive
677877,Mesa’s,67925,Mesa,people,possessive
677892,Ronnie’s,78903,Ronnie,person,possessive
677926,Peter Petersen’s,677925,Peter Petersen,person,possessive
677928,Mons Andersen’s,677907,Mons Andersen,person,possessive
678005,11th Ed.,65319,11th ed,person,trailing_punct
678060,Riley’s,90814,Riley,person,possessive
678087,Nathan Smith’s,85264,Nathan Smith,person,possessive
678143,Sister Walker’s,100615,Sister Walker,person,possessive
678245,Jethro’s,19088,Jethro,person,possessive
678295,Bishop Miller’s,513107,Bishop Miller,person,possessive
678420,Elder Hanson’s,678417,Elder Hanson,person,possessive
678446,Stephen W. Kearny’s,43942,Stephen W. Kearny,person,possessive
678515,Elder Bergeson’s,678514,Elder Bergeson,person,possessive
678532,Company’s,468280,Company,people,possessive
678539,"Wells, Fargo and Company’s",678530,"Wells, Fargo and Company",people,possessive
678574,Michael Michael,19317,Michael,person,duplicated_word
678597,“Man’s Search for Happiness,321928,Man’s Search for Happiness,concept,leading_quote
678606,Winnie’s,678601,Winnie,people,possessive
678729,Ralph’s,357108,Ralph,person,possessive
678765,the British Army’s,370427,the British Army,people,possessive
678879,Sister Rinne’s,678878,Sister Rinne,person,possessive
678891,Anna-Liisa Rinne’s,363493,Anna-Liisa Rinne,person,possessive
679045,Marion Romney’s,190462,Marion Romney,person,possessive
679085,“The Faith to Obey,682224,The Faith to Obey,concept,leading_quote
679171,Boyd Packer’s,671965,Boyd Packer,person,possessive
679181,Boyd Packer’s,679168,Boyd Packer,people,possessive
679249,Jesse Haven’s,212581,Jesse Haven,person,possessive
679272,Abby Ruth’s,679268,Abby Ruth,person,possessive
679321,Bi Hsia’s,679318,Bi Hsia,person,possessive
679326,Fu Bi Hsia’s,679317,Fu Bi Hsia,person,possessive
679329,Elder Wheeler’s,679327,Elder Wheeler,person,possessive
679351,Flora Amussen’s,88698,Flora Amussen,person,possessive
679361,Sister Benson’s,70712,Sister Benson,person,possessive
679415,Sister Jensen’s,71888,Sister Jensen,person,possessive
679438,Sister Rogers’s,677977,Sister Rogers,person,possessive
679591,Soren Edsberg’s,679593,Soren Edsberg,person,possessive
679628,Charlie’s,90471,Charlie,person,possessive
679643,Palo Alto’s,61962,Palo Alto,place,possessive
679658,"16:19,",51654,16:19,period,trailing_punct
679684,Lubian Sequi’s,679688,Lubian Sequi,person,possessive
679880,Dagmar’s,224893,Dagmar,person,possessive
679881,Massimo’s,363849,Massimo,person,possessive
679931,the New World’s,62634,the New World,period,possessive
679965,Anna Ruth’s,679963,Anna Ruth,person,possessive
680015,Señor Benet’s,680014,Señor Benet,person,possessive
680023,Saber’s,6364,Saber,person,possessive
680084,Ricardo Perez’s,680078,Ricardo Perez,person,possessive
680188,Museum’s,439759,Museum,people,possessive
680228,Jamie’s,84290,Jamie,person,possessive
680337,Charles Didier’s,63972,Charles Didier,person,possessive
680495,Marie’s,78918,Marie,person,possessive
680751,Lola’s,680753,Lola,people,possessive
680790,Joseph Ott’s,680792,Joseph Ott,person,possessive
680844,Sister Lile’s,680843,Sister Lile,people,possessive
680933,Karen’s,64367,Karen,person,possessive
680993,Sora Sora,413892,Sora,person,duplicated_word
681037,Ekaette’s,681032,Ekaette,person,possessive
681080,Mikhail’s,365136,Mikhail,person,possessive
681100,Evan Stephen’s,384842,Evan Stephen,person,possessive
681105,Sister Pedersen’s,681107,Sister Pedersen,people,possessive
681110,Sister Pedersen’s,681108,Sister Pedersen,person,possessive
681131,Sue Keller’s,681139,Sue Keller,person,possessive
681175,Gooch’s,649510,Gooch,person,possessive
681211,Cowley’s,67759,Cowley,person,possessive
681216,Syd’s,681215,Syd,person,possessive
681350,Sister Lind’s,681346,Sister Lind,people,possessive
681356,Sister Lind’s,681345,Sister Lind,person,possessive
681357,Bowser’s,681354,Bowser,people,possessive
681384,Hidemasa’s,681382,Hidemasa,people,possessive
681484,Oxford Univ.,798552,Oxford Univ,person,trailing_punct
681495,the University of New Mexico’s,680551,the University of New Mexico,people,possessive
681512,Walter Spät’s,226666,Walter Spät,person,possessive
681536,Mam’s,228093,Mam,people,possessive
681539,Rhonwen’s,681538,Rhonwen,person,possessive
681574,Jackie’s,673517,Jackie,person,possessive
681590,Lance’s,551544,Lance,person,possessive
681593,Lance’s,672983,Lance,people,possessive
681642,Dad’s,9665,Dad,person,possessive
681691,Walt’s,100565,Walt,person,possessive
681703,Chou’s,225912,Chou,person,possessive
681735,Agustín Flete’s,681725,Agustín Flete,person,possessive
681746,Miledy Dilone’s,681738,Miledy Dilone,person,possessive
681772,Rosa Clara’s,681770,Rosa Clara,person,possessive
681871,Ferrán’s,681872,Ferrán,people,possessive
681898,Sister Norman’s,681901,Sister Norman,person,possessive
681925,Tampere’s,681923,Tampere,people,possessive
681942,Marvin J. Ashton’s,56147,Marvin J. Ashton,person,possessive
682037,Hsieh’s,682032,Hsieh,person,possessive
682183,Bishop Toolson’s,682184,Bishop Toolson,person,possessive
682667,Sister Pelous’s,682664,Sister Pelous,people,possessive
682811,Lauren’s,239138,Lauren,person,possessive
683143,Jed Franklin’s,683144,Jed Franklin,person,possessive
683187,Marcia Anderson’s,683186,Marcia Anderson,person,possessive
683275,Sister Hermin’s,683261,Sister Hermin,person,possessive
683310,Tony Wong’s,683314,Tony Wong,person,possessive
683321,Bishop Chan’s,683319,Bishop Chan,person,possessive
683360,Elder Haight’s,67220,Elder Haight,person,possessive
683431,Jo Folkett’s,683422,Jo Folkett,person,possessive
683554,Sister Whang’s,683557,Sister Whang,person,possessive
683562,Sister Whang’s,683559,Sister Whang,people,possessive
683644,Jeddy’s,311619,Jeddy,person,possessive
683731,Abby Abby,82153,Abby,person,duplicated_word
683818,May–June:,672649,May–June,period,trailing_punct
683949,Tim Buck’s,683946,Tim Buck,person,possessive
683958,Stephen E. Robinson’s,62455,Stephen E. Robinson,person,possessive
684084,Adams’s,157481,Adams,person,possessive
684098,Sister Guerrero’s,684097,Sister Guerrero,people,possessive
684299,Sister Limsukhon’s,684302,Sister Limsukhon,people,possessive
684352,Becki Jackson’s,685449,Becki Jackson,person,possessive
684357,Becki’s,684356,Becki,people,possessive
684414,David Oman McKay’s,244753,David Oman McKay,person,possessive
684439,Juan Carlos’s,365678,Juan Carlos,person,possessive
684604,Dan’s,18660,Dan,person,possessive
684623,South Korea’s,59281,South Korea,place,possessive
684638,Jin Oo’s,684635,Jin Oo,person,possessive
684701,"the Silver Buffalo,",245831,the Silver Buffalo,place,trailing_punct
684810,Sister Armstrong’s,676227,Sister Armstrong,person,possessive
684988,Great-Grandpa’s,684986,Great-Grandpa,place,possessive
684991,Great-Grandpa’s,684987,Great-Grandpa,people,possessive
685127,Sister Ballard’s,68909,Sister Ballard,person,possessive
685133,Sister Ballard’s,109928,Sister Ballard,people,possessive
685138,Sister Rencher’s,685139,Sister Rencher,person,possessive
685168,Marley’s,68457,Marley,people,possessive
685175,Oborn’s,113636,Oborn,person,possessive
685237,Simone’s,545600,Simone,person,possessive
685254,Lissa’s,685251,Lissa,people,possessive
685274,César’s,374099,César,people,possessive
685345,Santa María’s,142533,Santa María,place,possessive
685397,Ryan’s,79408,Ryan,person,possessive
685556,"Ezekiel, Nephi,",770108,"Ezekiel, Nephi",people,trailing_punct
685598,Dave’s,79890,Dave,person,possessive
685712,Sister Monson’s,71411,Sister Monson,people,possessive
685780,Donna’s,82505,Donna,person,possessive
685822,Solingen’s,685819,Solingen,people,possessive
685906,Scouting’s,62065,Scouting,person,possessive
685988,Illiam’s,685983,Illiam,person,possessive
686029,King Solomon’s,75927,King Solomon,person,possessive
686145,Pacha’s,686142,Pacha,person,possessive
686192,Sister Monson’s,98385,Sister Monson,person,possessive
686213,Mary Goble’s,95615,Mary Goble,person,possessive
686304,Piper’s,686301,Piper,person,possessive
686367,Loretta’s,686363,Loretta,person,possessive
686404,Ofa’s,686402,Ofa,people,possessive
686523,Elder Hill’s,66292,Elder Hill,person,possessive
686793,Maren’s,686791,Maren,person,possessive
686868,Mitchell’s,551165,Mitchell,people,possessive
686925,Cameron’s,103990,Cameron,person,possessive
687042,Tetsuko’s,687039,Tetsuko,person,possessive
687051,Meltiar’s,687050,Meltiar,people,possessive
687052,Orin’s,603468,Orin,people,possessive
687053,Orin’s,591580,Orin,place,possessive
687137,Ken’s,88664,Ken,person,possessive
687180,Frank Holland’s,687189,Frank Holland,person,possessive
687185,Dixie High School’s,193031,Dixie High School,people,possessive
687274,Vernon L. Hill’s,686512,Vernon L. Hill,person,possessive
687303,Františka’s,687299,Františka,person,possessive
687334,Ballard’s,63226,Ballard,person,possessive
687351,Enn Lembit’s,372663,Enn Lembit,person,possessive
687388,Santa Maria’s,83609,Santa Maria,place,possessive
687460,Linda’s,98351,Linda,person,possessive
687639,Domingos’s,687637,Domingos,people,possessive
687810,St. Philip’s,721880,St. Philip,place,possessive
687881,Adolph Hitler’s,673125,Adolph Hitler,person,possessive
687979,Elder Eyring’s,63970,Elder Eyring,person,possessive
688074,Ada Bitner Hinckley’s,246194,Ada Bitner Hinckley,person,possessive
688076,Bryant’s,246327,Bryant,people,possessive
688111,Jacques Faudin’s,688153,Jacques Faudin,person,possessive
688257,Tulasee’s,688256,Tulasee,people,possessive
688287,Tara’s,685373,Tara,person,possessive
688349,Bobby’s,97566,Bobby,person,possessive
688437,Yale University’s,73398,Yale University,people,possessive
688554,Emmanuel Abu Kissi’s,372547,Emmanuel Abu Kissi,person,possessive
688670,Jenni’s,119853,Jenni,people,possessive
688728,Sister Muñoz’s,729791,Sister Muñoz,people,possessive
688754,Sister Sierra’s,703497,Sister Sierra,people,possessive
688782,Henrik’s,688774,Henrik,person,possessive
688785,the year of the Prophet’s,229657,the year of the prophet,period,possessive
689030,Natalie’s,78668,Natalie,person,possessive
689112,"Funchal,",523778,Funchal,people,trailing_punct
689158,Parley Pratt’s,91553,Parley Pratt,people,possessive
689177,Cape Verde’s,80069,Cape Verde,place,possessive
689260,Roosevelt’s,99939,Roosevelt,place,possessive
689318,Vidal’s,689314,Vidal,person,possessive
689779,Jirí’s,689766,Jirí,person,possessive
689824,William Pitt’s,520509,William Pitt,person,possessive
690191,Remus’s,690187,Remus,person,possessive
690383,Elder de Jager’s,111104,Elder de Jager,person,possessive
690431,Jeremy’s,32744,Jeremy,person,possessive
690530,José Rizal’s,690529,José Rizal,person,possessive
690640,Tami Cobb’s,690638,Tami Cobb,person,possessive
690678,Oliver.,31376,Oliver,person,trailing_punct
690704,Rigmor’s,690700,Rigmor,people,possessive
690732,Terry Anderson’s,690730,Terry Anderson,person,possessive
690958,Ali Hafed’s,690956,Ali Hafed,person,possessive
691043,Mari Carmen’s,691041,Mari Carmen,person,possessive
691108,Elder L. Tom Perry’s,56216,Elder L. Tom Perry,person,possessive
691217,"Apia,",369049,Apia,people,trailing_punct
691263,9:34;,96,9:34,period,trailing_punct
691297,Roxanna’s,691296,Roxanna,person,possessive
691370,B. J.’s,660796,B. J.,person,possessive
691426,Anne’s,683118,Anne,people,possessive
691448,Lynn’s,67864,Lynn,person,possessive
691475,Stanford Hinckley’s,154685,Stanford Hinckley,person,possessive
691489,James Barrie’s,62085,James Barrie,person,possessive
691638,Assard’s,82400,Assard,person,possessive
691674,Dick’s,60333,Dick,person,possessive
691773,Nikolay’s,691771,Nikolay,people,possessive
691797,Alla’s,691793,Alla,people,possessive
691872,Sister Stratton’s,691868,Sister Stratton,people,possessive
691900,Brianna’s,150422,Brianna,place,possessive
692034,Nilla’s,692032,Nilla,people,possessive
692215,New Caledonia’s,108671,New Caledonia,place,possessive
692299,Elder Bushman’s,692297,Elder Bushman,person,possessive
692321,Stuart’s,217930,Stuart,person,possessive
692364,Ben’s,36426,Ben,person,possessive
692402,Judy Marie’s,692399,Judy Marie,person,possessive
692434,Raymond’s,113635,Raymond,person,possessive
692466,Masha’s,692463,Masha,people,possessive
692560,Daniel:,18661,Daniel,person,trailing_punct
692602,Elena’s,371473,Elena,people,possessive
692810,Nkosinathi’s,692809,Nkosinathi,people,possessive
692811,Bonginkosi’s,692807,Bonginkosi,people,possessive
692848,the Apostles of Christ’s,498774,the Apostles of Christ,people,possessive
692863,October 1880:,238007,October 1880,period,trailing_punct
692865,April 1889:,216068,April 1889,period,trailing_punct
692867,September 1898:,207247,September 1898,period,trailing_punct
692870,October 1918:,80937,October 1918,period,trailing_punct
692872,November 1918:,207405,November 1918,period,trailing_punct
692962,Elder Álvarez’s,692963,Elder Álvarez,person,possessive
693031,Bruder Kliche’s,693029,Bruder Kliche,people,possessive
693049,Becky’s,73403,Becky,person,possessive
693107,Sister Plummer’s,693106,Sister Plummer,person,possessive
693168,"Behold the Lamb of God,",34316,Behold the Lamb of God,concept,trailing_punct
693350,Cassie’s,77622,Cassie,person,possessive
693520,Sister Kelly’s,693517,Sister Kelly,person,possessive
693569,Miguel’s,9416,Miguel,person,possessive
693657,Meagan’s,300756,Meagan,person,possessive
693694,Rosi’s,693695,Rosi,people,possessive
693711,Sister Gudmundsdóttir’s,693712,Sister Gudmundsdóttir,people,possessive
693814,Sean’s,9478,Sean,person,possessive
693821,Vani’s,693820,Vani,people,possessive
693992,Sister Schroeder’s,693991,Sister Schroeder,person,possessive
694076,Elder Barney’s,694074,Elder Barney,person,possessive
694102,Sister Melbourne’s,694099,Sister Melbourne,person,possessive
694103,Sister Melbourne’s,694101,Sister Melbourne,people,possessive
694214,Karina’s,694212,Karina,person,possessive
694252,Jeanene’s,75844,Jeanene,person,possessive
694438,Robert Williams’s,103400,Robert Williams,person,possessive
694458,Don Astemio’s,694452,Don Astemio,person,possessive
694469,Norberto’s,694467,Norberto,person,possessive
694538,Nathaniel Hawthorne’s,56249,Nathaniel Hawthorne,person,possessive
694841,Bishop Rotor’s,694842,Bishop Rotor,people,possessive
694970,Humberto Martins de Araújo Jr.,731892,Humberto Martins de Araújo Jr,person,trailing_punct
695157,Young-Jin’s,695166,Young-Jin,people,possessive
695196,Hughie’s,695195,Hughie,people,possessive
695294,Nick’s,243846,Nick,person,possessive
695306,Sister Brigida’s,695304,Sister Brigida,people,possessive
695523,Glenn L. Pace’s,63990,Glenn L. Pace,person,possessive
695538,Elder Eves’s,695533,Elder Eves,person,possessive
695616,Melissa Howes’s,112697,Melissa Howes,person,possessive
695625,Jay E. Jensen’s,63999,Jay E. Jensen,person,possessive
695626,Robert D. Hales’s,58682,Robert D. Hales,person,possessive
695661,Sister Wilson’s,91723,Sister Wilson,people,possessive
695902,Lydia Knight’s,163203,Lydia Knight,person,possessive
696291,Sister Beck’s,62140,Sister Beck,person,possessive
696314,Elder Christensen’s,113295,Elder Christensen,person,possessive
696423,Liahona’s Answer The Lord’s,693439,Liahona’s Answer The Lord,people,possessive
696517,Sister Emma Smith’s,345872,Sister Emma Smith,people,possessive
696549,3:26.,26271,3:26,period,trailing_punct
696652,Benjamin Platt’s,696535,Benjamin Platt,person,possessive
696710,Sister McClure’s,696708,Sister McClure,people,possessive
696790,Sister Heaton’s,91669,Sister Heaton,people,possessive
696960,Annapurna Guru’s,732575,Annapurna Guru,person,possessive
696968,Annapurna’s,696961,Annapurna,person,possessive
697142,Franz Joseph Haydn’s,253578,Franz Joseph Haydn,person,possessive
697225,G. C.’s,422496,G. C.,person,possessive
697231,Deepak Shrestha’s,732766,Deepak Shrestha,person,possessive
697276,James James,19073,James,person,duplicated_word
697295,Jude Jude,19109,Jude,person,duplicated_word
697303,‘You Have Nothing to Fear,703764,You Have Nothing to Fear,concept,leading_quote
697494,Mandy’s,675377,Mandy,people,possessive
697635,Jocelyn’s,697634,Jocelyn,person,possessive
697636,Ashley’s,56797,Ashley,person,possessive
697813,Linda Sims Depew’s,697807,Linda Sims Depew,person,possessive
697864,Jedediah M. Grant’s,59769,Jedediah M. Grant,person,possessive
697989,Sam Potaka’s,697986,Sam Potaka,person,possessive
698016,Sister Ståhle’s,698015,Sister Ståhle,people,possessive
698026,Rocky’s,733419,Rocky,people,possessive
698127,Gayle M. Clegg’s,84724,Gayle M. Clegg,person,possessive
698294,Alice’s,61517,Alice,person,possessive
698306,Feleti’s,698298,Feleti,person,possessive
698334,Lillie’s,436738,Lillie,person,possessive
698404,Sister Christensen’s,691397,Sister Christensen,person,possessive
698428,Elder Robert D. Hales’s,59383,Elder Robert D. Hales,person,possessive
698664,Paolo Martin N. Macariola’s,698475,Paolo Martin N. Macariola,person,possessive
698720,Liriel’s,698717,Liriel,person,possessive
698777,Ronald T. Halverson’s,78444,Ronald T. Halverson,person,possessive
699145,Annie’s,670280,Annie,people,possessive
699212,Sister Peterson’s,89545,Sister Peterson,person,possessive
699372,José Javier’s,699373,José Javier,person,possessive
699414,Anne Cody’s,699415,Anne Cody,person,possessive
699596,Elder Christoffel Golden’s,121896,Elder Christoffel Golden,person,possessive
699788,Susan W. Tanner’s,81517,Susan W. Tanner,person,possessive
699834,Ivonne Palacio’s,734709,Ivonne Palacio,person,possessive
699910,David Bednar’s,107174,David Bednar,person,possessive
699924,Ian’s,99032,Ian,person,possessive
700103,"April 26, 1964:",367991,"April 26, 1964",period,trailing_punct
700156,Elder Kerr’s,62000,Elder Kerr,person,possessive
700196,Dear Sister Hilton:,78237,Dear Sister Hilton,concept,trailing_punct
700223,Elder Pace’s,91746,Elder Pace,person,possessive
700308,Luisa’s,681360,Luisa,people,possessive
700313,Ana Luisa’s,700311,Ana Luisa,person,possessive
700353,"June 4, 1837:",664325,"June 4, 1837",period,trailing_punct
700354,"June 27, 1844:",31062,"June 27, 1844",period,trailing_punct
700355,"June 9, 1895:",369502,"June 9, 1895",period,trailing_punct
700356,"June 14, 1969:",227041,"June 14, 1969",period,trailing_punct
700405,Aun Luck Tan Ernest’s,700401,Aun Luck Tan Ernest,person,possessive
700466,Elder Gerald N. Lund’s,704924,Elder Gerald N. Lund,person,possessive
700886,Hans’s,87750,Hans,person,possessive
700957,Sister Velasco’s,700959,Sister Velasco,people,possessive
701086,"September 23, 1995:",62389,"September 23, 1995",period,trailing_punct
701113,Li-anne’s,701112,Li-anne,person,possessive
701377,Garry’s,78678,Garry,person,possessive
701411,Addison Pratt’s,74191,Addison Pratt,people,possessive
701451,Artist’s,529402,Artist,people,possessive
701505,Sister Pond’s,701506,Sister Pond,people,possessive
701578,Aunt Toini’s,701575,Aunt Toini,person,possessive
701645,Walter Rane’s,104082,Walter Rane,person,possessive
701736,the Audiovisual Department’s,701722,the Audiovisual Department,people,possessive
701807,The Ivory Coast Abidjan Mission’s,363616,the Ivory Coast Abidjan Mission,place,possessive
702109,Charles Dickens’s,56501,Charles Dickens,person,possessive
702159,Kirsten’s,115860,Kirsten,people,possessive
702196,Horst’s,702197,Horst,people,possessive
702351,Azmon’s,42467,Azmon,people,possessive
702485,Art’s,33802,Art,person,possessive
702510,Elder Ballard.,61978,Elder Ballard,person,trailing_punct
703066,Panama City’s,106138,Panama City,place,possessive
703081,The Gift of the Holy Ghost:,173203,The Gift of the Holy Ghost,concept,trailing_punct
703082,Dai Endo’s,703021,Dai Endo,person,possessive
703119,Sister Emrazian’s,703123,Sister Emrazian,people,possessive
703165,Keiko Saijo’s,703154,Keiko Saijo,person,possessive
703242,Merlo’s,703241,Merlo,person,possessive
703297,Elder Weirich’s,703293,Elder Weirich,person,possessive
703390,Walter F. González’s,61686,Walter F. González,person,possessive
703408,"September 21–22, 1823:",45639,"September 21–22, 1823",period,trailing_punct
703409,"May 1, 1846:",211618,"May 1, 1846",period,trailing_punct
703410,"April 27, 1915:",48510,"April 27, 1915",period,trailing_punct
703576,BYU-TV’s,703570,BYU-TV,people,possessive
703592,C. E. Tapie Rohm Jr.,736777,C. E. Tapie Rohm Jr,person,trailing_punct
703806,Diraingas Edeyaoch’s,736839,Diraingas Edeyaoch,person,possessive
703902,Quentin L. Cook’s,56912,Quentin L. Cook,person,possessive
704062,Stephen Mark Bartholomew’s,737008,Stephen Mark Bartholomew,person,possessive
704208,Valeria’s,704204,Valeria,people,possessive
704210,Paula Alvarez’s,704203,Paula Alvarez,person,possessive
704271,Kelly’s,99447,Kelly,person,possessive
704282,"Eighth International Art Competition,",704278,Eighth International Art Competition,place,trailing_punct
704297,Carlos H. Amado’s,63988,Carlos H. Amado,person,possessive
704342,“Auld Lang Syne,339109,Auld Lang Syne,concept,leading_quote
704547,Love Is Spoken Here.,60586,Love Is Spoken Here,concept,trailing_punct
704548,William Jarvis’s,704551,William Jarvis,person,possessive
704667,Janetta’s,704665,Janetta,person,possessive
704712,"July 24, 1929:",363620,"July 24, 1929",period,trailing_punct
704888,Therissa’s,704892,Therissa,person,possessive
704977,Beny’s,704976,Beny,people,possessive
704996,Cho Joong Hyun’s,704995,Cho Joong Hyun,person,possessive
705001,Yong Hyun’s,705000,Yong Hyun,person,possessive
705021,Nicole’s,737615,Nicole,people,possessive
705117,Lucía’s,705110,Lucía,people,possessive
705193,Harvard Business School’s,80042,Harvard Business School,people,possessive
705295,Sister Beck:,62140,Sister Beck,person,trailing_punct
705339,John F. Kennedy’s,92441,John F. Kennedy,person,possessive
705556,"Paul VanDenBerghe,",239200,Paul VanDenBerghe,person,trailing_punct
705646,"Inspirational Thoughts,",121640,Inspirational Thoughts,concept,trailing_punct
705890,Majigsuren’s,705893,Majigsuren,person,possessive
706137,Aunt Carrie’s,706136,Aunt Carrie,person,possessive
706288,“Happy Easter!,706286,Happy Easter!,concept,leading_quote
706391,Sister Harvey’s,706390,Sister Harvey,person,possessive
706401,Janna’s,35040,Janna,person,possessive
706405,Dahlquist’s,701868,Dahlquist,person,possessive
706553,Reddick Allred’s,110842,Reddick Allred,person,possessive
706664,Zach’s,117513,Zach,people,possessive
706724,Dieter’s,706723,Dieter,people,possessive
706745,Elder Burton’s,583626,Elder Burton,person,possessive
706944,Elder Jay E. Jensen’s,81480,Elder Jay E. Jensen,person,possessive
706965,Brek’s,738745,Brek,people,possessive
707066,Elder Earl C. Tingey’s,97705,Elder Earl C. Tingey,person,possessive
707085,Omar Salgado’s,738840,Omar Salgado,person,possessive
707175,Molly’s,71103,Molly,person,possessive
707914,Sri Lanka’s,72226,Sri Lanka,place,possessive
708136,Hurricane Gustav’s,708133,Hurricane Gustav,place,possessive
708804,Sister Reich’s,699736,Sister Reich,person,possessive
708888,Costa’s,91375,Costa,people,possessive
708985,Enrique’s,150770,Enrique,person,possessive
708986,Enrique’s,718172,Enrique,people,possessive
709009,Kent’s,224554,Kent,person,possessive
709126,Silvia H. Allred’s,61850,Silvia H. Allred,person,possessive
709127,Eduardo Gavarret’s,98473,Eduardo Gavarret,person,possessive
709132,Elder Dennis B. Neuenschwander’s,80688,Elder Dennis B. Neuenschwander,person,possessive
709389,Joseph B. Wirthlin’s,18141,Joseph B. Wirthlin,person,possessive
709776,John Steinbeck’s,740271,John Steinbeck,person,possessive
709841,Manti’s,26457,Manti,people,possessive
709845,"The Hill Cumorah Pageant,",116340,the Hill Cumorah Pageant,people,trailing_punct
709899,Jake’s,84388,Jake,person,possessive
709950,Nicholas Malavetis’s,709947,Nicholas Malavetis,person,possessive
709986,Sister Jacobs’s,679304,Sister Jacobs,people,possessive
710049,Parma’s,179120,Parma,person,possessive
710314,Christiana’s,235153,Christiana,people,possessive
710421,Costa Rica’s,61838,Costa Rica,place,possessive
710440,Aunt Barbie’s,710438,Aunt Barbie,person,possessive
710507,Elliott’s,362635,Elliott,person,possessive
710513,Su Meng-Wei’s,710511,Su Meng-Wei,person,possessive
710629,Queen Victoria’s,596603,Queen Victoria,concept,possessive
710636,Papa’s,81360,Papa,people,possessive
710744,Twitter’s,76894,Twitter,person,possessive
710763,Handel’s,144129,Handel,person,possessive
710821,Kathy’s,56945,Kathy,person,possessive
710930,Elder Chadwick’s,674006,Elder Chadwick,person,possessive
711008,Jake’s,686300,Jake,people,possessive
711128,Julie B. Beck’s,60481,Julie B. Beck,person,possessive
711160,Celestin Jr.,741392,Celestin Jr,person,trailing_punct
711222,Joshua Reuben Clark Jr.,741448,Joshua Reuben Clark Jr,person,trailing_punct
711250,The Apostles of Jesus’s,176002,the Apostles of Jesus,concept,possessive
711718,Elder Oaks’s,57356,Elder Oaks,person,possessive
711958,Mosiah’s,3251,Mosiah,person,possessive
712132,Shelby’s,523586,Shelby,person,possessive
712206,Latin America’s,57017,Latin America,place,possessive
712426,Shelley’s,60583,Shelley,person,possessive
712603,Andrei’s,682234,Andrei,person,possessive
712660,Halli Jo’s,712659,Halli Jo,person,possessive
712755,Melanie Melanie,57400,Melanie,person,duplicated_word
712764,Jenny Phillips’s,742506,Jenny Phillips,person,possessive
712782,Adam C. Olson’s,101067,Adam C. Olson,person,possessive
712838,Joseph B. Wirthlin Jr.,742555,Joseph B. Wirthlin Jr,person,trailing_punct
713019,Old Bob’s,113061,Old Bob,person,possessive
713162,Sister Gulko’s,713161,Sister Gulko,person,possessive
713349,Kirk’s,231417,Kirk,person,possessive
713418,Kristen Nicole Cardon’s,742992,Kristen Nicole Cardon,person,possessive
713461,Evelyn’s,221339,Evelyn,person,possessive
713466,Agung’s,713467,Agung,person,possessive
713732,Ric’s,743212,Ric,people,possessive
713735,Sister Bird’s,352470,Sister Bird,person,possessive
714118,Po Nien’s,231011,Po Nien,person,possessive
714178,Nana’s,104370,Nana,people,possessive
714349,Adrián Ochoa’s,57961,Adrián Ochoa,person,possessive
714371,Sergio B. Jr.,743681,Sergio B. Jr,person,trailing_punct
714932,Sister Burton’s,61617,Sister Burton,person,possessive
715194,Vince A. Molejan Jr.,744316,Vince A. Molejan Jr,person,trailing_punct
715315,Sister Anaya’s,715313,Sister Anaya,place,possessive
715659,Luisa’s,679586,Luisa,person,possessive
716053,Clayton M. Christensen’s,80029,Clayton M. Christensen,person,possessive
716320,Warner Bros.,745215,Warner Bros,people,trailing_punct
716405,José’s,19735,José,person,possessive
716466,Gustav Adolf’s,716462,Gustav Adolf,person,possessive
716551,Kirsi’s,716548,Kirsi,people,possessive
716558,Callie’s,707374,Callie,person,possessive
716674,Andi’s,683256,Andi,person,possessive
716732,Alexandra’s,510365,Alexandra,people,possessive
716772,Callan’s,716770,Callan,person,possessive
716959,Min-Jun’s,716957,Min-Jun,person,possessive
717161,Sadie’s,69356,Sadie,people,possessive
717337,Mandy’s,675378,Mandy,person,possessive
717391,Frans Lekqwati’s,746084,Frans Lekqwati,person,possessive
717406,Julia Mavimbela’s,95443,Julia Mavimbela,person,possessive
717768,Te Oranoa’s,717766,Te Oranoa,person,possessive
717803,Seiichi Takahashi’s,746368,Seiichi Takahashi,person,possessive
717815,Kelly’s,661672,Kelly,people,possessive
718154,Elder Larson’s,718153,Elder Larson,person,possessive
718207,Joseph W. B. Johnson’s,150590,Joseph W. B. Johnson,person,possessive
718244,Zoey’s,718243,Zoey,person,possessive
718246,Mia’s,56388,MIA,people,possessive
718342,"Techiman,",746926,Techiman,place,trailing_punct
718387,Asperger’s,554188,Asperger,people,possessive
718756,Elder Khomo’s,679205,Elder Khomo,person,possessive
718820,Packer’s,63362,Packer,person,possessive
718844,"Dear Parents,",718724,Dear Parents,work,trailing_punct
719028,Mattie’s,99682,Mattie,person,possessive
719045,Caylee’s,719044,Caylee,person,possessive
719332,Alexis’s,77293,Alexis,person,possessive
719460,Dylan’s,713254,Dylan,person,possessive
719475,Filip’s,298491,Filip,people,possessive
719476,Filip’s,10271,Filip,person,possessive
719539,"Appleby,",766576,Appleby,people,trailing_punct
719588,Marco’s,234836,Marco,people,possessive
719598,Matthew V.,531598,Matthew v,person,trailing_punct
719640,Fleur’s,719634,Fleur,people,possessive
719650,Ramon’s,601360,Ramon,person,possessive
719659,Fumiko’s,719657,Fumiko,person,possessive
719722,Joe’s,59860,Joe,person,possessive
719867,Meliton’s,214924,Meliton,people,possessive
720049,Melusi’s,720051,Melusi,people,possessive
720147,Lehi and Sariah’s,48352,Lehi and Sariah,people,possessive
720231,Sister Obi’s,720232,Sister Obi,people,possessive
720233,Ava’s,13955,Ava,person,possessive
720381,"Sarah M.,",353879,Sarah M,person,trailing_punct
720540,Robin’s,95286,Robin,person,possessive
720676,Sister Antonietti’s,720675,Sister Antonietti,person,possessive
720927,Minjun’s,720934,Minjun,people,possessive
721024,Danna’s,721022,Danna,person,possessive
721087,Ruth C.,357074,Ruth C,person,trailing_punct
721246,Charlie Ben’s,721244,Charlie Ben,person,possessive
721412,Pathway Worldwide’s,20389,Pathway Worldwide,person,possessive
721504,Dyson’s,721501,Dyson,person,possessive
721637,Margaret Rowland’s,721631,Margaret Rowland,person,possessive
721641,Deb’s,721640,Deb,people,possessive
721713,Dear Bro.,563298,Dear Bro,concept,trailing_punct
721986,Alexander Stanley’s,721985,Alexander Stanley,person,possessive
722142,the Solihull Ward’s,684802,the Solihull Ward,place,possessive
722334,Bishop Pointer’s,722327,Bishop Pointer,people,possessive
722468,Elder L. Lionel Kendrick’s,116167,Elder L. Lionel Kendrick,person,possessive
722483,American Samoa’s,55936,American Samoa,people,possessive
722744,Jenna’s,233251,Jenna,person,possessive
722766,Mohamed’s,223871,Mohamed,person,possessive
723129,Santa’s,84272,Santa,place,possessive
723313,the Rosetta Stone and Champollion’s,798690,the Rosetta Stone and Champollion,people,possessive
723341,Alma Richards’s,219844,Alma Richards,person,possessive
723401,Ed Bravenec’s,751269,Ed Bravenec,person,possessive
723883,Clements’s,351751,Clements,people,possessive
723967,Sister Oliver’s,723964,Sister Oliver,person,possessive
723981,Alan’s,64086,Alan,person,possessive
724048,Elder Mutombo’s,720907,Elder Mutombo,person,possessive
724389,Peter Farquhar’s,724385,Peter Farquhar,person,possessive
724629,Byron’s,364188,Byron,people,possessive
724831,Widow Gilbert’s,724833,Widow Gilbert,person,possessive
724872,Janine’s,367712,Janine,person,possessive
724994,Sister Tingey’s,699009,Sister Tingey,people,possessive
725029,"Apr. 19, 2021,",541946,"Apr. 19, 2021",period,trailing_punct
725106,Uchtdorf’s,57046,Uchtdorf,person,possessive
725109,Queen Elizabeth’s,38931,Queen Elizabeth,person,possessive
725181,Te Awhina’s,725178,Te Awhina,person,possessive
725185,John Halliday’s,1709,John Halliday,person,possessive
725525,Sister Alder’s,89480,Sister Alder,person,possessive
725680,Elder McMurrin’s,725684,Elder McMurrin,person,possessive
725851,McKell’s,106299,McKell,people,possessive
725874,Elder Ulisses Soares’s,58381,Elder Ulisses Soares,people,possessive
726019,Mary Helen’s,726018,Mary Helen,person,possessive
726431,Sister Llanos’s,726428,Sister Llanos,person,possessive
726542,Elder Nwubani’s,726539,Elder Nwubani,person,possessive
726646,Elder Toa’s,726647,Elder Toa,person,possessive
726787,Botwe’s,688549,Botwe,person,possessive
727058,Berry’s,207231,Berry,person,possessive
727061,Berry’s,727060,Berry,people,possessive
727544,Aidan’s,727543,Aidan,person,possessive
727554,Larry S. Kacher’s,77862,Larry S. Kacher,person,possessive
727597,Sister Mehra’s,727596,Sister Mehra,person,possessive
727749,Freddie’s,87894,Freddie,people,possessive
727923,Alohilani’s,727922,Alohilani,person,possessive
727980,Bishop Mensah’s,727970,Bishop Mensah,person,possessive
728127,Sister Shamoon’s,728123,Sister Shamoon,people,possessive
728280,Bettina Gudnason’s,754865,Bettina Gudnason,person,possessive
728830,Sister Mutombo’s,105407,Sister Mutombo,person,possessive
729023,Elder Chuquimango’s,729022,Elder Chuquimango,person,possessive
729088,Sister Oberg’s,729087,Sister Oberg,person,possessive
729094,Méndez’s,154115,Méndez,person,possessive
729371,“Mental Health,230121,Mental Health,people,leading_quote
729467,Easter’s,96161,Easter,people,possessive
729513,Elder Hammond’s,109613,Elder Hammond,person,possessive
729810,Sister Doan’s,726802,Sister Doan,people,possessive
729899,chin chin,67336,Chin,person,duplicated_word
729944,Sister Choi’s,684611,Sister Choi,people,possessive
730004,Rachael’s,372057,Rachael,person,possessive
730048,Elder Doug Himstreet’s,730049,Elder Doug Himstreet,people,possessive
730172,Martha Hughes Cannon’s,351024,Martha Hughes Cannon,person,possessive
730182,Elder Okori’s,730181,Elder Okori,person,possessive
731067,“Amigos,134334,Amigos,person,leading_quote
731107,‘City Creek,244007,City Creek,place,leading_quote
731114,“Llevas,304220,Llevas,person,leading_quote
731234,‘Abraham,3278,Abraham,person,leading_quote
731247,‘Absteneos,149571,Absteneos,place,leading_quote
731258,‘Aun,146342,Aun,people,leading_quote
731334,‘¿Cuántas,16222,¿Cuántas,people,leading_quote
731339,“Pertenecemos,140516,Pertenecemos,person,leading_quote
731416,“Jaime,688015,Jaime,person,leading_quote
731588,“¿Recuerdas,7050,¿Recuerdas,people,leading_quote
731691,‘Ahí,129393,Ahí,place,leading_quote
731695,‘¿Eso,302551,¿Eso,people,leading_quote
731696,“Presidente Hinckley,130215,Presidente Hinckley,person,leading_quote
731725,“Éste,128764,Éste,place,leading_quote
731824,‘Golden Gate,473392,Golden Gate,place,leading_quote
731873,‘Hans,87750,Hans,person,leading_quote
731922,‘Llegará,16034,Llegará,place,leading_quote
731968,‘Somos,10434,Somos,place,leading_quote
731990,Gordon B. Hinckley:,55974,Gordon B. Hinckley,person,trailing_punct
732041,‘Vayan,9360,Vayan,person,leading_quote
732060,“Lleguemos,312530,Lleguemos,person,leading_quote
732061,Parte A.,732001,Parte A,place,trailing_punct
732262,‘Información,6293,Información,people,leading_quote
732264,“Llamé,16248,Llamé,person,leading_quote
732322,“ Probar,134760,Probar,person,leading_quote
732370,“Maurice,201017,Maurice,person,leading_quote
732378,“créeme,144646,Créeme,person,leading_quote
732543,“Abraham Lincoln,58721,Abraham Lincoln,person,leading_quote
732695,“Aquella,132645,Aquella,person,leading_quote
732753,“Graduación,296666,Graduación,person,leading_quote
732829,Judas Judas,19108,Judas,person,duplicated_word
732856,“Kelli,697315,Kelli,person,leading_quote
733052,“Puedo,9111,Puedo,person,leading_quote
733143,Hermana Hinckley:,130675,Hermana Hinckley,person,trailing_punct
733225,“dolores,17391,Dolores,place,leading_quote
733415,"Estaca Mérida,",733893,Estaca Mérida,person,trailing_punct
733499,“Luisinho,733498,Luisinho,person,leading_quote
733510,“National Council of Women,310859,National Council of Women,people,leading_quote
733513,‘Margaret,76404,Margaret,person,leading_quote
733646,“¿Son,132959,¿Son,people,leading_quote
733940,“Andando,258352,Andando,person,leading_quote
733976,‘testigos de Dios,131306,testigos de Dios,people,leading_quote
733990,“Chanel,733989,Chanel,person,leading_quote
734005,‘Escoge,11826,Escoge,person,leading_quote
734020,“Hacía,55422,Hacía,person,leading_quote
734044,“Volveré,12076,Volveré,person,leading_quote
734075,“iba,748968,Iba,person,leading_quote
734101,“Día,14994,Día,people,leading_quote
734118,‘Lleva,311809,Lleva,person,leading_quote
734166,“Recordé,131352,Recordé,place,leading_quote
734291,“recibo,142558,Recibo,person,leading_quote
734358,‘Calla,180481,Calla,place,leading_quote
734443,“ Así,5845,Así,person,leading_quote
734491,‘¿Recuerdan,7523,¿Recuerdan,people,leading_quote
734662,“Pareciera,146463,Pareciera,place,leading_quote
734690,“Lugar de la Calavera,11946,Lugar de la Calavera,place,leading_quote
734755,‘Presidente,700748,Presidente,place,leading_quote
734764,“Tales,68476,Tales,place,leading_quote
734844,“Jóvenes,4939,Jóvenes,person,leading_quote
734880,“Vive,6529,Vive,place,leading_quote
734984,“Scott,62385,Scott,person,leading_quote
735014,“¡Nuestra,136021,¡Nuestra,place,leading_quote
735240,“Corrí,735233,Corrí,person,leading_quote
735272,‘Tenía,753241,Tenía,people,leading_quote
735369,“Aun,127140,Aun,place,leading_quote
735391,“Póngalo,163560,Póngalo,person,leading_quote
735502,“Are Mormons Christians,130629,Are Mormons Christians,person,leading_quote
735512,“¡Bueno,159471,¡Bueno,person,leading_quote
735684,“Curriculum,101831,Curriculum,person,leading_quote
735853,“¿Había,13626,¿Había,person,leading_quote
735870,“Pido,125975,Pido,person,leading_quote
735881,“También,4888,También,person,leading_quote
735883,“Linda,98351,Linda,person,leading_quote
735951,“Mujeres,336826,Mujeres,place,leading_quote
736081,“Hacían,13462,Hacían,person,leading_quote
736108,“Descubrirás,298636,Descubrirás,person,leading_quote
736191,“Asistí,131493,Asistí,person,leading_quote
736227,‘¿No sabéis,7200,¿No sabéis,people,leading_quote
736362,“Intenté,127059,Intenté,person,leading_quote
736412,“Marcella,692088,Marcella,person,leading_quote
736574,‘¿Has,8074,¿Has,people,leading_quote
736582,‘Conmigo,316286,Conmigo,people,leading_quote
736657,“Gospel Library,20260,Gospel Library,person,leading_quote
736715,“Muchísimas,155126,Muchísimas,person,leading_quote
736815,‘Hazlo,129157,Hazlo,person,leading_quote
736816,‘Hace,135119,Hace,place,leading_quote
737046,“Nacimiento,739944,Nacimiento,place,leading_quote
737068,“Morgan,139621,Morgan,person,leading_quote
737158,“Recordemos,140358,Recordemos,place,leading_quote
737199,“¿Tienes,16207,¿Tienes,people,leading_quote
737252,‘Presidente McKay,310044,presidente McKay,person,leading_quote
737271,“Desarrollamos,184127,Desarrollamos,person,leading_quote
737278,‘Entiendo,6563,Entiendo,person,leading_quote
737455,“Volvamos,163521,Volvamos,person,leading_quote
737497,“Talitha,35350,Talitha,person,leading_quote
737505,“Sucede,305560,Sucede,person,leading_quote
737519,‘¿Asiste,739445,¿Asiste,place,leading_quote
737583,“¡Miren,153121,¡Miren,person,leading_quote
737647,“Caja del domingo,736442,Caja del Domingo,place,leading_quote
737708,‘¡Estoy,744435,¡Estoy,place,leading_quote
737741,“Consigan,752022,Consigan,person,leading_quote
737742,“Muerte,10778,Muerte,person,leading_quote
737771,“Maldice,11898,Maldice,person,leading_quote
737776,“Sentí el,161163,Sentí el,person,leading_quote
737879,“Confiamos,753003,Confiamos,person,leading_quote
738036,“valle de,8570,valle de,place,leading_quote
738302,‘Sumo Sacerdote Presidente,149993,Sumo Sacerdote Presidente,people,leading_quote
738363,“Golden Gate,161917,Golden Gate,person,leading_quote
738413,“Bien,98731,Bien,person,leading_quote
738473,‘Éste,128764,Éste,place,leading_quote
738543,“¿Alguna,6058,¿Alguna,people,leading_quote
738715,“Hice,133775,Hice,person,leading_quote
738765,“World Trade Center,166417,World Trade Center,place,leading_quote
738812,‘Señora,166347,Señora,place,leading_quote
738813,‘¿Cuánto,7997,¿Cuánto,people,leading_quote
738896,“Spanish,315743,Spanish,person,leading_quote
738899,“Mamá,142591,Mamá,place,leading_quote
739004,‘Y ¿,130688,Y ¿,place,leading_quote
739067,“Elevar,128693,Elevar,person,leading_quote
739177,“Niños,5003,Niños,person,leading_quote
739208,“Mensaje de la Primera Presidencia,161391,Mensaje de la Primera Presidencia,person,leading_quote
739243,“Autosuficiencia,321406,Autosuficiencia,person,leading_quote
739303,“Desean,753495,Desean,person,leading_quote
739449,“Repase,6734,Repase,person,leading_quote
739588,“Toby,681640,Toby,person,leading_quote
739591,“Además,4790,Además,person,leading_quote
739625,“Queríamos,135645,Queríamos,person,leading_quote
739638,‘Neil,128331,Neil,place,leading_quote
739689,“Asiste,5841,Asiste,place,leading_quote
739749,casa de mi tía.,746637,casa de mi tía,place,trailing_punct
739782,“Kent,224554,Kent,person,leading_quote
739804,“Lugar santo,15194,Lugar Santo,place,leading_quote
739828,‘¿Quieres,8468,¿Quieres,people,leading_quote
739866,“Fieles,311242,Fieles,person,leading_quote
739941,“Arlo,739939,Arlo,place,leading_quote
739946,“Comentario,275395,Comentario,person,leading_quote
740003,‘Puedo,139468,Puedo,place,leading_quote
740117,“Descubrimos,751578,Descubrimos,person,leading_quote
740200,“¿Paga,5715,¿Paga,person,leading_quote
740651,“Luchamos,142436,Luchamos,person,leading_quote
740652,’Alekisio,710344,Alekisio,person,leading_quote
740742,“Chance,202291,Chance,person,leading_quote
740757,“Contigo iré,140517,Contigo iré,person,leading_quote
740781,“Papi,84302,Papi,person,leading_quote
740880,“Gracias,127359,Gracias,place,leading_quote
740947,Mi Deber a Dios.,126750,Mi Deber a Dios,people,trailing_punct
741005,‘Santos de los Últimos Días’,139711,Santos de los Últimos Días’,people,leading_quote
741023,“Peor,16633,Peor,person,leading_quote
741024,“Lee,15753,Lee,person,leading_quote
741129,“Traer,734793,Traer,person,leading_quote
741651,“Honramos,128230,Honramos,person,leading_quote
741812,‘Quienes,314272,Quienes,people,leading_quote
741979,“whither,34665,Whither,person,leading_quote
741984,“¡Estás,11162,¡Estás,person,leading_quote
742045,‘Santos venid,159954,Santos venid,people,leading_quote
742101,“Guideposts,147283,Guideposts,person,leading_quote
742318,“Alex,78738,Alex,person,leading_quote
742363,“Coloca,9123,Coloca,person,leading_quote
742372,“Reciban,143844,Reciban,place,leading_quote
742411,“Participa,5685,Participa,person,leading_quote
742448,“Establecí,154239,Establecí,person,leading_quote
742495,‘¿Estarán,139535,¿Estarán,people,leading_quote
742496,“Me di,755878,Me di,people,leading_quote
742502,“Rachel,19536,Rachel,person,leading_quote
742618,“Carson,115516,Carson,person,leading_quote
742728,“¿Valió,165296,¿Valió,people,leading_quote
742805,“Pues,7190,Pues,person,leading_quote
742917,“Mella,705710,Mella,person,leading_quote
742947,habían habían,14479,Habían,person,duplicated_word
743006,“Oye,13430,Oye,person,leading_quote
743033,“Consideren,125627,Consideren,person,leading_quote
743151,‘Nuestra,126061,Nuestra,people,leading_quote
743214,“Créeme,144646,Créeme,person,leading_quote
743480,“Leer,153023,Leer,person,leading_quote
743489,“Agarré,125815,Agarré,person,leading_quote
743530,“Seguidores de Cristo,272331,Seguidores de Cristo,people,leading_quote
743553,‘Usted,140611,Usted,people,leading_quote
743827,‘Jesús de Nazaret,10963,Jesús de Nazaret,person,leading_quote
743865,“Supliqué,155707,Supliqué,person,leading_quote
743867,‘¿Asistes,141997,¿Asistes,people,leading_quote
743928,“¿Sabemos,133388,¿Sabemos,people,leading_quote
744021,“Comed,7516,Comed,person,leading_quote
744125,“Randi,673793,Randi,person,leading_quote
744145,“Aumenten,314283,Aumenten,person,leading_quote
744148,“Manifiesten,744147,Manifiesten,place,leading_quote
744279,“Experiencia,142205,Experiencia,person,leading_quote
744346,“Encomienda,12775,Encomienda,person,leading_quote
744354,“Devonna,162469,Devonna,person,leading_quote
744420,“Encontré,129478,Encontré,person,leading_quote
744442,‘¿Crees,11163,¿Crees,people,leading_quote
744443,“Confiábamos,314353,Confiábamos,person,leading_quote
744453,“Compartir,746399,Compartir,person,leading_quote
744525,“Dr.,732606,Dr.,person,leading_quote
744673,“Encontramos protección,162749,Encontramos protección,person,leading_quote
744718,‘No temas,15809,No temas,people,leading_quote
744730,“Steven,85315,Steven,person,leading_quote
744749,“Dejad,8751,Dejad,person,leading_quote
744825,“Allí,5076,Allí,place,leading_quote
744845,“Orar,179382,Orar,person,leading_quote
744988,“¿Necesitas,149684,¿Necesitas,people,leading_quote
745061,“Bienvenida,4983,Bienvenida,place,leading_quote
745178,“Jugar,337968,Jugar,person,leading_quote
745190,“Toma,756194,Toma,place,leading_quote
745250,“¿Seré,310284,¿Seré,person,leading_quote
745295,“¿También,7452,¿También,people,leading_quote
745345,“Abuela,716451,Abuela,place,leading_quote
745392,“Enseña,4995,Enseña,person,leading_quote
745396,“Violín,745395,Violín,person,leading_quote
745488,“¿Piensas,14943,¿Piensas,people,leading_quote
745517,“Padres,19482,Padres,person,leading_quote
745635,“Abbey,236794,Abbey,person,leading_quote
745654,“Solo,89787,Solo,place,leading_quote
745782,‘“Ven,5004,Ven,person,leading_quote
745831,“Aprendan de Alma,143017,Aprendan de Alma,person,leading_quote
746384,“Escuchad,8923,Escuchad,person,leading_quote
746400,“¡Gracias!,742897,¡Gracias!,place,leading_quote
746446,“Traeré,142902,Traeré,person,leading_quote
746484,“Debí,131491,Debí,person,leading_quote
746496,“Conocimiento,7297,Conocimiento,person,leading_quote
746715,“Hagamos,18288,Hagamos,place,leading_quote
746771,“Discernimiento,15402,Discernimiento,place,leading_quote
747005,“Pregúntate,314994,Pregúntate,person,leading_quote
747165,‘Paz,9285,Paz,place,leading_quote
747260,“Gracias,106280,Gracias,person,leading_quote
747489,Estimados padres:,747628,Estimados padres,work,trailing_punct
747535,“¡Feliz,736624,¡Feliz,person,leading_quote
747729,‘Expiación’,754249,Expiación’,person,leading_quote
747731,‘Caída de Adán,12374,Caída de Adán,person,leading_quote
747813,“Asistir,4957,Asistir,person,leading_quote
747868,“Hablamos,131389,Hablamos,person,leading_quote
747937,“Estaban,18469,Estaban,person,leading_quote
747960,“Ángel,369309,Ángel,person,leading_quote
747988,“Vamos,735643,Vamos,person,leading_quote
748168,‘¿Cuáles,125770,¿Cuáles,people,leading_quote
748196,“Sostener,5821,Sostener,person,leading_quote
748309,“Callie,707374,Callie,person,leading_quote
748448,“Katya,99042,Katya,person,leading_quote
748506,“¿Han,12315,¿Han,people,leading_quote
748532,“Fabián,109243,Fabián,person,leading_quote
748654,“¡Cualquiera,180741,¡Cualquiera,person,leading_quote
748726,“Sentí el Espíritu,126066,Sentí el Espíritu,person,leading_quote
748774,“Van,159884,Van,person,leading_quote
748868,“¿Por,8953,¿Por,place,leading_quote
748953,“Seguirle,261606,Seguirle,person,leading_quote
748992,“Jesús de Nazaret,10963,Jesús de Nazaret,person,leading_quote
749006,“Sé cuál,307341,Sé cuál,place,leading_quote
749374,“¿Esa,306800,¿Esa,people,leading_quote
749661,“Reunir,272322,Reunir,person,leading_quote
749663,‘¿Sigue,5711,¿Sigue,people,leading_quote
749776,“Danna,721022,Danna,person,leading_quote
749821,‘Unidos,272813,Unidos,place,leading_quote
749854,“ten[gan,130661,ten[gan,person,leading_quote
749965,“Recibirás,130801,Recibirás,person,leading_quote
750334,‘Iglesia’,141506,Iglesia’,people,leading_quote
750337,‘No me elegisteis,11352,No me elegisteis,people,leading_quote
750627,“mamá,126572,Mamá,person,leading_quote
750703,trad.,755461,Trad,person,trailing_punct
750747,‘Quieren,134111,Quieren,person,leading_quote
750773,“Claro,128651,Claro,person,leading_quote
750920,“Reitero,128228,Reitero,person,leading_quote
751344,“separó Dios,15243,separó Dios,person,leading_quote
751372,’ Bueno,10439,Bueno,person,leading_quote
751621,‘Cecilia,562122,Cecilia,place,leading_quote
751639,‘Vaya,10116,Vaya,place,leading_quote
751647,“Acepta,15448,Acepta,person,leading_quote
751730,Gary Hendricks.,723839,Gary Hendricks,person,trailing_punct
751736,Sanador .,14922,Sanador,place,trailing_punct
751894,“modestia,9918,Modestia,person,leading_quote
752241,“Abuso,6215,Abuso,person,leading_quote
752442,‘¿Somos,139244,¿Somos,people,leading_quote
752650,"Faustino López Requena,",746945,Faustino López Requena,person,trailing_punct
752995,“Dedíquenle,126184,Dedíquenle,person,leading_quote
753002,“Vivimos,136249,Vivimos,person,leading_quote
753025,“ Ángela,128654,Ángela,person,leading_quote
753076,“Mason,90701,Mason,person,leading_quote
753122,“Ponemos,163942,Ponemos,person,leading_quote
753165,“Inspiración,7018,Inspiración,person,leading_quote
753198,“beb[ió,125244,beb[ió,person,leading_quote
753494,’ ‘¿Qué,126872,‘¿Qué,people,leading_quote
753591,‘Más,312973,Más,people,leading_quote
753592,‘Déjame,7715,Déjame,person,leading_quote
753610,“Adicción,267131,Adicción,person,leading_quote
753634,“Expresar,6640,Expresar,person,leading_quote
753684,“guías,285134,Guías,person,leading_quote
753915,“Comparto,128282,Comparto,person,leading_quote
753956,“Jehová vuestro,12781,Jehová vuestro,person,leading_quote
754091,“Daisy,110629,Daisy,person,leading_quote
754115,“Podía,127618,Podía,person,leading_quote
754253,‘Proclamad,18084,Proclamad,place,leading_quote
754255,“Considera,257654,Considera,person,leading_quote
754257,‘Sociedad de Socorro’,380318,Sociedad de Socorro’,people,leading_quote
754454,“lloró Jesús,11308,lloró Jesús,person,leading_quote
754531,“Kevin,57826,Kevin,person,leading_quote
754555,“Fui,136661,Fui,place,leading_quote
754681,Checoslovaquia.,139229,Checoslovaquia,place,trailing_punct
754742,“¿Voy,751010,¿Voy,people,leading_quote
754782,‘¿Acaso,10378,¿Acaso,people,leading_quote
754796,‘Guarden,745981,Guarden,place,leading_quote
754853,‘¿Nos,137160,¿Nos,people,leading_quote
754856,‘Mis,142939,Mis,person,leading_quote
755153,“Daniel,18661,Daniel,person,leading_quote
755282,‘¿Sabe,148670,¿Sabe,people,leading_quote
755402,‘Trabaja,4999,Trabaja,people,leading_quote
755404,‘Élder Bednar,273821,Élder Bednar,place,leading_quote
755406,‘¿Llevamos,154633,¿Llevamos,people,leading_quote
755412,“Randy,56243,Randy,person,leading_quote
755483,“ten[er,129235,ten[er,person,leading_quote
755491,“Diversión,156225,Diversión,person,leading_quote
755536,“Bibliotecas,752165,Bibliotecas,place,leading_quote
755538,“Manejar,304269,Manejar,person,leading_quote
755555,“Dios el Padre,4830,Dios el Padre,person,leading_quote
755651,”Piensen,125650,Piensen,person,leading_quote
755863,“Guardar,4840,Guardar,place,leading_quote
756144,“Tratar,25766,Tratar,person,leading_quote
756205,‘se[r,125748,se[r,people,leading_quote
756284,“Dijimos,153489,Dijimos,person,leading_quote
756422,“Unos,18238,Unos,person,leading_quote
756557,‘Papi,128808,Papi,place,leading_quote
756694,“le[s,166685,le[s,person,leading_quote
758817,King'S,391169,King,concept,possessive
759093,Elder Crandall's,759092,Elder Crandall,person,possessive
759097,Discuss Discuss,759069,Discuss,person,duplicated_word
759143,"""The Candle of the Lord",78063,The Candle of the Lord,concept,leading_quote
759393,past week's,554450,past week,period,possessive
759494,Roger Aschcam's,759490,Roger Aschcam,person,possessive
759726,68–70.,759888,68–70,object,trailing_punct
760042,‘¿Podrían,125251,¿Podrían,people,leading_quote
760056,“ ‘¿Puedo,311500,‘¿Puedo,people,leading_quote
760265,‘¿Notaron,304937,¿Notaron,people,leading_quote
760410,‘Envíame,13791,Envíame,people,leading_quote
760416,“Materiales,6600,Materiales,place,leading_quote
760551,ADAM'S,3289,Adam,person,possessive
760597,DAVID WHITMER'S,31201,David Whitmer,person,possessive
760628,"Luther, Calvin,",654707,"Luther, Calvin",people,trailing_punct
761168,ENOCH'S,18680,Enoch,person,possessive
761192,"January, 1831:",529420,"January, 1831",period,trailing_punct
761618,OLIVER COWDERY'S,18654,Oliver Cowdery,person,possessive
762137,"The Divine Comedy,",794993,The Divine Comedy,concept,trailing_punct
762199,"Rediscovering the Book of Mormon , ed.",797921,"Rediscovering the Book of Mormon , ed",concept,trailing_punct
762222,John Welch’s,345695,John Welch,person,possessive
762235,Sorenson’s,162990,Sorenson,person,possessive
762314,Merritt Ruhlen’s,762294,Merritt Ruhlen,person,possessive
762360,Barker’s,119872,Barker,person,possessive
762382,Barker’s,348998,Barker,concept,possessive
762387,Terryl Givens’s,86546,Terryl Givens,person,possessive
762405,Von Feldt’s,762406,Von Feldt,person,possessive
762420,Bradshaw’s,793538,Bradshaw,people,possessive
762424,Margaret Barker’s,573449,Margaret Barker,person,possessive
762432,Neal Rappleye’s,762421,Neal Rappleye,person,possessive
762513,Robert Murray’s,762452,Robert Murray,person,possessive
762534,Kevin Barney’s,579788,Kevin Barney,person,possessive
762566,Hall’s,670073,Hall,people,possessive
762594,Katherine Kidd’s,762593,Katherine Kidd,person,possessive
762602,William Dever’s,762312,William Dever,person,possessive
762630,John Butler’s,209146,John Butler,person,possessive
762678,Bill Maher’s,768466,Bill Maher,person,possessive
762717,Al Mohler’s,636945,Al Mohler,person,possessive
762875,Benjamin McGuire’s,762633,Benjamin McGuire,person,possessive
762961,Garth Norman’s,762964,Garth Norman,person,possessive
763154,Max Planck’s,140838,Max Planck,person,possessive
763217,Noah-Elias’s,763216,Noah-Elias,people,possessive
763232,"March 10, 1844:",204638,"March 10, 1844",period,trailing_punct
763279,John the Seer’s,763284,John the Seer,person,possessive
763454,Zenos’s,19918,Zenos,people,possessive
763583,Stanford Carmack’s,634404,Stanford Carmack,people,possessive
763666,Baasha’s,37344,Baasha,person,possessive
763716,King Anti-Nephi-Lehi’s,771689,King Anti-Nephi-Lehi,person,possessive
763759,Anti-Nephi-Lehi’s,26764,Anti-Nephi-Lehi,people,possessive
763907,Mustafa Akyol’s,763867,Mustafa Akyol,person,possessive
763920,Stark’s,471278,Stark,person,possessive
763944,Wordsworth’s,78783,Wordsworth,people,possessive
763955,Northrop Frye’s,570330,Northrop Frye,people,possessive
763961,William F. Albright’s,573323,William F. Albright,person,possessive
763967,Y ʾ š .,763965,Y ʾ š,people,trailing_punct
764049,Kepler’s,446623,Kepler,people,possessive
764150,Zeniff’s,19913,Zeniff,person,possessive
764175,J. P. Fokkelman’s,575975,J. P. Fokkelman,person,possessive
764180,First Nephi’s,108258,First Nephi,people,possessive
764194,Gee’s,361569,Gee,people,possessive
764254,Kevin Christensen’s,575722,Kevin Christensen,person,possessive
764299,Thomas Carlyle’s,66911,Thomas Carlyle,person,possessive
764302,Washington Irving’s,363258,Washington Irving,people,possessive
764305,D. Michael Quinn’s,351532,D. Michael Quinn,person,possessive
764306,Vogel’s,566734,Vogel,people,possessive
764311,Nathan Oman’s,630347,Nathan Oman,person,possessive
764313,Welch’s,163410,Welch,people,possessive
764344,Ben McGuire’s,764317,Ben McGuire,person,possessive
764345,Rick Grunder’s,771081,Rick Grunder,person,possessive
764419,Toiroa’s,764418,Toiroa,person,possessive
764446,Te Kooti’s,552947,Te Kooti,person,possessive
764478,Paora Potangaroa’s,552870,Paora Potangaroa,person,possessive
764501,Stuart Meha’s,220395,Stuart Meha,person,possessive
764530,Arapata Taniwha’s,764439,Arapata Taniwha,people,possessive
764600,Toiroa’s,764420,Toiroa,people,possessive
764634,Paora’s,215580,Paora,person,possessive
764656,Church.,378168,Church,place,trailing_punct
764658,Steven C. Harper’s,57673,Steven C. Harper,person,possessive
764664,George Manwaring’s,255344,George Manwaring,person,possessive
764667,Harper’s,209828,Harper,people,possessive
764669,Gerald Tanner’s,818710,Gerald Tanner,person,possessive
764868,Gabrielle Vail’s,784862,Gabrielle Vail,people,possessive
764921,Lawrence Poulsen’s,762267,Lawrence Poulsen,person,possessive
765042,David Noel Freedman’s,111664,David Noel Freedman,person,possessive
765223,the New Living Translation’s,324390,the New Living Translation,people,possessive
765279,Falk’s,609037,Falk,people,possessive
765310,Bookcraft Pubs.,765311,Bookcraft Pubs,people,trailing_punct
765468,the BYU Museum of Art’s,347447,the BYU Museum of Art,people,possessive
765477,Jack Welch’s,63304,Jack Welch,person,possessive
765795,M. Catherine Thomas’s,324774,M. Catherine Thomas,person,possessive
765799,Janzen’s,115942,Janzen,person,possessive
766025,the Book of Mormon (Salt Lake City:,163268,the Book of Mormon (Salt Lake City,concept,trailing_punct
766243,Hell’s,41267,Hell,people,possessive
766262,Ibn Rushd’s,643097,Ibn Rushd,person,possessive
766284,Al-Ghazali’s,768551,al-Ghazali,person,possessive
766317,Samuel M. Brown’s,605677,Samuel M. Brown,person,possessive
766319,Joseph] Smith’s,18235,Joseph] Smith,person,possessive
766359,Gardner’s,70084,Gardner,person,possessive
766360,Hardy’s,219553,Hardy,person,possessive
766361,John Christopher Thomas’s,602605,John Christopher Thomas,person,possessive
766363,Paul Gutjahr’s,342225,Paul Gutjahr,person,possessive
766367,David M. Belnap’s,773803,David M. Belnap,person,possessive
766378,Don Bradley’s,340153,Don Bradley,person,possessive
766380,Daniel C. Peterson’s,162964,Daniel C. Peterson,person,possessive
766515,Anson Call’s,354353,Anson Call,person,possessive
766565,William West’s,636783,William West,person,possessive
766609,Church Historian’s,75491,Church Historian,people,possessive
766740,Matt Bowen’s,778120,Matt Bowen,person,possessive
766836,Carl Sagan’s,117657,Carl Sagan,person,possessive
766989,Ammon 1 ’s,766976,Ammon 1,person,possessive
766992,Ammon 2 ’s,766970,Ammon 2,person,possessive
767023,Ammon 1 ’s,766969,Ammon 1,concept,possessive
767082,Mormon’s,3332,Mormon,person,possessive
767156,Limhi’s,29318,Limhi,person,possessive
767223,Jacques Derrida’s,620112,Jacques Derrida,person,possessive
767269,Benjamin Keogh’s,767291,Benjamin Keogh,person,possessive
767277,Thomas Aquinas’s,114166,Thomas Aquinas,person,possessive
767296,Keogh’s,767295,Keogh,person,possessive
767307,Green’s,289020,Green,people,possessive
767316,Keogh’s,767294,Keogh,people,possessive
767428,Sarah Whitmer’s,767427,Sarah Whitmer,person,possessive
767566,Michael Coe’s,676189,Michael Coe,person,possessive
767578,"12:00 am Jerry,",767574,12:00 am Jerry,period,trailing_punct
767579,Bishop de Landa’s,767701,Bishop de Landa,people,possessive
767617,Gerrit Steenblik’s,767560,Gerrit Steenblik,person,possessive
767633,Paul Reeve’s,767517,Paul Reeve,person,possessive
767673,Max Perry Mueller’s,659981,Max Perry Mueller,person,possessive
767678,John Sorenson’s,191545,John Sorenson,person,possessive
767687,Sylvanus Morley’s,779752,Sylvanus Morley,people,possessive
767700,Justin Kerr’s,621419,Justin Kerr,person,possessive
767731,Simon Bolivar’s,814811,Simon Bolivar,person,possessive
767915,Adam S. Miller’s,571530,Adam S. Miller,person,possessive
767918,Miller’s,212167,Miller,people,possessive
767952,Thomas Nagel’s,764119,Thomas Nagel,person,possessive
768222,the Neal A. Maxwell Institute’s,598770,the Neal A. Maxwell Institute,place,possessive
768241,Robert Johnston’s,768272,Robert Johnston,person,possessive
768274,Craigie’s,655697,Craigie,people,possessive
768277,Adam Miller’s,571527,Adam Miller,person,possessive
768280,Sherem’s,19715,Sherem,person,possessive
768317,René Girard’s,630581,René Girard,people,possessive
768324,Warren Jeffs’s,768446,Warren Jeffs,person,possessive
768563,the Latin Vulgate Bible’s,595113,the Latin Vulgate Bible,period,possessive
768609,Thomas Kuhn’s,637431,Thomas Kuhn,person,possessive
768655,John McDade’s,762460,John McDade,person,possessive
768662,Thomas S. Kuhn’s,767958,Thomas S. Kuhn,person,possessive
768734,Julie Smith’s,768714,Julie Smith,person,possessive
768842,VSS ’s,419015,VSS,people,possessive
768915,Binder’s,213161,Binder,person,possessive
768916,Levine’s,601767,Levine,people,possessive
768924,Mulek’s,19391,Mulek,people,possessive
768998,David Hackett Fischer’s,768910,David Hackett Fischer,person,possessive
769130,Joseph Spencer’s,78077,Joseph Spencer,person,possessive
769133,Blake Ostler’s,571528,Blake Ostler,person,possessive
769157,Philo’s,289816,Philo,person,possessive
769229,Freemasonry Freemasonry,199272,Freemasonry,people,duplicated_word
769384,"Cedar Fort,",224451,Cedar Fort,place,trailing_punct
769450,Hugh W. Abraham’s,576672,Hugh W. Abraham,person,possessive
769505,An American Prophet’s,102064,An American Prophet,people,possessive
769798,Christian Smith’s,77547,Christian Smith,person,possessive
769802,David Hume’s,90202,David Hume,person,possessive
769813,Dostoevsky’s,66088,Dostoevsky,person,possessive
769836,Brian Stubbs’s,769833,Brian Stubbs,person,possessive
770264,Matthew Scott Stenson’s,763505,Matthew Scott Stenson,person,possessive
770367,Palmer’s,587976,Palmer,people,possessive
770369,Grant Palmer’s,556893,Grant Palmer,person,possessive
770379,Luke Johnson’s,30125,Luke Johnson,person,possessive
770386,Nancy Alexander’s,343053,Nancy Alexander,person,possessive
770525,n.d .,353196,n.d,place,trailing_punct
770537,Levi Lewis’s,585553,Levi Lewis,person,possessive
770538,Lewis’s,811136,Lewis,people,possessive
770539,Hurlbut and Howe:,770540,Hurlbut and Howe,people,trailing_punct
770543,Eli Johnson’s,513464,Eli Johnson,person,possessive
770562,Andrew Jenson’s,65031,Andrew Jenson,person,possessive
770576,Sarah Pratt’s,209507,Sarah Pratt,person,possessive
770642,Seth’s,19574,Seth,person,possessive
770683,Spalding’s,185478,Spalding,person,possessive
770730,Black Elk’s,666603,Black Elk,people,possessive
770875,Heschel’s,770891,Heschel,people,possessive
770893,Louis Ginzberg’s,421886,Louis Ginzberg,person,possessive
771085,Grunder’s,771084,Grunder,people,possessive
771090,Abraham Geiger’s,771221,Abraham Geiger,person,possessive
771103,Humphrey Ward’s,529721,Humphrey Ward,person,possessive
771124,Larry Hurtado’s,667781,Larry Hurtado,person,possessive
771154,Jonathon Z. Smith’s,771122,Jonathon Z. Smith,person,possessive
771238,Underwood’s,147015,Underwood,people,possessive
771255,James Russell Lowell’s,60055,James Russell Lowell,person,possessive
771561,Jana Riess’s,703419,Jana Riess,person,possessive
771563,Riess’s,219416,Riess,people,possessive
771585,Girard’s,806818,Girard,people,possessive
771698,the Great God’s,571743,The Great God,concept,possessive
771775,Nahuatl Nahuatl,530631,Nahuatl,people,duplicated_word
771797,Ktn yo’vï-k,771745,Ktn,person,pronunciation_tail
771800,Exploring the Explanatory Power :,771739,Exploring the Explanatory Power,concept,trailing_punct
771842,John S. Robertson’s,647874,John S. Robertson,person,possessive
771843,Rogers’s,281119,Rogers,people,possessive
771925,Lyle Campbell’s,621518,Lyle Campbell,person,possessive
771941,Sapir’s,769843,Sapir,person,possessive
771968,Hansen’s,120299,Hansen,person,possessive
771988,Aramaic tǝmar > UA *tïmaC.,771991,Aramaic tǝmar > UA *tïmaC,people,trailing_punct
772017,Rogers’s,44203,Rogers,person,possessive
772039,Gregory L. Smith’s,165180,Gregory L. Smith,person,possessive
772040,John Dehlin’s,349732,John Dehlin,person,possessive
772045,Jeffrey M. Bradshaw’s,230670,Jeffrey M. Bradshaw,person,possessive
772048,David Bokovoy’s,588476,David Bokovoy,person,possessive
772124,William Caxton’s,772113,William Caxton,person,possessive
772362,Sarah Barringer Gordon’s,164995,Sarah Barringer Gordon,person,possessive
772399,Stephanie Meyers’s,772397,Stephanie Meyers,person,possessive
772409,Helen Whitney’s,215675,Helen Whitney,person,possessive
772435,the American Academy of Religion’s,342220,the American Academy of Religion,people,possessive
772491,Burke’s,443221,Burke,person,possessive
772801,John G. Turner’s,231590,John G. Turner,person,possessive
772810,Alex Beam’s,772800,Alex Beam,people,possessive
772841,"June 17, 2014,",772830,"June 17, 2014",period,trailing_punct
772850,Charlotte Haven’s,566851,Charlotte Haven,person,possessive
772924,Karl Schmidt’s,469490,Karl Schmidt,person,possessive
772945,Hales’s,207816,Hales,people,possessive
772958,Fawn M. Brodie’s,566732,Fawn M. Brodie,person,possessive
772959,George Smith’s,371064,George Smith,person,possessive
772960,Todd Compton’s,165213,Todd Compton,person,possessive
773018,Jonathan Neville’s,603985,Jonathan Neville,person,possessive
773031,Eugene Nida’s,577868,Eugene Nida,person,possessive
773032,Eugene A. Nida’s,580339,Eugene A. Nida,person,possessive
773033,Nida’s,578982,Nida,people,possessive
773073,Roger Keller’s,637767,Roger Keller,person,possessive
773082,Robert A. Rees’s,768896,Robert A. Rees,person,possessive
773369,Jeff Lindsay’s,762202,Jeff Lindsay,person,possessive
773372,Lindsay’s,84869,Lindsay,person,possessive
773377,Winston Smith’s,773375,Winston Smith,person,possessive
773407,Raymond Moody’s,85841,Raymond Moody,person,possessive
773414,Matthew Brown’s,229033,Matthew Brown,person,possessive
773517,Howard Storm’s,773518,Howard Storm,person,possessive
773529,Stephenson’s,220803,Stephenson,person,possessive
773531,Leon Festinger’s,773461,Leon Festinger,person,possessive
773535,Ian Barbour’s,768612,Ian Barbour,person,possessive
773547,William E. McLellan’s,612583,William E. McLellan,person,possessive
773880,Marjorie Newton’s,101476,Marjorie Newton,person,possessive
773896,Jason Hartley’s,773867,Jason Hartley,person,possessive
773922,Emmanuel Levinas’s,645306,Emmanuel Levinas,person,possessive
773929,Robert Alter’s,322881,Robert Alter,person,possessive
773952,Jim Faulconer’s,773954,Jim Faulconer,person,possessive
773969,Meir Sternberg’s,620183,Meir Sternberg,person,possessive
774050,Sheri Dew’s,70068,Sheri Dew,person,possessive
774162,Northern Israel’s,417409,Northern Israel,place,possessive
774163,Max Weber’s,571385,Max Weber,person,possessive
774283,Shiz’s,28244,Shiz,people,possessive
774333,"Alma, Abinadi,",122552,"Alma, Abinadi",people,trailing_punct
774344,"Zenock,",19916,Zenock,people,trailing_punct
774428,Fisher’s,47541,Fisher,people,possessive
774464,Herbert Spencer’s,211294,Herbert Spencer,person,possessive
774526,"Derby,",217298,Derby,people,trailing_punct
774601,RIT’s,774602,RIT,people,possessive
774613,Conder’s,467689,Conder,people,possessive
774634,Athenaeum’s,477095,Athenaeum,people,possessive
774655,Matthew Bowen’s,767196,Matthew Bowen,person,possessive
774723,Yuval Harari’s,630704,Yuval Harari,person,possessive
774768,Rochester’s,519857,Rochester,people,possessive
774805,John H. Gilbert’s,198654,John H. Gilbert,person,possessive
774840,’Most Desirable Above All Things,804153,Most Desirable Above All Things,concept,leading_quote
774842,Daniel Peterson’s,323874,Daniel Peterson,person,possessive
774961,Noel Reynolds’s,123932,Noel Reynolds,person,possessive
775000,Bar-Ilan’s,775003,Bar-Ilan,people,possessive
775009,Christian Israel’s,774997,Christian Israel,person,possessive
775024,Alexander Hamilton’s,106722,Alexander Hamilton,person,possessive
775053,Ken Johnson’s,774998,Ken Johnson,person,possessive
775107,Frans Plank’s,775139,Frans Plank,people,possessive
775119,Kline’s,775129,Kline,people,possessive
775244,Parrish’s,208833,Parrish,concept,possessive
775419,Harris’s,43328,Harris,person,possessive
775527,Harold Love’s,771148,Harold Love,person,possessive
775533,William Alcott’s,775621,William Alcott,person,possessive
775648,E. B. Howe’s,775669,E. B. Howe,person,possessive
775652,Gardner’s,349954,Gardner,people,possessive
775662,Noam Chomsky’s,768883,Noam Chomsky,person,possessive
775754,Lehi 1 ’s,778880,Lehi 1,concept,possessive
775778,Lehi 1 ’s,775856,Lehi 1,people,possessive
775802,Lehi 1 ’s,775711,Lehi 1,person,possessive
775951,Spencer McBride’s,210591,Spencer McBride,person,possessive
776082,Derek Sainsbury’s,776083,Derek Sainsbury,person,possessive
776103,Richard Hakluyt’s,776394,Richard Hakluyt,person,possessive
776478,Zerahemnah’s,27429,Zerahemnah,person,possessive
776526,Amlicite/Amalekite’s,776475,Amlicite/Amalekite,concept,possessive
776685,"Lehi and Nephi,",103711,Lehi and Nephi,people,trailing_punct
776816,Bar-Ilan’s,775027,Bar-Ilan,person,possessive
776820,the Western Roman Empire’s,597941,the Western Roman Empire,people,possessive
776837,Blythe’s,808276,Blythe,people,possessive
776853,Ann Taves’s,555973,Ann Taves,person,possessive
776895,Franz Schubert’s,253047,Franz Schubert,person,possessive
777055,D. Lamoni’s,777051,D. Lamoni,person,possessive
777058,B. Lamoni’s,777054,B. Lamoni,person,possessive
777063,Jack R. Lundbom’s,624574,Jack R. Lundbom,person,possessive
777065,David A. Dorsey’s,777067,David A. Dorsey,person,possessive
777153,Patrick Mason’s,165459,Patrick Mason,person,possessive
777167,Leonard Arrington’s,94793,Leonard Arrington,person,possessive
777224,Edward L. Kimball’s,56014,Edward L. Kimball,person,possessive
777227,Arrington’s,197371,Arrington,person,possessive
777252,the Nauvoo Expositor ’s,210267,the Nauvoo Expositor,people,possessive
777347,Robert Bunker’s,777323,Robert Bunker,person,possessive
777526,The Jewish Annotated New Testament:,599125,The Jewish Annotated New Testament,people,trailing_punct
777706,"O. S. Wintermute,",788089,O. S. Wintermute,person,trailing_punct
777796,Slick’s,777793,Slick,people,possessive
778032,Zoram’s,19884,Zoram,person,possessive
778156,the Smithsonian Institute’s,762960,the Smithsonian Institute,people,possessive
778186,Stephen Covey’s,100203,Stephen Covey,person,possessive
778240,the Westminster Assembly’s,795205,the Westminster Assembly,people,possessive
778306,Maria Raeder’s,778199,Maria Raeder,person,possessive
778324,Foschini’s,649490,Foschini,people,possessive
778449,John Tvedtnes’s,589714,John Tvedtnes,person,possessive
778487,Eber D. Howe’s,208814,Eber D. Howe,person,possessive
778489,W.W. Phelps’s,379225,W.W. Phelps,person,possessive
778646,Clifford’s,92231,Clifford,person,possessive
778675,Almera Johnson’s,778692,Almera Johnson,person,possessive
778735,Denver Snuffer’s,766935,Denver Snuffer,person,possessive
778736,Denver Snuffer’s,766930,Denver Snuffer,people,possessive
778741,Brigham H. Roberts’s,87766,Brigham H. Roberts,person,possessive
778791,Lucy Walker’s,165065,Lucy Walker,person,possessive
778807,Joseph Noble’s,790361,Joseph Noble,person,possessive
778834,Champollion’s,531216,Champollion,people,possessive
778893,Kent Jackson’s,577987,Kent Jackson,person,possessive
778904,Book of Moses’s,527248,Book of Moses,concept,possessive
778905,Kent P. Jackson’s,72997,Kent P. Jackson,person,possessive
778925,Tabernacles ’s,757950,Tabernacles,concept,possessive
778929,Same-Sex Dynamics ’s,778931,Same-Sex Dynamics,people,possessive
778937,Joseph II’s,778936,Joseph II,person,possessive
778982,Packer’s,113703,Packer,people,possessive
778984,Clark’s.,76307,Clark’s,person,trailing_punct
779054,Same-Sex Dynamics’s,778931,Same-Sex Dynamics,people,possessive
779072,Michael Quinn’s,566790,Michael Quinn,person,possessive
779095,Jude’s,19109,Jude,person,possessive
779104,Critchlow’s,778973,Critchlow,person,possessive
779105,Mormon Doctrine ’s,63785,Mormon Doctrine,people,possessive
779127,“Capital Punishment,18642,Capital Punishment,people,leading_quote
779152,Deutero-Isaiah’s,327180,Deutero-Isaiah,person,possessive
779262,Agatha Christie’s,387171,Agatha Christie,person,possessive
779282,Kuhn’s,655562,Kuhn,people,possessive
779329,Larry Poulsen’s,779327,Larry Poulsen,person,possessive
779340,Ethan Sproat’s,659862,Ethan Sproat,person,possessive
779398,Roper’s,763993,Roper,people,possessive
779415,John Thompson’s,107979,John Thompson,person,possessive
779423,Eugene England’s,90030,Eugene England,person,possessive
779430,Robert Rees’s,768873,Robert Rees,person,possessive
779434,Gordon Thomasson’s,630159,Gordon Thomasson,person,possessive
779436,William Eggington’s,767898,William Eggington,person,possessive
779437,Alyson Von Feldt’s,762394,Alyson Von Feldt,people,possessive
779438,Midgley’s,227028,Midgley,people,possessive
780096,Solomon Spalding’s,353359,Solomon Spalding,person,possessive
780174,Greg Smith’s,773479,Greg Smith,person,possessive
780281,Moshe Garsiel’s,652500,Moshe Garsiel,person,possessive
780313,Soren Kierkegaard’s,680879,Soren Kierkegaard,person,possessive
780317,Martin Buber’s,94829,Martin Buber,person,possessive
780325,Stephen Mansfield’s,780322,Stephen Mansfield,person,possessive
780422,Austin King’s,197099,Austin King,person,possessive
780446,Grover’s,144927,Grover,person,possessive
780490,V. Garth Norman’s,762245,V. Garth Norman,person,possessive
780491,Kirk Magleby’s,675082,Kirk Magleby,person,possessive
780535,Hare Teimana’s,215527,Hare Teimana,person,possessive
780589,Simon Southerton’s,768234,Simon Southerton,person,possessive
780597,Hannah Cox’s,780531,Hannah Cox,person,possessive
780749,Brant Gardner’s,556055,Brant Gardner,person,possessive
780753,Neylan McBaine’s,230698,Neylan McBaine,person,possessive
780756,Michael Ash’s,775653,Michael Ash,person,possessive
780770,Korihor’s,19229,Korihor,people,possessive
780909,J. B. Phillips’s,116697,J. B. Phillips,person,possessive
781022,Taylor Petrey’s,598303,Taylor Petrey,person,possessive
781041,Judith Butler’s,781068,Judith Butler,person,possessive
781076,Fanon’s,781073,Fanon,people,possessive
781084,Martin Luther King Jr.’s,69871,Martin Luther King Jr.,person,possessive
781168,Bal’s,693116,Bal,person,possessive
781171,Eilberg-Schwartz’s,602283,Eilberg-Schwartz,people,possessive
781172,Mark S. Smith’s,575251,Mark S. Smith,person,possessive
781188,The Arcus Foundation’s,781079,The Arcus Foundation,people,possessive
781196,George W. Bush’s,568293,George W. Bush,person,possessive
781197,Hillary Clinton’s,811339,Hillary Clinton,person,possessive
781234,Daniel Schacter’s,781202,Daniel Schacter,person,possessive
781244,Samuel Brown’s,348901,Samuel Brown,person,possessive
781330,Schucman’s,776855,Schucman,person,possessive
781337,Scott Dunn’s,781374,Scott Dunn,person,possessive
781384,Lew Wallace’s,67723,Lew Wallace,person,possessive
781406,the Mormon Studies Review’s,768545,the Mormon Studies Review,people,possessive
781435,William L. Davis’s,768808,William L. Davis,person,possessive
781817,Richard Bushman’s,226771,Richard Bushman,person,possessive
781896,Allen J. Christenson’s,621668,Allen J. Christenson,person,possessive
781915,Gerald Smith’s,781921,Gerald Smith,person,possessive
781987,Park’s,781992,Park,people,possessive
781989,Benjamin Park’s,781986,Benjamin Park,person,possessive
782000,Glen Leonard’s,343669,Glen Leonard,person,possessive
782001,T. Edgar Lyon’s,193881,T. Edgar Lyon,person,possessive
782021,Bradley J. Kramer’s,224296,Bradley J. Kramer,person,possessive
782023,Brant A. Gardner’s,555871,Brant A. Gardner,person,possessive
782204,Josiah Priest’s,531393,Josiah Priest,person,possessive
782344,Catherwood’s,782202,Catherwood,people,possessive
782356,Copan’s,531221,COPAN,people,possessive
782433,Apron Apron,410949,Apron,person,duplicated_word
783002,Solomon Caesar Malan’s,620624,Solomon Caesar Malan,person,possessive
783003,M. D. Johnson’s,575753,M. D. Johnson,person,possessive
783041,Theodore’s,313596,Theodore,person,possessive
783105,J. SMITH jr.,783106,J. Smith JR,person,trailing_punct
783118,Samuel Zinner’s,774834,Samuel Zinner,person,possessive
783236,Ford-Massingberd’s,783235,Ford-Massingberd,people,possessive
783238,Verse 18’s,577414,Verse 18,person,possessive
783243,Lady Zion’s,783122,Lady Zion,person,possessive
783246,Richard Laurence’s,469577,Richard Laurence,person,possessive
783299,Bruce McConkie’s,90513,Bruce McConkie,person,possessive
783605,Benjamin Urrutia’s,778443,Benjamin Urrutia,person,possessive
783684,Frank Moore Cross’s,573324,Frank Moore Cross,person,possessive
783914,Foundation’s,103954,Foundation,people,possessive
783922,Milton’s,56002,Milton,person,possessive
783923,James Bond’s,669910,James Bond,person,possessive
784018,Malissa Lott’s,566905,Malissa Lott,person,possessive
784024,Udney Jacob’s,784192,Udney Jacob,person,possessive
784182,Benjamin Winchester’s,196791,Benjamin Winchester,person,possessive
784243,Khayyám’s,784230,Khayyám,people,possessive
784248,Omar Khayyám’s,784224,Omar Khayyám,person,possessive
784431,Ammoron’s,27789,Ammoron,people,possessive
784448,. Cf.,773303,. Cf,period,trailing_punct
784521,Valerie Hudson’s,387135,Valerie Hudson,person,possessive
784523,Sharon Eubank’s,73196,Sharon Eubank,person,possessive
784527,William Atkin’s,631900,William Atkin,person,possessive
784533,Warner P. Woodworth’s,659369,Warner P. Woodworth,person,possessive
784535,Michael Otterson’s,180296,Michael Otterson,person,possessive
784554,Peter Williams’s,784545,Peter Williams,person,possessive
784596,John L. Sorenson’s,162978,John L. Sorenson,person,possessive
784639,El-beth-el :,400253,El-beth-el,people,trailing_punct
784689,James Muilenburg’s,630878,James Muilenburg,person,possessive
784690,Julius Wellhausen’s,772508,Julius Wellhausen,person,possessive
784704,Jack Lundbom’s,764177,Jack Lundbom,person,possessive
784706,Lundbom’s,784692,Lundbom,people,possessive
784773,Robert F. Smith’s,342329,Robert F. Smith,person,possessive
784775,David Wright’s,370881,David Wright,person,possessive
784777,Fenton’s,39503,Fenton,person,possessive
784811,William Hamblin’s,323873,William Hamblin,person,possessive
784921,"the Feathered Serpent,",530954,the Feathered Serpent,people,trailing_punct
784934,Allen Christenson’s,762970,Allen Christenson,person,possessive
784970,Book of the Temple.,784963,Book of the Temple,concept,trailing_punct
785287,Reexploring the Book of Mormon:,342331,Reexploring the Book of Mormon,concept,trailing_punct
785420,Danel Bachman’s,582636,Danel Bachman,person,possessive
785423,Hales’s,165215,Hales,concept,possessive
785570,Bertel Thorvaldsen’s,87670,Bertel Thorvaldsen,person,possessive
785689,“Jared at the Tower of Babel,785687,Jared at the Tower of Babel,concept,leading_quote
785826,Nathan B. Oman’s,338679,Nathan B. Oman,person,possessive
785835,Mormon Central’s,659656,Mormon Central,people,possessive
785897,Justinian’s,421594,Justinian,person,possessive
785990,Wadi Darbat’s,786027,Wadi Darbat,person,possessive
785998,Thor Heyerdahl’s,786003,Thor Heyerdahl,person,possessive
786048,Khor Rori’s,785962,Khor Rori,person,possessive
786094,Ali Al-Shahri’s,786091,Ali Al-Shahri,person,possessive
786098,Al-Shahri’s,786093,Al-Shahri,people,possessive
786186,John Reid’s,513672,John Reid,person,possessive
786194,USA TODAY’s,76152,USA Today,people,possessive
786266,John Chrysostom’s,388525,John Chrysostom,person,possessive
786285,Interpreter’s,762631,Interpreter,people,possessive
786287,Interpreter ’s,762631,Interpreter,people,possessive
786351,Sawyer’s,515992,Sawyer,person,possessive
786375,Stephen Jay Gould’s,777183,Stephen Jay Gould,person,possessive
786393,Niebuhr’s,403020,Niebuhr,people,possessive
786486,John Pratt’s,36010,John Pratt,person,possessive
786493,Paul E. Johnson’s,163729,Paul E. Johnson,person,possessive
786521,Nicolas Desmarest’s,786701,Nicolas Desmarest,person,possessive
786579,Joshua Berman’s,599202,Joshua Berman,person,possessive
786660,Google Books:,659741,Google Books,people,trailing_punct
786681,"Mormanity Blog,",774733,Mormanity Blog,concept,trailing_punct
786764,Richard P. Howard’s,339331,Richard P. Howard,person,possessive
786766,Bob Smith’s,786772,Bob Smith,person,possessive
786773,Shirley Heater’s,786760,Shirley Heater,person,possessive
786775,Larson’s,163964,Larson,people,possessive
786776,Dinger’s,604796,Dinger,person,possessive
786779,Bruce Metzger’s,358955,Bruce Metzger,person,possessive
786993,Middle Platonism’s,571941,Middle Platonism,people,possessive
787055,Reflects Moroni’s,787058,Reflects Moroni,person,possessive
787151,Ugo’s,787150,Ugo,people,possessive
787159,John Lewis Krimmel’s,787211,John Lewis Krimmel,person,possessive
787160,William Sidney Mount’s,787212,William Sidney Mount,person,possessive
787189,Elizabeth McKune’s,770263,Elizabeth McKune,person,possessive
787191,Nancy Towle’s,163306,Nancy Towle,person,possessive
787201,Elizabeth Cowdery’s,775229,Elizabeth Cowdery,person,possessive
787206,Henry Harris’s,585547,Henry Harris,person,possessive
787227,Stafford’s,520025,Stafford,people,possessive
787238,Brown’s,55938,Brown,person,possessive
787243,Ellen E. Dickinson’s,531993,Ellen E. Dickinson,person,possessive
787251,McKune’s,767421,McKune,people,possessive
787350,Hirini Whaanga’s,218960,Hirini Whaanga,person,possessive
787363,Kitty Kitty,117393,Kitty,person,duplicated_word
787388,Bromley’s,215584,Bromley,people,possessive
787420,Kawa Kawa,785007,Kawa,person,duplicated_word
787426,Te Ore Ore.,764604,Te Ore Ore,people,trailing_punct
787445,Bronwyn Elsmore’s,552939,Bronwyn Elsmore,person,possessive
787487,Selwyn Kātene’s,781480,Selwyn Kātene,person,possessive
787685,Roy Bhaskar’s,787687,Roy Bhaskar,person,possessive
787756,James E. Faulconer’s,601937,James E. Faulconer,person,possessive
787767,Robert Eaglestone’s,787610,Robert Eaglestone,person,possessive
787791,Peter Novick’s,762929,Peter Novick,person,possessive
787801,Richard Anderson’s,629337,Richard Anderson,person,possessive
787803,Chris Smith’s,787815,Chris Smith,person,possessive
787991,Craig Blomberg’s,627772,Craig Blomberg,person,possessive
788040,Compare Gardner’s,806048,Compare Gardner,person,possessive
788057,"FAIR Conference,",772049,FAIR Conference,people,trailing_punct
788107,Enlarged ed.,818390,Enlarged ed,person,trailing_punct
788119,Thomasson’s,620405,Thomasson,people,possessive
788302,John Hick’s,121751,John Hick,person,possessive
788535,Toorn’s,573615,Toorn,person,possessive
788581,Leonard J. Arrington’s,67789,Leonard J. Arrington,person,possessive
788588,Brian C. Hales’s,165103,Brian C. Hales,person,possessive
788590,Compton’s,209373,Compton,people,possessive
788592,Kenneth W. Godfrey’s,85445,Kenneth W. Godfrey,person,possessive
788704,Turner’s,62773,Turner,people,possessive
788861,Smith’s,758608,Smith,concept,possessive
788904,James Faulconer’s,571342,James Faulconer,person,possessive
789046,Corbin Volluz’s,325958,Corbin Volluz,person,possessive
789089,Erich Auerbach’s,625983,Erich Auerbach,person,possessive
789146,Milton V. Backman’s,163669,Milton V. Backman,person,possessive
789147,Larry C. Porter’s,118983,Larry C. Porter,person,possessive
789223,Alton’s,210858,Alton,people,possessive
789311,Strong’s,226344,Strong,person,possessive
789392,Lapham’s,789404,Lapham,people,possessive
789433,Mexico’s,533041,MEXICO,people,possessive
789445,Levinson’s,789446,Levinson,people,possessive
789540,Stoddard’s,225060,Stoddard,person,possessive
789594,Van Dyke’s,228316,Van Dyke,person,possessive
789604,Van Dyke’s,789595,Van Dyke,people,possessive
789605,Birch’s,518349,Birch,people,possessive
789873,John Bytheway’s,201470,John Bytheway,person,possessive
789900,The Book of Jasher (Salt Lake City:,788152,The Book of Jasher (Salt Lake City,concept,trailing_punct
789966,Hillel the Elder’s,73476,Hillel the Elder,concept,possessive
790004,Philip Barlow’s,570277,Philip Barlow,person,possessive
790061,the Book of Moses (Salt Lake City:,788038,the Book of Moses (Salt Lake City,concept,trailing_punct
790216,Jan Shipps’s,164841,Jan Shipps,person,possessive
790265,Hezekiah of Judah’s,43979,Hezekiah of Judah,person,possessive
790322,Zina Huntington’s,72413,Zina Huntington,person,possessive
790340,Charles L. Walker’s,214631,Charles L. Walker,person,possessive
790342,Louisa Beaman’s,165043,Louisa Beaman,person,possessive
790384,Presendia Huntington’s,778681,Presendia Huntington,person,possessive
790391,Dimick’s,209462,Dimick,person,possessive
790394,Noble’s,665305,Noble,people,possessive
790403,Presendia’s,293911,Presendia,people,possessive
790406,Jesus Jesus,18645,Jesus,person,duplicated_word
790580,Morton Smith’s,578903,Morton Smith,person,possessive
790615,Rufinus’s,444325,Rufinus,place,possessive
790958,Apocryphon of James I.14.19–36.,790908,Apocryphon of James I.14.19–36,person,trailing_punct
791089,Ancient Yemen’s,771309,Ancient Yemen,people,possessive
791250,Christian Robin’s,791262,Christian Robin,person,possessive
791366,St. Augustine’s,344090,St. Augustine,person,possessive
791389,Alister McGrath’s,577421,Alister McGrath,person,possessive
791408,Barth’s,347940,Barth,person,possessive
791439,Joseph Bracken’s,791422,Joseph Bracken,person,possessive
791595,the Book of Mormon Jacob’s,808638,the Book of Mormon Jacob,concept,possessive
791715,Whitney Shiner’s,581248,Whitney Shiner,person,possessive
791833,Lowrey’s,791831,Lowrey,people,possessive
791884,Matthew L. Bowen’s,323431,Matthew L. Bowen,person,possessive
791925,Wesley P. Walters’s,566260,Wesley P. Walters,person,possessive
791973,Handley’s,791967,Handley,person,possessive
792015,Chadwick’s,327184,Chadwick,person,possessive
792102,Jeffrey R. Chadwick’s,323672,Jeffrey R. Chadwick,person,possessive
792116,George Potter’s,762919,George Potter,person,possessive
792199,Dell Paul’s,792139,Dell Paul,person,possessive
792394,"2:17,",23611,2:17,period,trailing_punct
792446,Jennifer Mackley’s,792235,Jennifer Mackley,person,possessive
792479,Ezra Potter’s,792174,Ezra Potter,person,possessive
792551,Vincent’s,431674,Vincent,person,possessive
792762,James V.,388107,James v,person,trailing_punct
792796,Abraham Manuscript B.,798779,Abraham Manuscript B,person,trailing_punct
792824,Gee et al.,792850,Gee et al,person,trailing_punct
792843,Quinten Barney’s,573428,Quinten Barney,person,possessive
792865,the Community of Christ’s,360027,the Community of Christ,people,possessive
792876,Matthew C. Godfrey’s,167833,Matthew C. Godfrey,person,possessive
792880,Bushman’s,102793,Bushman,person,possessive
792883,Steven Hepworth’s,634952,Steven Hepworth,person,possessive
792921,Eliza Jane’s,770561,Eliza Jane,person,possessive
792948,East Denver’s,793024,East Denver,place,possessive
792987,Jackson Howell’s,792911,Jackson Howell,person,possessive
793208,Cheryl Bruno’s,793449,Cheryl Bruno,person,possessive
793222,George Oliver’s,793453,George Oliver,person,possessive
793239,Stephen H. Webb’s,638490,Stephen H. Webb,person,possessive
793383,"Oliver, George.",793384,"Oliver, George",person,trailing_punct
793460,G. S. Faber’s,475089,G. S. Faber,person,possessive
793478,Klaus Baer’s,810768,Klaus Baer,person,possessive
793480,Robert Ritner’s,643868,Robert Ritner,person,possessive
793512,Richard Turley’s,615387,Richard Turley,person,possessive
793513,Hans Memling’s,793232,Hans Memling,person,possessive
793642,Mary Douglas’s,573601,Mary Douglas,person,possessive
794097,Hoskisson’s,576697,Hoskisson,people,possessive
794104,D. Charles Pyle’s,785953,D. Charles Pyle,person,possessive
794125,Laura Hales’s,768330,Laura Hales,person,possessive
794144,the Book of Moroni’s,387736,the Book of Moroni,concept,possessive
794157,Shalom M. Paul’s,620020,Shalom M. Paul,person,possessive
794333,Clarke’s,92890,Clarke,people,possessive
794360,Clarke’s,147755,Clarke,person,possessive
794531,John Lundquist’s,573303,John Lundquist,person,possessive
794534,Capitol’s,443827,Capitol,people,possessive
794536,Stephen Davis’s,638432,Stephen Davis,person,possessive
794546,Maurice Casey’s,641737,Maurice Casey,person,possessive
794561,John Stuart Mill’s,76391,John Stuart Mill,person,possessive
794630,Peter Brown’s,601990,Peter Brown,person,possessive
794712,Caxton’s,468207,Caxton,people,possessive
794719,Caxton’s,794710,Caxton,person,possessive
794722,the B of M’s,794655,the B of M,concept,possessive
794737,the B of M’s,794725,the B of M,people,possessive
794746,David Holland’s,571726,David Holland,person,possessive
794897,Elder Cannon’s,117387,Elder Cannon,person,possessive
794915,Alexander L. Baugh’s,72999,Alexander L. Baugh,person,possessive
794932,Shazer’s,23405,Shazer,person,possessive
795033,Jesus Christ.,18644,Jesus Christ,person,trailing_punct
795112,Parry’s,213923,Parry,person,possessive
795136,Farrer’s,581351,Farrer,person,possessive
795386,Simon Smith’s,531301,Simon Smith,person,possessive
795411,Amaleki’s,29681,Amaleki,person,possessive
795427,Emer Harris’s,32452,Emer Harris,person,possessive
795449,David Pulsipher’s,776582,David Pulsipher,person,possessive
795469,Wunderli’s,761018,Wunderli,people,possessive
795479,Simon G. Southerton’s,643694,Simon G. Southerton,person,possessive
795587,Google Earth’s,599229,Google Earth,place,possessive
795715,Sproat’s,767619,Sproat,person,possessive
795742,the beginning of Alma’s,630888,the beginning of Alma,period,possessive
795744,Bishop Landa’s,675882,Bishop Landa,person,possessive
795788,Richard Grant White’s,791830,Richard Grant White,person,possessive
795808,Downham’s,353474,Downham,person,possessive
795846,Eran Shalev’s,781447,Eran Shalev,people,possessive
795867,Jon Krakauer’s,644678,Jon Krakauer,person,possessive
795873,McLean’s,291743,McLean,people,possessive
795875,Eleanor’s,213203,Eleanor,people,possessive
795912,Kathleen Flake’s,165863,Kathleen Flake,person,possessive
795919,Pascal’s,529371,Pascal,people,possessive
795920,William James’s,66919,William James,person,possessive
795968,The Church’s,68056,The Church,concept,possessive
796021,Lamoni Call’s,531631,Lamoni Call,person,possessive
796023,Call’s,18636,Call,people,possessive
796048,Erastus Holmes’s,515236,Erastus Holmes,person,possessive
796054,George A.’s,60434,George A.,person,possessive
796055,Edwards’s,102154,Edwards,person,possessive
796069,The University of Michigan’s,103983,the University of Michigan,people,possessive
796196,David Belnap’s,767663,David Belnap,person,possessive
796217,n. W:,796209,n. W,person,trailing_punct
796349,Frank Judd’s,599509,Frank Judd,person,possessive
796365,Gilbert J. Hunt’s,776118,Gilbert J. Hunt,person,possessive
796384,John Leacock’s,796387,John Leacock,person,possessive
796385,Michael Linning’s,796390,Michael Linning,person,possessive
796386,Gilbert Hunt’s,766145,Gilbert Hunt,person,possessive
796512,Gary Bergera’s,790291,Gary Bergera,person,possessive
796599,Peter Enns’s,597771,Peter Enns,person,possessive
796657,Donald R. Parry’s,762224,Donald R. Parry,person,possessive
796668,Hugh B. Brown’s,55802,Hugh B. Brown,person,possessive
796700,Hadassah’s,38974,Hadassah,person,possessive
796701,Jarom’s,19081,Jarom,person,possessive
796818,Neusner Neusner,557504,Neusner,person,duplicated_word
797262,John Scott’s,162689,John Scott,person,possessive
797330,Lamoni’s,19206,Lamoni,person,possessive
797789,Henry V’s,90715,Henry V,person,possessive
798132,Northrop Frye’s,618606,Northrop Frye,person,possessive
798263,Warren Aston’s,191563,Warren Aston,person,possessive
798289,Martin Heide’s,798412,Martin Heide,person,possessive
798295,Diana Edelman’s,798423,Diana Edelman,person,possessive
798330,Zebulon’s,502725,Zebulon,people,possessive
798358,Michaela Aston’s,594338,Michaela Aston,person,possessive
798360,"Nahom,",23407,Nahom,people,trailing_punct
798361,Aston’s,775070,Aston,people,possessive
798593,Rodney Meldrum’s,807126,Rodney Meldrum,people,possessive
798638,Moses Stuart’s,451413,Moses Stuart,people,possessive
798639,Stuart’s,94605,Stuart,people,possessive
798724,Hyman Hurwitz’s,798646,Hyman Hurwitz,person,possessive
798727,Matthew Grey’s,768881,Matthew Grey,person,possessive
798774,Hurwitz’s,798644,Hurwitz,people,possessive
798783,George W. Robinson’s,344591,George W. Robinson,person,possessive
798787,Christopher Smith’s,535393,Christopher Smith,person,possessive
798797,Monarch’s,45086,Monarch,people,possessive
798997,Toulmin’s,798995,Toulmin,people,possessive
799033,Watson’s,89936,Watson,person,possessive
799200,Kant’s,388391,Kant,person,possessive
799342,Abraham Joshua Heschel’s,573009,Abraham Joshua Heschel,person,possessive
799414,Babel’s,39795,Babel,person,possessive
799439,Biblical Hebrew’s,438036,Biblical Hebrew,people,possessive
799448,George E. Mendenhall’s,588663,George E. Mendenhall,person,possessive
799452,Jon D. Levenson’s,574938,Jon D. Levenson,person,possessive
799453,Paul Y. Hoskisson’s,123761,Paul Y. Hoskisson,person,possessive
799455,E. Theodore Mullen Jr.’s,607430,E. Theodore Mullen Jr.,person,possessive
799456,Michael S. Heiser’s,783631,Michael S. Heiser,person,possessive
799469,Walter Brueggemann’s,573013,Walter Brueggemann,person,possessive
799477,Baal’s,3516,Baal,person,possessive
799478,E. Theodore Mullen’s,608111,E. Theodore Mullen,person,possessive
799481,J. L. Austin’s,799457,J. L. Austin,person,possessive
799593,John Gilbert’s,163271,John Gilbert,person,possessive
799704,"Nephi and Laman,",356260,Nephi and Laman,people,trailing_punct
799726,Radday’s,762220,Radday,people,possessive
799770,Welch’s,63307,Welch,person,possessive
799950,Pahoran’s,27695,Pahoran,place,possessive
799958,Mark Tensmeyer’s,711894,Mark Tensmeyer,person,possessive
799977,Pamela Price’s,784036,Pamela Price,person,possessive
799993,Lloyd’s,676151,Lloyd,people,possessive
800052,St. Thomas Aquinas’s,643284,St. Thomas Aquinas,people,possessive
800315,Wilkinson’s,292401,Wilkinson,people,possessive
800319,Samuel Wilkinson’s,800324,Samuel Wilkinson,person,possessive
800325,Bates’s,209674,Bates,person,possessive
800349,Lataster’s,800356,Lataster,people,possessive
800361,Lataster’s,800348,Lataster,person,possessive
800410,Madsen’s,97998,Madsen,person,possessive
800420,"Ezekiel, Hosea,",425279,"Ezekiel, Hosea",people,trailing_punct
800453,"Speiser,",644951,Speiser,people,trailing_punct
800455,Yahweh’s,322302,Yahweh,concept,possessive
800630,the Greek Septuagint’s,386608,the Greek Septuagint,place,possessive
800636,Martin Hengel’s,588985,Martin Hengel,person,possessive
800650,Roger Olson’s,644089,Roger Olson,person,possessive
800659,David Paulsen’s,637718,David Paulsen,person,possessive
800661,Olson’s,294746,Olson,people,possessive
801129,Gieschen’s,617331,Gieschen,person,possessive
802244,Stephen Ehat’s,799032,Stephen Ehat,person,possessive
802277,CES Letter Foundation’s,802259,CES Letter Foundation,people,possessive
802397,Zenos H. Gurley Sr.,802364,Zenos H. Gurley Sr,person,trailing_punct
802488,John Hedrick’s,802492,John Hedrick,person,possessive
802564,Alma2’s,594135,Alma2,people,possessive
802637,John Dee’s,555528,John Dee,person,possessive
802658,Dee’s,724905,Dee,person,possessive
802681,The Temple on Mount Zion:,767993,the Temple on Mount Zion,place,trailing_punct
802811,Isaac Hales’s,802812,Isaac Hales,person,possessive
802929,Stephen K. Ehat’s,342741,Stephen K. Ehat,person,possessive
803005,Tom Flynn’s,802950,Tom Flynn,person,possessive
803008,Kurtz’s,448195,Kurtz,person,possessive
803037,Robert M. Price’s,633345,Robert M. Price,person,possessive
803059,William Ernest Henley’s,64503,William Ernest Henley,person,possessive
803121,Brent Metcalfe’s,634663,Brent Metcalfe,person,possessive
803162,Pearson’s,803160,Pearson,people,possessive
803168,Sister Johnson’s,62845,Sister Johnson,person,possessive
803182,Thomas B. Costain’s,803209,Thomas B. Costain,person,possessive
803294,Jo Ann:,117510,Jo Ann,person,trailing_punct
803443,Mount K’un-lun,54065,Mount,place,pronunciation_tail
803460,Book of Enoch.,431398,Book of Enoch,concept,trailing_punct
803471,Matthew Black’s,553756,Matthew Black,person,possessive
803505,Shemiḥazah’s,803506,Shemiḥazah,people,possessive
803538,Loren Stuckenbruck’s,803529,Loren Stuckenbruck,person,possessive
803547,Mahujah/Mahaway’s,803227,Mahujah/Mahaway,people,possessive
803553,Mehuja-el’s,803552,Mehuja-el,place,possessive
803563,Mahijah/Mahaway’s,803274,Mahijah/Mahaway,people,possessive
803583,Geo Widengren’s,616968,Geo Widengren,person,possessive
803615,Brian R. Doak’s,803492,Brian R. Doak,person,possessive
803660,Sister Hafen’s,568710,Sister Hafen,person,possessive
803675,Dirk Elzinga’s,341808,Dirk Elzinga,person,possessive
803678,Chris Rogers’s,771841,Chris Rogers,person,possessive
803732,Wikipedia’s,386628,Wikipedia,people,possessive
803734,Kurt Widmer’s,803799,Kurt Widmer,person,possessive
803742,Foxe’s,803762,Foxe,people,possessive
803853,Richard Rohr’s,775496,Richard Rohr,person,possessive
803927,I. Woodbridge Riley’s,340053,I. Woodbridge Riley,people,possessive
803930,Jesse Smith’s,208517,Jesse Smith,person,possessive
803951,Mormonism Unvailed’s,344946,Mormonism Unvailed,person,possessive
804061,Frederick Larson’s,804038,Frederick Larson,person,possessive
804131,Following the Savior’s,135611,Following the Savior,concept,possessive
804272,King Josiah’s,88380,King Josiah,person,possessive
804559,Colby Townsend’s,625007,Colby Townsend,people,possessive
804604,Al-Tha’labi’s,777426,al-Tha’labi,person,possessive
804608,Thomas Wayment’s,376139,Thomas Wayment,person,possessive
804651,Duane Johnson’s,791802,Duane Johnson,person,possessive
804656,Chris Johnson’s,795848,Chris Johnson,person,possessive
804693,J. Hunt’s,516751,J. Hunt,person,possessive
804697,“How the Book of Mormon Destroyed Mormonism,798556,How the Book of Mormon Destroyed Mormonism,concept,leading_quote
804741,Abram/Abraham’s,800391,Abram/Abraham,people,possessive
804839,James Madison’s,106721,James Madison,person,possessive
804840,Francis Fukuyama’s,79988,Francis Fukuyama,person,possessive
804845,Elder Featherstone’s,113587,Elder Featherstone,people,possessive
804868,Vaughn J. Featherstone’s,91945,Vaughn J. Featherstone,people,possessive
804885,Studia Antiqua:,765530,Studia Antiqua,people,trailing_punct
804966,Yahweh’s,416032,Yahweh,people,possessive
805126,Lehi 2 ’s,801205,Lehi 2,person,possessive
805132,Transhumanism’s,772335,Transhumanism,people,possessive
805353,Wilhelm Bousset’s,616984,Wilhelm Bousset,person,possessive
805406,Tolkien’s,144962,Tolkien,person,possessive
805421,Tolkien’s,85951,Tolkien,people,possessive
805468,Alexander the Great’s,43670,Alexander the Great,person,possessive
805581,Rosalynde Welch’s,571341,Rosalynde Welch,person,possessive
805589,Hans Christian Anderson’s,804500,Hans Christian Anderson,person,possessive
805595,S. Michael Wilcox’s,65458,S. Michael Wilcox,person,possessive
805606,Mark McConkie’s,87514,Mark McConkie,person,possessive
805620,James L. Carroll’s,800523,James L. Carroll,person,possessive
805732,Assyria’s,395621,Assyria,person,possessive
805735,Gordon Johnston’s,805742,Gordon Johnston,person,possessive
805751,Seraph Young’s,596023,Seraph Young,person,possessive
805783,Ronald Dworkin’s,805856,Ronald Dworkin,person,possessive
805975,Cohen’s,73479,Cohen,person,possessive
806054,Anthony Sweat’s,92589,Anthony Sweat,person,possessive
806088,Daniel Walker Howe’s,338913,Daniel Walker Howe,person,possessive
806098,Amaleki’s,29656,Amaleki,people,possessive
806139,the Lehi-Ishmael party’s,769958,the Lehi-Ishmael party,people,possessive
806187,"The God Who Weeps ,",767947,The God Who Weeps,concept,trailing_punct
806196,George Herbert:,64109,George Herbert,person,trailing_punct
806204,Jamie L. Jensen’s,342489,Jamie L. Jensen,person,possessive
806208,T. Benjamin Spackman’s,342470,T. Benjamin Spackman,person,possessive
806209,Steven L. Peck’s,342488,Steven L. Peck,person,possessive
806272,Adele Berlin’s,322063,Adele Berlin,person,possessive
806346,David Ostler’s,806345,David Ostler,person,possessive
806365,Life’s,71303,Life,people,possessive
806373,Michael Hawkins’s,806369,Michael Hawkins,person,possessive
806453,Harris’s,778826,Harris,people,possessive
806563,Dixon’s,211235,Dixon,person,possessive
806603,Roper’s,779291,Roper,person,possessive
806753,Edward Taylor’s,532483,Edward Taylor,person,possessive
806803,George B. Handley’s,765692,George B. Handley,person,possessive
806816,Alter’s,553549,Alter,people,possessive
806824,King Josiah’s,46183,King Josiah,place,possessive
806826,Raphael Patai’s,645047,Raphael Patai,person,possessive
806839,Richard Elliot Friedman’s,764247,Richard Elliot Friedman,person,possessive
806842,Third Isaiah’s,575078,Third Isaiah,person,possessive
806849,Aaron P. Schade’s,322449,Aaron P. Schade,person,possessive
806923,ʾāmēn ʾāmēn,810756,ʾāmēn,person,duplicated_word
806944,Wadi Sayq’s,594340,Wadi Sayq,place,possessive
806985,Jason Aase’s,806984,Jason Aase,person,possessive
807078,Lund’s,807098,Lund,people,possessive
807090,Roper et al.,807089,Roper et al,person,trailing_punct
807097,Sorenson’s,768233,Sorenson,people,possessive
807099,Meldrum’s,807060,Meldrum,people,possessive
807336,St. Ephrem’s,791571,St. Ephrem,place,possessive
807338,Heiser’s,775926,Heiser,person,possessive
807421,Roger Terry’s,693033,Roger Terry,person,possessive
807476,Sahar’s,807475,Sahar,person,possessive
807609,Jeffrey Tigay’s,804588,Jeffrey Tigay,person,possessive
807921,Mother Smith’s,114312,Mother Smith,person,possessive
807923,Ken Godfrey’s,588288,Ken Godfrey,person,possessive
807925,Zelph’s,516063,Zelph,people,possessive
807926,Godfrey’s,210888,Godfrey,people,possessive
807936,Randolph Co.,761625,Randolph Co,people,trailing_punct
808004,Longfellow’s,62158,Longfellow,person,possessive
808061,Harvard College’s,668770,Harvard College,people,possessive
808168,World’s,435747,World,period,possessive
808173,Kerry Howe’s,808199,Kerry Howe,person,possessive
808226,Heyerdahl’s,786000,Heyerdahl,people,possessive
808248,Robert Langdon’s,808245,Robert Langdon,person,possessive
808287,Peter Capelotti’s,808290,Peter Capelotti,person,possessive
808338,Peter Buck’s,553264,Peter Buck,person,possessive
808383,Stanley Kimball’s,566311,Stanley Kimball,person,possessive
808494,E. Isaac’s,790733,E. Isaac,person,possessive
808593,“Man of Counsel,243644,Man of Counsel,concept,leading_quote
808634,Gunkel’s,451419,Gunkel,person,possessive
808990,Mark Noll’s,619825,Mark Noll,person,possessive
809012,King James’s,81454,King James,person,possessive
809018,John Gill’s,429500,John Gill,person,possessive
809037,Wilson-Lemmon’s,809007,Wilson-Lemmon,people,possessive
809063,J. E. Clarke’s,809062,J. E. Clarke,person,possessive
809126,Matthew Roper’s,163013,Matthew Roper,person,possessive
809357,Ellis T. Rasmussen’s,70607,Ellis T. Rasmussen,person,possessive
809578,Kitchen’s,577097,Kitchen,person,possessive
809590,Lester Grabbe’s,625952,Lester Grabbe,person,possessive
809630,Whitman’s,704640,Whitman,people,possessive
809631,Dean C. Jesse’s,110324,Dean C. Jesse,person,possessive
809638,Earl M. Wunderli’s,631194,Earl M. Wunderli,person,possessive
809691,Jared Hickman’s,342227,Jared Hickman,person,possessive
809727,Armand Mauss’s,770104,Armand Mauss,person,possessive
809728,Mauro Properzi’s,231339,Mauro Properzi,person,possessive
809747,Twain’s,122779,Twain,people,possessive
809757,b.c .,506953,b.c,place,trailing_punct
809782,NYU’s,592308,NYU,people,possessive
809785,Roger Aus’s,809762,Roger Aus,person,possessive
809793,Stith Thompson’s,616022,Stith Thompson,person,possessive
809797,Bill Clinton’s,568292,Bill Clinton,person,possessive
809826,the House of David’s,386389,the House of David,people,possessive
809840,Thomas Brodie’s,781048,Thomas Brodie,person,possessive
809852,"Dietrick Bonhoeffer,",809876,Dietrick Bonhoeffer,person,trailing_punct
810078,“The Mormons,177905,The Mormons,concept,leading_quote
810082,Lineham’s,781486,Lineham,person,possessive
810117,Khor Kharfot’s,594339,Khor Kharfot,person,possessive
810204,Wayne Ham’s,787789,Wayne Ham,person,possessive
810247,Heliodorus’s,421455,Heliodorus,person,possessive
810274,Barack Obama’s,82954,Barack Obama,person,possessive
810295,Lofte Payne’s,810288,Lofte Payne,people,possessive
810314,Loftes Tryk’s,810287,Loftes Tryk,person,possessive
810342,E. T. A. Hoffmann’s,810340,E. T. A. Hoffmann,person,possessive
810399,Jacob-Israel’s,457559,Jacob-Israel,person,possessive
810489,Ezekiel Ezekiel’s,573850,Ezekiel Ezekiel,person,possessive
810813,Robert K. Ritner’s,766540,Robert K. Ritner,person,possessive
810839,Spaulding’s,185474,Spaulding,people,possessive
810992,Liu Cixin’s,786382,Liu Cixin,person,possessive
810994,Liu’s,627056,Liu,person,possessive
811020,Jiang Bo’s,810995,Jiang Bo,person,possessive
811061,Thomas Dick’s,627775,Thomas Dick,person,possessive
811110,Klaus Hansen’s,781994,Klaus Hansen,person,possessive
811148,John Fletcher’s,635891,John Fletcher,person,possessive
811245,Leopold von Ranke’s,651344,Leopold von Ranke,person,possessive
811291,Lucien Woodworth’s,519239,Lucien Woodworth,person,possessive
811311,Pseudo-Eupolemus’s,811297,Pseudo-Eupolemus,people,possessive
811315,Pseudo-Eupolemus’s,811316,Pseudo-Eupolemus,person,possessive
811381,Livingston’s,516891,Livingston,person,possessive
811466,James Burgess’s,249761,James Burgess,person,possessive
811467,Melchesedeck’s,811464,Melchesedeck,people,possessive
811471,Spencer Fluhman’s,339257,Spencer Fluhman,person,possessive
811472,Jonathan Stapley’s,223823,Jonathan Stapley,person,possessive
811474,William Hartley’s,154958,William Hartley,person,possessive
811519,Calvin’s,638306,Calvin,concept,possessive
811651,Elder Curtis’s,811673,Elder Curtis,people,possessive
811672,Mormonism Research Ministry’s,788258,Mormonism Research Ministry,people,possessive
811674,Mormonism Unvailed ’s,344946,Mormonism Unvailed,person,possessive
811782,Cleve Barlow’s,773899,Cleve Barlow,person,possessive
811911,the Church of Scotland’s,519085,the Church of Scotland,people,possessive
811921,Richard Livesey’s,209683,Richard Livesey,person,possessive
811932,Livesey’s,518239,Livesey,person,possessive
811965,Lunn’s,625665,Lunn,person,possessive
812003,Introductory Summary:,812006,Introductory Summary,concept,trailing_punct
812044,Nicholas P. Lunn’s,811984,Nicholas P. Lunn,person,possessive
812048,Nicholas Lunn’s,811983,Nicholas Lunn,person,possessive
812314,Parhoron 1 ’s,812364,Parhoron 1,people,possessive
812325,Gideon’s,18876,Gideon,person,possessive
812347,Gideon and Abinadi’s,812275,Gideon and Abinadi,people,possessive
812361,Jezebel’s,19089,Jezebel,person,possessive
812608,Maker’s,28062,Maker,people,possessive
812628,Whitney’s,68446,Whitney,place,possessive
812685,Tell al-Dab’a,397722,Tell,place,pronunciation_tail
812763,Muhlestein’s,56626,Muhlestein,person,possessive
812774,Richard O. Cowan’s,58885,Richard O. Cowan,person,possessive
812790,John Jacques’s,47091,John Jacques,person,possessive
813026,Mountain.,298498,Mountain,place,trailing_punct
813140,al-Kisa’i’s,777418,al-Kisa’i,person,possessive
813158,Ben Tov’s,803459,Ben Tov,person,possessive
813246,Bowen’s,75506,Bowen,person,possessive
813514,"the Origin of Man,",567290,the Origin of Man,people,trailing_punct
813600,Metcalfe’s,802595,Metcalfe,people,possessive
813607,Richard Hays’s,575776,Richard Hays,person,possessive
813608,Hays’s,620202,Hays,place,possessive
813635,Yair Zakovitch’s,805526,Yair Zakovitch,person,possessive
813837,J. R. R. Tolkien’s,115828,J. R. R. Tolkien,person,possessive
813924,We Stand for Something:,813927,We Stand for Something,concept,trailing_punct
814019,another.,734342,Another,person,trailing_punct
814230,Paanchi’s,28427,Paanchi,people,possessive
814231,Paanchi’s,806124,Paanchi,place,possessive
814423,Marvin A. Sweeney’s,652512,Marvin A. Sweeney,person,possessive
814597,Kent W. Huff’s,814594,Kent W. Huff,person,possessive
814611,George Orwell’s,795445,George Orwell,person,possessive
814659,Levi Jackman’s,359569,Levi Jackman,person,possessive
814799,William Morris’s,535419,William Morris,person,possessive
814835,"Temple, Everlasting,",814891,"Temple, Everlasting",people,trailing_punct
814890,S. Monson’s,60595,S. Monson,person,possessive
815068,joseph smith’s,19102,Joseph Smith,person,possessive
815116,Justina Davis’s,815115,Justina Davis,person,possessive
815131,King’s,391169,King,concept,possessive
815262,Michael R. Ash’s,630741,Michael R. Ash,person,possessive
815420,Walt Whitman’s,348441,Walt Whitman,person,possessive
815466,Jenkins Lloyd Jones’s,246196,Jenkins Lloyd Jones,people,possessive
815586,Findlay’s,815615,Findlay,people,possessive
815612,Barnes’s,71007,Barnes,people,possessive
815618,Lapham’s,177834,Lapham,person,possessive
815721,Rudolf Otto’s,573342,Rudolf Otto,person,possessive
815738,Barbour’s,773523,Barbour,people,possessive
816070,Judy Klitsner’s,816099,Judy Klitsner,person,possessive
816183,Jacksonian America’s,781991,Jacksonian America,place,possessive
816190,Glezen & Shepard’s,816154,Glezen & Shepard,people,possessive
816222,"Morgan,",78762,Morgan,people,trailing_punct
816263,Delafield & Burnet’s,816132,Delafield & Burnet,people,possessive
816278,Card’s,292896,Card,people,possessive
816361,Book of Mormon].,586438,Book of Mormon],concept,trailing_punct
816399,Muhammad’s,72756,Muhammad,person,possessive
816424,Mohammad’s,444582,Mohammad,person,possessive
816459,de Buck’s,816481,de Buck,person,possessive
816608,de Buisson’s,816609,de Buisson,person,possessive
816640,Stephen O. Smoot’s,322445,Stephen O. Smoot,person,possessive
816650,Alexander Kulik’s,788059,Alexander Kulik,person,possessive
816755,Elder Theodore M. Burton’s,90414,Elder Theodore M. Burton,person,possessive
816860,"Hailey Walker,",816855,Hailey Walker,people,trailing_punct
816900,Benjamin West’s,386993,Benjamin West,person,possessive
817229,”M. Barker,348992,M. Barker,person,leading_quote
817272,Mormonism’s,90257,Mormonism,person,possessive
817298,Daniel Tyler’s,84759,Daniel Tyler,person,possessive
817346,Scott Kenney’s,349805,Scott Kenney,person,possessive
817375,Hibil-Ziwa’s,817377,Hibil-Ziwa,people,possessive
817438,Abraham ’s,3278,Abraham,person,possessive
817457,"S. H. Faulring,",769702,S. H. Faulring,person,trailing_punct
817495,Charles Spurgeon’s,633576,Charles Spurgeon,person,possessive
817553,Georges Moustaki’s,817248,Georges Moustaki,person,possessive
817628,Qadi ‘Abd al-Jabbar’s,817633,Qadi ‘Abd al-Jabbar,person,possessive
817631,St. Thomas’s,88511,St. Thomas,place,possessive
817638,al-Ghazali’s,768551,al-Ghazali,person,possessive
817639,Robert Reilly’s,817636,Robert Reilly,person,possessive
817640,Michael Lemonick’s,817643,Michael Lemonick,person,possessive
817662,Qadi ‘Abd al-Jabbar:,817633,Qadi ‘Abd al-Jabbar,person,trailing_punct
817702,Frank Drake’s,817700,Frank Drake,person,possessive
817706,Lowell Bennion’s,71593,Lowell Bennion,person,possessive
817714,Edgar Allen Poe’s,781183,Edgar Allen Poe,person,possessive
817717,Eldin Ricks’s,647089,Eldin Ricks,person,possessive
817755,Mark A. Wrathall’s,787768,Mark A. Wrathall,person,possessive
817970,Sôd’s,804219,Sôd,people,possessive
817971,Lehi and Nephi’s,794271,Lehi and Nephi,concept,possessive
817979,Lehi 4 ’s,796651,Lehi 4,person,possessive
818003,Levinas’s,773926,Levinas,people,possessive
818017,Marion’s,222952,Marion,people,possessive
818093,Beshears’s,818090,Beshears,people,possessive
818109,Jon Levenson’s,574140,Jon Levenson,person,possessive
818119,George Whitefield’s,104509,George Whitefield,person,possessive
818122,Steven Sondrup’s,575892,Steven Sondrup,person,possessive
818123,Matthew Nickerson’s,574259,Matthew Nickerson,person,possessive
818126,David Larsen’s,575768,David Larsen,person,possessive
818143,Blumell’s,220616,Blumell,people,possessive
818273,John C.] Bennett’s,354271,John C.] Bennett,person,possessive
818439,Richard C. Galbraith’s,84276,Richard C. Galbraith,person,possessive
818471,Norman Vincent Peale’s,592344,Norman Vincent Peale,person,possessive
818478,Eric Rackley’s,818455,Eric Rackley,person,possessive
818511,”J. Smith,351467,J. Smith,person,leading_quote
818625,Nicholas Wolterstorff’s,636995,Nicholas Wolterstorff,person,possessive
818628,Ray Barfield’s,818631,Ray Barfield,person,possessive
818684,Huggins’s,661181,Huggins,people,possessive
818686,F. F. Bruce’s,557353,F. F. Bruce,person,possessive
818712,Jerald’s,348068,Jerald,person,possessive
818732,Tanners’s,679785,Tanners,people,possessive
819042,Rob Joseph’s,819041,Rob Joseph,person,possessive
819123,King Tawhiao’s,552848,King Tawhiao,place,possessive
819465,Sean McDowell’s,819468,Sean McDowell,person,possessive
819504,Bertrand Russell’s,68146,Bertrand Russell,person,possessive
819512,Ellen White’s,570089,Ellen White,person,possessive
819530,Stutz’s,819526,Stutz,person,possessive
819553,Wise’s,1645,Wise,person,possessive
819583,Mormon History Association’s,341954,Mormon History Association,people,possessive
819601,Stephen Hawking’s,567552,Stephen Hawking,person,possessive
819607,Dembski’s,819549,Dembski,person,possessive
819679,John Boyd’s,819683,John Boyd,person,possessive
819726,Kirkland’s,64070,Kirkland,people,possessive
819742,David Palmer’s,644735,David Palmer,person,possessive
819746,Matt Roper’s,636815,Matt Roper,person,possessive
819778,Jed Woodworth’s,84815,Jed Woodworth,person,possessive
819829,Laurence’s,691305,Laurence,people,possessive
819876,John Milton’s,94551,John Milton,person,possessive
819907,James Kugel’s,630611,James Kugel,person,possessive
820124,Sariah’s,19565,Sariah,person,possessive
820284,Toorn’s,573931,Toorn,people,possessive
820541,Edward Cook’s,71861,Edward Cook,person,possessive
820545,J. T. Milik’s,803265,J. T. Milik,people,possessive
820561,Matthew Goff’s,803247,Matthew Goff,person,possessive
